corridor_id,corridor_name,street_name,from_street,to_street,source_group,spatial_total_length_feet,spatial_total_length_miles,corridor_length_weighted_svi,high_svi_length_share,equity_classification_A_weighted_ge_0_75,equity_classification_B_share_ge_0_50,attr_lane_count_available,attr_adt_available,attr_posted_speed_available,attr_median_width_available,attr_crossings_available,annual_forecast_total_crashes_2026,annual_forecast_ksi_crashes_2026,demand_risk_rank_2026,centroid_latitude,centroid_longitude,geometry_wkt,geometry_crs
HCC001,Devon,Devon,California,Clark,neighborhood,7899.44,1.4961060606060606,0.90206,0.778285,True,True,False,False,False,False,False,423.1587,4.6637,18,41.997814241318586,-87.6851162967485,"LINESTRING (-87.670591 41.998076, -87.670694 41.998075, -87.670858 41.998073, -87.671282 41.998065, -87.67131 41.998065, -87.671759 41.998057, -87.671992 41.998051, -87.672153 41.998048, -87.672276 41.998046, -87.672448 41.998042, -87.672831 41.998035, -87.673379 41.998024, -87.673561 41.998021, -87.673732 41.998019, -87.674165 41.99801, -87.674494 41.998003, -87.674863 41.997995, -87.675013 41.997993, -87.675168 41.99799, -87.675178 41.99799, -87.675235 41.997989, -87.675334 41.997987, -87.675439 41.997986, -87.675538 41.997983, -87.675716 41.99798, -87.676018 41.997975, -87.676408 41.997967, -87.67669 41.997962, -87.676837 41.997959, -87.677052 41.997956, -87.677451 41.997949, -87.677574 41.997947, -87.677759 41.997944, -87.678312 41.997933, -87.6787 41.997923, -87.679021 41.997916, -87.679342 41.997909, -87.679753 41.997902, -87.680136 41.997895, -87.680157 41.997895, -87.680523 41.997888, -87.680761 41.997885, -87.681356 41.997875, -87.681502 41.997873, -87.681809 41.997867, -87.682047 41.997863, -87.682573 41.997854, -87.682915 41.997848, -87.683223 41.997842, -87.683461 41.997838, -87.683795 41.997832, -87.684039 41.997827, -87.684234 41.997824, -87.684557 41.99782, -87.685011 41.997813, -87.685312 41.997808, -87.685486 41.997805, -87.68586 41.997801, -87.686229 41.997794, -87.686614 41.997787, -87.686772 41.997784, -87.686792 41.997784, -87.687138 41.997778, -87.687446 41.997772, -87.687803 41.997766, -87.688011 41.997762, -87.688127 41.99776, -87.688363 41.997755, -87.688663 41.99775, -87.689025 41.997744, -87.689078 41.997744, -87.689228 41.997742, -87.689599 41.997736, -87.689883 41.99773, -87.690323 41.99772, -87.690572 41.997716, -87.690834 41.997713, -87.691104 41.99771, -87.691415 41.997706, -87.691651 41.997702, -87.691984 41.997696, -87.692323 41.997689, -87.69276 41.997679, -87.693038 41.997676, -87.693274 41.997672, -87.693543 41.997668, -87.693883 41.997662, -87.694106 41.997659, -87.694369 41.997654, -87.694397 41.997654, -87.694765 41.997646, -87.695118 41.997639, -87.695354 41.997636, -87.695644 41.997631, -87.695971 41.997625, -87.695987 41.997625, -87.696255 41.997621, -87.696536 41.997614, -87.696894 41.997608, -87.697205 41.997602, -87.697586 41.997595, -87.697866 41.997591, -87.698096 41.997587, -87.69843 41.99758, -87.698642 41.997576, -87.698898 41.997573, -87.699137 41.997569, -87.69935 41.997566, -87.699642 41.997561)",EPSG:4326
HCC002,Broadway,Broadway,Foster,Grace,neighborhood,9770.96,1.850560606060606,0.723307,0.435547,False,False,False,False,False,False,False,276.6247,2.415,33,41.96358689002721,-87.65571606092368,"LINESTRING (-87.64962 41.951198, -87.649615 41.951469, -87.649621 41.951693, -87.649626 41.951862, -87.649633 41.952102, -87.64964 41.952333, -87.649646 41.952527, -87.649654 41.952748, -87.649661 41.952952, -87.649668 41.953122, -87.649669 41.953193, -87.649895 41.953572, -87.649982 41.953716, -87.650063 41.953837, -87.650234 41.954092, -87.650315 41.954216, -87.650447 41.954419, -87.650531 41.954548, -87.650783 41.954936, -87.650839 41.955024, -87.651017 41.955301, -87.651123 41.955468, -87.651221 41.95562, -87.651433 41.955951, -87.651651 41.956293, -87.651826 41.956567, -87.651847 41.9566, -87.651928 41.956726, -87.652038 41.956896, -87.652097 41.956988, -87.65212 41.957024, -87.652251 41.957232, -87.652347 41.957383, -87.652427 41.957508, -87.652486 41.957601, -87.652564 41.957723, -87.652661 41.957874, -87.652745 41.958005, -87.65281 41.958107, -87.652927 41.958287, -87.65303 41.958449, -87.653109 41.958574, -87.653143 41.958627, -87.653271 41.958826, -87.653406 41.959035, -87.653512 41.9592, -87.653726 41.959536, -87.6539 41.959808, -87.654074 41.96008, -87.654161 41.960217, -87.654309 41.96045, -87.65439 41.960577, -87.654515 41.960772, -87.654731 41.961129, -87.65495 41.961489, -87.655018 41.961595, -87.655144 41.961773, -87.655255 41.961929, -87.65536 41.962094, -87.655447 41.96223, -87.655614 41.962493, -87.655735 41.962682, -87.655924 41.962979, -87.656164 41.963354, -87.656182 41.963381, -87.656228 41.963454, -87.656306 41.963574, -87.656399 41.963719, -87.656421 41.963753, -87.656578 41.964001, -87.656727 41.964233, -87.65687 41.964454, -87.657067 41.964762, -87.657364 41.965227, -87.657474 41.9654, -87.657617 41.965621, -87.657913 41.966088, -87.658143 41.966449, -87.65824 41.966603, -87.658322 41.966733, -87.658425 41.966892, -87.658443 41.966919, -87.658448 41.966926, -87.658515 41.967029, -87.658522 41.967039, -87.658633 41.967212, -87.658765 41.967418, -87.658909 41.96764, -87.659008 41.967794, -87.659192 41.968084, -87.659305 41.968264, -87.659375 41.968362, -87.659489 41.968578, -87.659665 41.968879, -87.65967 41.969025, -87.659676 41.969204, -87.659678 41.969307, -87.659688 41.969686, -87.659697 41.970005, -87.659704 41.970241, -87.659706 41.970335, -87.659711 41.970517, -87.659721 41.970858, -87.659731 41.971312, -87.659736 41.971458, -87.659747 41.971755, -87.659752 41.972057, -87.659764 41.972524, -87.659768 41.972676, -87.659772 41.972815, -87.659779 41.97309, -87.659784 41.973245, -87.659789 41.973452, -87.659795 41.973645, -87.6598 41.973827, -87.659815 41.974379, -87.659822 41.974619, -87.659826 41.974748, -87.659834 41.975078, -87.659838 41.975208, -87.659841 41.975309, -87.659843 41.975429, -87.659846 41.975566, -87.659856 41.975908, -87.659864 41.97621, -87.659866 41.976323)",EPSG:4326
HCC003,Western,Western,Lawrence,Irving Park,neighborhood,5322.65,1.0080776515151515,0.232332,0.0,False,False,False,False,False,False,False,224.2267,1.4235,38,41.96131389827047,-87.68868367991873,"LINESTRING (-87.688466 41.954013, -87.688468 41.954084, -87.688476 41.954394, -87.688482 41.954571, -87.688487 41.954737, -87.688493 41.954935, -87.688501 41.955207, -87.688508 41.955399, -87.688513 41.955578, -87.68852 41.955847, -87.688527 41.956087, -87.68853 41.956175, -87.688535 41.956355, -87.688547 41.956756, -87.68855 41.956779, -87.688557 41.957073, -87.688565 41.957372, -87.688574 41.957669, -87.688584 41.95799, -87.688593 41.95829, -87.688601 41.958578, -87.68861 41.95886, -87.688615 41.959049, -87.688625 41.959288, -87.68863 41.959492, -87.688636 41.959738, -87.688642 41.959912, -87.688652 41.960195, -87.688657 41.960403, -87.688663 41.960702, -87.688667 41.960828, -87.688676 41.961066, -87.688683 41.961313, -87.68869 41.961572, -87.688695 41.961762, -87.6887 41.961967, -87.688711 41.962297, -87.68872 41.962568, -87.688726 41.962852, -87.688736 41.963139, -87.688744 41.963375, -87.688748 41.963564, -87.688751 41.963641, -87.688756 41.963818, -87.688763 41.964007, -87.688773 41.964356, -87.68878 41.964572, -87.688791 41.964868, -87.688803 41.965172, -87.688805 41.965288, -87.688807 41.965518, -87.688816 41.965738, -87.688823 41.965928, -87.688828 41.966072, -87.688829 41.9661, -87.688832 41.966211, -87.688835 41.966297, -87.688837 41.966361, -87.688841 41.966517, -87.688848 41.966758, -87.688856 41.967009, -87.688863 41.967285, -87.688869 41.967545, -87.688879 41.967794, -87.688883 41.96791, -87.688889 41.968069, -87.688901 41.96836, -87.688907 41.968615)",EPSG:4326
HCC004,Belmont,Belmont,Pulaski,Kedzie,neighborhood,5303.11,1.0043768939393938,0.667702,1.8e-05,False,False,False,False,False,False,False,266.9373,2.1936,36,41.93921544291986,-87.71744140475056,"LINESTRING (-87.707698 41.939331, -87.708074 41.939327, -87.708439 41.939324, -87.70849 41.939323, -87.708682 41.939321, -87.708841 41.93932, -87.709519 41.939313, -87.709703 41.939311, -87.710051 41.939306, -87.710327 41.939302, -87.710655 41.939298, -87.710682 41.939298, -87.7109 41.939295, -87.711274 41.939302, -87.711441 41.939305, -87.711634 41.939301, -87.711866 41.939299, -87.711909 41.939298, -87.712492 41.939279, -87.712674 41.939274, -87.713055 41.939267, -87.713321 41.939263, -87.71371 41.939259, -87.713835 41.939258, -87.714202 41.939254, -87.714432 41.939252, -87.714941 41.939246, -87.715168 41.939243, -87.715208 41.939243, -87.715842 41.939235, -87.716176 41.939231, -87.716749 41.939224, -87.71709 41.93922, -87.717399 41.939216, -87.717743 41.939212, -87.718211 41.939204, -87.718597 41.939199, -87.718904 41.939196, -87.719345 41.939193, -87.719686 41.939188, -87.719848 41.939186, -87.720125 41.939182, -87.720404 41.939179, -87.720694 41.939174, -87.720819 41.939172, -87.721071 41.939169, -87.721532 41.939163, -87.721872 41.939161, -87.722032 41.93916, -87.722293 41.939155, -87.722651 41.93915, -87.723241 41.939143, -87.72352 41.939139, -87.723898 41.939133, -87.723919 41.939133, -87.72412 41.939132, -87.724359 41.939129, -87.724621 41.939126, -87.724734 41.939124, -87.724984 41.939121, -87.72557 41.939115, -87.725842 41.939111, -87.725954 41.939109, -87.726319 41.939104, -87.72684 41.939098, -87.727185 41.939095)",EPSG:4326
HCC005,Clark,Clark,Irving Park,LaSalle,neighborhood,16833.54,3.1881704545454546,0.202126,0.083879,False,False,False,False,False,False,False,385.8266,4.2816,20,41.934351224155485,-87.6469992925577,"LINESTRING (-87.633216 41.913761, -87.633311 41.913915, -87.633544 41.914294, -87.63387 41.914824, -87.634035 41.915091, -87.634161 41.915298, -87.634349 41.915605, -87.634444 41.91576, -87.634769 41.916291, -87.634947 41.916579, -87.63528 41.917118, -87.635694 41.917793, -87.636117 41.918473, -87.636251 41.918688, -87.636389 41.918895, -87.636778 41.919475, -87.636897 41.919672, -87.637051 41.919926, -87.637197 41.920167, -87.637467 41.920612, -87.63751 41.920683, -87.637638 41.920894, -87.637866 41.921273, -87.638059 41.921598, -87.638182 41.921805, -87.63828 41.921969, -87.638408 41.922184, -87.638414 41.922195, -87.638496 41.922331, -87.638862 41.922935, -87.639033 41.923217, -87.639127 41.923372, -87.639131 41.923379, -87.639169 41.923442, -87.639366 41.92377, -87.639567 41.924105, -87.63969 41.924308, -87.639813 41.924512, -87.639992 41.924808, -87.640175 41.925111, -87.640479 41.925585, -87.64068 41.925895, -87.640796 41.926094, -87.64087 41.926219, -87.641051 41.926525, -87.641219 41.926811, -87.641336 41.92701, -87.641529 41.927339, -87.641549 41.927373, -87.64157 41.927409, -87.641666 41.927573, -87.641807 41.927813, -87.641942 41.928043, -87.642105 41.928319, -87.642232 41.928533, -87.64232 41.928682, -87.642343 41.928719, -87.642545 41.92907, -87.642601 41.929166, -87.642717 41.929368, -87.642866 41.929621, -87.642924 41.929662, -87.643092 41.929781, -87.643227 41.929867, -87.643446 41.930014, -87.643452 41.930018, -87.643578 41.930165, -87.643696 41.930362, -87.643898 41.930703, -87.644105 41.931054, -87.644274 41.931338, -87.644377 41.93151, -87.644571 41.931845, -87.644686 41.932041, -87.644804 41.932317, -87.644871 41.932582, -87.644886 41.932801, -87.645472 41.933529, -87.645486 41.933546, -87.645878 41.934027, -87.646253 41.934489, -87.646536 41.934837, -87.64688 41.935262, -87.646897 41.935283, -87.647103 41.935536, -87.647171 41.935621, -87.647446 41.935959, -87.647544 41.936079, -87.647823 41.936426, -87.648276 41.936988, -87.648656 41.937458, -87.648963 41.937838, -87.649216 41.938163, -87.649536 41.938548, -87.64991 41.939007, -87.650426 41.939642, -87.650603 41.939858, -87.650687 41.939961, -87.650881 41.940201, -87.65178 41.941323, -87.652144 41.941768, -87.652279 41.941935, -87.652727 41.942489, -87.653021 41.942853, -87.653097 41.942946, -87.653228 41.943104, -87.653322 41.943211, -87.653391 41.943289, -87.653488 41.943408, -87.65351 41.943435, -87.653602 41.943566, -87.653694 41.943699, -87.653789 41.943819, -87.653901 41.943957, -87.653987 41.944065, -87.654245 41.944466, -87.654537 41.944747, -87.65468 41.944925, -87.654815 41.945092, -87.654981 41.945297, -87.655109 41.945454, -87.65523 41.945605, -87.655373 41.945783, -87.655502 41.945943, -87.655648 41.946124, -87.655813 41.946328, -87.655946 41.946492, -87.65604 41.946607, -87.656144 41.946737, -87.656287 41.946916, -87.656358 41.947004, -87.656516 41.947202, -87.656668 41.947391, -87.656744 41.947487, -87.656891 41.947673, -87.65707 41.947895, -87.657303 41.948183, -87.657424 41.948333, -87.657506 41.948434, -87.657648 41.948609, -87.657809 41.948807, -87.657952 41.948986, -87.658081 41.949147, -87.658192 41.949286, -87.658352 41.949486, -87.65847 41.949634, -87.658562 41.949746, -87.658656 41.949861, -87.659242 41.95058, -87.659254 41.950595, -87.659608 41.951043, -87.659673 41.951125, -87.660406 41.952054, -87.660715 41.952441, -87.660827 41.952581, -87.66139 41.953289, -87.661828 41.953839, -87.66225 41.954378)",EPSG:4326
HCC006,Fullerton,Fullerton,Meade,California,neighborhood,21974.7,4.161875,0.697827,0.552627,False,True,False,False,False,False,False,777.0802,9.5401,4,41.92433856420311,-87.73778088554519,"LINESTRING (-87.697413 41.924807, -87.697807 41.924803, -87.698049 41.9248, -87.698432 41.924797, -87.698636 41.924796, -87.698901 41.924794, -87.699144 41.924792, -87.69927 41.924792, -87.699522 41.924789, -87.699864 41.924785, -87.700405 41.924779, -87.700744 41.924775, -87.700792 41.924774, -87.701059 41.924774, -87.701422 41.924771, -87.701428 41.924771, -87.701538 41.924771, -87.701647 41.92477, -87.701708 41.924769, -87.702054 41.924766, -87.702318 41.924763, -87.702852 41.924757, -87.703019 41.924756, -87.703106 41.924755, -87.70369 41.924749, -87.703957 41.924746, -87.704643 41.924742, -87.704998 41.924739, -87.705367 41.924736, -87.705795 41.924732, -87.705884 41.924731, -87.706225 41.924728, -87.706226 41.924728, -87.706392 41.924725, -87.706605 41.924722, -87.706871 41.924717, -87.706915 41.924716, -87.707219 41.924716, -87.707406 41.924717, -87.707568 41.924714, -87.707727 41.924712, -87.70802 41.924708, -87.708157 41.924706, -87.708428 41.924705, -87.708468 41.924705, -87.708686 41.924705, -87.708872 41.924702, -87.709236 41.924697, -87.70959 41.924692, -87.709732 41.924691, -87.709744 41.924691, -87.709992 41.924688, -87.710216 41.924685, -87.710479 41.92468, -87.710636 41.924677, -87.710757 41.924676, -87.710987 41.924675, -87.711179 41.924673, -87.711465 41.92467, -87.711666 41.924668, -87.711831 41.924666, -87.712105 41.924661, -87.712281 41.924658, -87.712411 41.924657, -87.71271 41.924655, -87.712931 41.924654, -87.713148 41.924652, -87.713326 41.924649, -87.71353 41.924646, -87.713738 41.924644, -87.71394 41.924642, -87.713947 41.924642, -87.71422 41.924638, -87.714552 41.924633, -87.714751 41.924631, -87.714999 41.924628, -87.715071 41.924627, -87.715072 41.924627, -87.715382 41.924623, -87.715503 41.924621, -87.715771 41.924619, -87.716128 41.924616, -87.716699 41.924607, -87.716994 41.924603, -87.717455 41.924598, -87.718215 41.924589, -87.718451 41.924586, -87.719062 41.924578, -87.719438 41.924573, -87.720042 41.924566, -87.720327 41.924562, -87.720661 41.924558, -87.721016 41.924553, -87.721576 41.924547, -87.721882 41.924542, -87.7222 41.924538, -87.722832 41.924532, -87.723104 41.924529, -87.723609 41.924522, -87.724063 41.924517, -87.724259 41.924516, -87.724327 41.924515, -87.724608 41.924513, -87.725251 41.924505, -87.725551 41.924499, -87.725848 41.924493, -87.726387 41.924489, -87.726769 41.924484, -87.72713 41.924479, -87.72767 41.924473, -87.727726 41.924473, -87.727784 41.924472, -87.727995 41.92447, -87.728423 41.924466, -87.728959 41.924461, -87.729221 41.924458, -87.729734 41.924452, -87.730153 41.924446, -87.730444 41.924442, -87.730859 41.924437, -87.731213 41.92443, -87.731667 41.924426, -87.732022 41.924422, -87.73256 41.924415, -87.732891 41.924411, -87.73328 41.924407, -87.733447 41.924404, -87.73351 41.924404, -87.734118 41.924396, -87.734502 41.924392, -87.734761 41.924388, -87.73534 41.92438, -87.735658 41.924376, -87.736111 41.924371, -87.73657 41.924365, -87.737016 41.92436, -87.737349 41.924355, -87.737787 41.924353, -87.738209 41.924351, -87.738651 41.924341, -87.738996 41.924336, -87.739518 41.924329, -87.740157 41.924322, -87.740851 41.924312, -87.741394 41.924306, -87.74156 41.924304, -87.741613 41.924304, -87.741662 41.924303, -87.741719 41.924302, -87.741836 41.9243, -87.7423 41.924293, -87.742376 41.924292, -87.742648 41.924288, -87.74292 41.924284, -87.743514 41.924276, -87.743866 41.92427, -87.744179 41.924265, -87.745077 41.924256, -87.745436 41.924252, -87.745913 41.924245, -87.746302 41.924239, -87.746774 41.924232, -87.746969 41.92423, -87.747639 41.924222, -87.74843 41.92421, -87.748758 41.924206, -87.749055 41.924203, -87.750335 41.924186, -87.750927 41.924178, -87.751227 41.924175, -87.751521 41.924172, -87.751822 41.924167, -87.752437 41.924158, -87.753403 41.924145, -87.753682 41.924141, -87.754265 41.924134, -87.755802 41.924113, -87.756146 41.924107, -87.756786 41.924096, -87.757372 41.924091, -87.757585 41.924089, -87.758224 41.924079, -87.758607 41.924075, -87.759139 41.924069, -87.759219 41.924068, -87.759634 41.924062, -87.759836 41.92406, -87.760205 41.924055, -87.760452 41.924052, -87.760454 41.924052, -87.760771 41.924049, -87.76101 41.924046, -87.761068 41.924045, -87.761314 41.924041, -87.761719 41.924034, -87.762296 41.924027, -87.762415 41.924025, -87.762855 41.924021, -87.763528 41.924012, -87.763794 41.924008, -87.764167 41.924005, -87.764762 41.923998, -87.765178 41.923992, -87.765775 41.923983, -87.765991 41.923981, -87.766245 41.923978, -87.766766 41.92397, -87.767206 41.923962, -87.767532 41.923956, -87.767951 41.92395, -87.768421 41.923942, -87.768718 41.923937, -87.769361 41.923929, -87.769638 41.923925, -87.769979 41.92392, -87.770197 41.923916, -87.770451 41.923912, -87.770854 41.923905, -87.770952 41.923904, -87.771316 41.923897, -87.771883 41.923888, -87.772069 41.923885, -87.772353 41.923881, -87.772823 41.923873, -87.773286 41.923866, -87.773589 41.923861, -87.774134 41.923852, -87.774501 41.923846, -87.775716 41.923827, -87.776041 41.923821, -87.776664 41.923811, -87.776932 41.923807, -87.777104 41.923805, -87.777424 41.9238, -87.77782 41.923794, -87.778147 41.923789)",EPSG:4326
HCC007,Western,Western,George,Chicago,neighborhood,13867.43,2.626407196969697,0.257739,0.0,False,False,False,False,False,False,False,505.0011,4.7037,17,41.914766320787066,-87.68735976992353,"LINESTRING (-87.686843 41.895743, -87.686849 41.895993, -87.686854 41.896195, -87.686855 41.896207, -87.686861 41.896477, -87.686865 41.896657, -87.686869 41.896876, -87.686876 41.897127, -87.686882 41.897329, -87.686888 41.897562, -87.686894 41.897754, -87.686898 41.897936, -87.686904 41.898189, -87.686913 41.89847, -87.686919 41.898704, -87.686922 41.898855, -87.686929 41.899128, -87.686936 41.899379, -87.68694 41.899502, -87.686947 41.899765, -87.686952 41.899927, -87.686958 41.900159, -87.68696 41.900293, -87.686964 41.900593, -87.686967 41.900705, -87.686972 41.900902, -87.686975 41.901044, -87.686979 41.901201, -87.686984 41.901367, -87.686992 41.901598, -87.687003 41.901881, -87.687003 41.901886, -87.687006 41.902087, -87.68701 41.902359, -87.68702 41.902767, -87.687027 41.903016, -87.687034 41.903288, -87.687041 41.903534, -87.687046 41.903745, -87.687064 41.904397, -87.687065 41.90444, -87.687076 41.904842, -87.687083 41.905098, -87.687101 41.905774, -87.687116 41.906378, -87.687123 41.906667, -87.68713 41.90692, -87.687141 41.907298, -87.68715 41.907669, -87.68716 41.908045, -87.68717 41.908334, -87.687174 41.908492, -87.687178 41.908658, -87.687181 41.908748, -87.687189 41.909129, -87.6872 41.909565, -87.687207 41.90982, -87.687208 41.909871, -87.687215 41.910115, -87.687221 41.910321, -87.687225 41.910461, -87.687234 41.910821, -87.687235 41.910848, -87.687248 41.911383, -87.687265 41.911995, -87.687268 41.912132, -87.68727 41.912216, -87.687274 41.912401, -87.687279 41.912568, -87.687283 41.912715, -87.687291 41.913014, -87.687301 41.913357, -87.687304 41.913479, -87.687308 41.913619, -87.687313 41.913876, -87.687314 41.913899, -87.687315 41.913957, -87.687316 41.913995, -87.687319 41.91415, -87.687324 41.914329, -87.687324 41.914336, -87.687326 41.914402, -87.687332 41.914601, -87.687336 41.914716, -87.68734 41.914855, -87.687346 41.915037, -87.687347 41.9151, -87.68735 41.915213, -87.687352 41.915312, -87.687356 41.915493, -87.687359 41.915609, -87.687364 41.915761, -87.687368 41.915905, -87.687375 41.91613, -87.687377 41.916186, -87.687377 41.916219, -87.687378 41.916252, -87.687378 41.916296, -87.68738 41.916425, -87.687386 41.916676, -87.687389 41.916805, -87.687396 41.9171, -87.687406 41.917395, -87.68741 41.917568, -87.687416 41.917795, -87.687423 41.917993, -87.687431 41.91822, -87.687435 41.91833, -87.687441 41.918513, -87.687443 41.918585, -87.687448 41.918735, -87.687453 41.918897, -87.68746 41.919087, -87.687464 41.919184, -87.687466 41.919268, -87.68747 41.9194, -87.687479 41.919706, -87.687483 41.919847, -87.687487 41.91998, -87.687489 41.920065, -87.687501 41.920412, -87.687509 41.920609, -87.687512 41.920716, -87.687521 41.920984, -87.687523 41.921076, -87.687536 41.921483, -87.687538 41.921643, -87.687538 41.921644, -87.687539 41.921737, -87.68754 41.921761, -87.687547 41.921858, -87.687553 41.922058, -87.687563 41.922357, -87.687567 41.922467, -87.687567 41.922471, -87.687572 41.922619, -87.687579 41.922847, -87.687583 41.922957, -87.687589 41.923119, -87.687595 41.923297, -87.687597 41.923378, -87.687605 41.923629, -87.687609 41.923748, -87.687613 41.92391, -87.687618 41.924072, -87.68762 41.924134, -87.687625 41.92434, -87.68763 41.924529, -87.687633 41.924669, -87.687642 41.924901, -87.687656 41.92527, -87.687661 41.925441, -87.687662 41.925465, -87.68767 41.925666, -87.687678 41.925877, -87.687684 41.926029, -87.687692 41.926235, -87.687699 41.926422, -87.687705 41.926582, -87.687709 41.926716, -87.687715 41.926931, -87.687716 41.926961, -87.687722 41.92722, -87.687736 41.927593, -87.687743 41.927786, -87.68775 41.927982, -87.687762 41.928309, -87.687774 41.928635, -87.687778 41.928748, -87.687778 41.928757, -87.687787 41.929006, -87.687797 41.92931, -87.687798 41.929333, -87.6878 41.929389, -87.687807 41.929542, -87.68783 41.930073, -87.687841 41.930352, -87.68785 41.930586, -87.68786 41.930903, -87.687868 41.931144, -87.687884 41.931524, -87.687893 41.931797, -87.687883 41.932179, -87.687917 41.932577, -87.687918 41.932621, -87.687918 41.932691, -87.68792 41.932867, -87.68792 41.932868, -87.687924 41.933079, -87.687927 41.93328, -87.687933 41.933546, -87.687937 41.933786, -87.687937 41.933788)",EPSG:4326
HCC008,Milwaukee,Milwaukee,Kedzie,Ogden,neighborhood,18693.11,3.5403617424242424,0.259598,0.0,False,False,False,False,False,False,False,454.9346,7.2437,8,41.91258834138114,-87.6810185549741,"LINESTRING (-87.654924 41.895923, -87.654995 41.895969, -87.655104 41.896039, -87.655453 41.896266, -87.655738 41.896452, -87.655995 41.896616, -87.656349 41.896844, -87.656539 41.896968, -87.656863 41.897179, -87.657044 41.897294, -87.657263 41.897433, -87.657556 41.897626, -87.65777 41.897767, -87.657943 41.897876, -87.658049 41.897943, -87.658251 41.898071, -87.658277 41.898087, -87.658364 41.898142, -87.658554 41.898269, -87.65879 41.898426, -87.658871 41.898479, -87.659007 41.898561, -87.659043 41.898583, -87.659211 41.898692, -87.659642 41.898973, -87.659922 41.899155, -87.660214 41.899345, -87.660216 41.899346, -87.660217 41.899347, -87.660563 41.899577, -87.660792 41.899722, -87.660961 41.899829, -87.661404 41.90011, -87.66253 41.900823, -87.663469 41.901418, -87.663732 41.901588, -87.663992 41.901754, -87.664087 41.901816, -87.664102 41.901825, -87.664401 41.902017, -87.66461 41.902153, -87.664921 41.902357, -87.665143 41.902501, -87.665334 41.902626, -87.665597 41.902792, -87.665786 41.902912, -87.665935 41.903007, -87.666126 41.903129, -87.666485 41.903358, -87.66688 41.903611, -87.666978 41.903673, -87.667102 41.903752, -87.667513 41.904017, -87.667838 41.904227, -87.667996 41.904329, -87.66815 41.904428, -87.668371 41.904572, -87.668623 41.904733, -87.668645 41.904747, -87.668857 41.904883, -87.668961 41.90495, -87.669133 41.905061, -87.669267 41.905147, -87.66934 41.905193, -87.669458 41.905267, -87.669857 41.905518, -87.669991 41.905602, -87.670411 41.905865, -87.670599 41.905987, -87.670806 41.906121, -87.671126 41.906325, -87.671362 41.906477, -87.671513 41.906573, -87.671894 41.906817, -87.67227 41.907057, -87.672487 41.907195, -87.672667 41.90731, -87.672882 41.907447, -87.673138 41.90761, -87.673406 41.907782, -87.673679 41.907956, -87.673827 41.908049, -87.674281 41.90834, -87.674664 41.908583, -87.67481 41.908677, -87.674814 41.90868, -87.67492 41.908749, -87.675111 41.90887, -87.675264 41.908969, -87.675366 41.909034, -87.6757 41.909248, -87.676634 41.909846, -87.677015 41.910089, -87.677586 41.910473, -87.677922 41.910674, -87.678394 41.910978, -87.678464 41.911024, -87.678495 41.911044, -87.678997 41.911369, -87.679206 41.911505, -87.679346 41.911596, -87.679725 41.911841, -87.679846 41.911919, -87.680098 41.912082, -87.680358 41.912248, -87.68054 41.912364, -87.681094 41.912725, -87.681386 41.912914, -87.681731 41.913138, -87.682137 41.913401, -87.68242 41.913582, -87.682653 41.913733, -87.683001 41.913957, -87.683034 41.913979, -87.683121 41.914036, -87.683155 41.914059, -87.68348 41.914273, -87.684234 41.914764, -87.684731 41.915088, -87.684952 41.915228, -87.685085 41.915311, -87.685374 41.915498, -87.68553 41.915599, -87.685868 41.915818, -87.686102 41.915971, -87.686364 41.916142, -87.687069 41.916603, -87.687188 41.916679, -87.687389 41.916805, -87.687589 41.916932, -87.687662 41.916979, -87.688 41.91719, -87.688179 41.917302, -87.688352 41.917415, -87.688596 41.917563, -87.688858 41.917722, -87.68904 41.917838, -87.689213 41.917939, -87.689514 41.918115, -87.689908 41.918356, -87.690451 41.918688, -87.690514 41.918727, -87.690846 41.91893, -87.69127 41.919191, -87.691332 41.919228, -87.691578 41.919375, -87.691625 41.919403, -87.691902 41.919571, -87.691935 41.919591, -87.692275 41.919798, -87.692607 41.920001, -87.692712 41.920065, -87.692997 41.920238, -87.693147 41.920329, -87.693353 41.920453, -87.693545 41.920572, -87.693719 41.920678, -87.693873 41.920773, -87.694037 41.920874, -87.694423 41.921108, -87.694732 41.921296, -87.695377 41.921693, -87.695445 41.921734, -87.69559 41.921821, -87.695788 41.921939, -87.695952 41.92204, -87.696157 41.922165, -87.69644 41.922337, -87.696714 41.922504, -87.696719 41.922508, -87.696744 41.922522, -87.696821 41.922569, -87.697059 41.922716, -87.697175 41.922787, -87.697362 41.922907, -87.697681 41.923111, -87.697745 41.92315, -87.697974 41.92329, -87.698342 41.923514, -87.698644 41.923696, -87.698764 41.923768, -87.698867 41.923832, -87.699163 41.924016, -87.699381 41.924149, -87.699663 41.924322, -87.699906 41.924472, -87.700139 41.924616, -87.700405 41.924779, -87.700787 41.925012, -87.701019 41.925154, -87.701199 41.925264, -87.701503 41.92545, -87.701739 41.925595, -87.701929 41.925712, -87.702136 41.925839, -87.702347 41.925968, -87.702771 41.926229, -87.703044 41.926397, -87.703269 41.926536, -87.703574 41.926723, -87.703628 41.926756, -87.70384 41.926886, -87.704202 41.927108, -87.704467 41.927271, -87.704669 41.927395, -87.704755 41.927447, -87.704914 41.927546, -87.704938 41.92756, -87.705096 41.927656, -87.70534 41.927805, -87.705752 41.928059, -87.705806 41.928092, -87.705851 41.92812, -87.706006 41.928217, -87.706246 41.928363, -87.70639 41.928451, -87.70648 41.928506, -87.706618 41.928591, -87.706884 41.928749, -87.707125 41.928891, -87.707358 41.929042)",EPSG:4326
HCC009,Damen,Damen,Fullerton,Superior,neighborhood,10967.21,2.077123106060606,0.126496,0.0,False,False,False,False,False,False,False,267.9219,3.7491,23,41.91001116177771,-87.67744122545044,"LINESTRING (-87.677024 41.894993, -87.677031 41.895206, -87.677038 41.895409, -87.677039 41.895443, -87.677041 41.895519, -87.677045 41.895639, -87.677052 41.895912, -87.677063 41.896304, -87.677066 41.896382, -87.677066 41.896392, -87.677066 41.896397, -87.677073 41.896619, -87.677078 41.896832, -87.677085 41.897118, -87.677091 41.897302, -87.677094 41.897394, -87.677097 41.897478, -87.677104 41.897731, -87.677113 41.898028, -87.677116 41.898139, -87.677122 41.898323, -87.677126 41.898462, -87.67713 41.898646, -87.67714 41.899025, -87.677143 41.899127, -87.677149 41.899313, -87.677156 41.899551, -87.677167 41.899972, -87.67717 41.900075, -87.677175 41.900241, -87.677181 41.900465, -87.677189 41.900712, -87.677193 41.900859, -87.677196 41.900971, -87.677202 41.901183, -87.677206 41.901373, -87.67721 41.901581, -87.677213 41.901681, -87.677215 41.901737, -87.677218 41.901831, -87.677219 41.901876, -87.677227 41.902146, -87.67723 41.902256, -87.677233 41.902365, -87.677242 41.902674, -87.677243 41.902699, -87.677243 41.902699, -87.677253 41.903022, -87.677258 41.903191, -87.677262 41.90334, -87.67727 41.9036, -87.677272 41.903679, -87.67728 41.903973, -87.677284 41.904122, -87.677287 41.904229, -87.677295 41.904531, -87.677304 41.904867, -87.677309 41.905004, -87.677316 41.905168, -87.677325 41.90548, -87.677326 41.905528, -87.677336 41.905852, -87.677341 41.906009, -87.677344 41.906111, -87.677355 41.90649, -87.677357 41.906586, -87.677368 41.906964, -87.677374 41.907142, -87.677378 41.907289, -87.677391 41.907745, -87.6774 41.908094, -87.677404 41.908257, -87.677408 41.908448, -87.677412 41.908616, -87.677414 41.908692, -87.677415 41.908761, -87.67742 41.908901, -87.67743 41.909184, -87.677435 41.909373, -87.67744 41.90958, -87.677442 41.909651, -87.677443 41.909664, -87.677447 41.909817, -87.677453 41.910023, -87.677442 41.910136, -87.67745 41.910245, -87.677483 41.910329, -87.677586 41.910473, -87.677506 41.910539, -87.677466 41.910582, -87.67747 41.910646, -87.677473 41.910889, -87.677474 41.910963, -87.677483 41.911333, -87.677489 41.911571, -87.677493 41.91175, -87.677498 41.911925, -87.677499 41.911977, -87.677503 41.912131, -87.677506 41.912307, -87.677511 41.912537, -87.677519 41.912913, -87.677523 41.913075, -87.677529 41.913359, -87.677535 41.913665, -87.677537 41.91379, -87.677538 41.913827, -87.677542 41.914016, -87.677542 41.914046, -87.677545 41.914171, -87.677547 41.91423, -87.677552 41.914457, -87.677555 41.914716, -87.677557 41.914856, -87.677562 41.915105, -87.677568 41.915361, -87.67757 41.915474, -87.677572 41.915554, -87.677574 41.915676, -87.677578 41.915843, -87.677581 41.915942, -87.677586 41.916179, -87.677586 41.916238, -87.677588 41.916378, -87.677588 41.916402, -87.677593 41.916692, -87.677598 41.916991, -87.677601 41.917188, -87.677605 41.917302, -87.677607 41.917347, -87.677621 41.917758, -87.677628 41.917953, -87.677637 41.918217, -87.677642 41.918371, -87.677648 41.918521, -87.677661 41.918899, -87.677669 41.919122, -87.677672 41.919207, -87.677675 41.919281, -87.677682 41.919464, -87.677686 41.919575, -87.677692 41.91972, -87.6777 41.919963, -87.677703 41.920028, -87.677704 41.920042, -87.677713 41.920245, -87.677726 41.920613, -87.677731 41.920797, -87.677735 41.920934, -87.677737 41.920985, -87.677749 41.921279, -87.677752 41.921398, -87.677758 41.921599, -87.677762 41.921725, -87.677766 41.921804, -87.677772 41.921933, -87.677772 41.921934, -87.677781 41.922122, -87.677789 41.922296, -87.67779 41.922318, -87.677788 41.922416, -87.677789 41.92244, -87.677797 41.922652, -87.6778 41.922714, -87.677804 41.922838, -87.677808 41.922928, -87.67781 41.922999, -87.677814 41.923098, -87.677825 41.923374, -87.677845 41.923892, -87.67786 41.924276, -87.67787 41.92453, -87.677871 41.924551, -87.67788 41.924712, -87.677899 41.925026)",EPSG:4326
HCC010,Ashland,Ashland,Fullerton,Van Buren,neighborhood,17819.86,3.374973484848485,0.258097,0.058667,False,False,False,False,False,False,False,591.2525,5.8991,12,41.90078247676956,-87.66744922325027,"LINESTRING (-87.666665 41.876351, -87.666679 41.87713, -87.666687 41.877624, -87.666688 41.877643, -87.666753 41.878895, -87.666754 41.878925, -87.666749 41.879992, -87.666758 41.880169, -87.66679 41.880777, -87.666791 41.880839, -87.666792 41.880913, -87.666792 41.880916, -87.666793 41.881189, -87.666803 41.881455, -87.666809 41.881631, -87.666809 41.881642, -87.666838 41.882379, -87.66687 41.883212, -87.666871 41.883299, -87.66689 41.884272, -87.666907 41.885122, -87.666952 41.885299, -87.66696 41.885329, -87.666966 41.885354, -87.666979 41.885404, -87.66699 41.885757, -87.666993 41.885881, -87.667001 41.886153, -87.667012 41.886507, -87.667025 41.886938, -87.667038 41.887381, -87.667052 41.887826, -87.667056 41.887982, -87.667057 41.888051, -87.667061 41.888245, -87.667061 41.888284, -87.667064 41.888444, -87.667065 41.888464, -87.667064 41.888586, -87.667065 41.88864, -87.667065 41.888657, -87.667067 41.888805, -87.667068 41.888839, -87.667069 41.888852, -87.66709 41.889168, -87.667095 41.889336, -87.6671 41.889503, -87.667106 41.889686, -87.667112 41.889887, -87.667117 41.890076, -87.667127 41.890396, -87.667132 41.890562, -87.667137 41.890731, -87.667143 41.890977, -87.66715 41.891312, -87.667152 41.891375, -87.667155 41.89146, -87.667158 41.891558, -87.66716 41.89162, -87.66717 41.891922, -87.667173 41.892021, -87.667179 41.892229, -87.667185 41.892427, -87.667194 41.892717, -87.667196 41.892781, -87.667199 41.892896, -87.667202 41.893006, -87.667204 41.893044, -87.667205 41.893098, -87.667212 41.893343, -87.667224 41.893797, -87.667224 41.893801, -87.667228 41.893953, -87.667233 41.894136, -87.667237 41.894257, -87.66725 41.894655, -87.667251 41.894708, -87.667253 41.894763, -87.667259 41.894913, -87.667266 41.895156, -87.667278 41.895601, -87.667292 41.896074, -87.667304 41.896524, -87.667315 41.896924, -87.667322 41.897173, -87.667327 41.897335, -87.667331 41.897501, -87.667342 41.897888, -87.667361 41.898572, -87.667367 41.898798, -87.667392 41.899708, -87.667418 41.900617, -87.66743 41.901042, -87.667441 41.901458, -87.667444 41.901524, -87.667453 41.901774, -87.667455 41.901818, -87.667457 41.901903, -87.667463 41.902117, -87.667466 41.902279, -87.667469 41.902432, -87.667473 41.902665, -87.667478 41.90281, -87.667479 41.90284, -87.667485 41.902981, -87.667495 41.903346, -87.667504 41.903639, -87.667505 41.903721, -87.667506 41.903776, -87.667513 41.904017, -87.66752 41.904276, -87.667525 41.904433, -87.667534 41.904781, -87.66754 41.905035, -87.667541 41.905093, -87.667547 41.905298, -87.667552 41.905504, -87.667562 41.905902, -87.667568 41.906116, -87.667575 41.906417, -87.66758 41.906623, -87.66759 41.907007, -87.667598 41.907324, -87.667601 41.907409, -87.667605 41.907605, -87.667614 41.907949, -87.667616 41.908078, -87.667617 41.908146, -87.667625 41.908358, -87.667636 41.908636, -87.667636 41.90865, -87.667641 41.908818, -87.667645 41.908926, -87.667648 41.909112, -87.667651 41.909263, -87.667657 41.909471, -87.667661 41.9096, -87.667671 41.909866, -87.667677 41.910045, -87.667681 41.910213, -87.667686 41.910392, -87.667692 41.91063, -87.667697 41.910834, -87.667702 41.91107, -87.667703 41.911079, -87.667712 41.91142, -87.66772 41.911683, -87.667729 41.911988, -87.66773 41.912031, -87.667738 41.912299, -87.667742 41.91245, -87.66775 41.912739, -87.667753 41.912849, -87.667754 41.912907, -87.667758 41.913027, -87.667766 41.913333, -87.667799 41.914253, -87.6678 41.914284, -87.667801 41.914302, -87.667802 41.914329, -87.667809 41.914525, -87.667808 41.914624, -87.667805 41.914855, -87.667802 41.915206, -87.667815 41.915498, -87.667815 41.915529, -87.667814 41.915558, -87.667813 41.915608, -87.667809 41.915789, -87.667801 41.916108, -87.667801 41.916128, -87.667794 41.916427, -87.667793 41.916455, -87.667791 41.916483, -87.667789 41.916513, -87.667786 41.916559, -87.667775 41.916721, -87.667768 41.916836, -87.667766 41.916876, -87.667763 41.916952, -87.667762 41.917097, -87.667761 41.917254, -87.667776 41.917319, -87.6678 41.9174, -87.667827 41.917482, -87.667855 41.917566, -87.667881 41.917648, -87.6679 41.917705, -87.667918 41.917762, -87.667961 41.917932, -87.667996 41.918071, -87.668007 41.918115, -87.668093 41.918547, -87.668094 41.918553, -87.668252 41.919121, -87.668268 41.919238, -87.668282 41.919342, -87.668306 41.9195, -87.668343 41.91973, -87.668364 41.919867, -87.668365 41.919872, -87.668401 41.920096, -87.66844 41.92034, -87.66847 41.920523, -87.668508 41.920755, -87.66854 41.920954, -87.668579 41.9212, -87.6686 41.92133, -87.668624 41.921522, -87.668625 41.921555, -87.668627 41.921609, -87.668607 41.921706, -87.6686 41.92174, -87.668581 41.92183, -87.668549 41.92198, -87.668504 41.922193, -87.668503 41.922198, -87.668467 41.922362, -87.668371 41.922809, -87.668254 41.923351, -87.668251 41.923364, -87.668219 41.923516, -87.668102 41.924062, -87.668112 41.924278, -87.668132 41.924777, -87.668146 41.925152)",EPSG:4326
HCC011,North,North,Austin,Laramie,neighborhood,5391.44,1.0211060606060605,0.867182,1.0,True,True,False,False,False,False,False,192.2685,3.4802,26,41.909376631556476,-87.76569744823583,"LINESTRING (-87.755796 41.909501, -87.756573 41.909492, -87.756881 41.909488, -87.757192 41.909484, -87.757626 41.909478, -87.758103 41.909472, -87.758436 41.909467, -87.75905 41.909459, -87.75933 41.909455, -87.759684 41.90945, -87.760256 41.909442, -87.760546 41.909439, -87.760936 41.909434, -87.76114 41.909432, -87.761478 41.909428, -87.76177 41.909424, -87.762177 41.909419, -87.762619 41.909414, -87.762995 41.909409, -87.76342 41.909404, -87.763945 41.909397, -87.764217 41.909394, -87.764656 41.90939, -87.76515 41.909385, -87.765724 41.909379, -87.766341 41.909372, -87.766739 41.909365, -87.767122 41.909358, -87.767478 41.909352, -87.767916 41.909347, -87.768331 41.909343, -87.768735 41.909338, -87.769095 41.909334, -87.769549 41.909328, -87.769824 41.909324, -87.770279 41.909319, -87.770326 41.909318, -87.770754 41.909313, -87.770895 41.909311, -87.771458 41.909306, -87.771732 41.909303, -87.77197 41.9093, -87.772384 41.909294, -87.772716 41.909289, -87.772972 41.909286, -87.773179 41.909283, -87.773591 41.909278, -87.773966 41.909274, -87.774067 41.909272, -87.774392 41.909268, -87.774747 41.909264, -87.77502 41.909261, -87.775153 41.909259, -87.775599 41.909254)",EPSG:4326
HCC012,Chicago,Chicago,Central,Cicero,neighborhood,5333.65,1.0101609848484847,0.944341,1.0,True,True,False,False,False,False,False,162.8642,4.0211,22,41.89493043294182,-87.75560102726239,"LINESTRING (-87.745807 41.895004, -87.746036 41.895001, -87.746401 41.894998, -87.746451 41.894998, -87.74648 41.894998, -87.746685 41.894996, -87.746925 41.894994, -87.747199 41.894992, -87.747643 41.894989, -87.747905 41.894988, -87.748258 41.894985, -87.74848 41.894983, -87.748744 41.894981, -87.749061 41.894979, -87.749351 41.894976, -87.749675 41.894974, -87.749982 41.894971, -87.750342 41.894968, -87.750706 41.894964, -87.750852 41.894963, -87.751158 41.894961, -87.751349 41.89496, -87.751724 41.894957, -87.751931 41.894954, -87.752043 41.894953, -87.752087 41.894953, -87.752309 41.894951, -87.752511 41.89495, -87.752949 41.894948, -87.753156 41.894956, -87.753302 41.894961, -87.75354 41.894959, -87.753681 41.894957, -87.753766 41.894957, -87.754161 41.894954, -87.754378 41.894952, -87.754652 41.894949, -87.754787 41.894948, -87.754996 41.894946, -87.755023 41.894945, -87.755328 41.894943, -87.755599 41.894936, -87.755833 41.89493, -87.755968 41.894928, -87.756173 41.894926, -87.756211 41.894925, -87.756685 41.894921, -87.756825 41.89492, -87.757014 41.89492, -87.757207 41.894918, -87.757276 41.894918, -87.757436 41.894917, -87.75752 41.894916, -87.757824 41.894914, -87.758051 41.89491, -87.758196 41.894908, -87.758381 41.894908, -87.758567 41.894908, -87.758695 41.894908, -87.758758 41.894908, -87.75912 41.894902, -87.759336 41.894901, -87.759492 41.8949, -87.759795 41.894898, -87.75986 41.894897, -87.759977 41.894896, -87.760133 41.894895, -87.76034 41.894893, -87.760643 41.89489, -87.760825 41.894889, -87.761181 41.894886, -87.76123 41.894885, -87.76127 41.894885, -87.761425 41.894884, -87.761556 41.894882, -87.761862 41.89488, -87.762134 41.894878, -87.762333 41.894876, -87.762597 41.894876, -87.762837 41.894874, -87.762881 41.894873, -87.763094 41.894871, -87.763324 41.894869, -87.763568 41.894867, -87.763819 41.894866, -87.76409 41.894863, -87.764313 41.894861, -87.7645 41.894859, -87.764598 41.894858, -87.764786 41.894858, -87.76488 41.894858, -87.765162 41.894858, -87.765395 41.894854)",EPSG:4326
HCC013,Chicago,Chicago,Pulaski,Kedzie,neighborhood,5316.22,1.0068598484848486,0.866771,0.723978,True,True,False,False,False,False,False,190.8511,3.3177,28,41.89546035067121,-87.71631843373694,"LINESTRING (-87.706556 41.895553, -87.706721 41.895552, -87.707045 41.895549, -87.707553 41.895543, -87.707777 41.895541, -87.707848 41.895541, -87.70822 41.895538, -87.708627 41.895534, -87.708851 41.895531, -87.708999 41.89553, -87.70932 41.895526, -87.709777 41.895522, -87.709907 41.895521, -87.710216 41.895518, -87.710362 41.895516, -87.710737 41.895513, -87.711269 41.895508, -87.711436 41.895507, -87.711828 41.895503, -87.712059 41.895501, -87.712655 41.895495, -87.712811 41.895493, -87.713144 41.895491, -87.713266 41.895489, -87.713677 41.895485, -87.713873 41.895483, -87.714018 41.895482, -87.714518 41.895477, -87.714951 41.895474, -87.715094 41.895473, -87.715353 41.895471, -87.715694 41.895467, -87.716112 41.895463, -87.716314 41.895461, -87.71655 41.895458, -87.716926 41.895455, -87.717205 41.895452, -87.717533 41.895449, -87.717841 41.895447, -87.718755 41.895437, -87.718934 41.895435, -87.719608 41.895429, -87.719973 41.895427, -87.720106 41.895426, -87.720866 41.895416, -87.721192 41.895413, -87.721442 41.895411, -87.722202 41.895403, -87.722412 41.895401, -87.72263 41.8954, -87.723406 41.895391, -87.723637 41.89539, -87.724094 41.895388, -87.724536 41.895382, -87.72471 41.895378, -87.724863 41.895377, -87.725008 41.895376, -87.725333 41.895374, -87.725881 41.89537, -87.72608 41.895368)",EPSG:4326
HCC014,Chicago,Chicago,Paulina,State,neighborhood,11310.26,2.1420946969696972,0.244842,0.0,False,False,False,False,False,False,False,330.4894,4.2719,21,41.896367163384646,-87.64896348618082,"LINESTRING (-87.628199 41.896677, -87.628882 41.896668, -87.629189 41.896664, -87.629319 41.896662, -87.629775 41.896656, -87.630194 41.89665, -87.630517 41.896646, -87.6307 41.896643, -87.630705 41.896643, -87.631245 41.896636, -87.631812 41.896628, -87.631983 41.896625, -87.631986 41.896625, -87.632648 41.896614, -87.632698 41.896613, -87.63271 41.896613, -87.632786 41.896613, -87.632963 41.89661, -87.633502 41.896604, -87.633628 41.896603, -87.633835 41.896601, -87.634203 41.896596, -87.634467 41.896592, -87.634766 41.896587, -87.634775 41.896587, -87.634958 41.896584, -87.63521 41.896581, -87.635438 41.896591, -87.635672 41.896581, -87.635694 41.89658, -87.635863 41.896572, -87.635923 41.896569, -87.636508 41.896563, -87.636888 41.896557, -87.637172 41.896551, -87.637412 41.896547, -87.637966 41.89654, -87.638361 41.896536, -87.638623 41.896532, -87.638901 41.896528, -87.639341 41.896523, -87.63966 41.896519, -87.63989 41.896515, -87.64004 41.896513, -87.640322 41.896509, -87.640704 41.896504, -87.640935 41.896501, -87.641115 41.896498, -87.641337 41.896496, -87.641524 41.896493, -87.641745 41.89649, -87.641882 41.896489, -87.641919 41.896488, -87.642283 41.896484, -87.642546 41.896481, -87.642605 41.89648, -87.642929 41.896476, -87.643004 41.896475, -87.644222 41.896455, -87.644427 41.896451, -87.644521 41.89645, -87.644624 41.896449, -87.644755 41.89645, -87.644772 41.89645, -87.645032 41.896446, -87.645165 41.896444, -87.645315 41.89644, -87.645463 41.896438, -87.645594 41.896436, -87.645728 41.896432, -87.645911 41.896428, -87.646042 41.896426, -87.646077 41.896426, -87.646174 41.896424, -87.64634 41.896422, -87.646522 41.89642, -87.646649 41.896416, -87.646793 41.896408, -87.646812 41.896407, -87.647082 41.896393, -87.647428 41.896388, -87.647745 41.896399, -87.648038 41.89641, -87.648102 41.896408, -87.648244 41.896404, -87.648526 41.896397, -87.648769 41.896382, -87.648925 41.896377, -87.649211 41.896366, -87.649461 41.89636, -87.649639 41.896356, -87.649803 41.896354, -87.650052 41.896351, -87.650373 41.896346, -87.650503 41.896345, -87.650628 41.896344, -87.650649 41.896344, -87.650789 41.896342, -87.650813 41.896342, -87.650959 41.89634, -87.651066 41.896338, -87.651177 41.896336, -87.651379 41.896332, -87.651426 41.896331, -87.651842 41.896323, -87.652154 41.896318, -87.652356 41.896314, -87.652635 41.896309, -87.652923 41.896304, -87.653141 41.8963, -87.653606 41.896293, -87.653946 41.896287, -87.654163 41.896285, -87.654517 41.89628, -87.654612 41.896279, -87.65472 41.896277, -87.654952 41.896274, -87.655236 41.89627, -87.655453 41.896266, -87.655735 41.896262, -87.655938 41.896257, -87.656195 41.896251, -87.656311 41.896249, -87.656505 41.896246, -87.656892 41.896239, -87.65691 41.896238, -87.65751 41.896228, -87.6577 41.896225, -87.65776 41.896224, -87.657889 41.896221, -87.658144 41.896217, -87.658293 41.896215, -87.658485 41.896211, -87.658575 41.89621, -87.65865 41.896208, -87.658741 41.896207, -87.658996 41.896203, -87.659188 41.896199, -87.659343 41.896197, -87.659471 41.896195, -87.659958 41.896188, -87.660251 41.896184, -87.660424 41.896181, -87.660819 41.896175, -87.661169 41.89617, -87.661401 41.896166, -87.661606 41.896163, -87.661889 41.896158, -87.662218 41.896153, -87.662405 41.89615, -87.662986 41.89614, -87.66338 41.896133, -87.663578 41.89613, -87.663883 41.896127, -87.66403 41.896124, -87.664299 41.89612, -87.664605 41.896115, -87.664905 41.896111, -87.665081 41.896108, -87.665658 41.896098, -87.666073 41.896091, -87.666488 41.896085, -87.666749 41.896083, -87.667292 41.896074, -87.667735 41.896066, -87.667976 41.896062, -87.66826 41.896058, -87.668515 41.896053, -87.668938 41.896046, -87.669136 41.896043, -87.669435 41.896038, -87.669612 41.896035, -87.669728 41.896033)",EPSG:4326
HCC015,Lake,Lake,Lockwood,Hamlin,neighborhood,10064.3,1.9061174242424241,0.944204,1.0,True,True,False,False,False,False,False,257.2867,6.6463,9,41.88625470463823,-87.73934529793908,"LINESTRING (-87.72092 41.885204, -87.721728 41.885253, -87.721731 41.885254, -87.722489 41.885294, -87.722795 41.88531, -87.723321 41.88534, -87.723337 41.885341, -87.723935 41.885374, -87.724526 41.885408, -87.724631 41.885414, -87.724642 41.885414, -87.725805 41.885467, -87.726328 41.885483, -87.72703 41.885525, -87.727583 41.885559, -87.728095 41.885589, -87.728264 41.885599, -87.728836 41.885632, -87.72995 41.885697, -87.730427 41.885725, -87.730726 41.885742, -87.730832 41.885748, -87.731374 41.88578, -87.732097 41.885821, -87.732887 41.885866, -87.733186 41.885884, -87.733388 41.885896, -87.733807 41.88592, -87.7344 41.885955, -87.735381 41.886011, -87.735646 41.886025, -87.735886 41.886037, -87.735959 41.886041, -87.73665 41.886084, -87.737253 41.886119, -87.737854 41.886153, -87.738109 41.886167, -87.738278 41.886177, -87.738648 41.8862, -87.739991 41.88628, -87.740281 41.886295, -87.7405 41.886306, -87.740525 41.886307, -87.740568 41.88631, -87.74061 41.886312, -87.742111 41.886399, -87.742721 41.886434, -87.742983 41.886453, -87.743033 41.886457, -87.743267 41.886473, -87.74386 41.886502, -87.74484 41.886556, -87.745199 41.886588, -87.745498 41.886626, -87.745599 41.886638, -87.745934 41.886658, -87.747605 41.886753, -87.747958 41.886773, -87.748479 41.886802, -87.749215 41.886844, -87.750032 41.88689, -87.750407 41.886911, -87.750664 41.886926, -87.751552 41.886978, -87.752159 41.887012, -87.752381 41.887024, -87.752673 41.887041, -87.753028 41.887059, -87.753255 41.88707, -87.75473 41.887158, -87.755319 41.887202, -87.756533 41.887263, -87.756791 41.887276, -87.757694 41.887333, -87.757767 41.887332)",EPSG:4326
HCC016,Cicero,Cicero,Chicago,Arthington,neighborhood,9283.55,1.7582481060606059,0.954696,1.0,True,True,False,False,False,False,False,494.7267,9.944,3,41.88227145072688,-87.7453409817958,"LINESTRING (-87.744865 41.86954, -87.744867 41.869595, -87.744875 41.869714, -87.744882 41.869875, -87.744887 41.869996, -87.744887 41.869996, -87.74489 41.870124, -87.744895 41.87027, -87.7449 41.870458, -87.744902 41.870532, -87.744907 41.870657, -87.744912 41.870788, -87.74492 41.87091, -87.744924 41.870978, -87.744926 41.871184, -87.744927 41.871347, -87.744928 41.871441, -87.74493 41.8718, -87.744931 41.871895, -87.744933 41.872072, -87.744934 41.872203, -87.744937 41.872282, -87.744943 41.872458, -87.744968 41.872649, -87.744973 41.872696, -87.744983 41.872791, -87.744993 41.872958, -87.744998 41.873141, -87.745004 41.873302, -87.745012 41.873469, -87.745018 41.873637, -87.745024 41.873822, -87.745027 41.87392, -87.745035 41.874091, -87.74504 41.874227, -87.745043 41.874377, -87.745048 41.87455, -87.745054 41.874683, -87.745058 41.874756, -87.745062 41.874853, -87.745067 41.875, -87.745074 41.875235, -87.745079 41.875359, -87.745087 41.875561, -87.745094 41.87574, -87.745101 41.875903, -87.745113 41.876159, -87.745124 41.876328, -87.745124 41.87633, -87.745133 41.876503, -87.745143 41.876675, -87.745146 41.876808, -87.745151 41.877002, -87.745156 41.87716, -87.745159 41.87724, -87.745163 41.877357, -87.745166 41.877435, -87.745172 41.877591, -87.745178 41.877693, -87.745187 41.877862, -87.74519 41.877958, -87.745192 41.878039, -87.745196 41.878203, -87.745201 41.878374, -87.745204 41.878479, -87.745208 41.878597, -87.745209 41.878639, -87.74521 41.878675, -87.745216 41.878835, -87.745221 41.878964, -87.745227 41.879117, -87.745232 41.87925, -87.745237 41.879381, -87.745243 41.8795, -87.745251 41.879652, -87.745255 41.879775, -87.745258 41.879903, -87.74526 41.87996, -87.745264 41.880088, -87.745271 41.880316, -87.745278 41.880498, -87.74529 41.880835, -87.745296 41.880983, -87.745303 41.881173, -87.745303 41.881193, -87.745322 41.881402, -87.745333 41.881618, -87.745337 41.881694, -87.745341 41.881816, -87.745346 41.882005, -87.745353 41.882402, -87.745355 41.882476, -87.745362 41.882739, -87.745372 41.883038, -87.745376 41.88313, -87.745382 41.883295, -87.745395 41.883652, -87.7454 41.883793, -87.745408 41.884016, -87.745419 41.884316, -87.745423 41.884452, -87.745426 41.884566, -87.745442 41.884927, -87.745446 41.885034, -87.745453 41.88528, -87.745455 41.885357, -87.745458 41.885501, -87.745461 41.885597, -87.745469 41.885743, -87.745476 41.885877, -87.745478 41.885953, -87.745483 41.886152, -87.745484 41.886184, -87.745492 41.886417, -87.745497 41.886567, -87.745498 41.886626, -87.745499 41.886656, -87.745503 41.886772, -87.745512 41.886963, -87.745518 41.887085, -87.74553 41.88732, -87.745538 41.887549, -87.745542 41.887641, -87.745545 41.88773, -87.745548 41.887827, -87.745551 41.887918, -87.745555 41.888041, -87.745566 41.888241, -87.745575 41.88848, -87.745577 41.888511, -87.745582 41.888686, -87.745585 41.888793, -87.745587 41.888844, -87.745593 41.889022, -87.745598 41.88915, -87.745605 41.889304, -87.745612 41.889444, -87.745616 41.889569, -87.74562 41.889688, -87.745626 41.889853, -87.74563 41.889954, -87.745634 41.890038, -87.745639 41.890159, -87.745643 41.890313, -87.745649 41.89048, -87.745652 41.890607, -87.745661 41.89081, -87.745663 41.890887, -87.745665 41.890936, -87.745669 41.891067, -87.745675 41.891246, -87.745679 41.891382, -87.745685 41.891563, -87.745691 41.891704, -87.745696 41.891845, -87.7457 41.89196, -87.745706 41.892127, -87.745713 41.892269, -87.745718 41.892369, -87.745722 41.892458, -87.745728 41.892638, -87.745732 41.892791, -87.745735 41.892893, -87.745741 41.89306, -87.745746 41.893162, -87.745752 41.893301, -87.745756 41.893411, -87.74576 41.893518, -87.745767 41.893762, -87.745771 41.893877, -87.745776 41.894054, -87.74578 41.894196, -87.745783 41.894298, -87.745786 41.894375, -87.745793 41.894555, -87.7458 41.894759, -87.745807 41.895004)",EPSG:4326
HCC017,Pulaski,Pulaski,Division,Roosevelt,neighborhood,13304.74,2.519837121212121,0.923817,1.0,True,True,False,False,False,False,False,436.1964,12.7834,1,41.88442094023178,-87.72575992294945,"LINESTRING (-87.726303 41.902671, -87.726299 41.902562, -87.726289 41.90221, -87.726289 41.902206, -87.726286 41.9021, -87.726271 41.90159, -87.726253 41.90097, -87.726249 41.900847, -87.72624 41.900549, -87.726221 41.899865, -87.726197 41.899166, -87.726193 41.89902, -87.726187 41.898776, -87.72617 41.898208, -87.726156 41.897736, -87.726146 41.897371, -87.72614 41.897201, -87.726135 41.897045, -87.726119 41.896574, -87.726104 41.896159, -87.726095 41.895841, -87.726087 41.895565, -87.72608 41.895368, -87.726076 41.895239, -87.726072 41.895091, -87.726062 41.894675, -87.726047 41.894101, -87.726042 41.893946, -87.726035 41.893691, -87.726029 41.893533, -87.726023 41.893339, -87.726015 41.893061, -87.726009 41.892903, -87.726003 41.892746, -87.726 41.892607, -87.725998 41.892529, -87.725991 41.892321, -87.725984 41.892119, -87.725981 41.892025, -87.725976 41.89179, -87.725972 41.891694, -87.725968 41.891577, -87.725958 41.891067, -87.725941 41.890335, -87.725929 41.890002, -87.725926 41.88986, -87.725925 41.889779, -87.725919 41.88959, -87.72591 41.889293, -87.7259 41.888972, -87.725894 41.888759, -87.725886 41.888607, -87.725878 41.888455, -87.725878 41.888423, -87.725879 41.888377, -87.725878 41.888334, -87.725877 41.888257, -87.725877 41.88822, -87.725876 41.88818, -87.725875 41.888137, -87.725875 41.888131, -87.725875 41.888123, -87.725874 41.888052, -87.725874 41.888017, -87.725873 41.887922, -87.725872 41.887897, -87.725868 41.887769, -87.725864 41.887623, -87.725856 41.887294, -87.725848 41.886988, -87.725843 41.88683, -87.725836 41.886586, -87.725823 41.886122, -87.725823 41.886102, -87.725808 41.885663, -87.725806 41.885523, -87.725805 41.885482, -87.725805 41.885467, -87.725805 41.885452, -87.725804 41.885431, -87.725802 41.885322, -87.725795 41.885067, -87.725789 41.88487, -87.725783 41.884678, -87.725779 41.88455, -87.725769 41.884211, -87.725764 41.884022, -87.725758 41.883804, -87.725749 41.883465, -87.725746 41.883362, -87.72574 41.883163, -87.725734 41.882994, -87.725732 41.88293, -87.725725 41.882697, -87.725713 41.882265, -87.725707 41.881937, -87.725693 41.881515, -87.725687 41.881394, -87.725687 41.881378, -87.725682 41.881147, -87.725675 41.880964, -87.72567 41.880727, -87.725667 41.88055, -87.725659 41.88036, -87.725654 41.880228, -87.725654 41.880213, -87.725648 41.880034, -87.725637 41.879762, -87.725632 41.879626, -87.725627 41.879431, -87.725622 41.879315, -87.72562 41.879248, -87.725615 41.87907, -87.725607 41.87887, -87.725602 41.878742, -87.725597 41.878571, -87.725592 41.878424, -87.725591 41.878381, -87.725586 41.878239, -87.725579 41.87798, -87.725575 41.877855, -87.725568 41.877705, -87.725562 41.877552, -87.725562 41.877538, -87.725556 41.877381, -87.72555 41.877222, -87.725546 41.877087, -87.725542 41.876964, -87.725534 41.876775, -87.72553 41.876634, -87.72553 41.876626, -87.725525 41.876467, -87.725521 41.876348, -87.725516 41.876178, -87.725512 41.876058, -87.725505 41.875881, -87.7255 41.875728, -87.725499 41.875696, -87.725494 41.875549, -87.725488 41.875407, -87.725485 41.875268, -87.725482 41.875149, -87.725477 41.875008, -87.725465 41.874812, -87.725455 41.874654, -87.725448 41.874497, -87.725444 41.874359, -87.725442 41.874301, -87.725434 41.874083, -87.725422 41.873722, -87.725415 41.873524, -87.725413 41.873443, -87.725409 41.873333, -87.725405 41.872996, -87.7254 41.872531, -87.725398 41.872346, -87.725397 41.872304, -87.725392 41.872144, -87.72539 41.872085, -87.725381 41.871847, -87.725372 41.871624, -87.725365 41.871448, -87.725364 41.871393, -87.725359 41.871229, -87.725357 41.871173, -87.725353 41.871052, -87.725349 41.87094, -87.725341 41.870722, -87.725335 41.87056, -87.725333 41.870485, -87.725329 41.870365, -87.725326 41.870261, -87.725323 41.870153, -87.725318 41.870026, -87.725309 41.869805, -87.725303 41.869656, -87.725301 41.869557, -87.7253 41.86952, -87.725295 41.869328, -87.725294 41.869313, -87.725287 41.869089, -87.725282 41.868932, -87.725275 41.868672, -87.725273 41.868589, -87.725273 41.868562, -87.725271 41.868521, -87.725269 41.868468, -87.725268 41.868444, -87.725265 41.868341, -87.725249 41.86815, -87.725245 41.867992, -87.725242 41.867838, -87.725241 41.867792, -87.725234 41.867538, -87.725225 41.867196, -87.725216 41.867081, -87.725205 41.866933, -87.725197 41.866635, -87.725187 41.866275, -87.725182 41.866258, -87.72517 41.866172)",EPSG:4326
HCC018,Roosevelt,Roosevelt,Halsted,Michigan,neighborhood,6207.98,1.1757537878787878,0.462796,0.0,False,False,False,False,False,False,False,455.8904,4.4105,19,41.86730444688298,-87.63552489314591,"LINESTRING (-87.624132 41.867457, -87.624427 41.867455, -87.624812 41.867448, -87.625359 41.867438, -87.625639 41.867433, -87.62583 41.867432, -87.626306 41.867428, -87.626668 41.867424, -87.62667 41.867424, -87.627022 41.867419, -87.627419 41.867414, -87.627466 41.867413, -87.627917 41.867407, -87.628358 41.867401, -87.628865 41.867393, -87.629393 41.867387, -87.629451 41.867386, -87.629941 41.867381, -87.630435 41.867374, -87.63058 41.867372, -87.631529 41.867354, -87.631755 41.86735, -87.632374 41.867342, -87.632969 41.867335, -87.633021 41.867334, -87.633619 41.867319, -87.634457 41.867317, -87.634734 41.867315, -87.63531 41.867309, -87.635385 41.867308, -87.635414 41.867308, -87.636133 41.86729, -87.63715 41.867276, -87.637381 41.867273, -87.637562 41.867271, -87.638381 41.867261, -87.639218 41.867253, -87.639823 41.867253, -87.639829 41.867252, -87.640108 41.867248, -87.640293 41.867245, -87.640722 41.867241, -87.641046 41.867238, -87.641337 41.867233, -87.641766 41.867226, -87.642188 41.86722, -87.643661 41.867199, -87.644089 41.867193, -87.64432 41.86719, -87.644476 41.867188, -87.644767 41.867184, -87.645156 41.867179, -87.646918 41.867154)",EPSG:4326
HCC019,Lake Shore Drive,Lake Shore Drive,Division,Roosevelt,neighborhood,26570.48,5.032287878787879,0.339614,0.0,False,False,False,False,False,False,False,999.6909,11.979,2,41.88719863779388,-87.61665396469995,"MULTILINESTRING ((-87.616994 41.870006, -87.616991 41.870161, -87.616998 41.870525, -87.617002 41.87069, -87.617007 41.870928, -87.617018 41.871216, -87.617044 41.871683, -87.617057 41.871973, -87.617058 41.871997, -87.617075 41.8727, -87.617082 41.873259, -87.617085 41.873486, -87.617098 41.874029, -87.61711 41.874537, -87.617115 41.87475, -87.617125 41.875157, -87.61714 41.875824, -87.617145 41.876028, -87.617162 41.876728, -87.61717 41.877083, -87.61717 41.877101, -87.617171 41.877126, -87.617189 41.877876, -87.6172 41.878379, -87.617217 41.879072, -87.61723 41.879651, -87.617234 41.879806, -87.617251 41.880602, -87.61725 41.880891, -87.617253 41.880921, -87.617249 41.881102, -87.617241 41.881321, -87.617225 41.881565, -87.617185 41.881811, -87.617082 41.882047, -87.617019 41.882165, -87.616952 41.882287, -87.616762 41.882502, -87.616607 41.882643, -87.616461 41.882749, -87.616314 41.882841, -87.616203 41.882897, -87.61608 41.882959, -87.615787 41.883069, -87.615398 41.883208, -87.615246 41.883266, -87.615123 41.883312, -87.614844 41.883417, -87.614575 41.883557, -87.614479 41.883621, -87.61441 41.883663, -87.61423 41.883803, -87.614042 41.883983, -87.613852 41.884225, -87.613757 41.88439, -87.613689 41.884534, -87.613678 41.884559, -87.613616 41.884766, -87.613589 41.88493, -87.613578 41.885124, -87.613583 41.885264, -87.613607 41.885465, -87.61364 41.885706, -87.613668 41.885904, -87.613728 41.886103, -87.613759 41.88636, -87.613783 41.88663, -87.613809 41.886834, -87.61384 41.887052, -87.61388 41.887287, -87.613908 41.887446, -87.613925 41.887546, -87.613942 41.88773, -87.613955 41.887937, -87.613967 41.888142, -87.613974 41.888409, -87.61399 41.88902, -87.61399 41.889043, -87.61399 41.889691, -87.613985 41.889755, -87.613963 41.889992, -87.613901 41.890371, -87.613884 41.890775, -87.613894 41.89111, -87.613902 41.8914, -87.613922 41.891909, -87.613935 41.892243, -87.613949 41.892409, -87.613962 41.892583, -87.613971 41.892647, -87.613985 41.892753, -87.614066 41.892962, -87.614068 41.892969, -87.614153 41.89313, -87.614285 41.893407, -87.614366 41.893551, -87.614367 41.893553, -87.614485 41.893709, -87.614673 41.893956, -87.614714 41.894009, -87.614907 41.894265, -87.61502 41.894414, -87.61515 41.894599, -87.615484 41.89509, -87.61602 41.895875, -87.616667 41.896824, -87.61683 41.897063, -87.617153 41.897531, -87.617246 41.897668, -87.617869 41.898581, -87.618366 41.89931, -87.619229 41.900575, -87.619295 41.900666, -87.619329 41.900725, -87.619425 41.900855, -87.619528 41.900955, -87.619614 41.901039, -87.619748 41.90113, -87.619885 41.901205, -87.620006 41.901258, -87.620095 41.901289, -87.620185 41.901315, -87.620311 41.901341, -87.620427 41.901359, -87.620597 41.901374, -87.62093 41.901394, -87.621212 41.901408, -87.621467 41.901423, -87.621708 41.901444, -87.621961 41.90148, -87.622063 41.901502, -87.62224 41.90154, -87.622485 41.901613, -87.622765 41.90172, -87.623199 41.90195, -87.623406 41.902096, -87.623455 41.902134, -87.623532 41.902196, -87.623578 41.902239, -87.62363 41.902288), (-87.617224 41.869981, -87.617225 41.870006, -87.617227 41.87014, -87.617237 41.870369, -87.617249 41.870655, -87.617251 41.87069, -87.617253 41.870736, -87.617265 41.871086, -87.617271 41.871394, -87.617283 41.871944, -87.617284 41.871973, -87.617307 41.872966, -87.617313 41.873256, -87.617319 41.87357, -87.617329 41.87403, -87.617341 41.87453, -87.617341 41.874536, -87.617341 41.874546, -87.617363 41.875518, -87.61737 41.875798, -87.61737 41.875822, -87.617372 41.875901, -87.617392 41.876722, -87.617401 41.877103, -87.617422 41.87801, -87.617424 41.878124, -87.617431 41.878376, -87.617447 41.878996, -87.617461 41.87962, -87.617462 41.879649, -87.617467 41.879893, -87.617487 41.880384, -87.617494 41.880647, -87.617488 41.880892, -87.617488 41.880918, -87.617484 41.881094, -87.617482 41.881368, -87.617474 41.881619, -87.617429 41.881872, -87.617338 41.882115, -87.617311 41.882162, -87.617196 41.882361, -87.617043 41.882562, -87.616924 41.882688, -87.61675 41.882839, -87.616532 41.882991, -87.616303 41.88312, -87.616292 41.883127, -87.616035 41.883245, -87.615379 41.88354, -87.615182 41.883648, -87.61494 41.883804, -87.614871 41.88385, -87.614665 41.884026, -87.614472 41.884238, -87.614435 41.884277, -87.614358 41.884381, -87.61429 41.884471, -87.614257 41.884533, -87.614192 41.884652, -87.61413 41.884801, -87.614074 41.884994, -87.614072 41.885, -87.61406 41.885217, -87.614057 41.885295, -87.614072 41.885539, -87.614077 41.885629, -87.614078 41.885807, -87.614128 41.886079, -87.614125 41.886342, -87.614122 41.886588, -87.614121 41.886819, -87.614121 41.887064, -87.614125 41.887154, -87.614129 41.887284, -87.614136 41.887448, -87.614139 41.887546, -87.614139 41.887547, -87.614147 41.887732, -87.614149 41.8878, -87.614165 41.888241, -87.614171 41.88841, -87.614201 41.889204, -87.614211 41.889582, -87.614228 41.890244, -87.614238 41.890708, -87.614232 41.890963, -87.614229 41.891105, -87.614223 41.891363, -87.614217 41.89191, -87.614215 41.892059, -87.614204 41.892352, -87.614209 41.892631, -87.614213 41.892656, -87.614231 41.89277, -87.614232 41.892775, -87.614265 41.892891, -87.614341 41.893037, -87.614373 41.893088, -87.614394 41.893121, -87.614394 41.893124, -87.614478 41.893287, -87.614601 41.893475, -87.614676 41.893589, -87.614711 41.893642, -87.614824 41.893811, -87.61497 41.894026, -87.615058 41.894156, -87.615157 41.894301, -87.615229 41.894401, -87.615372 41.8946, -87.615444 41.894702, -87.615689 41.895086, -87.615977 41.895539, -87.616218 41.895873, -87.616333 41.896031, -87.616715 41.896593, -87.616867 41.896813, -87.617048 41.897074, -87.617445 41.897673, -87.617824 41.898247, -87.618027 41.898531, -87.618143 41.898695, -87.618551 41.899289, -87.618781 41.899625, -87.618995 41.900004, -87.619284 41.900423, -87.619514 41.900779, -87.619641 41.900907, -87.619681 41.900946, -87.619682 41.900948, -87.619759 41.901004, -87.619835 41.901045, -87.619932 41.901091, -87.62003 41.901131, -87.620118 41.901158, -87.620215 41.901182, -87.620292 41.901194, -87.620376 41.901201, -87.620684 41.90122, -87.621129 41.901234, -87.621407 41.901253, -87.621746 41.901283, -87.622047 41.901324, -87.622332 41.901394, -87.622625 41.901474, -87.622699 41.901506, -87.622865 41.901577, -87.622996 41.901633, -87.623153 41.901713, -87.623378 41.901844, -87.623457 41.901899, -87.623514 41.901939, -87.623522 41.901946, -87.623558 41.901974, -87.623619 41.902024, -87.623665 41.902061))",EPSG:4326
HCC020,Western Ave/Blvd,Western,35th,Garfield,neighborhood,12916.62,2.4463295454545455,0.886118,0.938021,True,True,False,False,False,False,False,236.7948,3.1934,29,41.811571698359835,-87.68394926465828,"LINESTRING (-87.684429 41.82929, -87.684417 41.82895, -87.684405 41.82846, -87.68439 41.827847, -87.68438 41.827416, -87.684378 41.827366, -87.684377 41.827317, -87.684377 41.827304, -87.684374 41.827198, -87.684368 41.826938, -87.684353 41.826404, -87.684349 41.826284, -87.684339 41.825956, -87.684329 41.825562, -87.68432 41.825232, -87.684307 41.824814, -87.684306 41.824772, -87.684295 41.824362, -87.684285 41.823988, -87.684261 41.823551, -87.684249 41.823186, -87.68424 41.823, -87.684234 41.822893, -87.684235 41.822716, -87.684236 41.82247, -87.684234 41.822357, -87.684234 41.822289, -87.684233 41.822217, -87.684231 41.822106, -87.684227 41.821812, -87.684225 41.821747, -87.684214 41.821358, -87.684208 41.821138, -87.684208 41.821109, -87.684194 41.82062, -87.684185 41.820267, -87.684175 41.81986, -87.684167 41.819542, -87.684161 41.81934, -87.684157 41.819194, -87.684151 41.818934, -87.684145 41.818718, -87.684136 41.818415, -87.684128 41.818092, -87.684121 41.817821, -87.684114 41.817522, -87.684109 41.817329, -87.684103 41.817108, -87.684097 41.816849, -87.684094 41.816614, -87.684092 41.816471, -87.684089 41.816246, -87.684072 41.815703, -87.68406 41.815302, -87.68405 41.815, -87.684039 41.814665, -87.684031 41.814298, -87.684023 41.813963, -87.684019 41.813786, -87.684016 41.813628, -87.684008 41.81337, -87.683997 41.813068, -87.683996 41.813055, -87.683991 41.812916, -87.683984 41.812722, -87.683983 41.812681, -87.683979 41.812574, -87.683974 41.812433, -87.683967 41.812202, -87.683965 41.812111, -87.683964 41.812087, -87.683963 41.812063, -87.683954 41.811688, -87.683951 41.811515, -87.683947 41.811321, -87.683942 41.811153, -87.683928 41.810705, -87.683922 41.810466, -87.683913 41.810164, -87.683912 41.810101, -87.683908 41.809948, -87.683899 41.809624, -87.683888 41.809312, -87.683884 41.809196, -87.683882 41.80887, -87.683883 41.808719, -87.683877 41.808555, -87.683874 41.808417, -87.683871 41.808295, -87.683864 41.808078, -87.683849 41.80784, -87.683842 41.807669, -87.683835 41.807497, -87.68383 41.807377, -87.683823 41.807107, -87.683818 41.806923, -87.68381 41.806604, -87.683805 41.806426, -87.683801 41.806231, -87.683795 41.805994, -87.68379 41.805822, -87.68379 41.805819, -87.68379 41.805799, -87.683785 41.805687, -87.683766 41.804836, -87.683761 41.804797, -87.683755 41.804759, -87.683753 41.804741, -87.683749 41.804613, -87.683748 41.804582, -87.683747 41.804562, -87.683747 41.804542, -87.683746 41.804505, -87.683745 41.804501, -87.683743 41.804341, -87.683742 41.804218, -87.683732 41.803883, -87.683723 41.803549, -87.683715 41.80326, -87.683705 41.80296, -87.6837 41.802826, -87.683696 41.802558, -87.683689 41.802301, -87.683683 41.802038, -87.68368 41.80189, -87.68368 41.801669, -87.683681 41.801378, -87.683673 41.801127, -87.683669 41.80101, -87.683661 41.800756, -87.683648 41.800431, -87.683641 41.800241, -87.683638 41.80013, -87.683629 41.799796, -87.683618 41.799396, -87.68361 41.799106, -87.683606 41.798957, -87.683603 41.798827, -87.6836 41.798719, -87.683575 41.797789, -87.683567 41.797517, -87.683562 41.797325, -87.683547 41.796753, -87.683531 41.796141, -87.683519 41.79557, -87.683514 41.795326, -87.683507 41.795178, -87.683497 41.794975, -87.68348 41.794314, -87.683473 41.79404, -87.683478 41.793853)",EPSG:4326
HCC021,Pulaski,Pulaski,Archer,71st,neighborhood,13929.78,2.6382159090909094,0.804683,0.612917,True,True,False,False,False,False,False,599.5113,7.3657,7,41.78320856047173,-87.72289273237281,"LINESTRING (-87.723424 41.802317, -87.72341 41.801857, -87.723406 41.801717, -87.7234 41.801499, -87.723395 41.801306, -87.723394 41.80123, -87.723387 41.801049, -87.723382 41.800896, -87.723377 41.800751, -87.723373 41.800546, -87.72337 41.800411, -87.723369 41.800362, -87.723368 41.800313, -87.723367 41.800286, -87.723366 41.800263, -87.723365 41.800223, -87.723363 41.800168, -87.723358 41.800032, -87.723354 41.799912, -87.72335 41.799794, -87.723346 41.799653, -87.723342 41.799494, -87.723338 41.799334, -87.723333 41.799175, -87.723329 41.799057, -87.723323 41.798841, -87.723319 41.798717, -87.723314 41.798567, -87.723313 41.798536, -87.723305 41.798284, -87.7233 41.798087, -87.723294 41.797894, -87.723289 41.797727, -87.723283 41.797522, -87.723278 41.79737, -87.723272 41.797146, -87.723268 41.796962, -87.723265 41.796847, -87.723262 41.796725, -87.723256 41.796546, -87.723248 41.796306, -87.723243 41.796119, -87.723238 41.79593, -87.723233 41.795762, -87.723229 41.79558, -87.723225 41.795435, -87.723219 41.795235, -87.723213 41.795052, -87.72321 41.79496, -87.723205 41.794784, -87.723198 41.794539, -87.723194 41.794399, -87.723188 41.794217, -87.723184 41.794066, -87.72318 41.793948, -87.723176 41.793808, -87.723172 41.793673, -87.723169 41.793562, -87.723165 41.793364, -87.723159 41.793204, -87.723152 41.793031, -87.723146 41.792826, -87.723144 41.792727, -87.723141 41.792609, -87.723135 41.792404, -87.723133 41.792313, -87.723132 41.792282, -87.723126 41.792058, -87.723122 41.79189, -87.723121 41.791841, -87.723118 41.791733, -87.723114 41.79157, -87.72311 41.791397, -87.723104 41.791146, -87.7231 41.791006, -87.723097 41.790941, -87.723094 41.790838, -87.723089 41.790686, -87.723085 41.790487, -87.723083 41.790364, -87.723078 41.790212, -87.723072 41.790028, -87.723072 41.790014, -87.723069 41.789921, -87.723064 41.78977, -87.723061 41.789577, -87.723058 41.789388, -87.723055 41.789272, -87.723052 41.789121, -87.723052 41.789118, -87.723048 41.78897, -87.723044 41.788806, -87.723035 41.788667, -87.723027 41.788548, -87.723019 41.788208, -87.723018 41.788179, -87.723015 41.788022, -87.723012 41.787917, -87.723009 41.787756, -87.723005 41.787593, -87.723003 41.7875, -87.723 41.78736, -87.722999 41.787295, -87.722998 41.787227, -87.722995 41.787116, -87.722992 41.786956, -87.722989 41.786845, -87.722987 41.786715, -87.722981 41.786532, -87.722976 41.786383, -87.722967 41.786102, -87.722961 41.785937, -87.722956 41.785759, -87.722952 41.78562, -87.722949 41.785509, -87.722948 41.785479, -87.722948 41.785451, -87.722946 41.785373, -87.722936 41.785029, -87.722932 41.784884, -87.722924 41.784573, -87.722924 41.784559, -87.722914 41.784115, -87.722906 41.783797, -87.722902 41.783654, -87.722899 41.783571, -87.722888 41.783203, -87.72288 41.782949, -87.722875 41.782751, -87.722871 41.782632, -87.722863 41.782296, -87.722855 41.781981, -87.722844 41.781637, -87.722837 41.781381, -87.722826 41.780961, -87.722822 41.780828, -87.722811 41.780473, -87.7228 41.780081, -87.722789 41.779698, -87.722785 41.779546, -87.722778 41.779274, -87.722774 41.779126, -87.72276 41.778658, -87.722759 41.77859, -87.72275 41.778294, -87.722749 41.778253, -87.722748 41.77819, -87.722744 41.778039, -87.722737 41.777732, -87.722735 41.777606, -87.722728 41.777339, -87.722722 41.777097, -87.722714 41.776826, -87.722706 41.776577, -87.722701 41.776335, -87.722697 41.776144, -87.72269 41.775912, -87.722683 41.775671, -87.722676 41.77543, -87.722671 41.77524, -87.722667 41.775012, -87.722661 41.774731, -87.722656 41.774541, -87.72265 41.774255, -87.722645 41.774109, -87.722637 41.773859, -87.72263 41.773629, -87.722626 41.773426, -87.722623 41.773192, -87.722622 41.773054, -87.722614 41.772816, -87.722606 41.772597, -87.722597 41.772278, -87.722591 41.772052, -87.722586 41.771823, -87.722584 41.771728, -87.722581 41.771567, -87.722576 41.771374, -87.722566 41.771005, -87.722559 41.770668, -87.722553 41.770458, -87.722541 41.770053, -87.722534 41.769808, -87.722528 41.769554, -87.72252 41.769222, -87.722516 41.769066, -87.722507 41.768649, -87.722499 41.768289, -87.722497 41.768194, -87.722489 41.767887, -87.722485 41.767735, -87.722475 41.767313, -87.722468 41.767068, -87.722462 41.766824, -87.722452 41.766401, -87.722444 41.766086, -87.722441 41.765929, -87.722435 41.765558, -87.722431 41.765196, -87.722417 41.765005, -87.722406 41.764866, -87.722401 41.764797, -87.722382 41.764528, -87.722355 41.7641)",EPSG:4326
HCC022,Garfield,Garfield,Halsted,King,neighborhood,7959.61,1.5075018939393938,0.896388,1.0,True,True,False,False,False,False,False,212.7078,2.6846,32,41.79421131043268,-87.63056102075049,"LINESTRING (-87.615973 41.794487, -87.616091 41.794478, -87.616943 41.794462, -87.617343 41.794455, -87.617602 41.794451, -87.617715 41.794449, -87.618277 41.794439, -87.618303 41.794439, -87.618363 41.794438, -87.618976 41.794426, -87.619217 41.794422, -87.619467 41.794417, -87.619998 41.794408, -87.620717 41.794396, -87.620837 41.794399, -87.620967 41.794403, -87.621647 41.794392, -87.621739 41.79439, -87.622344 41.794378, -87.622458 41.794371, -87.622581 41.794361, -87.623271 41.79435, -87.62332 41.794349, -87.623843 41.79434, -87.62408 41.794336, -87.624325 41.794332, -87.624646 41.794326, -87.624889 41.794321, -87.624892 41.794321, -87.625402 41.79431, -87.625691 41.7943, -87.626049 41.794288, -87.626346 41.794285, -87.626787 41.794276, -87.627008 41.794271, -87.627508 41.794263, -87.627801 41.794257, -87.627951 41.794254, -87.628115 41.794251, -87.628321 41.794248, -87.628495 41.794244, -87.628523 41.794244, -87.628617 41.794241, -87.629123 41.794228, -87.629297 41.794224, -87.629545 41.79422, -87.629754 41.794216, -87.630255 41.794205, -87.630519 41.7942, -87.630663 41.794198, -87.630759 41.794196, -87.630957 41.794193, -87.631379 41.794185, -87.631559 41.794182, -87.631656 41.79418, -87.63178 41.794178, -87.631819 41.794177, -87.631971 41.794175, -87.632257 41.794169, -87.632391 41.794168, -87.632747 41.794164, -87.632989 41.794163, -87.633262 41.794161, -87.633568 41.794154, -87.633655 41.794151, -87.633815 41.794148, -87.634018 41.794145, -87.634151 41.794142, -87.634325 41.794139, -87.634735 41.794133, -87.634824 41.794132, -87.635173 41.794126, -87.635325 41.794123, -87.635355 41.794122, -87.635452 41.79412, -87.635522 41.794119, -87.635603 41.794117, -87.635666 41.794115, -87.635986 41.79411, -87.636553 41.794101, -87.637037 41.794093, -87.637538 41.794083, -87.637857 41.794077, -87.637991 41.794075, -87.638775 41.794061, -87.639219 41.794052, -87.639631 41.794045, -87.639804 41.794042, -87.639938 41.794039, -87.639964 41.794039, -87.640046 41.794037, -87.640073 41.794037, -87.640125 41.794036, -87.640299 41.794033, -87.640319 41.794032, -87.640564 41.794028, -87.641058 41.794019, -87.641504 41.794011, -87.641761 41.794007, -87.642278 41.793996, -87.642719 41.793988, -87.642859 41.793986, -87.642985 41.793984, -87.643167 41.79398, -87.643737 41.79397, -87.643934 41.793967, -87.644314 41.79396, -87.644898 41.79395, -87.64515 41.793944)",EPSG:4326
HCC023,Ashland,Ashland,59th,69th,neighborhood,6631.87,1.2560359848484848,0.92996,1.0,True,True,False,False,False,False,False,244.0052,6.2237,11,41.7776488730328,-87.66416496114702,"LINESTRING (-87.664394 41.786747, -87.66439 41.786548, -87.664385 41.786321, -87.66438 41.786105, -87.664374 41.785863, -87.664369 41.785646, -87.664365 41.785445, -87.664359 41.785213, -87.664357 41.785125, -87.664356 41.785052, -87.664353 41.784929, -87.66435 41.784819, -87.664325 41.783826, -87.664312 41.783251, -87.664309 41.78311, -87.664307 41.783006, -87.664298 41.782667, -87.664282 41.782064, -87.664264 41.781378, -87.664262 41.781294, -87.66426 41.781188, -87.664245 41.780483, -87.664232 41.779925, -87.664224 41.779627, -87.664221 41.779465, -87.664218 41.779331, -87.664208 41.779007, -87.664205 41.778878, -87.664204 41.778867, -87.664194 41.778491, -87.664188 41.778264, -87.66418 41.777907, -87.664175 41.777767, -87.664171 41.777655, -87.664166 41.777539, -87.664143 41.776627, -87.664127 41.775984, -87.664121 41.775833, -87.664116 41.775696, -87.664093 41.77493, -87.664075 41.774166, -87.66407 41.774013, -87.664065 41.773842, -87.664036 41.772648, -87.664033 41.772539, -87.664021 41.772192, -87.664015 41.772016, -87.663998 41.771402, -87.663995 41.771296, -87.663974 41.77057, -87.663968 41.770372, -87.663963 41.77019, -87.663952 41.769762, -87.663931 41.769009, -87.663931 41.769006, -87.663898 41.768552)",EPSG:4326
HCC024,Western,Western,63rd,74th,neighborhood,7283.69,1.3794867424242423,0.951292,1.0,True,True,False,False,False,False,False,295.7182,5.4963,14,41.76922408260162,-87.68336885938882,"LINESTRING (-87.683639 41.779216, -87.683633 41.779012, -87.683631 41.778923, -87.683629 41.778829, -87.683628 41.778781, -87.683627 41.778723, -87.683625 41.778658, -87.683624 41.778576, -87.683621 41.778482, -87.683619 41.778375, -87.683618 41.778338, -87.683613 41.77814, -87.683608 41.777949, -87.683603 41.777769, -87.683597 41.77753, -87.683594 41.777417, -87.683592 41.777331, -87.68359 41.777231, -87.683586 41.777082, -87.683583 41.77695, -87.683579 41.776801, -87.683575 41.776672, -87.683571 41.776516, -87.683566 41.776337, -87.683559 41.776071, -87.683556 41.775923, -87.683552 41.775708, -87.683548 41.775599, -87.683542 41.775421, -87.683537 41.775265, -87.683533 41.775146, -87.683528 41.774985, -87.683525 41.774861, -87.683523 41.774796, -87.683518 41.774635, -87.683515 41.774527, -87.68351 41.774329, -87.683506 41.774162, -87.683501 41.773971, -87.683494 41.773783, -87.683489 41.773624, -87.683486 41.773522, -87.683482 41.77339, -87.683479 41.773259, -87.683475 41.77311, -87.683471 41.772972, -87.683468 41.772846, -87.683464 41.772702, -87.68346 41.77255, -87.683457 41.772434, -87.683457 41.77243, -87.683453 41.772292, -87.683448 41.772122, -87.683444 41.771978, -87.683439 41.771778, -87.683436 41.771682, -87.683432 41.771556, -87.683431 41.771513, -87.68343 41.771486, -87.68342 41.771161, -87.683411 41.770837, -87.683404 41.770589, -87.683392 41.77015, -87.683384 41.769843, -87.683373 41.769412, -87.683366 41.769131, -87.68336 41.768915, -87.683358 41.768808, -87.683352 41.768591, -87.683343 41.768332, -87.683331 41.767974, -87.683329 41.767879, -87.683324 41.767693, -87.683318 41.767449, -87.683314 41.767279, -87.683309 41.767095, -87.683305 41.766954, -87.683302 41.766825, -87.683294 41.766517, -87.683287 41.766273, -87.683276 41.765916, -87.683271 41.765711, -87.68326 41.765333, -87.683254 41.765128, -87.683248 41.764923, -87.683243 41.764702, -87.683241 41.764651, -87.683234 41.764335, -87.683227 41.764122, -87.68322 41.763876, -87.683211 41.7636, -87.683202 41.763294, -87.683197 41.763134, -87.683192 41.762877, -87.683187 41.762635, -87.683183 41.762483, -87.683174 41.762183, -87.683166 41.761915, -87.683157 41.761594, -87.68315 41.761357, -87.683149 41.761053, -87.683147 41.760821, -87.683142 41.760652, -87.683134 41.760359, -87.683127 41.760106, -87.683121 41.759893, -87.683115 41.759674, -87.683109 41.759416, -87.683102 41.759232)",EPSG:4326
HCC025,Stony Island,Stony Island,63rd,79th,neighborhood,10618.63,2.0111041666666667,0.85884,0.754464,True,True,False,False,False,False,False,475.861,7.8934,6,41.766060377095656,-87.58621673756802,"LINESTRING (-87.586458 41.780619, -87.586452 41.780294, -87.586452 41.780036, -87.586446 41.779717, -87.586438 41.779455, -87.586431 41.779182, -87.586428 41.779054, -87.58642 41.778769, -87.586414 41.778538, -87.5864 41.778274, -87.586388 41.77806, -87.586377 41.777845, -87.586373 41.777784, -87.586362 41.777573, -87.586351 41.777355, -87.586341 41.777197, -87.58633 41.77698, -87.586324 41.776878, -87.586317 41.776645, -87.586313 41.776536, -87.586296 41.77609, -87.58629 41.775175, -87.586327 41.774911, -87.586334 41.77462, -87.586323 41.774257, -87.586318 41.774074, -87.5863 41.773799, -87.586296 41.773339, -87.586294 41.773122, -87.586296 41.772671, -87.5863 41.772426, -87.586303 41.772245, -87.586297 41.771983, -87.586292 41.771813, -87.586284 41.771516, -87.586278 41.771322, -87.586271 41.771058, -87.586268 41.770923, -87.586264 41.770739, -87.586259 41.770504, -87.586238 41.769698, -87.586234 41.76954, -87.586261 41.76921, -87.586322 41.768932, -87.58635 41.768787, -87.586377 41.768651, -87.586388 41.768457, -87.586375 41.768234, -87.586371 41.767878, -87.586369 41.767711, -87.586364 41.767505, -87.586356 41.767155, -87.586351 41.766938, -87.586346 41.766734, -87.58634 41.766486, -87.58633 41.766151, -87.586327 41.766059, -87.586325 41.765972, -87.58632 41.765807, -87.586315 41.76556, -87.586311 41.765432, -87.586303 41.765143, -87.586301 41.765034, -87.586295 41.764827, -87.586281 41.764233, -87.586277 41.764062, -87.586257 41.763397, -87.586254 41.763322, -87.586246 41.763164, -87.586245 41.763139, -87.586235 41.762483, -87.586232 41.76241, -87.586229 41.762302, -87.586221 41.762075, -87.586213 41.761705, -87.586208 41.761502, -87.586198 41.761109, -87.586185 41.760589, -87.586175 41.760217, -87.586165 41.759748, -87.586163 41.759677, -87.586159 41.759542, -87.586141 41.758866, -87.586136 41.758764, -87.586132 41.758672, -87.586126 41.758338, -87.586122 41.758126, -87.586122 41.757855, -87.586122 41.757817, -87.586119 41.757735, -87.586096 41.7572, -87.586089 41.756945, -87.586071 41.756026, -87.585933 41.755469, -87.585911 41.755114, -87.585904 41.754994, -87.585894 41.754673, -87.585878 41.753918, -87.585869 41.753313, -87.585869 41.753175, -87.585834 41.752358, -87.585813 41.752013, -87.585821 41.751672, -87.585824 41.751506)",EPSG:4326
HCC026,Halsted,Halsted,Marquette,79th,neighborhood,7956.39,1.5068920454545456,0.883756,0.830253,True,True,False,False,False,False,False,235.6153,4.9373,16,41.76155747952738,-87.64432078731546,"LINESTRING (-87.644597 41.772472, -87.644593 41.77229, -87.644588 41.772137, -87.644578 41.771831, -87.644576 41.77174, -87.644566 41.771341, -87.644565 41.771287, -87.64456 41.771082, -87.644555 41.770892, -87.644552 41.770654, -87.64455 41.770491, -87.644537 41.77004, -87.644534 41.76995, -87.644528 41.76973, -87.644525 41.76959, -87.64452 41.769351, -87.644514 41.769091, -87.644507 41.768838, -87.644497 41.768423, -87.644489 41.768113, -87.64448 41.767803, -87.644473 41.767583, -87.644466 41.767332, -87.644458 41.767015, -87.644453 41.766814, -87.644449 41.766644, -87.644446 41.766502, -87.644441 41.766272, -87.644437 41.766132, -87.644433 41.765963, -87.644425 41.765653, -87.64442 41.765463, -87.644413 41.765203, -87.644404 41.764904, -87.644401 41.764764, -87.644394 41.764494, -87.644392 41.764425, -87.644385 41.764151, -87.644377 41.763807, -87.644369 41.763512, -87.644366 41.763383, -87.644363 41.763217, -87.644356 41.762946, -87.644343 41.762469, -87.644333 41.762076, -87.644325 41.761757, -87.644321 41.761564, -87.644319 41.761437, -87.644308 41.761032, -87.644297 41.760627, -87.644288 41.760296, -87.644278 41.75989, -87.644275 41.759745, -87.644269 41.759461, -87.644263 41.759155, -87.644257 41.758894, -87.644245 41.758529, -87.644241 41.758378, -87.644236 41.75817, -87.644233 41.758062, -87.64423 41.757926, -87.644225 41.757741, -87.644222 41.757612, -87.644221 41.757563, -87.644216 41.757404, -87.644209 41.75706, -87.644202 41.756822, -87.644193 41.756478, -87.644188 41.756265, -87.644184 41.756088, -87.64418 41.755919, -87.644172 41.755658, -87.644165 41.755409, -87.644154 41.755005, -87.644146 41.754661, -87.644141 41.754424, -87.644137 41.754273, -87.644133 41.75415, -87.644125 41.753805, -87.644113 41.753366, -87.644102 41.752998, -87.644091 41.752641, -87.644089 41.752455, -87.644088 41.752308, -87.644078 41.751987, -87.64407 41.75174, -87.64406 41.751395, -87.644055 41.751158, -87.644052 41.751023, -87.644048 41.750849, -87.644045 41.750701, -87.644044 41.750642)",EPSG:4326
HCC027,Cottage Grove,Cottage Grove,75th,87th,neighborhood,7994.65,1.5141382575757576,0.839876,1.0,True,True,False,False,False,False,False,239.9107,5.7456,13,41.74761523727597,-87.60512001098957,"LINESTRING (-87.605391 41.75858, -87.605384 41.758427, -87.605377 41.758126, -87.605369 41.757745, -87.605361 41.757324, -87.60536 41.757297, -87.605355 41.757032, -87.605344 41.756758, -87.605336 41.756547, -87.605328 41.75619, -87.605322 41.75589, -87.605315 41.755578, -87.605307 41.755163, -87.605297 41.754933, -87.605289 41.754736, -87.605276 41.754148, -87.605267 41.75371, -87.60526 41.753398, -87.60525 41.753107, -87.605242 41.752891, -87.605233 41.752498, -87.605226 41.752152, -87.605219 41.751829, -87.605212 41.751484, -87.605208 41.751363, -87.605215 41.751286, -87.605221 41.751211, -87.605221 41.751137, -87.605237 41.751116, -87.605226 41.750828, -87.605225 41.750803, -87.605217 41.750462, -87.60521 41.750199, -87.605203 41.749944, -87.605196 41.749689, -87.605189 41.749457, -87.605186 41.74934, -87.605178 41.749073, -87.605169 41.748783, -87.60516 41.748457, -87.605152 41.748178, -87.605144 41.747911, -87.605135 41.747627, -87.605123 41.747237, -87.605113 41.746865, -87.605106 41.746579, -87.605097 41.746238, -87.605089 41.74596, -87.605084 41.745798, -87.605079 41.745634, -87.605071 41.745332, -87.605063 41.745064, -87.605056 41.744808, -87.605049 41.744541, -87.605042 41.744274, -87.605038 41.744089, -87.605033 41.74397, -87.605028 41.743834, -87.605023 41.743636, -87.605022 41.7436, -87.605018 41.743468, -87.605014 41.743319, -87.605007 41.743028, -87.605005 41.742954, -87.604979 41.742111, -87.604966 41.741706, -87.604945 41.740921, -87.604938 41.74065, -87.604927 41.74027, -87.604895 41.739258, -87.604875 41.738463, -87.604861 41.737911, -87.604843 41.737389, -87.604825 41.736738, -87.604823 41.736649)",EPSG:4326
HCC028,Ashland,Ashland,78th,87th,neighborhood,5971.78,1.1310189393939394,0.816725,0.925735,True,True,False,False,False,False,False,163.8207,2.7371,31,41.743982162818746,-87.66327513776763,"LINESTRING (-87.663481 41.752174, -87.663476 41.752005, -87.663467 41.751591, -87.663461 41.751282, -87.663457 41.751071, -87.663455 41.750997, -87.663452 41.750816, -87.663447 41.750594, -87.663437 41.750357, -87.663431 41.750199, -87.663421 41.749651, -87.663405 41.748709, -87.663392 41.748527, -87.663388 41.748478, -87.66335 41.74694, -87.663345 41.746715, -87.663341 41.746531, -87.663322 41.745774, -87.663307 41.745149, -87.663303 41.744937, -87.663302 41.744894, -87.663293 41.744509, -87.663279 41.74404, -87.663277 41.743954, -87.663277 41.743944, -87.663254 41.74322, -87.663252 41.743077, -87.663249 41.742955, -87.663232 41.742163, -87.663209 41.74137, -87.663205 41.741252, -87.663201 41.741137, -87.663179 41.74028, -87.663161 41.739599, -87.663157 41.739432, -87.663153 41.739287, -87.663132 41.738424, -87.663117 41.737757, -87.663111 41.737613, -87.663106 41.737495, -87.663096 41.737093, -87.663085 41.736637, -87.663077 41.736292, -87.663065 41.73579)",EPSG:4326
HCC029,79th,79th,State,Drexel,neighborhood,5947.28,1.1263787878787879,0.841579,0.882014,True,True,False,False,False,False,False,215.4951,3.3693,27,41.751139524497255,-87.61365135642617,"LINESTRING (-87.624546 41.75096, -87.62385 41.750975, -87.623813 41.750975, -87.623493 41.750973, -87.623464 41.750973, -87.623199 41.750976, -87.622996 41.75098, -87.622715 41.750985, -87.622273 41.750992, -87.622193 41.750994, -87.621906 41.750999, -87.621627 41.751004, -87.621386 41.751007, -87.621069 41.751012, -87.620732 41.751017, -87.620348 41.751024, -87.620099 41.751028, -87.619769 41.751034, -87.619496 41.751039, -87.619142 41.751045, -87.618703 41.751053, -87.618409 41.751058, -87.618154 41.751063, -87.617972 41.751066, -87.617529 41.751073, -87.617205 41.751079, -87.616881 41.751084, -87.616538 41.75109, -87.616294 41.751095, -87.615959 41.7511, -87.61573 41.751103, -87.615701 41.751104, -87.615343 41.751112, -87.614958 41.751114, -87.614799 41.751115, -87.614403 41.751126, -87.61405 41.751132, -87.613713 41.751139, -87.613413 41.751145, -87.613007 41.751151, -87.612695 41.751156, -87.612502 41.751159, -87.612182 41.751164, -87.611897 41.751169, -87.611824 41.75117, -87.611543 41.751175, -87.611292 41.75118, -87.611046 41.751184, -87.610689 41.75119, -87.610608 41.751191, -87.610312 41.751195, -87.610082 41.751199, -87.609845 41.751204, -87.609456 41.75121, -87.609176 41.751216, -87.608871 41.751221, -87.608601 41.751226, -87.608321 41.751231, -87.607978 41.751238, -87.607658 41.751243, -87.607415 41.751248, -87.607058 41.751254, -87.606796 41.751258, -87.606446 41.751262, -87.606106 41.751267, -87.605845 41.751272, -87.60583 41.751272, -87.605521 41.751282, -87.605215 41.751286, -87.604827 41.751291, -87.604594 41.751294, -87.604572 41.751294, -87.604274 41.751298, -87.603967 41.751301, -87.603628 41.751305, -87.603362 41.751308, -87.603242 41.751309, -87.602757 41.751315)",EPSG:4326
HCC030,87th,87th,Damen,Halsted,neighborhood,7961.54,1.5078674242424241,0.888573,1.0,True,True,False,False,False,False,False,308.7631,4.946,15,41.735863944300384,-87.6582034656237,"LINESTRING (-87.643622 41.73607, -87.64368 41.736074, -87.644583 41.73606, -87.644603 41.73606, -87.644637 41.736059, -87.644656 41.736059, -87.644867 41.736056, -87.645008 41.736054, -87.645172 41.736052, -87.645726 41.736043, -87.646089 41.736038, -87.646244 41.736036, -87.646355 41.736034, -87.646907 41.736026, -87.647281 41.73602, -87.64764 41.736015, -87.648109 41.736009, -87.648492 41.736003, -87.648869 41.735998, -87.649306 41.735991, -87.649703 41.735986, -87.650007 41.735983, -87.650329 41.735978, -87.650916 41.735969, -87.651267 41.735964, -87.651674 41.735958, -87.652128 41.735953, -87.652767 41.735945, -87.652784 41.735945, -87.65334 41.735935, -87.654099 41.735923, -87.654556 41.735916, -87.655125 41.735907, -87.655771 41.735898, -87.656002 41.735895, -87.656383 41.735889, -87.656987 41.735879, -87.657317 41.735874, -87.6577 41.735869, -87.658205 41.735862, -87.658429 41.735859, -87.658838 41.735853, -87.659418 41.735845, -87.65986 41.735839, -87.660154 41.735836, -87.660635 41.735827, -87.661148 41.735819, -87.661849 41.735808, -87.661928 41.735807, -87.662579 41.735797, -87.663065 41.73579, -87.663495 41.735783, -87.663697 41.735781, -87.664279 41.735774, -87.664573 41.73577, -87.664985 41.735765, -87.665496 41.735758, -87.666444 41.735744, -87.66671 41.735741, -87.667207 41.735734, -87.667925 41.735725, -87.668259 41.735721, -87.66914 41.735709, -87.669662 41.735703, -87.670358 41.735694, -87.670945 41.735686, -87.671089 41.735684, -87.671155 41.735683, -87.67157 41.735678, -87.671582 41.735677, -87.672623 41.735651, -87.672623 41.735651, -87.672785 41.735654)",EPSG:4326
HCC031,Stony Island,Stony Island,87th,95th,neighborhood,5327.79,1.0090511363636363,0.55292,0.0,False,False,False,False,False,False,False,298.6259,3.5091,25,41.72961039840666,-87.58546045716444,"LINESTRING (-87.585637 41.736913, -87.585638 41.736615, -87.585638 41.736504, -87.585634 41.736271, -87.585624 41.73583, -87.585606 41.735442, -87.585602 41.735092, -87.585597 41.734558, -87.58559 41.734279, -87.585573 41.733691, -87.585567 41.733281, -87.585562 41.732878, -87.585555 41.732543, -87.585549 41.732278, -87.585539 41.731902, -87.58553 41.731448, -87.585519 41.730867, -87.585498 41.730131, -87.585488 41.729753, -87.585494 41.729692, -87.585492 41.72961, -87.58549 41.729516, -87.585485 41.729302, -87.585478 41.728981, -87.58547 41.728586, -87.585464 41.728303, -87.585434 41.727959, -87.585443 41.727814, -87.58545 41.727682, -87.585445 41.727425, -87.585439 41.727098, -87.585434 41.726871, -87.585429 41.726715, -87.585413 41.726596, -87.585403 41.726446, -87.585401 41.726424, -87.585415 41.72616, -87.585415 41.726074, -87.585414 41.725985, -87.585413 41.725899, -87.585407 41.725677, -87.585404 41.725541, -87.585403 41.725476, -87.585399 41.725294, -87.585395 41.725111, -87.585383 41.72488, -87.585364 41.724642, -87.585362 41.724629, -87.58532 41.724338, -87.585306 41.724264, -87.585158 41.724125, -87.585147 41.723679, -87.585146 41.7235, -87.585143 41.723169, -87.585141 41.722902, -87.585141 41.72289, -87.585144 41.722855, -87.585145 41.722576, -87.585127 41.722339)",EPSG:4326
HCC032,Michigan,Michigan,Oak,Roosevelt,downtown,12178.08,2.3064545454545455,0.233658,0.0,False,False,False,False,False,False,False,831.0413,8.6002,5,41.88414855019572,-87.62426627130817,"LINESTRING (-87.624132 41.867457, -87.624097 41.867935, -87.624105 41.868246, -87.624105 41.868254, -87.624108 41.868373, -87.62412 41.868896, -87.624131 41.869311, -87.624134 41.869426, -87.624119 41.869772, -87.624123 41.869909, -87.624123 41.869939, -87.624131 41.870262, -87.624141 41.870595, -87.624145 41.870744, -87.624155 41.87125, -87.624165 41.871694, -87.624171 41.871878, -87.624173 41.87197, -87.624178 41.872294, -87.624185 41.872589, -87.624193 41.872858, -87.624199 41.873102, -87.6242 41.873162, -87.624205 41.873324, -87.624216 41.873813, -87.62423 41.874304, -87.624235 41.874438, -87.62424 41.874584, -87.624246 41.875002, -87.624251 41.875329, -87.624258 41.875663, -87.62426 41.875725, -87.624269 41.876025, -87.624273 41.876298, -87.624278 41.876549, -87.62429 41.876956, -87.624291 41.877005, -87.624298 41.877368, -87.624301 41.877549, -87.624304 41.877668, -87.624313 41.877966, -87.624308 41.87828, -87.624306 41.87836, -87.624311 41.878612, -87.624334 41.878854, -87.624341 41.879103, -87.624349 41.879355, -87.624352 41.879554, -87.624353 41.879591, -87.624355 41.879797, -87.624366 41.880092, -87.624354 41.880354, -87.624357 41.880523, -87.624335 41.880784, -87.624335 41.880827, -87.62434 41.881142, -87.624346 41.881425, -87.624354 41.881685, -87.624363 41.881995, -87.624366 41.88211, -87.624371 41.882284, -87.624388 41.882626, -87.624388 41.882979, -87.6244 41.883231, -87.624418 41.883638, -87.624452 41.884471, -87.624473 41.884861, -87.624488 41.885254, -87.6245 41.88558, -87.62451 41.885754, -87.624522 41.885962, -87.624527 41.886307, -87.624534 41.886693, -87.624536 41.88678, -87.624537 41.886809, -87.624543 41.887077, -87.624553 41.887484, -87.624559 41.887796, -87.624559 41.887799, -87.62456 41.887913, -87.62456 41.888083, -87.624541 41.888166, -87.624535 41.88819, -87.624511 41.888297, -87.624504 41.888325, -87.624489 41.888391, -87.624485 41.888407, -87.624444 41.888565, -87.624393 41.888771, -87.624372 41.888857, -87.624346 41.888966, -87.624298 41.889172, -87.624281 41.889249, -87.624252 41.889355, -87.624185 41.889604, -87.624136 41.889781, -87.62413 41.889802, -87.624097 41.889921, -87.624096 41.890039, -87.624101 41.890145, -87.624101 41.890145, -87.624107 41.890283, -87.624122 41.890663, -87.624128 41.890912, -87.624129 41.890934, -87.624131 41.891025, -87.624143 41.89128, -87.624154 41.891489, -87.624161 41.891719, -87.624161 41.891731, -87.624164 41.891924, -87.624166 41.89214, -87.624173 41.892321, -87.624185 41.892527, -87.624186 41.892557, -87.624192 41.892733, -87.624197 41.892892, -87.624196 41.892895, -87.624198 41.892939, -87.624213 41.893335, -87.624218 41.893463, -87.624227 41.893726, -87.624236 41.894011, -87.624237 41.894136, -87.62424 41.89442, -87.624243 41.894558, -87.624245 41.894655, -87.624252 41.894942, -87.62426 41.895239, -87.624265 41.895489, -87.624271 41.89574, -87.624276 41.895951, -87.62428 41.896146, -87.624282 41.896215, -87.624279 41.896529, -87.624243 41.896734, -87.624201 41.896964, -87.62417 41.897244, -87.624129 41.897579, -87.624095 41.89785, -87.624092 41.898092, -87.624092 41.898097, -87.624103 41.898386, -87.624121 41.898898, -87.624125 41.899052, -87.624127 41.89921, -87.624129 41.89933, -87.624142 41.899726, -87.624161 41.900006, -87.624166 41.900067, -87.624193 41.90045, -87.624177 41.900599, -87.624118 41.90082)",EPSG:4326
HCC033,Orleans,Orleans,Chicago,Ohio,downtown,1522.48,0.28834848484848485,0.0682,0.0,False,False,False,False,False,False,False,101.3864,0.2983,43,41.894462756606,-87.63711641582218,"LINESTRING (-87.637055 41.892374, -87.637058 41.892507, -87.637061 41.892612, -87.637064 41.89271, -87.637065 41.892748, -87.63707 41.89286, -87.637079 41.893144, -87.637079 41.893146, -87.637084 41.893283, -87.63709 41.893478, -87.637092 41.89356, -87.637095 41.893636, -87.6371 41.893783, -87.637103 41.893951, -87.637106 41.894088, -87.637109 41.894198, -87.637113 41.894348, -87.637116 41.894443, -87.637121 41.894625, -87.637126 41.894734, -87.637126 41.894752, -87.63713 41.894858, -87.637133 41.895011, -87.637136 41.895141, -87.637136 41.895151, -87.63714 41.895366, -87.637148 41.895554, -87.637156 41.895768, -87.637159 41.895946, -87.637161 41.896035, -87.637163 41.896123, -87.637168 41.896385, -87.637172 41.896551)",EPSG:4326
HCC034,Ontario,Ontario,Orleans,Fairbanks,downtown,4576.36,0.8667348484848484,0.125535,0.0,False,False,False,False,False,False,False,266.7526,2.271,35,41.893268634857215,-87.62867713855988,"LINESTRING (-87.620275 41.893406, -87.620502 41.893401, -87.620941 41.893393, -87.621165 41.893388, -87.621814 41.893375, -87.622608 41.893363, -87.622719 41.893362, -87.622874 41.89336, -87.623405 41.893349, -87.623552 41.893346, -87.623781 41.893342, -87.623927 41.893339, -87.624213 41.893335, -87.624532 41.893331, -87.624799 41.893326, -87.625033 41.893322, -87.625269 41.893318, -87.625419 41.893315, -87.625757 41.893309, -87.626028 41.893305, -87.626256 41.893301, -87.626452 41.893298, -87.626632 41.893295, -87.626761 41.893293, -87.626892 41.893291, -87.627092 41.893288, -87.627308 41.893285, -87.627539 41.893281, -87.627741 41.893279, -87.627953 41.893276, -87.628116 41.893272, -87.62826 41.893268, -87.628485 41.893265, -87.628706 41.893262, -87.628915 41.893259, -87.62896 41.893259, -87.629196 41.893256, -87.629391 41.893254, -87.629554 41.893251, -87.629696 41.893249, -87.629867 41.893247, -87.630082 41.893243, -87.630305 41.89324, -87.630576 41.893237, -87.630787 41.893235, -87.630987 41.893231, -87.631168 41.893229, -87.631449 41.893225, -87.631723 41.893222, -87.631875 41.89322, -87.632446 41.893212, -87.632557 41.893209, -87.632638 41.893208, -87.632716 41.893206, -87.632736 41.893206, -87.6329 41.893203, -87.633293 41.893199, -87.633533 41.893197, -87.633553 41.893197, -87.633913 41.893191, -87.634111 41.893189, -87.634321 41.893186, -87.63463 41.893181, -87.63469 41.89318, -87.635006 41.893175, -87.635398 41.893169, -87.635582 41.893168, -87.635615 41.893168, -87.635655 41.893167, -87.635755 41.893166, -87.636033 41.893163, -87.636507 41.893157, -87.636639 41.893154, -87.636842 41.893148, -87.637075 41.893146, -87.637079 41.893146)",EPSG:4326
HCC035,Ohio,Ohio,Orleans,Fairbanks,downtown,4577.03,0.8668617424242424,0.103738,0.0,False,False,False,False,False,False,False,273.4123,2.7496,30,41.892470610641496,-87.62865453246665,"LINESTRING (-87.620255 41.892599, -87.620716 41.892592, -87.620913 41.892589, -87.62107 41.892586, -87.621763 41.892574, -87.622383 41.892564, -87.622691 41.89256, -87.62284 41.892558, -87.623266 41.89255, -87.623561 41.892563, -87.623573 41.892569, -87.623749 41.892569, -87.623965 41.892566, -87.624119 41.89256, -87.624186 41.892557, -87.624268 41.892554, -87.624538 41.892542, -87.624712 41.89254, -87.624904 41.892537, -87.62509 41.892534, -87.625257 41.892531, -87.625394 41.892526, -87.625516 41.892521, -87.625639 41.892517, -87.625802 41.892514, -87.625955 41.892512, -87.626109 41.892509, -87.626246 41.892507, -87.626396 41.892505, -87.626514 41.892503, -87.626626 41.892502, -87.626747 41.892496, -87.626857 41.892491, -87.627006 41.892488, -87.627184 41.892485, -87.627343 41.892482, -87.627519 41.892479, -87.627709 41.892476, -87.62783 41.892474, -87.62793 41.892472, -87.628092 41.892469, -87.628228 41.892467, -87.628354 41.892465, -87.628484 41.892464, -87.628599 41.892462, -87.628736 41.89246, -87.628888 41.892458, -87.628893 41.892458, -87.629066 41.892456, -87.629242 41.892453, -87.629395 41.892451, -87.62953 41.892449, -87.629676 41.892448, -87.629819 41.892448, -87.630022 41.892444, -87.630182 41.892441, -87.63038 41.892438, -87.630569 41.892434, -87.630749 41.892432, -87.63089 41.89243, -87.631146 41.892427, -87.631285 41.892426, -87.631432 41.892424, -87.631608 41.892421, -87.631827 41.892419, -87.632065 41.892416, -87.632234 41.892414, -87.632412 41.892412, -87.632527 41.89241, -87.632607 41.892409, -87.632703 41.892407, -87.632744 41.892406, -87.632845 41.892405, -87.633041 41.892402, -87.63332 41.892398, -87.633513 41.892395, -87.633514 41.892395, -87.633824 41.892392, -87.634088 41.892389, -87.634264 41.892386, -87.634667 41.892382, -87.634705 41.892381, -87.634998 41.892378, -87.635407 41.892371, -87.63556 41.892369, -87.635596 41.892368, -87.635633 41.892368, -87.635732 41.892367, -87.635978 41.892364, -87.636321 41.892359, -87.636598 41.892355, -87.63687 41.892353, -87.63703 41.89237, -87.637055 41.892374)",EPSG:4326
HCC036,LaSalle,LaSalle,Ontario,Wacker,downtown,2288.64,0.4334545454545454,0.146082,0.0,False,False,False,False,False,False,False,67.796,0.8596,39,41.890068527511744,-87.632550403881,"LINESTRING (-87.632484 41.886929, -87.632485 41.886957, -87.632486 41.886968, -87.632487 41.887024, -87.632488 41.887063, -87.632497 41.887399, -87.632499 41.887481, -87.632505 41.887775, -87.632507 41.887845, -87.632506 41.887858, -87.632506 41.88792, -87.632507 41.887989, -87.63251 41.887994, -87.63251 41.888453, -87.63251 41.888471, -87.632509 41.888642, -87.63251 41.888651, -87.632521 41.889079, -87.632525 41.889188, -87.63254 41.889519, -87.632547 41.890004, -87.632559 41.890803, -87.63256 41.890866, -87.632581 41.891605, -87.632593 41.892005, -87.6326 41.892224, -87.632607 41.892409, -87.632638 41.893208)",EPSG:4326
HCC037,State,State,Chicago,Harrison,downtown,8068.73,1.5281685606060604,0.267649,0.0,False,False,False,False,False,False,False,262.174,3.5911,24,41.88561563155221,-87.62790803943977,"LINESTRING (-87.627611 41.874552, -87.627622 41.875004, -87.627618 41.875638, -87.62762 41.875696, -87.627627 41.875953, -87.627632 41.876143, -87.627635 41.876301, -87.627641 41.876571, -87.627651 41.876894, -87.627652 41.87693, -87.627653 41.876963, -87.627658 41.877117, -87.627659 41.877211, -87.627665 41.877622, -87.627667 41.877748, -87.627669 41.877907, -87.627677 41.878176, -87.627678 41.878217, -87.627685 41.878463, -87.627691 41.878657, -87.627695 41.878805, -87.627696 41.878851, -87.627697 41.878875, -87.627705 41.879222, -87.62771 41.879462, -87.627711 41.879492, -87.627716 41.879708, -87.627718 41.879794, -87.627724 41.880094, -87.627729 41.880322, -87.627733 41.880516, -87.627733 41.880651, -87.627727 41.880743, -87.627726 41.880765, -87.627722 41.880834, -87.627728 41.880955, -87.627744 41.881263, -87.627758 41.881563, -87.627765 41.881853, -87.627806 41.882042, -87.627833 41.882165, -87.627849 41.882497, -87.627853 41.882615, -87.627857 41.882732, -87.627867 41.883065, -87.62787 41.883218, -87.627872 41.883364, -87.627887 41.883728, -87.627891 41.883854, -87.627891 41.883856, -87.627898 41.884054, -87.627908 41.884362, -87.627911 41.884491, -87.627922 41.884965, -87.627926 41.885124, -87.62793 41.885282, -87.627939 41.885699, -87.62794 41.885749, -87.627942 41.885831, -87.627947 41.886083, -87.627953 41.886301, -87.627954 41.886372, -87.627962 41.886698, -87.627972 41.886789, -87.627975 41.886814, -87.627982 41.886877, -87.627985 41.886932, -87.627986 41.886959, -87.627992 41.887064, -87.627992 41.887066, -87.627997 41.887373, -87.628002 41.887473, -87.628012 41.887677, -87.628017 41.887818, -87.628017 41.887821, -87.628018 41.887871, -87.628025 41.888085, -87.628033 41.888364, -87.628043 41.888641, -87.628054 41.888925, -87.628059 41.889145, -87.628023 41.889252, -87.627992 41.889345, -87.627997 41.889663, -87.627998 41.889727, -87.628005 41.889971, -87.628009 41.890065, -87.628013 41.89016, -87.628024 41.890468, -87.628025 41.890486, -87.628035 41.890765, -87.628038 41.890866, -87.628043 41.891011, -87.628053 41.891237, -87.628055 41.891267, -87.628068 41.891551, -87.628069 41.891672, -87.628071 41.891787, -87.628077 41.892059, -87.628078 41.892075, -87.628082 41.892369, -87.628092 41.892469, -87.628106 41.892606, -87.628113 41.892884, -87.628121 41.893168, -87.628116 41.893272, -87.62811 41.893394, -87.62812 41.893657, -87.62813 41.893968, -87.628135 41.894072, -87.628139 41.894166, -87.628144 41.894443, -87.628149 41.894679, -87.628153 41.894876, -87.628158 41.895094, -87.628165 41.895334, -87.628175 41.895679, -87.628186 41.896057, -87.628193 41.896419, -87.628199 41.896677)",EPSG:4326
HCC038,Fairbanks,Fairbanks,Huron,North Water,downtown,1987.2,0.37636363636363634,0.233182,0.0,False,False,False,False,False,False,False,124.2741,0.7992,40,41.892289409293205,-87.62027356812669,"LINESTRING (-87.620402 41.889569, -87.620298 41.890217, -87.620256 41.890522, -87.620228 41.890793, -87.620225 41.891004, -87.620224 41.891159, -87.620231 41.891538, -87.620234 41.891803, -87.620236 41.891937, -87.620248 41.892359, -87.620255 41.892599, -87.620258 41.892721, -87.620269 41.893033, -87.620275 41.893294, -87.620275 41.893406, -87.620278 41.893797, -87.620286 41.893999, -87.620293 41.894201, -87.620298 41.894365, -87.620306 41.894618, -87.620306 41.894631, -87.62031 41.894738, -87.620322 41.895015)",EPSG:4326
HCC039,Wacker,Wacker,Jackson,Columbus,downtown,9308.69,1.7630094696969698,0.395929,0.0,False,False,False,False,False,False,False,329.5098,6.2512,10,41.88381424485702,-87.63282524512408,"LINESTRING (-87.636915 41.878079, -87.636904 41.877865, -87.636869 41.877686, -87.636858 41.877446, -87.636843 41.877273, -87.636839 41.877093, -87.636837 41.877, -87.636838 41.876967, -87.636843 41.876805, -87.636846 41.876702, -87.636835 41.876599, -87.636814 41.876504, -87.636778 41.8764, -87.63674 41.876324, -87.636671 41.876226, -87.636606 41.87616, -87.636536 41.876104, -87.636515 41.87609, -87.636487 41.876077, -87.63628 41.875954, -87.636213 41.875907, -87.636234 41.875933, -87.636263 41.875972, -87.636331 41.876064, -87.636391 41.876138, -87.636432 41.876189, -87.636479 41.876246, -87.636523 41.876302, -87.636573 41.876363, -87.636612 41.876411, -87.636647 41.876455, -87.636677 41.876493, -87.6367 41.876527, -87.636716 41.876556, -87.636729 41.876586, -87.636742 41.876624, -87.636751 41.876668, -87.636767 41.876806, -87.636767 41.876806, -87.636838 41.876967, -87.636854 41.877003, -87.636879 41.877271, -87.636895 41.877444, -87.636906 41.877684, -87.636941 41.877863, -87.636952 41.878078, -87.636952 41.878078, -87.636964 41.878325, -87.636975 41.878703, -87.636979 41.878833, -87.636992 41.879349, -87.636992 41.879349, -87.637002 41.879747, -87.637006 41.879918, -87.637023 41.880622, -87.637023 41.880623, -87.637037 41.881147, -87.637053 41.88168, -87.637056 41.881913, -87.637056 41.881914, -87.637059 41.88213, -87.637068 41.882572, -87.637083 41.8832, -87.637083 41.883201, -87.637094 41.883666, -87.637109 41.884199, -87.637107 41.884462, -87.637107 41.884462, -87.637105 41.884692, -87.637085 41.884904, -87.63707 41.885081, -87.637009 41.885724, -87.636975 41.885842, -87.636968 41.885858, -87.636961 41.885871, -87.636957 41.885878, -87.636953 41.885885, -87.636945 41.885898, -87.636935 41.88591, -87.636924 41.885923, -87.636913 41.885934, -87.636901 41.885946, -87.636879 41.885964, -87.636864 41.885974, -87.636851 41.885982, -87.636739 41.886062, -87.635447 41.886881, -87.63541 41.886904, -87.635374 41.886907, -87.635332 41.886917, -87.635304 41.886924, -87.635261 41.886932, -87.635218 41.886938, -87.635174 41.886942, -87.635145 41.886945, -87.635116 41.886946, -87.635086 41.886947, -87.635057 41.886946, -87.635029 41.886945, -87.634767 41.886949, -87.633966 41.88696, -87.633965 41.88696, -87.632516 41.886957, -87.632485 41.886957, -87.632445 41.886957, -87.631021 41.88696, -87.631006 41.88696, -87.630738 41.88696, -87.630246 41.886959, -87.630178 41.886959, -87.629765 41.88696, -87.629538 41.886961, -87.629531 41.886961, -87.629306 41.886962, -87.628768 41.88696, -87.62799 41.886959, -87.627986 41.886959, -87.627654 41.886988, -87.627396 41.887065, -87.62703 41.887196, -87.626752 41.887298, -87.626639 41.887353, -87.626578 41.887381, -87.626549 41.887396, -87.626444 41.887447, -87.626334 41.887504, -87.626272 41.887541, -87.626154 41.887622, -87.625915 41.887823, -87.625713 41.888001, -87.625439 41.888249, -87.625356 41.88831, -87.625239 41.88835, -87.625111 41.888358, -87.624933 41.888353, -87.624542 41.888326, -87.624504 41.888325, -87.624265 41.888317, -87.623608 41.888317, -87.623537 41.888318, -87.623423 41.888334, -87.623224 41.888336, -87.62285 41.888299, -87.622598 41.88827, -87.622359 41.888242, -87.622353 41.888241, -87.622042 41.888186, -87.621794 41.888134, -87.621416 41.888088, -87.621229 41.888073, -87.621086 41.88805, -87.620749 41.888006, -87.620679 41.887995)",EPSG:4326
HCC040,Washington,Washington,Wacker,Michigan,downtown,3375.62,0.6393219696969696,0.384633,0.0,False,False,False,False,False,False,False,162.7856,1.609,37,41.883213366136616,-87.63059745958782,"LINESTRING (-87.6244 41.883231, -87.624934 41.883224, -87.625176 41.883225, -87.625323 41.883224, -87.62534 41.883223, -87.625357 41.883223, -87.625472 41.883222, -87.625696 41.883222, -87.625855 41.883221, -87.626079 41.883221, -87.626178 41.883222, -87.62623 41.883222, -87.62627 41.883222, -87.626391 41.883222, -87.626671 41.88322, -87.626937 41.883219, -87.627005 41.883219, -87.627016 41.883219, -87.627192 41.883218, -87.627416 41.883218, -87.627676 41.883217, -87.62787 41.883218, -87.628037 41.883219, -87.628399 41.883218, -87.628825 41.883218, -87.629122 41.883217, -87.629435 41.883215, -87.629628 41.883213, -87.629939 41.883211, -87.630177 41.88321, -87.630668 41.883211, -87.630907 41.883211, -87.631329 41.883211, -87.631618 41.883211, -87.631857 41.88321, -87.63223 41.88321, -87.632407 41.883209, -87.632725 41.883207, -87.632845 41.883208, -87.632938 41.883207, -87.633274 41.883208, -87.633643 41.883209, -87.633821 41.88321, -87.63386 41.88321, -87.633909 41.88321, -87.634066 41.883211, -87.634346 41.88321, -87.634547 41.883209, -87.635134 41.883206, -87.635343 41.883205, -87.635571 41.883205, -87.635839 41.883204, -87.63604 41.883203, -87.636543 41.883202, -87.636759 41.883202, -87.636795 41.883201)",EPSG:4326
HCC041,Randolph,Randolph,Clark,Michigan,downtown,1766.35,0.33453598484848485,0.321382,0.0,False,False,False,False,False,False,False,105.5488,0.7841,41,41.88448952838095,-87.62769192134311,"LINESTRING (-87.630935 41.884477, -87.630737 41.884477, -87.630383 41.884479, -87.630036 41.884481, -87.629624 41.884483, -87.629457 41.884482, -87.629254 41.884481, -87.628945 41.884485, -87.628598 41.884487, -87.628174 41.88449, -87.627911 41.884491, -87.627647 41.884492, -87.627329 41.884493, -87.62699 41.884494, -87.626664 41.884495, -87.626309 41.884496, -87.626248 41.884496, -87.626215 41.884496, -87.626101 41.884496, -87.625804 41.884498, -87.625552 41.884499, -87.625358 41.884498, -87.62524 41.884498, -87.625189 41.884498, -87.62498 41.8845, -87.624749 41.884503, -87.624452 41.884471)",EPSG:4326
HCC042,Dearborn,Dearborn,Lake,Monroe,downtown,1832.1,0.34698863636363636,0.4544,0.0,False,False,False,False,False,False,False,88.2395,0.7003,42,41.883232417466246,-87.62943020741069,"LINESTRING (-87.629369 41.880719, -87.629371 41.880965, -87.629375 41.881122, -87.629386 41.881489, -87.629399 41.881884, -87.629402 41.881998, -87.629406 41.882102, -87.629414 41.882368, -87.629421 41.882582, -87.629422 41.882616, -87.629423 41.882655, -87.629431 41.882882, -87.62944 41.883101, -87.629435 41.883215, -87.629427 41.883422, -87.629434 41.883725, -87.629437 41.883854, -87.629437 41.883859, -87.629441 41.883995, -87.629449 41.884341, -87.629457 41.884482, -87.629464 41.884611, -87.629471 41.88487, -87.629477 41.885113, -87.629478 41.885146, -87.629497 41.885718, -87.629498 41.885745)",EPSG:4326
HCC043,Congress,Congress,Wells,Michigan,downtown,2560.5,0.4849431818181818,0.416941,0.0,False,False,False,False,False,False,False,196.7913,2.3952,34,41.875638485079726,-87.62895875713397,"LINESTRING (-87.62426 41.875725, -87.625582 41.875695, -87.625979 41.875689, -87.626027 41.875688, -87.626071 41.875688, -87.62639 41.875683, -87.626514 41.87568, -87.626657 41.875677, -87.626809 41.875672, -87.626811 41.875672, -87.627099 41.875662, -87.627618 41.875638, -87.628703 41.87563, -87.629238 41.875626, -87.629473 41.875625, -87.629696 41.875622, -87.63071 41.87561, -87.630975 41.875607, -87.631728 41.875597, -87.63236 41.875589, -87.633081 41.87559, -87.633659 41.87559)",EPSG:4326
