portfolio_id,run_group,scenario_level,budget_usd,equity_floor,selection_hash,portfolio_equivalence_group,equivalent_portfolio_count,is_canonical_portfolio,is_default_dashboard_portfolio,uncertainty_scenario,budget,solver_status,solver_message,objective_name,selected_project_count,selected_corridor_count,selected_capital_cost,budget_slack,budget_utilization_pct,equity_spending,achieved_equity_share,total_present_value_benefit,total_net_present_benefit,portfolio_bcr,maximum_individual_bcr,road_diet_project_count,road_diet_project_share,road_diet_spending_share,physical_applicability_unknown_count,portfolio_hash,budget_constraint_status,equity_constraint_status,limiting_constraint,required_governance_labels
PORT_OFF_CONSERVATIVE_B15M_EQ20,OFFICIAL,CONSERVATIVE,15000000.0,0.2,1af3f391bd2e923dc1e379091d1aaf97791d8bde0d9ccae0be1d6e93245cc551,OFFICIAL_CONSERVATIVE_1af3f391bd2e923dc1e379091d1aaf97791d8bde0d9ccae0be1d6e93245cc551,9,True,False,CONSERVATIVE,15000000.0,OPTIMAL,Optimization terminated successfully. (HiGHS Status 7: Optimal),total_present_value_benefit,43,43,14027664.0,972336.0,93.51776000000001,6337152.0,0.45176103448157867,2365277534.6331997,2351249870.6331997,168.61521167267762,456.538263,30,0.6976744186046512,0.9769027829580178,43,1af3f391bd2e923dc1e379091d1aaf97791d8bde0d9ccae0be1d6e93245cc551,NONBINDING_CORRIDOR_CEILING,SLACK,NONE (NONBINDING_CORRIDOR_CEILING),OFFICIAL_BUDGET_SCENARIO; PROVISIONAL_PORTFOLIO_SCENARIO; ENGINEERING_REVIEW_REQUIRED
PORT_OFF_CONSERVATIVE_B15M_EQ30,OFFICIAL,CONSERVATIVE,15000000.0,0.3,1af3f391bd2e923dc1e379091d1aaf97791d8bde0d9ccae0be1d6e93245cc551,OFFICIAL_CONSERVATIVE_1af3f391bd2e923dc1e379091d1aaf97791d8bde0d9ccae0be1d6e93245cc551,9,False,False,CONSERVATIVE,15000000.0,OPTIMAL,Optimization terminated successfully. (HiGHS Status 7: Optimal),total_present_value_benefit,43,43,14027664.0,972336.0,93.51776000000001,6337152.0,0.45176103448157867,2365277534.6331997,2351249870.6331997,168.61521167267762,456.538263,30,0.6976744186046512,0.9769027829580178,43,1af3f391bd2e923dc1e379091d1aaf97791d8bde0d9ccae0be1d6e93245cc551,NONBINDING_CORRIDOR_CEILING,SLACK,NONE (NONBINDING_CORRIDOR_CEILING),OFFICIAL_BUDGET_SCENARIO; PROVISIONAL_PORTFOLIO_SCENARIO; ENGINEERING_REVIEW_REQUIRED
PORT_OFF_CONSERVATIVE_B15M_EQ40,OFFICIAL,CONSERVATIVE,15000000.0,0.4,1af3f391bd2e923dc1e379091d1aaf97791d8bde0d9ccae0be1d6e93245cc551,OFFICIAL_CONSERVATIVE_1af3f391bd2e923dc1e379091d1aaf97791d8bde0d9ccae0be1d6e93245cc551,9,False,False,CONSERVATIVE,15000000.0,OPTIMAL,Optimization terminated successfully. (HiGHS Status 7: Optimal),total_present_value_benefit,43,43,14027664.0,972336.0,93.51776000000001,6337152.0,0.45176103448157867,2365277534.6331997,2351249870.6331997,168.61521167267762,456.538263,30,0.6976744186046512,0.9769027829580178,43,1af3f391bd2e923dc1e379091d1aaf97791d8bde0d9ccae0be1d6e93245cc551,NONBINDING_CORRIDOR_CEILING,SLACK,NONE (NONBINDING_CORRIDOR_CEILING),OFFICIAL_BUDGET_SCENARIO; PROVISIONAL_PORTFOLIO_SCENARIO; ENGINEERING_REVIEW_REQUIRED
PORT_OFF_CONSERVATIVE_B25M_EQ20,OFFICIAL,CONSERVATIVE,25000000.0,0.2,1af3f391bd2e923dc1e379091d1aaf97791d8bde0d9ccae0be1d6e93245cc551,OFFICIAL_CONSERVATIVE_1af3f391bd2e923dc1e379091d1aaf97791d8bde0d9ccae0be1d6e93245cc551,9,False,False,CONSERVATIVE,25000000.0,OPTIMAL,Optimization terminated successfully. (HiGHS Status 7: Optimal),total_present_value_benefit,43,43,14027664.0,10972336.0,56.110656000000006,6337152.0,0.45176103448157867,2365277534.6331997,2351249870.6331997,168.61521167267762,456.538263,30,0.6976744186046512,0.9769027829580178,43,1af3f391bd2e923dc1e379091d1aaf97791d8bde0d9ccae0be1d6e93245cc551,NONBINDING_CORRIDOR_CEILING,SLACK,NONE (NONBINDING_CORRIDOR_CEILING),OFFICIAL_BUDGET_SCENARIO; PROVISIONAL_PORTFOLIO_SCENARIO; ENGINEERING_REVIEW_REQUIRED
PORT_OFF_CONSERVATIVE_B25M_EQ30,OFFICIAL,CONSERVATIVE,25000000.0,0.3,1af3f391bd2e923dc1e379091d1aaf97791d8bde0d9ccae0be1d6e93245cc551,OFFICIAL_CONSERVATIVE_1af3f391bd2e923dc1e379091d1aaf97791d8bde0d9ccae0be1d6e93245cc551,9,False,False,CONSERVATIVE,25000000.0,OPTIMAL,Optimization terminated successfully. (HiGHS Status 7: Optimal),total_present_value_benefit,43,43,14027664.0,10972336.0,56.110656000000006,6337152.0,0.45176103448157867,2365277534.6331997,2351249870.6331997,168.61521167267762,456.538263,30,0.6976744186046512,0.9769027829580178,43,1af3f391bd2e923dc1e379091d1aaf97791d8bde0d9ccae0be1d6e93245cc551,NONBINDING_CORRIDOR_CEILING,SLACK,NONE (NONBINDING_CORRIDOR_CEILING),OFFICIAL_BUDGET_SCENARIO; PROVISIONAL_PORTFOLIO_SCENARIO; ENGINEERING_REVIEW_REQUIRED
PORT_OFF_CONSERVATIVE_B25M_EQ40,OFFICIAL,CONSERVATIVE,25000000.0,0.4,1af3f391bd2e923dc1e379091d1aaf97791d8bde0d9ccae0be1d6e93245cc551,OFFICIAL_CONSERVATIVE_1af3f391bd2e923dc1e379091d1aaf97791d8bde0d9ccae0be1d6e93245cc551,9,False,False,CONSERVATIVE,25000000.0,OPTIMAL,Optimization terminated successfully. (HiGHS Status 7: Optimal),total_present_value_benefit,43,43,14027664.0,10972336.0,56.110656000000006,6337152.0,0.45176103448157867,2365277534.6331997,2351249870.6331997,168.61521167267762,456.538263,30,0.6976744186046512,0.9769027829580178,43,1af3f391bd2e923dc1e379091d1aaf97791d8bde0d9ccae0be1d6e93245cc551,NONBINDING_CORRIDOR_CEILING,SLACK,NONE (NONBINDING_CORRIDOR_CEILING),OFFICIAL_BUDGET_SCENARIO; PROVISIONAL_PORTFOLIO_SCENARIO; ENGINEERING_REVIEW_REQUIRED
PORT_OFF_CONSERVATIVE_B40M_EQ20,OFFICIAL,CONSERVATIVE,40000000.0,0.2,1af3f391bd2e923dc1e379091d1aaf97791d8bde0d9ccae0be1d6e93245cc551,OFFICIAL_CONSERVATIVE_1af3f391bd2e923dc1e379091d1aaf97791d8bde0d9ccae0be1d6e93245cc551,9,False,False,CONSERVATIVE,40000000.0,OPTIMAL,Optimization terminated successfully. (HiGHS Status 7: Optimal),total_present_value_benefit,43,43,14027664.0,25972336.0,35.06916,6337152.0,0.45176103448157867,2365277534.6331997,2351249870.6331997,168.61521167267762,456.538263,30,0.6976744186046512,0.9769027829580178,43,1af3f391bd2e923dc1e379091d1aaf97791d8bde0d9ccae0be1d6e93245cc551,NONBINDING_CORRIDOR_CEILING,SLACK,NONE (NONBINDING_CORRIDOR_CEILING),OFFICIAL_BUDGET_SCENARIO; PROVISIONAL_PORTFOLIO_SCENARIO; ENGINEERING_REVIEW_REQUIRED
PORT_OFF_CONSERVATIVE_B40M_EQ30,OFFICIAL,CONSERVATIVE,40000000.0,0.3,1af3f391bd2e923dc1e379091d1aaf97791d8bde0d9ccae0be1d6e93245cc551,OFFICIAL_CONSERVATIVE_1af3f391bd2e923dc1e379091d1aaf97791d8bde0d9ccae0be1d6e93245cc551,9,False,False,CONSERVATIVE,40000000.0,OPTIMAL,Optimization terminated successfully. (HiGHS Status 7: Optimal),total_present_value_benefit,43,43,14027664.0,25972336.0,35.06916,6337152.0,0.45176103448157867,2365277534.6331997,2351249870.6331997,168.61521167267762,456.538263,30,0.6976744186046512,0.9769027829580178,43,1af3f391bd2e923dc1e379091d1aaf97791d8bde0d9ccae0be1d6e93245cc551,NONBINDING_CORRIDOR_CEILING,SLACK,NONE (NONBINDING_CORRIDOR_CEILING),OFFICIAL_BUDGET_SCENARIO; PROVISIONAL_PORTFOLIO_SCENARIO; ENGINEERING_REVIEW_REQUIRED
PORT_OFF_CONSERVATIVE_B40M_EQ40,OFFICIAL,CONSERVATIVE,40000000.0,0.4,1af3f391bd2e923dc1e379091d1aaf97791d8bde0d9ccae0be1d6e93245cc551,OFFICIAL_CONSERVATIVE_1af3f391bd2e923dc1e379091d1aaf97791d8bde0d9ccae0be1d6e93245cc551,9,False,False,CONSERVATIVE,40000000.0,OPTIMAL,Optimization terminated successfully. (HiGHS Status 7: Optimal),total_present_value_benefit,43,43,14027664.0,25972336.0,35.06916,6337152.0,0.45176103448157867,2365277534.6331997,2351249870.6331997,168.61521167267762,456.538263,30,0.6976744186046512,0.9769027829580178,43,1af3f391bd2e923dc1e379091d1aaf97791d8bde0d9ccae0be1d6e93245cc551,NONBINDING_CORRIDOR_CEILING,SLACK,NONE (NONBINDING_CORRIDOR_CEILING),OFFICIAL_BUDGET_SCENARIO; PROVISIONAL_PORTFOLIO_SCENARIO; ENGINEERING_REVIEW_REQUIRED
PORT_OFF_BASE_B15M_EQ20,OFFICIAL,BASE,15000000.0,0.2,d34071216751b3ee5a404bb1523af0b5e1387b094eecfba983b9b357c722cde1,OFFICIAL_BASE_d34071216751b3ee5a404bb1523af0b5e1387b094eecfba983b9b357c722cde1,3,True,True,BASE,15000000.0,OPTIMAL,Optimization terminated successfully. (HiGHS Status 7: Optimal),total_present_value_benefit,39,39,14988510.0,11490.0,99.9234,7097550.0,0.4735327260681682,4003734895.7021003,3988746385.7021003,267.12027384323727,697.337681,27,0.6923076923076923,0.969977002383826,39,d34071216751b3ee5a404bb1523af0b5e1387b094eecfba983b9b357c722cde1,EFFECTIVELY_BINDING_NO_ADDITIONAL_CORRIDOR,SLACK,BUDGET (EFFECTIVELY_BINDING_NO_ADDITIONAL_CORRIDOR),OFFICIAL_BUDGET_SCENARIO; PROVISIONAL_PORTFOLIO_SCENARIO; ENGINEERING_REVIEW_REQUIRED
PORT_OFF_BASE_B15M_EQ30,OFFICIAL,BASE,15000000.0,0.3,d34071216751b3ee5a404bb1523af0b5e1387b094eecfba983b9b357c722cde1,OFFICIAL_BASE_d34071216751b3ee5a404bb1523af0b5e1387b094eecfba983b9b357c722cde1,3,False,False,BASE,15000000.0,OPTIMAL,Optimization terminated successfully. (HiGHS Status 7: Optimal),total_present_value_benefit,39,39,14988510.0,11490.0,99.9234,7097550.0,0.4735327260681682,4003734895.7021003,3988746385.7021003,267.12027384323727,697.337681,27,0.6923076923076923,0.969977002383826,39,d34071216751b3ee5a404bb1523af0b5e1387b094eecfba983b9b357c722cde1,EFFECTIVELY_BINDING_NO_ADDITIONAL_CORRIDOR,SLACK,BUDGET (EFFECTIVELY_BINDING_NO_ADDITIONAL_CORRIDOR),OFFICIAL_BUDGET_SCENARIO; PROVISIONAL_PORTFOLIO_SCENARIO; ENGINEERING_REVIEW_REQUIRED
PORT_OFF_BASE_B15M_EQ40,OFFICIAL,BASE,15000000.0,0.4,d34071216751b3ee5a404bb1523af0b5e1387b094eecfba983b9b357c722cde1,OFFICIAL_BASE_d34071216751b3ee5a404bb1523af0b5e1387b094eecfba983b9b357c722cde1,3,False,False,BASE,15000000.0,OPTIMAL,Optimization terminated successfully. (HiGHS Status 7: Optimal),total_present_value_benefit,39,39,14988510.0,11490.0,99.9234,7097550.0,0.4735327260681682,4003734895.7021003,3988746385.7021003,267.12027384323727,697.337681,27,0.6923076923076923,0.969977002383826,39,d34071216751b3ee5a404bb1523af0b5e1387b094eecfba983b9b357c722cde1,EFFECTIVELY_BINDING_NO_ADDITIONAL_CORRIDOR,SLACK,BUDGET (EFFECTIVELY_BINDING_NO_ADDITIONAL_CORRIDOR),OFFICIAL_BUDGET_SCENARIO; PROVISIONAL_PORTFOLIO_SCENARIO; ENGINEERING_REVIEW_REQUIRED
PORT_OFF_BASE_B25M_EQ20,OFFICIAL,BASE,25000000.0,0.2,1af3f391bd2e923dc1e379091d1aaf97791d8bde0d9ccae0be1d6e93245cc551,OFFICIAL_BASE_1af3f391bd2e923dc1e379091d1aaf97791d8bde0d9ccae0be1d6e93245cc551,6,False,False,BASE,25000000.0,OPTIMAL,Optimization terminated successfully. (HiGHS Status 7: Optimal),total_present_value_benefit,43,43,17564580.0,7435420.0,70.25832,7936440.0,0.4518434258035205,4341292021.994201,4323727441.994201,247.16173241797986,697.337681,30,0.6976744186046512,0.9752342498368877,43,1af3f391bd2e923dc1e379091d1aaf97791d8bde0d9ccae0be1d6e93245cc551,NONBINDING_CORRIDOR_CEILING,SLACK,NONE (NONBINDING_CORRIDOR_CEILING),OFFICIAL_BUDGET_SCENARIO; PROVISIONAL_PORTFOLIO_SCENARIO; ENGINEERING_REVIEW_REQUIRED
PORT_OFF_BASE_B25M_EQ30,OFFICIAL,BASE,25000000.0,0.3,1af3f391bd2e923dc1e379091d1aaf97791d8bde0d9ccae0be1d6e93245cc551,OFFICIAL_BASE_1af3f391bd2e923dc1e379091d1aaf97791d8bde0d9ccae0be1d6e93245cc551,6,False,False,BASE,25000000.0,OPTIMAL,Optimization terminated successfully. (HiGHS Status 7: Optimal),total_present_value_benefit,43,43,17564580.0,7435420.0,70.25832,7936440.0,0.4518434258035205,4341292021.994201,4323727441.994201,247.16173241797986,697.337681,30,0.6976744186046512,0.9752342498368877,43,1af3f391bd2e923dc1e379091d1aaf97791d8bde0d9ccae0be1d6e93245cc551,NONBINDING_CORRIDOR_CEILING,SLACK,NONE (NONBINDING_CORRIDOR_CEILING),OFFICIAL_BUDGET_SCENARIO; PROVISIONAL_PORTFOLIO_SCENARIO; ENGINEERING_REVIEW_REQUIRED
PORT_OFF_BASE_B25M_EQ40,OFFICIAL,BASE,25000000.0,0.4,1af3f391bd2e923dc1e379091d1aaf97791d8bde0d9ccae0be1d6e93245cc551,OFFICIAL_BASE_1af3f391bd2e923dc1e379091d1aaf97791d8bde0d9ccae0be1d6e93245cc551,6,False,False,BASE,25000000.0,OPTIMAL,Optimization terminated successfully. (HiGHS Status 7: Optimal),total_present_value_benefit,43,43,17564580.0,7435420.0,70.25832,7936440.0,0.4518434258035205,4341292021.994201,4323727441.994201,247.16173241797986,697.337681,30,0.6976744186046512,0.9752342498368877,43,1af3f391bd2e923dc1e379091d1aaf97791d8bde0d9ccae0be1d6e93245cc551,NONBINDING_CORRIDOR_CEILING,SLACK,NONE (NONBINDING_CORRIDOR_CEILING),OFFICIAL_BUDGET_SCENARIO; PROVISIONAL_PORTFOLIO_SCENARIO; ENGINEERING_REVIEW_REQUIRED
PORT_OFF_BASE_B40M_EQ20,OFFICIAL,BASE,40000000.0,0.2,1af3f391bd2e923dc1e379091d1aaf97791d8bde0d9ccae0be1d6e93245cc551,OFFICIAL_BASE_1af3f391bd2e923dc1e379091d1aaf97791d8bde0d9ccae0be1d6e93245cc551,6,False,False,BASE,40000000.0,OPTIMAL,Optimization terminated successfully. (HiGHS Status 7: Optimal),total_present_value_benefit,43,43,17564580.0,22435420.0,43.91145,7936440.0,0.4518434258035205,4341292021.994201,4323727441.994201,247.16173241797986,697.337681,30,0.6976744186046512,0.9752342498368877,43,1af3f391bd2e923dc1e379091d1aaf97791d8bde0d9ccae0be1d6e93245cc551,NONBINDING_CORRIDOR_CEILING,SLACK,NONE (NONBINDING_CORRIDOR_CEILING),OFFICIAL_BUDGET_SCENARIO; PROVISIONAL_PORTFOLIO_SCENARIO; ENGINEERING_REVIEW_REQUIRED
PORT_OFF_BASE_B40M_EQ30,OFFICIAL,BASE,40000000.0,0.3,1af3f391bd2e923dc1e379091d1aaf97791d8bde0d9ccae0be1d6e93245cc551,OFFICIAL_BASE_1af3f391bd2e923dc1e379091d1aaf97791d8bde0d9ccae0be1d6e93245cc551,6,False,False,BASE,40000000.0,OPTIMAL,Optimization terminated successfully. (HiGHS Status 7: Optimal),total_present_value_benefit,43,43,17564580.0,22435420.0,43.91145,7936440.0,0.4518434258035205,4341292021.994201,4323727441.994201,247.16173241797986,697.337681,30,0.6976744186046512,0.9752342498368877,43,1af3f391bd2e923dc1e379091d1aaf97791d8bde0d9ccae0be1d6e93245cc551,NONBINDING_CORRIDOR_CEILING,SLACK,NONE (NONBINDING_CORRIDOR_CEILING),OFFICIAL_BUDGET_SCENARIO; PROVISIONAL_PORTFOLIO_SCENARIO; ENGINEERING_REVIEW_REQUIRED
PORT_OFF_BASE_B40M_EQ40,OFFICIAL,BASE,40000000.0,0.4,1af3f391bd2e923dc1e379091d1aaf97791d8bde0d9ccae0be1d6e93245cc551,OFFICIAL_BASE_1af3f391bd2e923dc1e379091d1aaf97791d8bde0d9ccae0be1d6e93245cc551,6,False,False,BASE,40000000.0,OPTIMAL,Optimization terminated successfully. (HiGHS Status 7: Optimal),total_present_value_benefit,43,43,17564580.0,22435420.0,43.91145,7936440.0,0.4518434258035205,4341292021.994201,4323727441.994201,247.16173241797986,697.337681,30,0.6976744186046512,0.9752342498368877,43,1af3f391bd2e923dc1e379091d1aaf97791d8bde0d9ccae0be1d6e93245cc551,NONBINDING_CORRIDOR_CEILING,SLACK,NONE (NONBINDING_CORRIDOR_CEILING),OFFICIAL_BUDGET_SCENARIO; PROVISIONAL_PORTFOLIO_SCENARIO; ENGINEERING_REVIEW_REQUIRED
PORT_OFF_OPTIMISTIC_B15M_EQ20,OFFICIAL,OPTIMISTIC,15000000.0,0.2,8b896a6e8fe6173a8bec4a23a413df0ff3d453f773f127d2eb2b6e996b6c0a99,OFFICIAL_OPTIMISTIC_8b896a6e8fe6173a8bec4a23a413df0ff3d453f773f127d2eb2b6e996b6c0a99,3,True,False,OPTIMISTIC,15000000.0,OPTIMAL,Optimization terminated successfully. (HiGHS Status 7: Optimal),total_present_value_benefit,41,41,14997600.0,2400.0,99.984,7618720.0,0.5079959460180296,6067480897.2817,6052483297.2817,404.56345663850885,1058.536809,25,0.6097560975609756,0.9439910385661706,41,8b896a6e8fe6173a8bec4a23a413df0ff3d453f773f127d2eb2b6e996b6c0a99,EFFECTIVELY_BINDING_NO_ADDITIONAL_CORRIDOR,SLACK,BUDGET (EFFECTIVELY_BINDING_NO_ADDITIONAL_CORRIDOR),OFFICIAL_BUDGET_SCENARIO; PROVISIONAL_PORTFOLIO_SCENARIO; ENGINEERING_REVIEW_REQUIRED
PORT_OFF_OPTIMISTIC_B15M_EQ30,OFFICIAL,OPTIMISTIC,15000000.0,0.3,8b896a6e8fe6173a8bec4a23a413df0ff3d453f773f127d2eb2b6e996b6c0a99,OFFICIAL_OPTIMISTIC_8b896a6e8fe6173a8bec4a23a413df0ff3d453f773f127d2eb2b6e996b6c0a99,3,False,False,OPTIMISTIC,15000000.0,OPTIMAL,Optimization terminated successfully. (HiGHS Status 7: Optimal),total_present_value_benefit,41,41,14997600.0,2400.0,99.984,7618720.0,0.5079959460180296,6067480897.2817,6052483297.2817,404.56345663850885,1058.536809,25,0.6097560975609756,0.9439910385661706,41,8b896a6e8fe6173a8bec4a23a413df0ff3d453f773f127d2eb2b6e996b6c0a99,EFFECTIVELY_BINDING_NO_ADDITIONAL_CORRIDOR,SLACK,BUDGET (EFFECTIVELY_BINDING_NO_ADDITIONAL_CORRIDOR),OFFICIAL_BUDGET_SCENARIO; PROVISIONAL_PORTFOLIO_SCENARIO; ENGINEERING_REVIEW_REQUIRED
PORT_OFF_OPTIMISTIC_B15M_EQ40,OFFICIAL,OPTIMISTIC,15000000.0,0.4,8b896a6e8fe6173a8bec4a23a413df0ff3d453f773f127d2eb2b6e996b6c0a99,OFFICIAL_OPTIMISTIC_8b896a6e8fe6173a8bec4a23a413df0ff3d453f773f127d2eb2b6e996b6c0a99,3,False,False,OPTIMISTIC,15000000.0,OPTIMAL,Optimization terminated successfully. (HiGHS Status 7: Optimal),total_present_value_benefit,41,41,14997600.0,2400.0,99.984,7618720.0,0.5079959460180296,6067480897.2817,6052483297.2817,404.56345663850885,1058.536809,25,0.6097560975609756,0.9439910385661706,41,8b896a6e8fe6173a8bec4a23a413df0ff3d453f773f127d2eb2b6e996b6c0a99,EFFECTIVELY_BINDING_NO_ADDITIONAL_CORRIDOR,SLACK,BUDGET (EFFECTIVELY_BINDING_NO_ADDITIONAL_CORRIDOR),OFFICIAL_BUDGET_SCENARIO; PROVISIONAL_PORTFOLIO_SCENARIO; ENGINEERING_REVIEW_REQUIRED
PORT_OFF_OPTIMISTIC_B25M_EQ20,OFFICIAL,OPTIMISTIC,25000000.0,0.2,1af3f391bd2e923dc1e379091d1aaf97791d8bde0d9ccae0be1d6e93245cc551,OFFICIAL_OPTIMISTIC_1af3f391bd2e923dc1e379091d1aaf97791d8bde0d9ccae0be1d6e93245cc551,6,False,False,OPTIMISTIC,25000000.0,OPTIMAL,Optimization terminated successfully. (HiGHS Status 7: Optimal),total_present_value_benefit,43,43,18775552.0,6224448.0,75.102208,8461536.0,0.4506677619917646,6838504396.6703005,6819728844.6703005,364.22387989819424,1058.536809,30,0.6976744186046512,0.9731565814949142,43,1af3f391bd2e923dc1e379091d1aaf97791d8bde0d9ccae0be1d6e93245cc551,NONBINDING_CORRIDOR_CEILING,SLACK,NONE (NONBINDING_CORRIDOR_CEILING),OFFICIAL_BUDGET_SCENARIO; PROVISIONAL_PORTFOLIO_SCENARIO; ENGINEERING_REVIEW_REQUIRED
PORT_OFF_OPTIMISTIC_B25M_EQ30,OFFICIAL,OPTIMISTIC,25000000.0,0.3,1af3f391bd2e923dc1e379091d1aaf97791d8bde0d9ccae0be1d6e93245cc551,OFFICIAL_OPTIMISTIC_1af3f391bd2e923dc1e379091d1aaf97791d8bde0d9ccae0be1d6e93245cc551,6,False,False,OPTIMISTIC,25000000.0,OPTIMAL,Optimization terminated successfully. (HiGHS Status 7: Optimal),total_present_value_benefit,43,43,18775552.0,6224448.0,75.102208,8461536.0,0.4506677619917646,6838504396.6703005,6819728844.6703005,364.22387989819424,1058.536809,30,0.6976744186046512,0.9731565814949142,43,1af3f391bd2e923dc1e379091d1aaf97791d8bde0d9ccae0be1d6e93245cc551,NONBINDING_CORRIDOR_CEILING,SLACK,NONE (NONBINDING_CORRIDOR_CEILING),OFFICIAL_BUDGET_SCENARIO; PROVISIONAL_PORTFOLIO_SCENARIO; ENGINEERING_REVIEW_REQUIRED
PORT_OFF_OPTIMISTIC_B25M_EQ40,OFFICIAL,OPTIMISTIC,25000000.0,0.4,1af3f391bd2e923dc1e379091d1aaf97791d8bde0d9ccae0be1d6e93245cc551,OFFICIAL_OPTIMISTIC_1af3f391bd2e923dc1e379091d1aaf97791d8bde0d9ccae0be1d6e93245cc551,6,False,False,OPTIMISTIC,25000000.0,OPTIMAL,Optimization terminated successfully. (HiGHS Status 7: Optimal),total_present_value_benefit,43,43,18775552.0,6224448.0,75.102208,8461536.0,0.4506677619917646,6838504396.6703005,6819728844.6703005,364.22387989819424,1058.536809,30,0.6976744186046512,0.9731565814949142,43,1af3f391bd2e923dc1e379091d1aaf97791d8bde0d9ccae0be1d6e93245cc551,NONBINDING_CORRIDOR_CEILING,SLACK,NONE (NONBINDING_CORRIDOR_CEILING),OFFICIAL_BUDGET_SCENARIO; PROVISIONAL_PORTFOLIO_SCENARIO; ENGINEERING_REVIEW_REQUIRED
PORT_OFF_OPTIMISTIC_B40M_EQ20,OFFICIAL,OPTIMISTIC,40000000.0,0.2,1af3f391bd2e923dc1e379091d1aaf97791d8bde0d9ccae0be1d6e93245cc551,OFFICIAL_OPTIMISTIC_1af3f391bd2e923dc1e379091d1aaf97791d8bde0d9ccae0be1d6e93245cc551,6,False,False,OPTIMISTIC,40000000.0,OPTIMAL,Optimization terminated successfully. (HiGHS Status 7: Optimal),total_present_value_benefit,43,43,18775552.0,21224448.0,46.93888,8461536.0,0.4506677619917646,6838504396.6703005,6819728844.6703005,364.22387989819424,1058.536809,30,0.6976744186046512,0.9731565814949142,43,1af3f391bd2e923dc1e379091d1aaf97791d8bde0d9ccae0be1d6e93245cc551,NONBINDING_CORRIDOR_CEILING,SLACK,NONE (NONBINDING_CORRIDOR_CEILING),OFFICIAL_BUDGET_SCENARIO; PROVISIONAL_PORTFOLIO_SCENARIO; ENGINEERING_REVIEW_REQUIRED
PORT_OFF_OPTIMISTIC_B40M_EQ30,OFFICIAL,OPTIMISTIC,40000000.0,0.3,1af3f391bd2e923dc1e379091d1aaf97791d8bde0d9ccae0be1d6e93245cc551,OFFICIAL_OPTIMISTIC_1af3f391bd2e923dc1e379091d1aaf97791d8bde0d9ccae0be1d6e93245cc551,6,False,False,OPTIMISTIC,40000000.0,OPTIMAL,Optimization terminated successfully. (HiGHS Status 7: Optimal),total_present_value_benefit,43,43,18775552.0,21224448.0,46.93888,8461536.0,0.4506677619917646,6838504396.6703005,6819728844.6703005,364.22387989819424,1058.536809,30,0.6976744186046512,0.9731565814949142,43,1af3f391bd2e923dc1e379091d1aaf97791d8bde0d9ccae0be1d6e93245cc551,NONBINDING_CORRIDOR_CEILING,SLACK,NONE (NONBINDING_CORRIDOR_CEILING),OFFICIAL_BUDGET_SCENARIO; PROVISIONAL_PORTFOLIO_SCENARIO; ENGINEERING_REVIEW_REQUIRED
PORT_OFF_OPTIMISTIC_B40M_EQ40,OFFICIAL,OPTIMISTIC,40000000.0,0.4,1af3f391bd2e923dc1e379091d1aaf97791d8bde0d9ccae0be1d6e93245cc551,OFFICIAL_OPTIMISTIC_1af3f391bd2e923dc1e379091d1aaf97791d8bde0d9ccae0be1d6e93245cc551,6,False,False,OPTIMISTIC,40000000.0,OPTIMAL,Optimization terminated successfully. (HiGHS Status 7: Optimal),total_present_value_benefit,43,43,18775552.0,21224448.0,46.93888,8461536.0,0.4506677619917646,6838504396.6703005,6819728844.6703005,364.22387989819424,1058.536809,30,0.6976744186046512,0.9731565814949142,43,1af3f391bd2e923dc1e379091d1aaf97791d8bde0d9ccae0be1d6e93245cc551,NONBINDING_CORRIDOR_CEILING,SLACK,NONE (NONBINDING_CORRIDOR_CEILING),OFFICIAL_BUDGET_SCENARIO; PROVISIONAL_PORTFOLIO_SCENARIO; ENGINEERING_REVIEW_REQUIRED
PORT_STR_BASE_B2M_EQ20,BINDING-BUDGET STRESS TEST,BASE,2000000.0,0.2,0d05174e6c1fbe98cf6be7753be4dda36756ffd12ff950ccc37108993db2cc00,BINDING-BUDGET STRESS TEST_BASE_0d05174e6c1fbe98cf6be7753be4dda36756ffd12ff950ccc37108993db2cc00,3,True,False,BASE,2000000.0,OPTIMAL,Optimization terminated successfully. (HiGHS Status 7: Optimal),total_present_value_benefit,20,20,1992930.0,7070.0,99.6465,947460.0,0.4754105763875299,899499092.3378,897506162.3378,451.34505092391606,918.568207,3,0.15,0.5935632460748747,20,0d05174e6c1fbe98cf6be7753be4dda36756ffd12ff950ccc37108993db2cc00,EFFECTIVELY_BINDING_NO_ADDITIONAL_CORRIDOR,SLACK,BUDGET (EFFECTIVELY_BINDING_NO_ADDITIONAL_CORRIDOR),ANALYST_DEFINED_BINDING_BUDGET_STRESS_TEST; PROVISIONAL_PORTFOLIO_SCENARIO; ENGINEERING_REVIEW_REQUIRED
PORT_STR_BASE_B2M_EQ30,BINDING-BUDGET STRESS TEST,BASE,2000000.0,0.3,0d05174e6c1fbe98cf6be7753be4dda36756ffd12ff950ccc37108993db2cc00,BINDING-BUDGET STRESS TEST_BASE_0d05174e6c1fbe98cf6be7753be4dda36756ffd12ff950ccc37108993db2cc00,3,False,False,BASE,2000000.0,OPTIMAL,Optimization terminated successfully. (HiGHS Status 7: Optimal),total_present_value_benefit,20,20,1992930.0,7070.0,99.6465,947460.0,0.4754105763875299,899499092.3378,897506162.3378,451.34505092391606,918.568207,3,0.15,0.5935632460748747,20,0d05174e6c1fbe98cf6be7753be4dda36756ffd12ff950ccc37108993db2cc00,EFFECTIVELY_BINDING_NO_ADDITIONAL_CORRIDOR,SLACK,BUDGET (EFFECTIVELY_BINDING_NO_ADDITIONAL_CORRIDOR),ANALYST_DEFINED_BINDING_BUDGET_STRESS_TEST; PROVISIONAL_PORTFOLIO_SCENARIO; ENGINEERING_REVIEW_REQUIRED
PORT_STR_BASE_B2M_EQ40,BINDING-BUDGET STRESS TEST,BASE,2000000.0,0.4,0d05174e6c1fbe98cf6be7753be4dda36756ffd12ff950ccc37108993db2cc00,BINDING-BUDGET STRESS TEST_BASE_0d05174e6c1fbe98cf6be7753be4dda36756ffd12ff950ccc37108993db2cc00,3,False,False,BASE,2000000.0,OPTIMAL,Optimization terminated successfully. (HiGHS Status 7: Optimal),total_present_value_benefit,20,20,1992930.0,7070.0,99.6465,947460.0,0.4754105763875299,899499092.3378,897506162.3378,451.34505092391606,918.568207,3,0.15,0.5935632460748747,20,0d05174e6c1fbe98cf6be7753be4dda36756ffd12ff950ccc37108993db2cc00,EFFECTIVELY_BINDING_NO_ADDITIONAL_CORRIDOR,SLACK,BUDGET (EFFECTIVELY_BINDING_NO_ADDITIONAL_CORRIDOR),ANALYST_DEFINED_BINDING_BUDGET_STRESS_TEST; PROVISIONAL_PORTFOLIO_SCENARIO; ENGINEERING_REVIEW_REQUIRED
PORT_STR_BASE_B4M_EQ20,BINDING-BUDGET STRESS TEST,BASE,4000000.0,0.2,87d70d40fa1b4d3c0f04bf88b1b09893b3ea5a0a63f77a0baa01ea8235e33a95,BINDING-BUDGET STRESS TEST_BASE_87d70d40fa1b4d3c0f04bf88b1b09893b3ea5a0a63f77a0baa01ea8235e33a95,3,True,False,BASE,4000000.0,OPTIMAL,Optimization terminated successfully. (HiGHS Status 7: Optimal),total_present_value_benefit,18,18,3996840.0,3160.0,99.921,2364420.0,0.5915723421502987,1573696245.9833,1569699405.9833,393.73511223449026,734.115381,7,0.3888888888888889,0.8573873359954364,18,87d70d40fa1b4d3c0f04bf88b1b09893b3ea5a0a63f77a0baa01ea8235e33a95,EFFECTIVELY_BINDING_NO_ADDITIONAL_CORRIDOR,SLACK,BUDGET (EFFECTIVELY_BINDING_NO_ADDITIONAL_CORRIDOR),ANALYST_DEFINED_BINDING_BUDGET_STRESS_TEST; PROVISIONAL_PORTFOLIO_SCENARIO; ENGINEERING_REVIEW_REQUIRED
PORT_STR_BASE_B4M_EQ30,BINDING-BUDGET STRESS TEST,BASE,4000000.0,0.3,87d70d40fa1b4d3c0f04bf88b1b09893b3ea5a0a63f77a0baa01ea8235e33a95,BINDING-BUDGET STRESS TEST_BASE_87d70d40fa1b4d3c0f04bf88b1b09893b3ea5a0a63f77a0baa01ea8235e33a95,3,False,False,BASE,4000000.0,OPTIMAL,Optimization terminated successfully. (HiGHS Status 7: Optimal),total_present_value_benefit,18,18,3996840.0,3160.0,99.921,2364420.0,0.5915723421502987,1573696245.9833,1569699405.9833,393.73511223449026,734.115381,7,0.3888888888888889,0.8573873359954364,18,87d70d40fa1b4d3c0f04bf88b1b09893b3ea5a0a63f77a0baa01ea8235e33a95,EFFECTIVELY_BINDING_NO_ADDITIONAL_CORRIDOR,SLACK,BUDGET (EFFECTIVELY_BINDING_NO_ADDITIONAL_CORRIDOR),ANALYST_DEFINED_BINDING_BUDGET_STRESS_TEST; PROVISIONAL_PORTFOLIO_SCENARIO; ENGINEERING_REVIEW_REQUIRED
PORT_STR_BASE_B4M_EQ40,BINDING-BUDGET STRESS TEST,BASE,4000000.0,0.4,87d70d40fa1b4d3c0f04bf88b1b09893b3ea5a0a63f77a0baa01ea8235e33a95,BINDING-BUDGET STRESS TEST_BASE_87d70d40fa1b4d3c0f04bf88b1b09893b3ea5a0a63f77a0baa01ea8235e33a95,3,False,False,BASE,4000000.0,OPTIMAL,Optimization terminated successfully. (HiGHS Status 7: Optimal),total_present_value_benefit,18,18,3996840.0,3160.0,99.921,2364420.0,0.5915723421502987,1573696245.9833,1569699405.9833,393.73511223449026,734.115381,7,0.3888888888888889,0.8573873359954364,18,87d70d40fa1b4d3c0f04bf88b1b09893b3ea5a0a63f77a0baa01ea8235e33a95,EFFECTIVELY_BINDING_NO_ADDITIONAL_CORRIDOR,SLACK,BUDGET (EFFECTIVELY_BINDING_NO_ADDITIONAL_CORRIDOR),ANALYST_DEFINED_BINDING_BUDGET_STRESS_TEST; PROVISIONAL_PORTFOLIO_SCENARIO; ENGINEERING_REVIEW_REQUIRED
PORT_STR_BASE_B6M_EQ20,BINDING-BUDGET STRESS TEST,BASE,6000000.0,0.2,def97d543a373dc427cd248a6173e66ff028b3bdb203a81dbc33103421fc292c,BINDING-BUDGET STRESS TEST_BASE_def97d543a373dc427cd248a6173e66ff028b3bdb203a81dbc33103421fc292c,3,True,False,BASE,6000000.0,OPTIMAL,Optimization terminated successfully. (HiGHS Status 7: Optimal),total_present_value_benefit,28,28,5999280.0,720.0,99.988,3945540.0,0.6576689202704324,2143974444.4277,2137975164.4277,357.3719587063281,734.115381,11,0.39285714285714285,0.867484098091771,28,def97d543a373dc427cd248a6173e66ff028b3bdb203a81dbc33103421fc292c,EFFECTIVELY_BINDING_NO_ADDITIONAL_CORRIDOR,SLACK,BUDGET (EFFECTIVELY_BINDING_NO_ADDITIONAL_CORRIDOR),ANALYST_DEFINED_BINDING_BUDGET_STRESS_TEST; PROVISIONAL_PORTFOLIO_SCENARIO; ENGINEERING_REVIEW_REQUIRED
PORT_STR_BASE_B6M_EQ30,BINDING-BUDGET STRESS TEST,BASE,6000000.0,0.3,def97d543a373dc427cd248a6173e66ff028b3bdb203a81dbc33103421fc292c,BINDING-BUDGET STRESS TEST_BASE_def97d543a373dc427cd248a6173e66ff028b3bdb203a81dbc33103421fc292c,3,False,False,BASE,6000000.0,OPTIMAL,Optimization terminated successfully. (HiGHS Status 7: Optimal),total_present_value_benefit,28,28,5999280.0,720.0,99.988,3945540.0,0.6576689202704324,2143974444.4277,2137975164.4277,357.3719587063281,734.115381,11,0.39285714285714285,0.867484098091771,28,def97d543a373dc427cd248a6173e66ff028b3bdb203a81dbc33103421fc292c,EFFECTIVELY_BINDING_NO_ADDITIONAL_CORRIDOR,SLACK,BUDGET (EFFECTIVELY_BINDING_NO_ADDITIONAL_CORRIDOR),ANALYST_DEFINED_BINDING_BUDGET_STRESS_TEST; PROVISIONAL_PORTFOLIO_SCENARIO; ENGINEERING_REVIEW_REQUIRED
PORT_STR_BASE_B6M_EQ40,BINDING-BUDGET STRESS TEST,BASE,6000000.0,0.4,def97d543a373dc427cd248a6173e66ff028b3bdb203a81dbc33103421fc292c,BINDING-BUDGET STRESS TEST_BASE_def97d543a373dc427cd248a6173e66ff028b3bdb203a81dbc33103421fc292c,3,False,False,BASE,6000000.0,OPTIMAL,Optimization terminated successfully. (HiGHS Status 7: Optimal),total_present_value_benefit,28,28,5999280.0,720.0,99.988,3945540.0,0.6576689202704324,2143974444.4277,2137975164.4277,357.3719587063281,734.115381,11,0.39285714285714285,0.867484098091771,28,def97d543a373dc427cd248a6173e66ff028b3bdb203a81dbc33103421fc292c,EFFECTIVELY_BINDING_NO_ADDITIONAL_CORRIDOR,SLACK,BUDGET (EFFECTIVELY_BINDING_NO_ADDITIONAL_CORRIDOR),ANALYST_DEFINED_BINDING_BUDGET_STRESS_TEST; PROVISIONAL_PORTFOLIO_SCENARIO; ENGINEERING_REVIEW_REQUIRED
PORT_GRID_BASE_B2M_EQ15,WHAT-IF PLANNER GRID,BASE,2000000.0,0.15,0d05174e6c1fbe98cf6be7753be4dda36756ffd12ff950ccc37108993db2cc00,WHAT-IF PLANNER GRID_BASE_0d05174e6c1fbe98cf6be7753be4dda36756ffd12ff950ccc37108993db2cc00,6,False,False,BASE,2000000.0,OPTIMAL,Optimization terminated successfully. (HiGHS Status 7: Optimal),total_present_value_benefit,20,20,1992930.0,7070.0,99.6465,947460.0,0.4754105763875299,899499092.3378,897506162.3378,451.34505092391606,918.568207,3,0.15,0.5935632460748747,20,0d05174e6c1fbe98cf6be7753be4dda36756ffd12ff950ccc37108993db2cc00,EFFECTIVELY_BINDING_NO_ADDITIONAL_CORRIDOR,SLACK,BUDGET (EFFECTIVELY_BINDING_NO_ADDITIONAL_CORRIDOR),WHAT_IF_PLANNER_GRID; PROVISIONAL_PORTFOLIO_SCENARIO; ENGINEERING_REVIEW_REQUIRED
PORT_GRID_BASE_B2M_EQ20,WHAT-IF PLANNER GRID,BASE,2000000.0,0.2,0d05174e6c1fbe98cf6be7753be4dda36756ffd12ff950ccc37108993db2cc00,WHAT-IF PLANNER GRID_BASE_0d05174e6c1fbe98cf6be7753be4dda36756ffd12ff950ccc37108993db2cc00,6,False,False,BASE,2000000.0,OPTIMAL,Optimization terminated successfully. (HiGHS Status 7: Optimal),total_present_value_benefit,20,20,1992930.0,7070.0,99.6465,947460.0,0.4754105763875299,899499092.3378,897506162.3378,451.34505092391606,918.568207,3,0.15,0.5935632460748747,20,0d05174e6c1fbe98cf6be7753be4dda36756ffd12ff950ccc37108993db2cc00,EFFECTIVELY_BINDING_NO_ADDITIONAL_CORRIDOR,SLACK,BUDGET (EFFECTIVELY_BINDING_NO_ADDITIONAL_CORRIDOR),WHAT_IF_PLANNER_GRID; PROVISIONAL_PORTFOLIO_SCENARIO; ENGINEERING_REVIEW_REQUIRED
PORT_GRID_BASE_B2M_EQ25,WHAT-IF PLANNER GRID,BASE,2000000.0,0.25,0d05174e6c1fbe98cf6be7753be4dda36756ffd12ff950ccc37108993db2cc00,WHAT-IF PLANNER GRID_BASE_0d05174e6c1fbe98cf6be7753be4dda36756ffd12ff950ccc37108993db2cc00,6,False,False,BASE,2000000.0,OPTIMAL,Optimization terminated successfully. (HiGHS Status 7: Optimal),total_present_value_benefit,20,20,1992930.0,7070.0,99.6465,947460.0,0.4754105763875299,899499092.3378,897506162.3378,451.34505092391606,918.568207,3,0.15,0.5935632460748747,20,0d05174e6c1fbe98cf6be7753be4dda36756ffd12ff950ccc37108993db2cc00,EFFECTIVELY_BINDING_NO_ADDITIONAL_CORRIDOR,SLACK,BUDGET (EFFECTIVELY_BINDING_NO_ADDITIONAL_CORRIDOR),WHAT_IF_PLANNER_GRID; PROVISIONAL_PORTFOLIO_SCENARIO; ENGINEERING_REVIEW_REQUIRED
PORT_GRID_BASE_B2M_EQ30,WHAT-IF PLANNER GRID,BASE,2000000.0,0.3,0d05174e6c1fbe98cf6be7753be4dda36756ffd12ff950ccc37108993db2cc00,WHAT-IF PLANNER GRID_BASE_0d05174e6c1fbe98cf6be7753be4dda36756ffd12ff950ccc37108993db2cc00,6,False,False,BASE,2000000.0,OPTIMAL,Optimization terminated successfully. (HiGHS Status 7: Optimal),total_present_value_benefit,20,20,1992930.0,7070.0,99.6465,947460.0,0.4754105763875299,899499092.3378,897506162.3378,451.34505092391606,918.568207,3,0.15,0.5935632460748747,20,0d05174e6c1fbe98cf6be7753be4dda36756ffd12ff950ccc37108993db2cc00,EFFECTIVELY_BINDING_NO_ADDITIONAL_CORRIDOR,SLACK,BUDGET (EFFECTIVELY_BINDING_NO_ADDITIONAL_CORRIDOR),WHAT_IF_PLANNER_GRID; PROVISIONAL_PORTFOLIO_SCENARIO; ENGINEERING_REVIEW_REQUIRED
PORT_GRID_BASE_B2M_EQ35,WHAT-IF PLANNER GRID,BASE,2000000.0,0.35,0d05174e6c1fbe98cf6be7753be4dda36756ffd12ff950ccc37108993db2cc00,WHAT-IF PLANNER GRID_BASE_0d05174e6c1fbe98cf6be7753be4dda36756ffd12ff950ccc37108993db2cc00,6,False,False,BASE,2000000.0,OPTIMAL,Optimization terminated successfully. (HiGHS Status 7: Optimal),total_present_value_benefit,20,20,1992930.0,7070.0,99.6465,947460.0,0.4754105763875299,899499092.3378,897506162.3378,451.34505092391606,918.568207,3,0.15,0.5935632460748747,20,0d05174e6c1fbe98cf6be7753be4dda36756ffd12ff950ccc37108993db2cc00,EFFECTIVELY_BINDING_NO_ADDITIONAL_CORRIDOR,SLACK,BUDGET (EFFECTIVELY_BINDING_NO_ADDITIONAL_CORRIDOR),WHAT_IF_PLANNER_GRID; PROVISIONAL_PORTFOLIO_SCENARIO; ENGINEERING_REVIEW_REQUIRED
PORT_GRID_BASE_B2M_EQ40,WHAT-IF PLANNER GRID,BASE,2000000.0,0.4,0d05174e6c1fbe98cf6be7753be4dda36756ffd12ff950ccc37108993db2cc00,WHAT-IF PLANNER GRID_BASE_0d05174e6c1fbe98cf6be7753be4dda36756ffd12ff950ccc37108993db2cc00,6,False,False,BASE,2000000.0,OPTIMAL,Optimization terminated successfully. (HiGHS Status 7: Optimal),total_present_value_benefit,20,20,1992930.0,7070.0,99.6465,947460.0,0.4754105763875299,899499092.3378,897506162.3378,451.34505092391606,918.568207,3,0.15,0.5935632460748747,20,0d05174e6c1fbe98cf6be7753be4dda36756ffd12ff950ccc37108993db2cc00,EFFECTIVELY_BINDING_NO_ADDITIONAL_CORRIDOR,SLACK,BUDGET (EFFECTIVELY_BINDING_NO_ADDITIONAL_CORRIDOR),WHAT_IF_PLANNER_GRID; PROVISIONAL_PORTFOLIO_SCENARIO; ENGINEERING_REVIEW_REQUIRED
PORT_GRID_BASE_B3M_EQ15,WHAT-IF PLANNER GRID,BASE,3000000.0,0.15,a1bdf4ba73181c276d77487e258213f787b8556536703c7e908facecd8dfde27,WHAT-IF PLANNER GRID_BASE_a1bdf4ba73181c276d77487e258213f787b8556536703c7e908facecd8dfde27,6,False,False,BASE,3000000.0,OPTIMAL,Optimization terminated successfully. (HiGHS Status 7: Optimal),total_present_value_benefit,17,17,2988090.0,11910.0,99.603,2032620.0,0.6802405550033633,1239274251.2454,1236286161.2454,414.7379266506029,918.568207,5,0.29411764705882354,0.7891629770187645,17,a1bdf4ba73181c276d77487e258213f787b8556536703c7e908facecd8dfde27,EFFECTIVELY_BINDING_NO_ADDITIONAL_CORRIDOR,SLACK,BUDGET (EFFECTIVELY_BINDING_NO_ADDITIONAL_CORRIDOR),WHAT_IF_PLANNER_GRID; PROVISIONAL_PORTFOLIO_SCENARIO; ENGINEERING_REVIEW_REQUIRED
PORT_GRID_BASE_B3M_EQ20,WHAT-IF PLANNER GRID,BASE,3000000.0,0.2,a1bdf4ba73181c276d77487e258213f787b8556536703c7e908facecd8dfde27,WHAT-IF PLANNER GRID_BASE_a1bdf4ba73181c276d77487e258213f787b8556536703c7e908facecd8dfde27,6,False,False,BASE,3000000.0,OPTIMAL,Optimization terminated successfully. (HiGHS Status 7: Optimal),total_present_value_benefit,17,17,2988090.0,11910.0,99.603,2032620.0,0.6802405550033633,1239274251.2454,1236286161.2454,414.7379266506029,918.568207,5,0.29411764705882354,0.7891629770187645,17,a1bdf4ba73181c276d77487e258213f787b8556536703c7e908facecd8dfde27,EFFECTIVELY_BINDING_NO_ADDITIONAL_CORRIDOR,SLACK,BUDGET (EFFECTIVELY_BINDING_NO_ADDITIONAL_CORRIDOR),WHAT_IF_PLANNER_GRID; PROVISIONAL_PORTFOLIO_SCENARIO; ENGINEERING_REVIEW_REQUIRED
PORT_GRID_BASE_B3M_EQ25,WHAT-IF PLANNER GRID,BASE,3000000.0,0.25,a1bdf4ba73181c276d77487e258213f787b8556536703c7e908facecd8dfde27,WHAT-IF PLANNER GRID_BASE_a1bdf4ba73181c276d77487e258213f787b8556536703c7e908facecd8dfde27,6,False,False,BASE,3000000.0,OPTIMAL,Optimization terminated successfully. (HiGHS Status 7: Optimal),total_present_value_benefit,17,17,2988090.0,11910.0,99.603,2032620.0,0.6802405550033633,1239274251.2454,1236286161.2454,414.7379266506029,918.568207,5,0.29411764705882354,0.7891629770187645,17,a1bdf4ba73181c276d77487e258213f787b8556536703c7e908facecd8dfde27,EFFECTIVELY_BINDING_NO_ADDITIONAL_CORRIDOR,SLACK,BUDGET (EFFECTIVELY_BINDING_NO_ADDITIONAL_CORRIDOR),WHAT_IF_PLANNER_GRID; PROVISIONAL_PORTFOLIO_SCENARIO; ENGINEERING_REVIEW_REQUIRED
PORT_GRID_BASE_B3M_EQ30,WHAT-IF PLANNER GRID,BASE,3000000.0,0.3,a1bdf4ba73181c276d77487e258213f787b8556536703c7e908facecd8dfde27,WHAT-IF PLANNER GRID_BASE_a1bdf4ba73181c276d77487e258213f787b8556536703c7e908facecd8dfde27,6,False,False,BASE,3000000.0,OPTIMAL,Optimization terminated successfully. (HiGHS Status 7: Optimal),total_present_value_benefit,17,17,2988090.0,11910.0,99.603,2032620.0,0.6802405550033633,1239274251.2454,1236286161.2454,414.7379266506029,918.568207,5,0.29411764705882354,0.7891629770187645,17,a1bdf4ba73181c276d77487e258213f787b8556536703c7e908facecd8dfde27,EFFECTIVELY_BINDING_NO_ADDITIONAL_CORRIDOR,SLACK,BUDGET (EFFECTIVELY_BINDING_NO_ADDITIONAL_CORRIDOR),WHAT_IF_PLANNER_GRID; PROVISIONAL_PORTFOLIO_SCENARIO; ENGINEERING_REVIEW_REQUIRED
PORT_GRID_BASE_B3M_EQ35,WHAT-IF PLANNER GRID,BASE,3000000.0,0.35,a1bdf4ba73181c276d77487e258213f787b8556536703c7e908facecd8dfde27,WHAT-IF PLANNER GRID_BASE_a1bdf4ba73181c276d77487e258213f787b8556536703c7e908facecd8dfde27,6,False,False,BASE,3000000.0,OPTIMAL,Optimization terminated successfully. (HiGHS Status 7: Optimal),total_present_value_benefit,17,17,2988090.0,11910.0,99.603,2032620.0,0.6802405550033633,1239274251.2454,1236286161.2454,414.7379266506029,918.568207,5,0.29411764705882354,0.7891629770187645,17,a1bdf4ba73181c276d77487e258213f787b8556536703c7e908facecd8dfde27,EFFECTIVELY_BINDING_NO_ADDITIONAL_CORRIDOR,SLACK,BUDGET (EFFECTIVELY_BINDING_NO_ADDITIONAL_CORRIDOR),WHAT_IF_PLANNER_GRID; PROVISIONAL_PORTFOLIO_SCENARIO; ENGINEERING_REVIEW_REQUIRED
PORT_GRID_BASE_B3M_EQ40,WHAT-IF PLANNER GRID,BASE,3000000.0,0.4,a1bdf4ba73181c276d77487e258213f787b8556536703c7e908facecd8dfde27,WHAT-IF PLANNER GRID_BASE_a1bdf4ba73181c276d77487e258213f787b8556536703c7e908facecd8dfde27,6,False,False,BASE,3000000.0,OPTIMAL,Optimization terminated successfully. (HiGHS Status 7: Optimal),total_present_value_benefit,17,17,2988090.0,11910.0,99.603,2032620.0,0.6802405550033633,1239274251.2454,1236286161.2454,414.7379266506029,918.568207,5,0.29411764705882354,0.7891629770187645,17,a1bdf4ba73181c276d77487e258213f787b8556536703c7e908facecd8dfde27,EFFECTIVELY_BINDING_NO_ADDITIONAL_CORRIDOR,SLACK,BUDGET (EFFECTIVELY_BINDING_NO_ADDITIONAL_CORRIDOR),WHAT_IF_PLANNER_GRID; PROVISIONAL_PORTFOLIO_SCENARIO; ENGINEERING_REVIEW_REQUIRED
PORT_GRID_BASE_B4M_EQ15,WHAT-IF PLANNER GRID,BASE,4000000.0,0.15,87d70d40fa1b4d3c0f04bf88b1b09893b3ea5a0a63f77a0baa01ea8235e33a95,WHAT-IF PLANNER GRID_BASE_87d70d40fa1b4d3c0f04bf88b1b09893b3ea5a0a63f77a0baa01ea8235e33a95,6,False,False,BASE,4000000.0,OPTIMAL,Optimization terminated successfully. (HiGHS Status 7: Optimal),total_present_value_benefit,18,18,3996840.0,3160.0,99.921,2364420.0,0.5915723421502987,1573696245.9833,1569699405.9833,393.73511223449026,734.115381,7,0.3888888888888889,0.8573873359954364,18,87d70d40fa1b4d3c0f04bf88b1b09893b3ea5a0a63f77a0baa01ea8235e33a95,EFFECTIVELY_BINDING_NO_ADDITIONAL_CORRIDOR,SLACK,BUDGET (EFFECTIVELY_BINDING_NO_ADDITIONAL_CORRIDOR),WHAT_IF_PLANNER_GRID; PROVISIONAL_PORTFOLIO_SCENARIO; ENGINEERING_REVIEW_REQUIRED
PORT_GRID_BASE_B4M_EQ20,WHAT-IF PLANNER GRID,BASE,4000000.0,0.2,87d70d40fa1b4d3c0f04bf88b1b09893b3ea5a0a63f77a0baa01ea8235e33a95,WHAT-IF PLANNER GRID_BASE_87d70d40fa1b4d3c0f04bf88b1b09893b3ea5a0a63f77a0baa01ea8235e33a95,6,False,False,BASE,4000000.0,OPTIMAL,Optimization terminated successfully. (HiGHS Status 7: Optimal),total_present_value_benefit,18,18,3996840.0,3160.0,99.921,2364420.0,0.5915723421502987,1573696245.9833,1569699405.9833,393.73511223449026,734.115381,7,0.3888888888888889,0.8573873359954364,18,87d70d40fa1b4d3c0f04bf88b1b09893b3ea5a0a63f77a0baa01ea8235e33a95,EFFECTIVELY_BINDING_NO_ADDITIONAL_CORRIDOR,SLACK,BUDGET (EFFECTIVELY_BINDING_NO_ADDITIONAL_CORRIDOR),WHAT_IF_PLANNER_GRID; PROVISIONAL_PORTFOLIO_SCENARIO; ENGINEERING_REVIEW_REQUIRED
PORT_GRID_BASE_B4M_EQ25,WHAT-IF PLANNER GRID,BASE,4000000.0,0.25,87d70d40fa1b4d3c0f04bf88b1b09893b3ea5a0a63f77a0baa01ea8235e33a95,WHAT-IF PLANNER GRID_BASE_87d70d40fa1b4d3c0f04bf88b1b09893b3ea5a0a63f77a0baa01ea8235e33a95,6,False,False,BASE,4000000.0,OPTIMAL,Optimization terminated successfully. (HiGHS Status 7: Optimal),total_present_value_benefit,18,18,3996840.0,3160.0,99.921,2364420.0,0.5915723421502987,1573696245.9833,1569699405.9833,393.73511223449026,734.115381,7,0.3888888888888889,0.8573873359954364,18,87d70d40fa1b4d3c0f04bf88b1b09893b3ea5a0a63f77a0baa01ea8235e33a95,EFFECTIVELY_BINDING_NO_ADDITIONAL_CORRIDOR,SLACK,BUDGET (EFFECTIVELY_BINDING_NO_ADDITIONAL_CORRIDOR),WHAT_IF_PLANNER_GRID; PROVISIONAL_PORTFOLIO_SCENARIO; ENGINEERING_REVIEW_REQUIRED
PORT_GRID_BASE_B4M_EQ30,WHAT-IF PLANNER GRID,BASE,4000000.0,0.3,87d70d40fa1b4d3c0f04bf88b1b09893b3ea5a0a63f77a0baa01ea8235e33a95,WHAT-IF PLANNER GRID_BASE_87d70d40fa1b4d3c0f04bf88b1b09893b3ea5a0a63f77a0baa01ea8235e33a95,6,False,False,BASE,4000000.0,OPTIMAL,Optimization terminated successfully. (HiGHS Status 7: Optimal),total_present_value_benefit,18,18,3996840.0,3160.0,99.921,2364420.0,0.5915723421502987,1573696245.9833,1569699405.9833,393.73511223449026,734.115381,7,0.3888888888888889,0.8573873359954364,18,87d70d40fa1b4d3c0f04bf88b1b09893b3ea5a0a63f77a0baa01ea8235e33a95,EFFECTIVELY_BINDING_NO_ADDITIONAL_CORRIDOR,SLACK,BUDGET (EFFECTIVELY_BINDING_NO_ADDITIONAL_CORRIDOR),WHAT_IF_PLANNER_GRID; PROVISIONAL_PORTFOLIO_SCENARIO; ENGINEERING_REVIEW_REQUIRED
PORT_GRID_BASE_B4M_EQ35,WHAT-IF PLANNER GRID,BASE,4000000.0,0.35,87d70d40fa1b4d3c0f04bf88b1b09893b3ea5a0a63f77a0baa01ea8235e33a95,WHAT-IF PLANNER GRID_BASE_87d70d40fa1b4d3c0f04bf88b1b09893b3ea5a0a63f77a0baa01ea8235e33a95,6,False,False,BASE,4000000.0,OPTIMAL,Optimization terminated successfully. (HiGHS Status 7: Optimal),total_present_value_benefit,18,18,3996840.0,3160.0,99.921,2364420.0,0.5915723421502987,1573696245.9833,1569699405.9833,393.73511223449026,734.115381,7,0.3888888888888889,0.8573873359954364,18,87d70d40fa1b4d3c0f04bf88b1b09893b3ea5a0a63f77a0baa01ea8235e33a95,EFFECTIVELY_BINDING_NO_ADDITIONAL_CORRIDOR,SLACK,BUDGET (EFFECTIVELY_BINDING_NO_ADDITIONAL_CORRIDOR),WHAT_IF_PLANNER_GRID; PROVISIONAL_PORTFOLIO_SCENARIO; ENGINEERING_REVIEW_REQUIRED
PORT_GRID_BASE_B4M_EQ40,WHAT-IF PLANNER GRID,BASE,4000000.0,0.4,87d70d40fa1b4d3c0f04bf88b1b09893b3ea5a0a63f77a0baa01ea8235e33a95,WHAT-IF PLANNER GRID_BASE_87d70d40fa1b4d3c0f04bf88b1b09893b3ea5a0a63f77a0baa01ea8235e33a95,6,False,False,BASE,4000000.0,OPTIMAL,Optimization terminated successfully. (HiGHS Status 7: Optimal),total_present_value_benefit,18,18,3996840.0,3160.0,99.921,2364420.0,0.5915723421502987,1573696245.9833,1569699405.9833,393.73511223449026,734.115381,7,0.3888888888888889,0.8573873359954364,18,87d70d40fa1b4d3c0f04bf88b1b09893b3ea5a0a63f77a0baa01ea8235e33a95,EFFECTIVELY_BINDING_NO_ADDITIONAL_CORRIDOR,SLACK,BUDGET (EFFECTIVELY_BINDING_NO_ADDITIONAL_CORRIDOR),WHAT_IF_PLANNER_GRID; PROVISIONAL_PORTFOLIO_SCENARIO; ENGINEERING_REVIEW_REQUIRED
PORT_GRID_BASE_B5M_EQ15,WHAT-IF PLANNER GRID,BASE,5000000.0,0.15,d93954b16234cdf9394e68ef5ec2114407c41b2137f1e3b43804136756283be9,WHAT-IF PLANNER GRID_BASE_d93954b16234cdf9394e68ef5ec2114407c41b2137f1e3b43804136756283be9,6,False,False,BASE,5000000.0,OPTIMAL,Optimization terminated successfully. (HiGHS Status 7: Optimal),total_present_value_benefit,27,27,4992780.0,7220.0,99.8556,3225360.0,0.6460048309759292,1870700036.6754003,1865707256.6754003,374.681046766611,734.115381,8,0.2962962962962963,0.8377657337194909,27,d93954b16234cdf9394e68ef5ec2114407c41b2137f1e3b43804136756283be9,EFFECTIVELY_BINDING_NO_ADDITIONAL_CORRIDOR,SLACK,BUDGET (EFFECTIVELY_BINDING_NO_ADDITIONAL_CORRIDOR),WHAT_IF_PLANNER_GRID; PROVISIONAL_PORTFOLIO_SCENARIO; ENGINEERING_REVIEW_REQUIRED
PORT_GRID_BASE_B5M_EQ20,WHAT-IF PLANNER GRID,BASE,5000000.0,0.2,d93954b16234cdf9394e68ef5ec2114407c41b2137f1e3b43804136756283be9,WHAT-IF PLANNER GRID_BASE_d93954b16234cdf9394e68ef5ec2114407c41b2137f1e3b43804136756283be9,6,False,False,BASE,5000000.0,OPTIMAL,Optimization terminated successfully. (HiGHS Status 7: Optimal),total_present_value_benefit,27,27,4992780.0,7220.0,99.8556,3225360.0,0.6460048309759292,1870700036.6754003,1865707256.6754003,374.681046766611,734.115381,8,0.2962962962962963,0.8377657337194909,27,d93954b16234cdf9394e68ef5ec2114407c41b2137f1e3b43804136756283be9,EFFECTIVELY_BINDING_NO_ADDITIONAL_CORRIDOR,SLACK,BUDGET (EFFECTIVELY_BINDING_NO_ADDITIONAL_CORRIDOR),WHAT_IF_PLANNER_GRID; PROVISIONAL_PORTFOLIO_SCENARIO; ENGINEERING_REVIEW_REQUIRED
PORT_GRID_BASE_B5M_EQ25,WHAT-IF PLANNER GRID,BASE,5000000.0,0.25,d93954b16234cdf9394e68ef5ec2114407c41b2137f1e3b43804136756283be9,WHAT-IF PLANNER GRID_BASE_d93954b16234cdf9394e68ef5ec2114407c41b2137f1e3b43804136756283be9,6,False,False,BASE,5000000.0,OPTIMAL,Optimization terminated successfully. (HiGHS Status 7: Optimal),total_present_value_benefit,27,27,4992780.0,7220.0,99.8556,3225360.0,0.6460048309759292,1870700036.6754003,1865707256.6754003,374.681046766611,734.115381,8,0.2962962962962963,0.8377657337194909,27,d93954b16234cdf9394e68ef5ec2114407c41b2137f1e3b43804136756283be9,EFFECTIVELY_BINDING_NO_ADDITIONAL_CORRIDOR,SLACK,BUDGET (EFFECTIVELY_BINDING_NO_ADDITIONAL_CORRIDOR),WHAT_IF_PLANNER_GRID; PROVISIONAL_PORTFOLIO_SCENARIO; ENGINEERING_REVIEW_REQUIRED
PORT_GRID_BASE_B5M_EQ30,WHAT-IF PLANNER GRID,BASE,5000000.0,0.3,d93954b16234cdf9394e68ef5ec2114407c41b2137f1e3b43804136756283be9,WHAT-IF PLANNER GRID_BASE_d93954b16234cdf9394e68ef5ec2114407c41b2137f1e3b43804136756283be9,6,False,False,BASE,5000000.0,OPTIMAL,Optimization terminated successfully. (HiGHS Status 7: Optimal),total_present_value_benefit,27,27,4992780.0,7220.0,99.8556,3225360.0,0.6460048309759292,1870700036.6754003,1865707256.6754003,374.681046766611,734.115381,8,0.2962962962962963,0.8377657337194909,27,d93954b16234cdf9394e68ef5ec2114407c41b2137f1e3b43804136756283be9,EFFECTIVELY_BINDING_NO_ADDITIONAL_CORRIDOR,SLACK,BUDGET (EFFECTIVELY_BINDING_NO_ADDITIONAL_CORRIDOR),WHAT_IF_PLANNER_GRID; PROVISIONAL_PORTFOLIO_SCENARIO; ENGINEERING_REVIEW_REQUIRED
PORT_GRID_BASE_B5M_EQ35,WHAT-IF PLANNER GRID,BASE,5000000.0,0.35,d93954b16234cdf9394e68ef5ec2114407c41b2137f1e3b43804136756283be9,WHAT-IF PLANNER GRID_BASE_d93954b16234cdf9394e68ef5ec2114407c41b2137f1e3b43804136756283be9,6,False,False,BASE,5000000.0,OPTIMAL,Optimization terminated successfully. (HiGHS Status 7: Optimal),total_present_value_benefit,27,27,4992780.0,7220.0,99.8556,3225360.0,0.6460048309759292,1870700036.6754003,1865707256.6754003,374.681046766611,734.115381,8,0.2962962962962963,0.8377657337194909,27,d93954b16234cdf9394e68ef5ec2114407c41b2137f1e3b43804136756283be9,EFFECTIVELY_BINDING_NO_ADDITIONAL_CORRIDOR,SLACK,BUDGET (EFFECTIVELY_BINDING_NO_ADDITIONAL_CORRIDOR),WHAT_IF_PLANNER_GRID; PROVISIONAL_PORTFOLIO_SCENARIO; ENGINEERING_REVIEW_REQUIRED
PORT_GRID_BASE_B5M_EQ40,WHAT-IF PLANNER GRID,BASE,5000000.0,0.4,d93954b16234cdf9394e68ef5ec2114407c41b2137f1e3b43804136756283be9,WHAT-IF PLANNER GRID_BASE_d93954b16234cdf9394e68ef5ec2114407c41b2137f1e3b43804136756283be9,6,False,False,BASE,5000000.0,OPTIMAL,Optimization terminated successfully. (HiGHS Status 7: Optimal),total_present_value_benefit,27,27,4992780.0,7220.0,99.8556,3225360.0,0.6460048309759292,1870700036.6754003,1865707256.6754003,374.681046766611,734.115381,8,0.2962962962962963,0.8377657337194909,27,d93954b16234cdf9394e68ef5ec2114407c41b2137f1e3b43804136756283be9,EFFECTIVELY_BINDING_NO_ADDITIONAL_CORRIDOR,SLACK,BUDGET (EFFECTIVELY_BINDING_NO_ADDITIONAL_CORRIDOR),WHAT_IF_PLANNER_GRID; PROVISIONAL_PORTFOLIO_SCENARIO; ENGINEERING_REVIEW_REQUIRED
PORT_GRID_BASE_B6M_EQ15,WHAT-IF PLANNER GRID,BASE,6000000.0,0.15,def97d543a373dc427cd248a6173e66ff028b3bdb203a81dbc33103421fc292c,WHAT-IF PLANNER GRID_BASE_def97d543a373dc427cd248a6173e66ff028b3bdb203a81dbc33103421fc292c,6,False,False,BASE,6000000.0,OPTIMAL,Optimization terminated successfully. (HiGHS Status 7: Optimal),total_present_value_benefit,28,28,5999280.0,720.0,99.988,3945540.0,0.6576689202704324,2143974444.4277,2137975164.4277,357.3719587063281,734.115381,11,0.39285714285714285,0.867484098091771,28,def97d543a373dc427cd248a6173e66ff028b3bdb203a81dbc33103421fc292c,EFFECTIVELY_BINDING_NO_ADDITIONAL_CORRIDOR,SLACK,BUDGET (EFFECTIVELY_BINDING_NO_ADDITIONAL_CORRIDOR),WHAT_IF_PLANNER_GRID; PROVISIONAL_PORTFOLIO_SCENARIO; ENGINEERING_REVIEW_REQUIRED
PORT_GRID_BASE_B6M_EQ20,WHAT-IF PLANNER GRID,BASE,6000000.0,0.2,def97d543a373dc427cd248a6173e66ff028b3bdb203a81dbc33103421fc292c,WHAT-IF PLANNER GRID_BASE_def97d543a373dc427cd248a6173e66ff028b3bdb203a81dbc33103421fc292c,6,False,False,BASE,6000000.0,OPTIMAL,Optimization terminated successfully. (HiGHS Status 7: Optimal),total_present_value_benefit,28,28,5999280.0,720.0,99.988,3945540.0,0.6576689202704324,2143974444.4277,2137975164.4277,357.3719587063281,734.115381,11,0.39285714285714285,0.867484098091771,28,def97d543a373dc427cd248a6173e66ff028b3bdb203a81dbc33103421fc292c,EFFECTIVELY_BINDING_NO_ADDITIONAL_CORRIDOR,SLACK,BUDGET (EFFECTIVELY_BINDING_NO_ADDITIONAL_CORRIDOR),WHAT_IF_PLANNER_GRID; PROVISIONAL_PORTFOLIO_SCENARIO; ENGINEERING_REVIEW_REQUIRED
PORT_GRID_BASE_B6M_EQ25,WHAT-IF PLANNER GRID,BASE,6000000.0,0.25,def97d543a373dc427cd248a6173e66ff028b3bdb203a81dbc33103421fc292c,WHAT-IF PLANNER GRID_BASE_def97d543a373dc427cd248a6173e66ff028b3bdb203a81dbc33103421fc292c,6,False,False,BASE,6000000.0,OPTIMAL,Optimization terminated successfully. (HiGHS Status 7: Optimal),total_present_value_benefit,28,28,5999280.0,720.0,99.988,3945540.0,0.6576689202704324,2143974444.4277,2137975164.4277,357.3719587063281,734.115381,11,0.39285714285714285,0.867484098091771,28,def97d543a373dc427cd248a6173e66ff028b3bdb203a81dbc33103421fc292c,EFFECTIVELY_BINDING_NO_ADDITIONAL_CORRIDOR,SLACK,BUDGET (EFFECTIVELY_BINDING_NO_ADDITIONAL_CORRIDOR),WHAT_IF_PLANNER_GRID; PROVISIONAL_PORTFOLIO_SCENARIO; ENGINEERING_REVIEW_REQUIRED
PORT_GRID_BASE_B6M_EQ30,WHAT-IF PLANNER GRID,BASE,6000000.0,0.3,def97d543a373dc427cd248a6173e66ff028b3bdb203a81dbc33103421fc292c,WHAT-IF PLANNER GRID_BASE_def97d543a373dc427cd248a6173e66ff028b3bdb203a81dbc33103421fc292c,6,False,False,BASE,6000000.0,OPTIMAL,Optimization terminated successfully. (HiGHS Status 7: Optimal),total_present_value_benefit,28,28,5999280.0,720.0,99.988,3945540.0,0.6576689202704324,2143974444.4277,2137975164.4277,357.3719587063281,734.115381,11,0.39285714285714285,0.867484098091771,28,def97d543a373dc427cd248a6173e66ff028b3bdb203a81dbc33103421fc292c,EFFECTIVELY_BINDING_NO_ADDITIONAL_CORRIDOR,SLACK,BUDGET (EFFECTIVELY_BINDING_NO_ADDITIONAL_CORRIDOR),WHAT_IF_PLANNER_GRID; PROVISIONAL_PORTFOLIO_SCENARIO; ENGINEERING_REVIEW_REQUIRED
PORT_GRID_BASE_B6M_EQ35,WHAT-IF PLANNER GRID,BASE,6000000.0,0.35,def97d543a373dc427cd248a6173e66ff028b3bdb203a81dbc33103421fc292c,WHAT-IF PLANNER GRID_BASE_def97d543a373dc427cd248a6173e66ff028b3bdb203a81dbc33103421fc292c,6,False,False,BASE,6000000.0,OPTIMAL,Optimization terminated successfully. (HiGHS Status 7: Optimal),total_present_value_benefit,28,28,5999280.0,720.0,99.988,3945540.0,0.6576689202704324,2143974444.4277,2137975164.4277,357.3719587063281,734.115381,11,0.39285714285714285,0.867484098091771,28,def97d543a373dc427cd248a6173e66ff028b3bdb203a81dbc33103421fc292c,EFFECTIVELY_BINDING_NO_ADDITIONAL_CORRIDOR,SLACK,BUDGET (EFFECTIVELY_BINDING_NO_ADDITIONAL_CORRIDOR),WHAT_IF_PLANNER_GRID; PROVISIONAL_PORTFOLIO_SCENARIO; ENGINEERING_REVIEW_REQUIRED
PORT_GRID_BASE_B6M_EQ40,WHAT-IF PLANNER GRID,BASE,6000000.0,0.4,def97d543a373dc427cd248a6173e66ff028b3bdb203a81dbc33103421fc292c,WHAT-IF PLANNER GRID_BASE_def97d543a373dc427cd248a6173e66ff028b3bdb203a81dbc33103421fc292c,6,False,False,BASE,6000000.0,OPTIMAL,Optimization terminated successfully. (HiGHS Status 7: Optimal),total_present_value_benefit,28,28,5999280.0,720.0,99.988,3945540.0,0.6576689202704324,2143974444.4277,2137975164.4277,357.3719587063281,734.115381,11,0.39285714285714285,0.867484098091771,28,def97d543a373dc427cd248a6173e66ff028b3bdb203a81dbc33103421fc292c,EFFECTIVELY_BINDING_NO_ADDITIONAL_CORRIDOR,SLACK,BUDGET (EFFECTIVELY_BINDING_NO_ADDITIONAL_CORRIDOR),WHAT_IF_PLANNER_GRID; PROVISIONAL_PORTFOLIO_SCENARIO; ENGINEERING_REVIEW_REQUIRED
PORT_GRID_BASE_B7M_EQ15,WHAT-IF PLANNER GRID,BASE,7000000.0,0.15,e1770943a801ffb1b96c4be2e85dfca8d13591c25331fede2e129087cdee3739,WHAT-IF PLANNER GRID_BASE_e1770943a801ffb1b96c4be2e85dfca8d13591c25331fede2e129087cdee3739,6,False,False,BASE,7000000.0,OPTIMAL,Optimization terminated successfully. (HiGHS Status 7: Optimal),total_present_value_benefit,28,28,6989550.0,10450.0,99.85071428571428,5207130.0,0.7449878747558856,2407920668.4168,2400931118.4168,344.502960622186,734.115381,13,0.4642857142857143,0.9012811983604094,28,e1770943a801ffb1b96c4be2e85dfca8d13591c25331fede2e129087cdee3739,EFFECTIVELY_BINDING_NO_ADDITIONAL_CORRIDOR,SLACK,BUDGET (EFFECTIVELY_BINDING_NO_ADDITIONAL_CORRIDOR),WHAT_IF_PLANNER_GRID; PROVISIONAL_PORTFOLIO_SCENARIO; ENGINEERING_REVIEW_REQUIRED
PORT_GRID_BASE_B7M_EQ20,WHAT-IF PLANNER GRID,BASE,7000000.0,0.2,e1770943a801ffb1b96c4be2e85dfca8d13591c25331fede2e129087cdee3739,WHAT-IF PLANNER GRID_BASE_e1770943a801ffb1b96c4be2e85dfca8d13591c25331fede2e129087cdee3739,6,False,False,BASE,7000000.0,OPTIMAL,Optimization terminated successfully. (HiGHS Status 7: Optimal),total_present_value_benefit,28,28,6989550.0,10450.0,99.85071428571428,5207130.0,0.7449878747558856,2407920668.4168,2400931118.4168,344.502960622186,734.115381,13,0.4642857142857143,0.9012811983604094,28,e1770943a801ffb1b96c4be2e85dfca8d13591c25331fede2e129087cdee3739,EFFECTIVELY_BINDING_NO_ADDITIONAL_CORRIDOR,SLACK,BUDGET (EFFECTIVELY_BINDING_NO_ADDITIONAL_CORRIDOR),WHAT_IF_PLANNER_GRID; PROVISIONAL_PORTFOLIO_SCENARIO; ENGINEERING_REVIEW_REQUIRED
PORT_GRID_BASE_B7M_EQ25,WHAT-IF PLANNER GRID,BASE,7000000.0,0.25,e1770943a801ffb1b96c4be2e85dfca8d13591c25331fede2e129087cdee3739,WHAT-IF PLANNER GRID_BASE_e1770943a801ffb1b96c4be2e85dfca8d13591c25331fede2e129087cdee3739,6,False,False,BASE,7000000.0,OPTIMAL,Optimization terminated successfully. (HiGHS Status 7: Optimal),total_present_value_benefit,28,28,6989550.0,10450.0,99.85071428571428,5207130.0,0.7449878747558856,2407920668.4168,2400931118.4168,344.502960622186,734.115381,13,0.4642857142857143,0.9012811983604094,28,e1770943a801ffb1b96c4be2e85dfca8d13591c25331fede2e129087cdee3739,EFFECTIVELY_BINDING_NO_ADDITIONAL_CORRIDOR,SLACK,BUDGET (EFFECTIVELY_BINDING_NO_ADDITIONAL_CORRIDOR),WHAT_IF_PLANNER_GRID; PROVISIONAL_PORTFOLIO_SCENARIO; ENGINEERING_REVIEW_REQUIRED
PORT_GRID_BASE_B7M_EQ30,WHAT-IF PLANNER GRID,BASE,7000000.0,0.3,e1770943a801ffb1b96c4be2e85dfca8d13591c25331fede2e129087cdee3739,WHAT-IF PLANNER GRID_BASE_e1770943a801ffb1b96c4be2e85dfca8d13591c25331fede2e129087cdee3739,6,False,False,BASE,7000000.0,OPTIMAL,Optimization terminated successfully. (HiGHS Status 7: Optimal),total_present_value_benefit,28,28,6989550.0,10450.0,99.85071428571428,5207130.0,0.7449878747558856,2407920668.4168,2400931118.4168,344.502960622186,734.115381,13,0.4642857142857143,0.9012811983604094,28,e1770943a801ffb1b96c4be2e85dfca8d13591c25331fede2e129087cdee3739,EFFECTIVELY_BINDING_NO_ADDITIONAL_CORRIDOR,SLACK,BUDGET (EFFECTIVELY_BINDING_NO_ADDITIONAL_CORRIDOR),WHAT_IF_PLANNER_GRID; PROVISIONAL_PORTFOLIO_SCENARIO; ENGINEERING_REVIEW_REQUIRED
PORT_GRID_BASE_B7M_EQ35,WHAT-IF PLANNER GRID,BASE,7000000.0,0.35,e1770943a801ffb1b96c4be2e85dfca8d13591c25331fede2e129087cdee3739,WHAT-IF PLANNER GRID_BASE_e1770943a801ffb1b96c4be2e85dfca8d13591c25331fede2e129087cdee3739,6,False,False,BASE,7000000.0,OPTIMAL,Optimization terminated successfully. (HiGHS Status 7: Optimal),total_present_value_benefit,28,28,6989550.0,10450.0,99.85071428571428,5207130.0,0.7449878747558856,2407920668.4168,2400931118.4168,344.502960622186,734.115381,13,0.4642857142857143,0.9012811983604094,28,e1770943a801ffb1b96c4be2e85dfca8d13591c25331fede2e129087cdee3739,EFFECTIVELY_BINDING_NO_ADDITIONAL_CORRIDOR,SLACK,BUDGET (EFFECTIVELY_BINDING_NO_ADDITIONAL_CORRIDOR),WHAT_IF_PLANNER_GRID; PROVISIONAL_PORTFOLIO_SCENARIO; ENGINEERING_REVIEW_REQUIRED
PORT_GRID_BASE_B7M_EQ40,WHAT-IF PLANNER GRID,BASE,7000000.0,0.4,e1770943a801ffb1b96c4be2e85dfca8d13591c25331fede2e129087cdee3739,WHAT-IF PLANNER GRID_BASE_e1770943a801ffb1b96c4be2e85dfca8d13591c25331fede2e129087cdee3739,6,False,False,BASE,7000000.0,OPTIMAL,Optimization terminated successfully. (HiGHS Status 7: Optimal),total_present_value_benefit,28,28,6989550.0,10450.0,99.85071428571428,5207130.0,0.7449878747558856,2407920668.4168,2400931118.4168,344.502960622186,734.115381,13,0.4642857142857143,0.9012811983604094,28,e1770943a801ffb1b96c4be2e85dfca8d13591c25331fede2e129087cdee3739,EFFECTIVELY_BINDING_NO_ADDITIONAL_CORRIDOR,SLACK,BUDGET (EFFECTIVELY_BINDING_NO_ADDITIONAL_CORRIDOR),WHAT_IF_PLANNER_GRID; PROVISIONAL_PORTFOLIO_SCENARIO; ENGINEERING_REVIEW_REQUIRED
PORT_GRID_BASE_B8M_EQ15,WHAT-IF PLANNER GRID,BASE,8000000.0,0.15,c0f49d1c4b27bb8a3f6b109ada4e1ebc751b2da4370634bb9ecc8a1ab56fa606,WHAT-IF PLANNER GRID_BASE_c0f49d1c4b27bb8a3f6b109ada4e1ebc751b2da4370634bb9ecc8a1ab56fa606,6,False,False,BASE,8000000.0,OPTIMAL,Optimization terminated successfully. (HiGHS Status 7: Optimal),total_present_value_benefit,27,27,7997070.0,2930.0,99.963375,5958330.0,0.7450641297375163,2662465230.9126,2654468160.9126,332.9300895093578,697.337681,16,0.5925925925925926,0.9381023299783545,27,c0f49d1c4b27bb8a3f6b109ada4e1ebc751b2da4370634bb9ecc8a1ab56fa606,EFFECTIVELY_BINDING_NO_ADDITIONAL_CORRIDOR,SLACK,BUDGET (EFFECTIVELY_BINDING_NO_ADDITIONAL_CORRIDOR),WHAT_IF_PLANNER_GRID; PROVISIONAL_PORTFOLIO_SCENARIO; ENGINEERING_REVIEW_REQUIRED
PORT_GRID_BASE_B8M_EQ20,WHAT-IF PLANNER GRID,BASE,8000000.0,0.2,c0f49d1c4b27bb8a3f6b109ada4e1ebc751b2da4370634bb9ecc8a1ab56fa606,WHAT-IF PLANNER GRID_BASE_c0f49d1c4b27bb8a3f6b109ada4e1ebc751b2da4370634bb9ecc8a1ab56fa606,6,False,False,BASE,8000000.0,OPTIMAL,Optimization terminated successfully. (HiGHS Status 7: Optimal),total_present_value_benefit,27,27,7997070.0,2930.0,99.963375,5958330.0,0.7450641297375163,2662465230.9126,2654468160.9126,332.9300895093578,697.337681,16,0.5925925925925926,0.9381023299783545,27,c0f49d1c4b27bb8a3f6b109ada4e1ebc751b2da4370634bb9ecc8a1ab56fa606,EFFECTIVELY_BINDING_NO_ADDITIONAL_CORRIDOR,SLACK,BUDGET (EFFECTIVELY_BINDING_NO_ADDITIONAL_CORRIDOR),WHAT_IF_PLANNER_GRID; PROVISIONAL_PORTFOLIO_SCENARIO; ENGINEERING_REVIEW_REQUIRED
PORT_GRID_BASE_B8M_EQ25,WHAT-IF PLANNER GRID,BASE,8000000.0,0.25,c0f49d1c4b27bb8a3f6b109ada4e1ebc751b2da4370634bb9ecc8a1ab56fa606,WHAT-IF PLANNER GRID_BASE_c0f49d1c4b27bb8a3f6b109ada4e1ebc751b2da4370634bb9ecc8a1ab56fa606,6,False,False,BASE,8000000.0,OPTIMAL,Optimization terminated successfully. (HiGHS Status 7: Optimal),total_present_value_benefit,27,27,7997070.0,2930.0,99.963375,5958330.0,0.7450641297375163,2662465230.9126,2654468160.9126,332.9300895093578,697.337681,16,0.5925925925925926,0.9381023299783545,27,c0f49d1c4b27bb8a3f6b109ada4e1ebc751b2da4370634bb9ecc8a1ab56fa606,EFFECTIVELY_BINDING_NO_ADDITIONAL_CORRIDOR,SLACK,BUDGET (EFFECTIVELY_BINDING_NO_ADDITIONAL_CORRIDOR),WHAT_IF_PLANNER_GRID; PROVISIONAL_PORTFOLIO_SCENARIO; ENGINEERING_REVIEW_REQUIRED
PORT_GRID_BASE_B8M_EQ30,WHAT-IF PLANNER GRID,BASE,8000000.0,0.3,c0f49d1c4b27bb8a3f6b109ada4e1ebc751b2da4370634bb9ecc8a1ab56fa606,WHAT-IF PLANNER GRID_BASE_c0f49d1c4b27bb8a3f6b109ada4e1ebc751b2da4370634bb9ecc8a1ab56fa606,6,False,False,BASE,8000000.0,OPTIMAL,Optimization terminated successfully. (HiGHS Status 7: Optimal),total_present_value_benefit,27,27,7997070.0,2930.0,99.963375,5958330.0,0.7450641297375163,2662465230.9126,2654468160.9126,332.9300895093578,697.337681,16,0.5925925925925926,0.9381023299783545,27,c0f49d1c4b27bb8a3f6b109ada4e1ebc751b2da4370634bb9ecc8a1ab56fa606,EFFECTIVELY_BINDING_NO_ADDITIONAL_CORRIDOR,SLACK,BUDGET (EFFECTIVELY_BINDING_NO_ADDITIONAL_CORRIDOR),WHAT_IF_PLANNER_GRID; PROVISIONAL_PORTFOLIO_SCENARIO; ENGINEERING_REVIEW_REQUIRED
PORT_GRID_BASE_B8M_EQ35,WHAT-IF PLANNER GRID,BASE,8000000.0,0.35,c0f49d1c4b27bb8a3f6b109ada4e1ebc751b2da4370634bb9ecc8a1ab56fa606,WHAT-IF PLANNER GRID_BASE_c0f49d1c4b27bb8a3f6b109ada4e1ebc751b2da4370634bb9ecc8a1ab56fa606,6,False,False,BASE,8000000.0,OPTIMAL,Optimization terminated successfully. (HiGHS Status 7: Optimal),total_present_value_benefit,27,27,7997070.0,2930.0,99.963375,5958330.0,0.7450641297375163,2662465230.9126,2654468160.9126,332.9300895093578,697.337681,16,0.5925925925925926,0.9381023299783545,27,c0f49d1c4b27bb8a3f6b109ada4e1ebc751b2da4370634bb9ecc8a1ab56fa606,EFFECTIVELY_BINDING_NO_ADDITIONAL_CORRIDOR,SLACK,BUDGET (EFFECTIVELY_BINDING_NO_ADDITIONAL_CORRIDOR),WHAT_IF_PLANNER_GRID; PROVISIONAL_PORTFOLIO_SCENARIO; ENGINEERING_REVIEW_REQUIRED
PORT_GRID_BASE_B8M_EQ40,WHAT-IF PLANNER GRID,BASE,8000000.0,0.4,c0f49d1c4b27bb8a3f6b109ada4e1ebc751b2da4370634bb9ecc8a1ab56fa606,WHAT-IF PLANNER GRID_BASE_c0f49d1c4b27bb8a3f6b109ada4e1ebc751b2da4370634bb9ecc8a1ab56fa606,6,False,False,BASE,8000000.0,OPTIMAL,Optimization terminated successfully. (HiGHS Status 7: Optimal),total_present_value_benefit,27,27,7997070.0,2930.0,99.963375,5958330.0,0.7450641297375163,2662465230.9126,2654468160.9126,332.9300895093578,697.337681,16,0.5925925925925926,0.9381023299783545,27,c0f49d1c4b27bb8a3f6b109ada4e1ebc751b2da4370634bb9ecc8a1ab56fa606,EFFECTIVELY_BINDING_NO_ADDITIONAL_CORRIDOR,SLACK,BUDGET (EFFECTIVELY_BINDING_NO_ADDITIONAL_CORRIDOR),WHAT_IF_PLANNER_GRID; PROVISIONAL_PORTFOLIO_SCENARIO; ENGINEERING_REVIEW_REQUIRED
PORT_GRID_BASE_B9M_EQ15,WHAT-IF PLANNER GRID,BASE,9000000.0,0.15,4e5924c6382eefe7a976aea9b8a419d8c5f5e891c45a81985e0431815d52d3bc,WHAT-IF PLANNER GRID_BASE_4e5924c6382eefe7a976aea9b8a419d8c5f5e891c45a81985e0431815d52d3bc,6,False,False,BASE,9000000.0,OPTIMAL,Optimization terminated successfully. (HiGHS Status 7: Optimal),total_present_value_benefit,32,32,8989980.0,10020.0,99.88866666666667,6748320.0,0.7506490559489565,2900396387.1111,2891406407.1111,322.62545490769725,697.337681,19,0.59375,0.9349275526753118,32,4e5924c6382eefe7a976aea9b8a419d8c5f5e891c45a81985e0431815d52d3bc,EFFECTIVELY_BINDING_NO_ADDITIONAL_CORRIDOR,SLACK,BUDGET (EFFECTIVELY_BINDING_NO_ADDITIONAL_CORRIDOR),WHAT_IF_PLANNER_GRID; PROVISIONAL_PORTFOLIO_SCENARIO; ENGINEERING_REVIEW_REQUIRED
PORT_GRID_BASE_B9M_EQ20,WHAT-IF PLANNER GRID,BASE,9000000.0,0.2,4e5924c6382eefe7a976aea9b8a419d8c5f5e891c45a81985e0431815d52d3bc,WHAT-IF PLANNER GRID_BASE_4e5924c6382eefe7a976aea9b8a419d8c5f5e891c45a81985e0431815d52d3bc,6,False,False,BASE,9000000.0,OPTIMAL,Optimization terminated successfully. (HiGHS Status 7: Optimal),total_present_value_benefit,32,32,8989980.0,10020.0,99.88866666666667,6748320.0,0.7506490559489565,2900396387.1111,2891406407.1111,322.62545490769725,697.337681,19,0.59375,0.9349275526753118,32,4e5924c6382eefe7a976aea9b8a419d8c5f5e891c45a81985e0431815d52d3bc,EFFECTIVELY_BINDING_NO_ADDITIONAL_CORRIDOR,SLACK,BUDGET (EFFECTIVELY_BINDING_NO_ADDITIONAL_CORRIDOR),WHAT_IF_PLANNER_GRID; PROVISIONAL_PORTFOLIO_SCENARIO; ENGINEERING_REVIEW_REQUIRED
PORT_GRID_BASE_B9M_EQ25,WHAT-IF PLANNER GRID,BASE,9000000.0,0.25,4e5924c6382eefe7a976aea9b8a419d8c5f5e891c45a81985e0431815d52d3bc,WHAT-IF PLANNER GRID_BASE_4e5924c6382eefe7a976aea9b8a419d8c5f5e891c45a81985e0431815d52d3bc,6,False,False,BASE,9000000.0,OPTIMAL,Optimization terminated successfully. (HiGHS Status 7: Optimal),total_present_value_benefit,32,32,8989980.0,10020.0,99.88866666666667,6748320.0,0.7506490559489565,2900396387.1111,2891406407.1111,322.62545490769725,697.337681,19,0.59375,0.9349275526753118,32,4e5924c6382eefe7a976aea9b8a419d8c5f5e891c45a81985e0431815d52d3bc,EFFECTIVELY_BINDING_NO_ADDITIONAL_CORRIDOR,SLACK,BUDGET (EFFECTIVELY_BINDING_NO_ADDITIONAL_CORRIDOR),WHAT_IF_PLANNER_GRID; PROVISIONAL_PORTFOLIO_SCENARIO; ENGINEERING_REVIEW_REQUIRED
PORT_GRID_BASE_B9M_EQ30,WHAT-IF PLANNER GRID,BASE,9000000.0,0.3,4e5924c6382eefe7a976aea9b8a419d8c5f5e891c45a81985e0431815d52d3bc,WHAT-IF PLANNER GRID_BASE_4e5924c6382eefe7a976aea9b8a419d8c5f5e891c45a81985e0431815d52d3bc,6,False,False,BASE,9000000.0,OPTIMAL,Optimization terminated successfully. (HiGHS Status 7: Optimal),total_present_value_benefit,32,32,8989980.0,10020.0,99.88866666666667,6748320.0,0.7506490559489565,2900396387.1111,2891406407.1111,322.62545490769725,697.337681,19,0.59375,0.9349275526753118,32,4e5924c6382eefe7a976aea9b8a419d8c5f5e891c45a81985e0431815d52d3bc,EFFECTIVELY_BINDING_NO_ADDITIONAL_CORRIDOR,SLACK,BUDGET (EFFECTIVELY_BINDING_NO_ADDITIONAL_CORRIDOR),WHAT_IF_PLANNER_GRID; PROVISIONAL_PORTFOLIO_SCENARIO; ENGINEERING_REVIEW_REQUIRED
PORT_GRID_BASE_B9M_EQ35,WHAT-IF PLANNER GRID,BASE,9000000.0,0.35,4e5924c6382eefe7a976aea9b8a419d8c5f5e891c45a81985e0431815d52d3bc,WHAT-IF PLANNER GRID_BASE_4e5924c6382eefe7a976aea9b8a419d8c5f5e891c45a81985e0431815d52d3bc,6,False,False,BASE,9000000.0,OPTIMAL,Optimization terminated successfully. (HiGHS Status 7: Optimal),total_present_value_benefit,32,32,8989980.0,10020.0,99.88866666666667,6748320.0,0.7506490559489565,2900396387.1111,2891406407.1111,322.62545490769725,697.337681,19,0.59375,0.9349275526753118,32,4e5924c6382eefe7a976aea9b8a419d8c5f5e891c45a81985e0431815d52d3bc,EFFECTIVELY_BINDING_NO_ADDITIONAL_CORRIDOR,SLACK,BUDGET (EFFECTIVELY_BINDING_NO_ADDITIONAL_CORRIDOR),WHAT_IF_PLANNER_GRID; PROVISIONAL_PORTFOLIO_SCENARIO; ENGINEERING_REVIEW_REQUIRED
PORT_GRID_BASE_B9M_EQ40,WHAT-IF PLANNER GRID,BASE,9000000.0,0.4,4e5924c6382eefe7a976aea9b8a419d8c5f5e891c45a81985e0431815d52d3bc,WHAT-IF PLANNER GRID_BASE_4e5924c6382eefe7a976aea9b8a419d8c5f5e891c45a81985e0431815d52d3bc,6,False,False,BASE,9000000.0,OPTIMAL,Optimization terminated successfully. (HiGHS Status 7: Optimal),total_present_value_benefit,32,32,8989980.0,10020.0,99.88866666666667,6748320.0,0.7506490559489565,2900396387.1111,2891406407.1111,322.62545490769725,697.337681,19,0.59375,0.9349275526753118,32,4e5924c6382eefe7a976aea9b8a419d8c5f5e891c45a81985e0431815d52d3bc,EFFECTIVELY_BINDING_NO_ADDITIONAL_CORRIDOR,SLACK,BUDGET (EFFECTIVELY_BINDING_NO_ADDITIONAL_CORRIDOR),WHAT_IF_PLANNER_GRID; PROVISIONAL_PORTFOLIO_SCENARIO; ENGINEERING_REVIEW_REQUIRED
PORT_GRID_BASE_B10M_EQ15,WHAT-IF PLANNER GRID,BASE,10000000.0,0.15,7ff349d8c07c397511bbe0d0fde2174e78e7cb874250f6947360892b294f0a51,WHAT-IF PLANNER GRID_BASE_7ff349d8c07c397511bbe0d0fde2174e78e7cb874250f6947360892b294f0a51,6,False,False,BASE,10000000.0,OPTIMAL,Optimization terminated successfully. (HiGHS Status 7: Optimal),total_present_value_benefit,37,37,9986640.0,13360.0,99.8664,7142550.0,0.7152105212563985,3113947997.5291004,3103961357.5291004,311.8113797562644,697.337681,21,0.5675675675675675,0.9173896325490856,37,7ff349d8c07c397511bbe0d0fde2174e78e7cb874250f6947360892b294f0a51,EFFECTIVELY_BINDING_NO_ADDITIONAL_CORRIDOR,SLACK,BUDGET (EFFECTIVELY_BINDING_NO_ADDITIONAL_CORRIDOR),WHAT_IF_PLANNER_GRID; PROVISIONAL_PORTFOLIO_SCENARIO; ENGINEERING_REVIEW_REQUIRED
PORT_GRID_BASE_B10M_EQ20,WHAT-IF PLANNER GRID,BASE,10000000.0,0.2,7ff349d8c07c397511bbe0d0fde2174e78e7cb874250f6947360892b294f0a51,WHAT-IF PLANNER GRID_BASE_7ff349d8c07c397511bbe0d0fde2174e78e7cb874250f6947360892b294f0a51,6,False,False,BASE,10000000.0,OPTIMAL,Optimization terminated successfully. (HiGHS Status 7: Optimal),total_present_value_benefit,37,37,9986640.0,13360.0,99.8664,7142550.0,0.7152105212563985,3113947997.5291004,3103961357.5291004,311.8113797562644,697.337681,21,0.5675675675675675,0.9173896325490856,37,7ff349d8c07c397511bbe0d0fde2174e78e7cb874250f6947360892b294f0a51,EFFECTIVELY_BINDING_NO_ADDITIONAL_CORRIDOR,SLACK,BUDGET (EFFECTIVELY_BINDING_NO_ADDITIONAL_CORRIDOR),WHAT_IF_PLANNER_GRID; PROVISIONAL_PORTFOLIO_SCENARIO; ENGINEERING_REVIEW_REQUIRED
PORT_GRID_BASE_B10M_EQ25,WHAT-IF PLANNER GRID,BASE,10000000.0,0.25,7ff349d8c07c397511bbe0d0fde2174e78e7cb874250f6947360892b294f0a51,WHAT-IF PLANNER GRID_BASE_7ff349d8c07c397511bbe0d0fde2174e78e7cb874250f6947360892b294f0a51,6,False,False,BASE,10000000.0,OPTIMAL,Optimization terminated successfully. (HiGHS Status 7: Optimal),total_present_value_benefit,37,37,9986640.0,13360.0,99.8664,7142550.0,0.7152105212563985,3113947997.5291004,3103961357.5291004,311.8113797562644,697.337681,21,0.5675675675675675,0.9173896325490856,37,7ff349d8c07c397511bbe0d0fde2174e78e7cb874250f6947360892b294f0a51,EFFECTIVELY_BINDING_NO_ADDITIONAL_CORRIDOR,SLACK,BUDGET (EFFECTIVELY_BINDING_NO_ADDITIONAL_CORRIDOR),WHAT_IF_PLANNER_GRID; PROVISIONAL_PORTFOLIO_SCENARIO; ENGINEERING_REVIEW_REQUIRED
PORT_GRID_BASE_B10M_EQ30,WHAT-IF PLANNER GRID,BASE,10000000.0,0.3,7ff349d8c07c397511bbe0d0fde2174e78e7cb874250f6947360892b294f0a51,WHAT-IF PLANNER GRID_BASE_7ff349d8c07c397511bbe0d0fde2174e78e7cb874250f6947360892b294f0a51,6,False,False,BASE,10000000.0,OPTIMAL,Optimization terminated successfully. (HiGHS Status 7: Optimal),total_present_value_benefit,37,37,9986640.0,13360.0,99.8664,7142550.0,0.7152105212563985,3113947997.5291004,3103961357.5291004,311.8113797562644,697.337681,21,0.5675675675675675,0.9173896325490856,37,7ff349d8c07c397511bbe0d0fde2174e78e7cb874250f6947360892b294f0a51,EFFECTIVELY_BINDING_NO_ADDITIONAL_CORRIDOR,SLACK,BUDGET (EFFECTIVELY_BINDING_NO_ADDITIONAL_CORRIDOR),WHAT_IF_PLANNER_GRID; PROVISIONAL_PORTFOLIO_SCENARIO; ENGINEERING_REVIEW_REQUIRED
PORT_GRID_BASE_B10M_EQ35,WHAT-IF PLANNER GRID,BASE,10000000.0,0.35,7ff349d8c07c397511bbe0d0fde2174e78e7cb874250f6947360892b294f0a51,WHAT-IF PLANNER GRID_BASE_7ff349d8c07c397511bbe0d0fde2174e78e7cb874250f6947360892b294f0a51,6,False,False,BASE,10000000.0,OPTIMAL,Optimization terminated successfully. (HiGHS Status 7: Optimal),total_present_value_benefit,37,37,9986640.0,13360.0,99.8664,7142550.0,0.7152105212563985,3113947997.5291004,3103961357.5291004,311.8113797562644,697.337681,21,0.5675675675675675,0.9173896325490856,37,7ff349d8c07c397511bbe0d0fde2174e78e7cb874250f6947360892b294f0a51,EFFECTIVELY_BINDING_NO_ADDITIONAL_CORRIDOR,SLACK,BUDGET (EFFECTIVELY_BINDING_NO_ADDITIONAL_CORRIDOR),WHAT_IF_PLANNER_GRID; PROVISIONAL_PORTFOLIO_SCENARIO; ENGINEERING_REVIEW_REQUIRED
PORT_GRID_BASE_B10M_EQ40,WHAT-IF PLANNER GRID,BASE,10000000.0,0.4,7ff349d8c07c397511bbe0d0fde2174e78e7cb874250f6947360892b294f0a51,WHAT-IF PLANNER GRID_BASE_7ff349d8c07c397511bbe0d0fde2174e78e7cb874250f6947360892b294f0a51,6,False,False,BASE,10000000.0,OPTIMAL,Optimization terminated successfully. (HiGHS Status 7: Optimal),total_present_value_benefit,37,37,9986640.0,13360.0,99.8664,7142550.0,0.7152105212563985,3113947997.5291004,3103961357.5291004,311.8113797562644,697.337681,21,0.5675675675675675,0.9173896325490856,37,7ff349d8c07c397511bbe0d0fde2174e78e7cb874250f6947360892b294f0a51,EFFECTIVELY_BINDING_NO_ADDITIONAL_CORRIDOR,SLACK,BUDGET (EFFECTIVELY_BINDING_NO_ADDITIONAL_CORRIDOR),WHAT_IF_PLANNER_GRID; PROVISIONAL_PORTFOLIO_SCENARIO; ENGINEERING_REVIEW_REQUIRED
PORT_GRID_BASE_B11M_EQ15,WHAT-IF PLANNER GRID,BASE,11000000.0,0.15,5d960b06ed0592f720cc5830f1329f83362e30a6f16023e4aa5ef909e5455e34,WHAT-IF PLANNER GRID_BASE_5d960b06ed0592f720cc5830f1329f83362e30a6f16023e4aa5ef909e5455e34,6,False,False,BASE,11000000.0,OPTIMAL,Optimization terminated successfully. (HiGHS Status 7: Optimal),total_present_value_benefit,36,36,10995210.0,4790.0,99.95645454545455,7142550.0,0.6496056009844287,3299071546.8698997,3288076336.8698997,300.046251674129,697.337681,22,0.6111111111111112,0.9467950134649543,36,5d960b06ed0592f720cc5830f1329f83362e30a6f16023e4aa5ef909e5455e34,EFFECTIVELY_BINDING_NO_ADDITIONAL_CORRIDOR,SLACK,BUDGET (EFFECTIVELY_BINDING_NO_ADDITIONAL_CORRIDOR),WHAT_IF_PLANNER_GRID; PROVISIONAL_PORTFOLIO_SCENARIO; ENGINEERING_REVIEW_REQUIRED
PORT_GRID_BASE_B11M_EQ20,WHAT-IF PLANNER GRID,BASE,11000000.0,0.2,5d960b06ed0592f720cc5830f1329f83362e30a6f16023e4aa5ef909e5455e34,WHAT-IF PLANNER GRID_BASE_5d960b06ed0592f720cc5830f1329f83362e30a6f16023e4aa5ef909e5455e34,6,False,False,BASE,11000000.0,OPTIMAL,Optimization terminated successfully. (HiGHS Status 7: Optimal),total_present_value_benefit,36,36,10995210.0,4790.0,99.95645454545455,7142550.0,0.6496056009844287,3299071546.8698997,3288076336.8698997,300.046251674129,697.337681,22,0.6111111111111112,0.9467950134649543,36,5d960b06ed0592f720cc5830f1329f83362e30a6f16023e4aa5ef909e5455e34,EFFECTIVELY_BINDING_NO_ADDITIONAL_CORRIDOR,SLACK,BUDGET (EFFECTIVELY_BINDING_NO_ADDITIONAL_CORRIDOR),WHAT_IF_PLANNER_GRID; PROVISIONAL_PORTFOLIO_SCENARIO; ENGINEERING_REVIEW_REQUIRED
PORT_GRID_BASE_B11M_EQ25,WHAT-IF PLANNER GRID,BASE,11000000.0,0.25,5d960b06ed0592f720cc5830f1329f83362e30a6f16023e4aa5ef909e5455e34,WHAT-IF PLANNER GRID_BASE_5d960b06ed0592f720cc5830f1329f83362e30a6f16023e4aa5ef909e5455e34,6,False,False,BASE,11000000.0,OPTIMAL,Optimization terminated successfully. (HiGHS Status 7: Optimal),total_present_value_benefit,36,36,10995210.0,4790.0,99.95645454545455,7142550.0,0.6496056009844287,3299071546.8698997,3288076336.8698997,300.046251674129,697.337681,22,0.6111111111111112,0.9467950134649543,36,5d960b06ed0592f720cc5830f1329f83362e30a6f16023e4aa5ef909e5455e34,EFFECTIVELY_BINDING_NO_ADDITIONAL_CORRIDOR,SLACK,BUDGET (EFFECTIVELY_BINDING_NO_ADDITIONAL_CORRIDOR),WHAT_IF_PLANNER_GRID; PROVISIONAL_PORTFOLIO_SCENARIO; ENGINEERING_REVIEW_REQUIRED
PORT_GRID_BASE_B11M_EQ30,WHAT-IF PLANNER GRID,BASE,11000000.0,0.3,5d960b06ed0592f720cc5830f1329f83362e30a6f16023e4aa5ef909e5455e34,WHAT-IF PLANNER GRID_BASE_5d960b06ed0592f720cc5830f1329f83362e30a6f16023e4aa5ef909e5455e34,6,False,False,BASE,11000000.0,OPTIMAL,Optimization terminated successfully. (HiGHS Status 7: Optimal),total_present_value_benefit,36,36,10995210.0,4790.0,99.95645454545455,7142550.0,0.6496056009844287,3299071546.8698997,3288076336.8698997,300.046251674129,697.337681,22,0.6111111111111112,0.9467950134649543,36,5d960b06ed0592f720cc5830f1329f83362e30a6f16023e4aa5ef909e5455e34,EFFECTIVELY_BINDING_NO_ADDITIONAL_CORRIDOR,SLACK,BUDGET (EFFECTIVELY_BINDING_NO_ADDITIONAL_CORRIDOR),WHAT_IF_PLANNER_GRID; PROVISIONAL_PORTFOLIO_SCENARIO; ENGINEERING_REVIEW_REQUIRED
PORT_GRID_BASE_B11M_EQ35,WHAT-IF PLANNER GRID,BASE,11000000.0,0.35,5d960b06ed0592f720cc5830f1329f83362e30a6f16023e4aa5ef909e5455e34,WHAT-IF PLANNER GRID_BASE_5d960b06ed0592f720cc5830f1329f83362e30a6f16023e4aa5ef909e5455e34,6,False,False,BASE,11000000.0,OPTIMAL,Optimization terminated successfully. (HiGHS Status 7: Optimal),total_present_value_benefit,36,36,10995210.0,4790.0,99.95645454545455,7142550.0,0.6496056009844287,3299071546.8698997,3288076336.8698997,300.046251674129,697.337681,22,0.6111111111111112,0.9467950134649543,36,5d960b06ed0592f720cc5830f1329f83362e30a6f16023e4aa5ef909e5455e34,EFFECTIVELY_BINDING_NO_ADDITIONAL_CORRIDOR,SLACK,BUDGET (EFFECTIVELY_BINDING_NO_ADDITIONAL_CORRIDOR),WHAT_IF_PLANNER_GRID; PROVISIONAL_PORTFOLIO_SCENARIO; ENGINEERING_REVIEW_REQUIRED
PORT_GRID_BASE_B11M_EQ40,WHAT-IF PLANNER GRID,BASE,11000000.0,0.4,5d960b06ed0592f720cc5830f1329f83362e30a6f16023e4aa5ef909e5455e34,WHAT-IF PLANNER GRID_BASE_5d960b06ed0592f720cc5830f1329f83362e30a6f16023e4aa5ef909e5455e34,6,False,False,BASE,11000000.0,OPTIMAL,Optimization terminated successfully. (HiGHS Status 7: Optimal),total_present_value_benefit,36,36,10995210.0,4790.0,99.95645454545455,7142550.0,0.6496056009844287,3299071546.8698997,3288076336.8698997,300.046251674129,697.337681,22,0.6111111111111112,0.9467950134649543,36,5d960b06ed0592f720cc5830f1329f83362e30a6f16023e4aa5ef909e5455e34,EFFECTIVELY_BINDING_NO_ADDITIONAL_CORRIDOR,SLACK,BUDGET (EFFECTIVELY_BINDING_NO_ADDITIONAL_CORRIDOR),WHAT_IF_PLANNER_GRID; PROVISIONAL_PORTFOLIO_SCENARIO; ENGINEERING_REVIEW_REQUIRED
PORT_GRID_BASE_B12M_EQ15,WHAT-IF PLANNER GRID,BASE,12000000.0,0.15,3de99eb4f8fe8857d995a173b780197474ccb9762d1f66ec6e4b47ac322f1d32,WHAT-IF PLANNER GRID_BASE_3de99eb4f8fe8857d995a173b780197474ccb9762d1f66ec6e4b47ac322f1d32,6,False,False,BASE,12000000.0,OPTIMAL,Optimization terminated successfully. (HiGHS Status 7: Optimal),total_present_value_benefit,39,39,11993130.0,6870.0,99.94275,7142550.0,0.5955534543526169,3484387712.3881,3472394582.3881,290.5319722531233,697.337681,23,0.5897435897435898,0.9337120501487102,39,3de99eb4f8fe8857d995a173b780197474ccb9762d1f66ec6e4b47ac322f1d32,EFFECTIVELY_BINDING_NO_ADDITIONAL_CORRIDOR,SLACK,BUDGET (EFFECTIVELY_BINDING_NO_ADDITIONAL_CORRIDOR),WHAT_IF_PLANNER_GRID; PROVISIONAL_PORTFOLIO_SCENARIO; ENGINEERING_REVIEW_REQUIRED
PORT_GRID_BASE_B12M_EQ20,WHAT-IF PLANNER GRID,BASE,12000000.0,0.2,3de99eb4f8fe8857d995a173b780197474ccb9762d1f66ec6e4b47ac322f1d32,WHAT-IF PLANNER GRID_BASE_3de99eb4f8fe8857d995a173b780197474ccb9762d1f66ec6e4b47ac322f1d32,6,False,False,BASE,12000000.0,OPTIMAL,Optimization terminated successfully. (HiGHS Status 7: Optimal),total_present_value_benefit,39,39,11993130.0,6870.0,99.94275,7142550.0,0.5955534543526169,3484387712.3881,3472394582.3881,290.5319722531233,697.337681,23,0.5897435897435898,0.9337120501487102,39,3de99eb4f8fe8857d995a173b780197474ccb9762d1f66ec6e4b47ac322f1d32,EFFECTIVELY_BINDING_NO_ADDITIONAL_CORRIDOR,SLACK,BUDGET (EFFECTIVELY_BINDING_NO_ADDITIONAL_CORRIDOR),WHAT_IF_PLANNER_GRID; PROVISIONAL_PORTFOLIO_SCENARIO; ENGINEERING_REVIEW_REQUIRED
PORT_GRID_BASE_B12M_EQ25,WHAT-IF PLANNER GRID,BASE,12000000.0,0.25,3de99eb4f8fe8857d995a173b780197474ccb9762d1f66ec6e4b47ac322f1d32,WHAT-IF PLANNER GRID_BASE_3de99eb4f8fe8857d995a173b780197474ccb9762d1f66ec6e4b47ac322f1d32,6,False,False,BASE,12000000.0,OPTIMAL,Optimization terminated successfully. (HiGHS Status 7: Optimal),total_present_value_benefit,39,39,11993130.0,6870.0,99.94275,7142550.0,0.5955534543526169,3484387712.3881,3472394582.3881,290.5319722531233,697.337681,23,0.5897435897435898,0.9337120501487102,39,3de99eb4f8fe8857d995a173b780197474ccb9762d1f66ec6e4b47ac322f1d32,EFFECTIVELY_BINDING_NO_ADDITIONAL_CORRIDOR,SLACK,BUDGET (EFFECTIVELY_BINDING_NO_ADDITIONAL_CORRIDOR),WHAT_IF_PLANNER_GRID; PROVISIONAL_PORTFOLIO_SCENARIO; ENGINEERING_REVIEW_REQUIRED
PORT_GRID_BASE_B12M_EQ30,WHAT-IF PLANNER GRID,BASE,12000000.0,0.3,3de99eb4f8fe8857d995a173b780197474ccb9762d1f66ec6e4b47ac322f1d32,WHAT-IF PLANNER GRID_BASE_3de99eb4f8fe8857d995a173b780197474ccb9762d1f66ec6e4b47ac322f1d32,6,False,False,BASE,12000000.0,OPTIMAL,Optimization terminated successfully. (HiGHS Status 7: Optimal),total_present_value_benefit,39,39,11993130.0,6870.0,99.94275,7142550.0,0.5955534543526169,3484387712.3881,3472394582.3881,290.5319722531233,697.337681,23,0.5897435897435898,0.9337120501487102,39,3de99eb4f8fe8857d995a173b780197474ccb9762d1f66ec6e4b47ac322f1d32,EFFECTIVELY_BINDING_NO_ADDITIONAL_CORRIDOR,SLACK,BUDGET (EFFECTIVELY_BINDING_NO_ADDITIONAL_CORRIDOR),WHAT_IF_PLANNER_GRID; PROVISIONAL_PORTFOLIO_SCENARIO; ENGINEERING_REVIEW_REQUIRED
PORT_GRID_BASE_B12M_EQ35,WHAT-IF PLANNER GRID,BASE,12000000.0,0.35,3de99eb4f8fe8857d995a173b780197474ccb9762d1f66ec6e4b47ac322f1d32,WHAT-IF PLANNER GRID_BASE_3de99eb4f8fe8857d995a173b780197474ccb9762d1f66ec6e4b47ac322f1d32,6,False,False,BASE,12000000.0,OPTIMAL,Optimization terminated successfully. (HiGHS Status 7: Optimal),total_present_value_benefit,39,39,11993130.0,6870.0,99.94275,7142550.0,0.5955534543526169,3484387712.3881,3472394582.3881,290.5319722531233,697.337681,23,0.5897435897435898,0.9337120501487102,39,3de99eb4f8fe8857d995a173b780197474ccb9762d1f66ec6e4b47ac322f1d32,EFFECTIVELY_BINDING_NO_ADDITIONAL_CORRIDOR,SLACK,BUDGET (EFFECTIVELY_BINDING_NO_ADDITIONAL_CORRIDOR),WHAT_IF_PLANNER_GRID; PROVISIONAL_PORTFOLIO_SCENARIO; ENGINEERING_REVIEW_REQUIRED
PORT_GRID_BASE_B12M_EQ40,WHAT-IF PLANNER GRID,BASE,12000000.0,0.4,3de99eb4f8fe8857d995a173b780197474ccb9762d1f66ec6e4b47ac322f1d32,WHAT-IF PLANNER GRID_BASE_3de99eb4f8fe8857d995a173b780197474ccb9762d1f66ec6e4b47ac322f1d32,6,False,False,BASE,12000000.0,OPTIMAL,Optimization terminated successfully. (HiGHS Status 7: Optimal),total_present_value_benefit,39,39,11993130.0,6870.0,99.94275,7142550.0,0.5955534543526169,3484387712.3881,3472394582.3881,290.5319722531233,697.337681,23,0.5897435897435898,0.9337120501487102,39,3de99eb4f8fe8857d995a173b780197474ccb9762d1f66ec6e4b47ac322f1d32,EFFECTIVELY_BINDING_NO_ADDITIONAL_CORRIDOR,SLACK,BUDGET (EFFECTIVELY_BINDING_NO_ADDITIONAL_CORRIDOR),WHAT_IF_PLANNER_GRID; PROVISIONAL_PORTFOLIO_SCENARIO; ENGINEERING_REVIEW_REQUIRED
PORT_GRID_BASE_B13M_EQ15,WHAT-IF PLANNER GRID,BASE,13000000.0,0.15,125a881987e3caeed716a7eace3bcc0c65aac2d6f58d3c00cc4caddcfd637dc3,WHAT-IF PLANNER GRID_BASE_125a881987e3caeed716a7eace3bcc0c65aac2d6f58d3c00cc4caddcfd637dc3,6,False,False,BASE,13000000.0,OPTIMAL,Optimization terminated successfully. (HiGHS Status 7: Optimal),total_present_value_benefit,40,40,12990630.0,9370.0,99.92792307692308,7142550.0,0.54982321873535,3663996809.7875,3651006179.7875,282.04920083071414,697.337681,24,0.6,0.9399567226531739,40,125a881987e3caeed716a7eace3bcc0c65aac2d6f58d3c00cc4caddcfd637dc3,EFFECTIVELY_BINDING_NO_ADDITIONAL_CORRIDOR,SLACK,BUDGET (EFFECTIVELY_BINDING_NO_ADDITIONAL_CORRIDOR),WHAT_IF_PLANNER_GRID; PROVISIONAL_PORTFOLIO_SCENARIO; ENGINEERING_REVIEW_REQUIRED
PORT_GRID_BASE_B13M_EQ20,WHAT-IF PLANNER GRID,BASE,13000000.0,0.2,125a881987e3caeed716a7eace3bcc0c65aac2d6f58d3c00cc4caddcfd637dc3,WHAT-IF PLANNER GRID_BASE_125a881987e3caeed716a7eace3bcc0c65aac2d6f58d3c00cc4caddcfd637dc3,6,False,False,BASE,13000000.0,OPTIMAL,Optimization terminated successfully. (HiGHS Status 7: Optimal),total_present_value_benefit,40,40,12990630.0,9370.0,99.92792307692308,7142550.0,0.54982321873535,3663996809.7875,3651006179.7875,282.04920083071414,697.337681,24,0.6,0.9399567226531739,40,125a881987e3caeed716a7eace3bcc0c65aac2d6f58d3c00cc4caddcfd637dc3,EFFECTIVELY_BINDING_NO_ADDITIONAL_CORRIDOR,SLACK,BUDGET (EFFECTIVELY_BINDING_NO_ADDITIONAL_CORRIDOR),WHAT_IF_PLANNER_GRID; PROVISIONAL_PORTFOLIO_SCENARIO; ENGINEERING_REVIEW_REQUIRED
PORT_GRID_BASE_B13M_EQ25,WHAT-IF PLANNER GRID,BASE,13000000.0,0.25,125a881987e3caeed716a7eace3bcc0c65aac2d6f58d3c00cc4caddcfd637dc3,WHAT-IF PLANNER GRID_BASE_125a881987e3caeed716a7eace3bcc0c65aac2d6f58d3c00cc4caddcfd637dc3,6,False,False,BASE,13000000.0,OPTIMAL,Optimization terminated successfully. (HiGHS Status 7: Optimal),total_present_value_benefit,40,40,12990630.0,9370.0,99.92792307692308,7142550.0,0.54982321873535,3663996809.7875,3651006179.7875,282.04920083071414,697.337681,24,0.6,0.9399567226531739,40,125a881987e3caeed716a7eace3bcc0c65aac2d6f58d3c00cc4caddcfd637dc3,EFFECTIVELY_BINDING_NO_ADDITIONAL_CORRIDOR,SLACK,BUDGET (EFFECTIVELY_BINDING_NO_ADDITIONAL_CORRIDOR),WHAT_IF_PLANNER_GRID; PROVISIONAL_PORTFOLIO_SCENARIO; ENGINEERING_REVIEW_REQUIRED
PORT_GRID_BASE_B13M_EQ30,WHAT-IF PLANNER GRID,BASE,13000000.0,0.3,125a881987e3caeed716a7eace3bcc0c65aac2d6f58d3c00cc4caddcfd637dc3,WHAT-IF PLANNER GRID_BASE_125a881987e3caeed716a7eace3bcc0c65aac2d6f58d3c00cc4caddcfd637dc3,6,False,False,BASE,13000000.0,OPTIMAL,Optimization terminated successfully. (HiGHS Status 7: Optimal),total_present_value_benefit,40,40,12990630.0,9370.0,99.92792307692308,7142550.0,0.54982321873535,3663996809.7875,3651006179.7875,282.04920083071414,697.337681,24,0.6,0.9399567226531739,40,125a881987e3caeed716a7eace3bcc0c65aac2d6f58d3c00cc4caddcfd637dc3,EFFECTIVELY_BINDING_NO_ADDITIONAL_CORRIDOR,SLACK,BUDGET (EFFECTIVELY_BINDING_NO_ADDITIONAL_CORRIDOR),WHAT_IF_PLANNER_GRID; PROVISIONAL_PORTFOLIO_SCENARIO; ENGINEERING_REVIEW_REQUIRED
PORT_GRID_BASE_B13M_EQ35,WHAT-IF PLANNER GRID,BASE,13000000.0,0.35,125a881987e3caeed716a7eace3bcc0c65aac2d6f58d3c00cc4caddcfd637dc3,WHAT-IF PLANNER GRID_BASE_125a881987e3caeed716a7eace3bcc0c65aac2d6f58d3c00cc4caddcfd637dc3,6,False,False,BASE,13000000.0,OPTIMAL,Optimization terminated successfully. (HiGHS Status 7: Optimal),total_present_value_benefit,40,40,12990630.0,9370.0,99.92792307692308,7142550.0,0.54982321873535,3663996809.7875,3651006179.7875,282.04920083071414,697.337681,24,0.6,0.9399567226531739,40,125a881987e3caeed716a7eace3bcc0c65aac2d6f58d3c00cc4caddcfd637dc3,EFFECTIVELY_BINDING_NO_ADDITIONAL_CORRIDOR,SLACK,BUDGET (EFFECTIVELY_BINDING_NO_ADDITIONAL_CORRIDOR),WHAT_IF_PLANNER_GRID; PROVISIONAL_PORTFOLIO_SCENARIO; ENGINEERING_REVIEW_REQUIRED
PORT_GRID_BASE_B13M_EQ40,WHAT-IF PLANNER GRID,BASE,13000000.0,0.4,125a881987e3caeed716a7eace3bcc0c65aac2d6f58d3c00cc4caddcfd637dc3,WHAT-IF PLANNER GRID_BASE_125a881987e3caeed716a7eace3bcc0c65aac2d6f58d3c00cc4caddcfd637dc3,6,False,False,BASE,13000000.0,OPTIMAL,Optimization terminated successfully. (HiGHS Status 7: Optimal),total_present_value_benefit,40,40,12990630.0,9370.0,99.92792307692308,7142550.0,0.54982321873535,3663996809.7875,3651006179.7875,282.04920083071414,697.337681,24,0.6,0.9399567226531739,40,125a881987e3caeed716a7eace3bcc0c65aac2d6f58d3c00cc4caddcfd637dc3,EFFECTIVELY_BINDING_NO_ADDITIONAL_CORRIDOR,SLACK,BUDGET (EFFECTIVELY_BINDING_NO_ADDITIONAL_CORRIDOR),WHAT_IF_PLANNER_GRID; PROVISIONAL_PORTFOLIO_SCENARIO; ENGINEERING_REVIEW_REQUIRED
PORT_GRID_BASE_B14M_EQ15,WHAT-IF PLANNER GRID,BASE,14000000.0,0.15,03338284fb45dc755f30741fea5c2feb604db837e4c118631748cbfa66a69982,WHAT-IF PLANNER GRID_BASE_03338284fb45dc755f30741fea5c2feb604db837e4c118631748cbfa66a69982,6,False,False,BASE,14000000.0,OPTIMAL,Optimization terminated successfully. (HiGHS Status 7: Optimal),total_present_value_benefit,39,39,13986390.0,13610.0,99.90278571428571,7142550.0,0.5106785954059625,3833072833.8934007,3819086443.8934007,274.0573395918032,697.337681,26,0.6666666666666666,0.9635359803351687,39,03338284fb45dc755f30741fea5c2feb604db837e4c118631748cbfa66a69982,EFFECTIVELY_BINDING_NO_ADDITIONAL_CORRIDOR,SLACK,BUDGET (EFFECTIVELY_BINDING_NO_ADDITIONAL_CORRIDOR),WHAT_IF_PLANNER_GRID; PROVISIONAL_PORTFOLIO_SCENARIO; ENGINEERING_REVIEW_REQUIRED
PORT_GRID_BASE_B14M_EQ20,WHAT-IF PLANNER GRID,BASE,14000000.0,0.2,03338284fb45dc755f30741fea5c2feb604db837e4c118631748cbfa66a69982,WHAT-IF PLANNER GRID_BASE_03338284fb45dc755f30741fea5c2feb604db837e4c118631748cbfa66a69982,6,False,False,BASE,14000000.0,OPTIMAL,Optimization terminated successfully. (HiGHS Status 7: Optimal),total_present_value_benefit,39,39,13986390.0,13610.0,99.90278571428571,7142550.0,0.5106785954059625,3833072833.8934007,3819086443.8934007,274.0573395918032,697.337681,26,0.6666666666666666,0.9635359803351687,39,03338284fb45dc755f30741fea5c2feb604db837e4c118631748cbfa66a69982,EFFECTIVELY_BINDING_NO_ADDITIONAL_CORRIDOR,SLACK,BUDGET (EFFECTIVELY_BINDING_NO_ADDITIONAL_CORRIDOR),WHAT_IF_PLANNER_GRID; PROVISIONAL_PORTFOLIO_SCENARIO; ENGINEERING_REVIEW_REQUIRED
PORT_GRID_BASE_B14M_EQ25,WHAT-IF PLANNER GRID,BASE,14000000.0,0.25,03338284fb45dc755f30741fea5c2feb604db837e4c118631748cbfa66a69982,WHAT-IF PLANNER GRID_BASE_03338284fb45dc755f30741fea5c2feb604db837e4c118631748cbfa66a69982,6,False,False,BASE,14000000.0,OPTIMAL,Optimization terminated successfully. (HiGHS Status 7: Optimal),total_present_value_benefit,39,39,13986390.0,13610.0,99.90278571428571,7142550.0,0.5106785954059625,3833072833.8934007,3819086443.8934007,274.0573395918032,697.337681,26,0.6666666666666666,0.9635359803351687,39,03338284fb45dc755f30741fea5c2feb604db837e4c118631748cbfa66a69982,EFFECTIVELY_BINDING_NO_ADDITIONAL_CORRIDOR,SLACK,BUDGET (EFFECTIVELY_BINDING_NO_ADDITIONAL_CORRIDOR),WHAT_IF_PLANNER_GRID; PROVISIONAL_PORTFOLIO_SCENARIO; ENGINEERING_REVIEW_REQUIRED
PORT_GRID_BASE_B14M_EQ30,WHAT-IF PLANNER GRID,BASE,14000000.0,0.3,03338284fb45dc755f30741fea5c2feb604db837e4c118631748cbfa66a69982,WHAT-IF PLANNER GRID_BASE_03338284fb45dc755f30741fea5c2feb604db837e4c118631748cbfa66a69982,6,False,False,BASE,14000000.0,OPTIMAL,Optimization terminated successfully. (HiGHS Status 7: Optimal),total_present_value_benefit,39,39,13986390.0,13610.0,99.90278571428571,7142550.0,0.5106785954059625,3833072833.8934007,3819086443.8934007,274.0573395918032,697.337681,26,0.6666666666666666,0.9635359803351687,39,03338284fb45dc755f30741fea5c2feb604db837e4c118631748cbfa66a69982,EFFECTIVELY_BINDING_NO_ADDITIONAL_CORRIDOR,SLACK,BUDGET (EFFECTIVELY_BINDING_NO_ADDITIONAL_CORRIDOR),WHAT_IF_PLANNER_GRID; PROVISIONAL_PORTFOLIO_SCENARIO; ENGINEERING_REVIEW_REQUIRED
PORT_GRID_BASE_B14M_EQ35,WHAT-IF PLANNER GRID,BASE,14000000.0,0.35,03338284fb45dc755f30741fea5c2feb604db837e4c118631748cbfa66a69982,WHAT-IF PLANNER GRID_BASE_03338284fb45dc755f30741fea5c2feb604db837e4c118631748cbfa66a69982,6,False,False,BASE,14000000.0,OPTIMAL,Optimization terminated successfully. (HiGHS Status 7: Optimal),total_present_value_benefit,39,39,13986390.0,13610.0,99.90278571428571,7142550.0,0.5106785954059625,3833072833.8934007,3819086443.8934007,274.0573395918032,697.337681,26,0.6666666666666666,0.9635359803351687,39,03338284fb45dc755f30741fea5c2feb604db837e4c118631748cbfa66a69982,EFFECTIVELY_BINDING_NO_ADDITIONAL_CORRIDOR,SLACK,BUDGET (EFFECTIVELY_BINDING_NO_ADDITIONAL_CORRIDOR),WHAT_IF_PLANNER_GRID; PROVISIONAL_PORTFOLIO_SCENARIO; ENGINEERING_REVIEW_REQUIRED
PORT_GRID_BASE_B14M_EQ40,WHAT-IF PLANNER GRID,BASE,14000000.0,0.4,03338284fb45dc755f30741fea5c2feb604db837e4c118631748cbfa66a69982,WHAT-IF PLANNER GRID_BASE_03338284fb45dc755f30741fea5c2feb604db837e4c118631748cbfa66a69982,6,False,False,BASE,14000000.0,OPTIMAL,Optimization terminated successfully. (HiGHS Status 7: Optimal),total_present_value_benefit,39,39,13986390.0,13610.0,99.90278571428571,7142550.0,0.5106785954059625,3833072833.8934007,3819086443.8934007,274.0573395918032,697.337681,26,0.6666666666666666,0.9635359803351687,39,03338284fb45dc755f30741fea5c2feb604db837e4c118631748cbfa66a69982,EFFECTIVELY_BINDING_NO_ADDITIONAL_CORRIDOR,SLACK,BUDGET (EFFECTIVELY_BINDING_NO_ADDITIONAL_CORRIDOR),WHAT_IF_PLANNER_GRID; PROVISIONAL_PORTFOLIO_SCENARIO; ENGINEERING_REVIEW_REQUIRED
PORT_GRID_BASE_B15M_EQ15,WHAT-IF PLANNER GRID,BASE,15000000.0,0.15,d34071216751b3ee5a404bb1523af0b5e1387b094eecfba983b9b357c722cde1,WHAT-IF PLANNER GRID_BASE_d34071216751b3ee5a404bb1523af0b5e1387b094eecfba983b9b357c722cde1,6,False,False,BASE,15000000.0,OPTIMAL,Optimization terminated successfully. (HiGHS Status 7: Optimal),total_present_value_benefit,39,39,14988510.0,11490.0,99.9234,7097550.0,0.4735327260681682,4003734895.7021003,3988746385.7021003,267.12027384323727,697.337681,27,0.6923076923076923,0.969977002383826,39,d34071216751b3ee5a404bb1523af0b5e1387b094eecfba983b9b357c722cde1,EFFECTIVELY_BINDING_NO_ADDITIONAL_CORRIDOR,SLACK,BUDGET (EFFECTIVELY_BINDING_NO_ADDITIONAL_CORRIDOR),WHAT_IF_PLANNER_GRID; PROVISIONAL_PORTFOLIO_SCENARIO; ENGINEERING_REVIEW_REQUIRED
PORT_GRID_BASE_B15M_EQ20,WHAT-IF PLANNER GRID,BASE,15000000.0,0.2,d34071216751b3ee5a404bb1523af0b5e1387b094eecfba983b9b357c722cde1,WHAT-IF PLANNER GRID_BASE_d34071216751b3ee5a404bb1523af0b5e1387b094eecfba983b9b357c722cde1,6,False,False,BASE,15000000.0,OPTIMAL,Optimization terminated successfully. (HiGHS Status 7: Optimal),total_present_value_benefit,39,39,14988510.0,11490.0,99.9234,7097550.0,0.4735327260681682,4003734895.7021003,3988746385.7021003,267.12027384323727,697.337681,27,0.6923076923076923,0.969977002383826,39,d34071216751b3ee5a404bb1523af0b5e1387b094eecfba983b9b357c722cde1,EFFECTIVELY_BINDING_NO_ADDITIONAL_CORRIDOR,SLACK,BUDGET (EFFECTIVELY_BINDING_NO_ADDITIONAL_CORRIDOR),WHAT_IF_PLANNER_GRID; PROVISIONAL_PORTFOLIO_SCENARIO; ENGINEERING_REVIEW_REQUIRED
PORT_GRID_BASE_B15M_EQ25,WHAT-IF PLANNER GRID,BASE,15000000.0,0.25,d34071216751b3ee5a404bb1523af0b5e1387b094eecfba983b9b357c722cde1,WHAT-IF PLANNER GRID_BASE_d34071216751b3ee5a404bb1523af0b5e1387b094eecfba983b9b357c722cde1,6,False,False,BASE,15000000.0,OPTIMAL,Optimization terminated successfully. (HiGHS Status 7: Optimal),total_present_value_benefit,39,39,14988510.0,11490.0,99.9234,7097550.0,0.4735327260681682,4003734895.7021003,3988746385.7021003,267.12027384323727,697.337681,27,0.6923076923076923,0.969977002383826,39,d34071216751b3ee5a404bb1523af0b5e1387b094eecfba983b9b357c722cde1,EFFECTIVELY_BINDING_NO_ADDITIONAL_CORRIDOR,SLACK,BUDGET (EFFECTIVELY_BINDING_NO_ADDITIONAL_CORRIDOR),WHAT_IF_PLANNER_GRID; PROVISIONAL_PORTFOLIO_SCENARIO; ENGINEERING_REVIEW_REQUIRED
PORT_GRID_BASE_B15M_EQ30,WHAT-IF PLANNER GRID,BASE,15000000.0,0.3,d34071216751b3ee5a404bb1523af0b5e1387b094eecfba983b9b357c722cde1,WHAT-IF PLANNER GRID_BASE_d34071216751b3ee5a404bb1523af0b5e1387b094eecfba983b9b357c722cde1,6,False,False,BASE,15000000.0,OPTIMAL,Optimization terminated successfully. (HiGHS Status 7: Optimal),total_present_value_benefit,39,39,14988510.0,11490.0,99.9234,7097550.0,0.4735327260681682,4003734895.7021003,3988746385.7021003,267.12027384323727,697.337681,27,0.6923076923076923,0.969977002383826,39,d34071216751b3ee5a404bb1523af0b5e1387b094eecfba983b9b357c722cde1,EFFECTIVELY_BINDING_NO_ADDITIONAL_CORRIDOR,SLACK,BUDGET (EFFECTIVELY_BINDING_NO_ADDITIONAL_CORRIDOR),WHAT_IF_PLANNER_GRID; PROVISIONAL_PORTFOLIO_SCENARIO; ENGINEERING_REVIEW_REQUIRED
PORT_GRID_BASE_B15M_EQ35,WHAT-IF PLANNER GRID,BASE,15000000.0,0.35,d34071216751b3ee5a404bb1523af0b5e1387b094eecfba983b9b357c722cde1,WHAT-IF PLANNER GRID_BASE_d34071216751b3ee5a404bb1523af0b5e1387b094eecfba983b9b357c722cde1,6,False,False,BASE,15000000.0,OPTIMAL,Optimization terminated successfully. (HiGHS Status 7: Optimal),total_present_value_benefit,39,39,14988510.0,11490.0,99.9234,7097550.0,0.4735327260681682,4003734895.7021003,3988746385.7021003,267.12027384323727,697.337681,27,0.6923076923076923,0.969977002383826,39,d34071216751b3ee5a404bb1523af0b5e1387b094eecfba983b9b357c722cde1,EFFECTIVELY_BINDING_NO_ADDITIONAL_CORRIDOR,SLACK,BUDGET (EFFECTIVELY_BINDING_NO_ADDITIONAL_CORRIDOR),WHAT_IF_PLANNER_GRID; PROVISIONAL_PORTFOLIO_SCENARIO; ENGINEERING_REVIEW_REQUIRED
PORT_GRID_BASE_B15M_EQ40,WHAT-IF PLANNER GRID,BASE,15000000.0,0.4,d34071216751b3ee5a404bb1523af0b5e1387b094eecfba983b9b357c722cde1,WHAT-IF PLANNER GRID_BASE_d34071216751b3ee5a404bb1523af0b5e1387b094eecfba983b9b357c722cde1,6,False,False,BASE,15000000.0,OPTIMAL,Optimization terminated successfully. (HiGHS Status 7: Optimal),total_present_value_benefit,39,39,14988510.0,11490.0,99.9234,7097550.0,0.4735327260681682,4003734895.7021003,3988746385.7021003,267.12027384323727,697.337681,27,0.6923076923076923,0.969977002383826,39,d34071216751b3ee5a404bb1523af0b5e1387b094eecfba983b9b357c722cde1,EFFECTIVELY_BINDING_NO_ADDITIONAL_CORRIDOR,SLACK,BUDGET (EFFECTIVELY_BINDING_NO_ADDITIONAL_CORRIDOR),WHAT_IF_PLANNER_GRID; PROVISIONAL_PORTFOLIO_SCENARIO; ENGINEERING_REVIEW_REQUIRED
PORT_GRID_BASE_B16M_EQ15,WHAT-IF PLANNER GRID,BASE,16000000.0,0.15,142fb32ac884586b41b0c5991b4cda79fe89a614f791a2e37658b9255f23ef30,WHAT-IF PLANNER GRID_BASE_142fb32ac884586b41b0c5991b4cda79fe89a614f791a2e37658b9255f23ef30,6,False,False,BASE,16000000.0,OPTIMAL,Optimization terminated successfully. (HiGHS Status 7: Optimal),total_present_value_benefit,43,43,15951270.0,48730.0,99.6954375,7571850.0,0.47468634158910233,4159449678.8711004,4143498408.8711004,260.7597814387883,697.337681,29,0.6744186046511628,0.96144507616008,43,142fb32ac884586b41b0c5991b4cda79fe89a614f791a2e37658b9255f23ef30,NONBINDING_CORRIDOR_CEILING,SLACK,NONE (NONBINDING_CORRIDOR_CEILING),WHAT_IF_PLANNER_GRID; PROVISIONAL_PORTFOLIO_SCENARIO; ENGINEERING_REVIEW_REQUIRED
PORT_GRID_BASE_B16M_EQ20,WHAT-IF PLANNER GRID,BASE,16000000.0,0.2,142fb32ac884586b41b0c5991b4cda79fe89a614f791a2e37658b9255f23ef30,WHAT-IF PLANNER GRID_BASE_142fb32ac884586b41b0c5991b4cda79fe89a614f791a2e37658b9255f23ef30,6,False,False,BASE,16000000.0,OPTIMAL,Optimization terminated successfully. (HiGHS Status 7: Optimal),total_present_value_benefit,43,43,15951270.0,48730.0,99.6954375,7571850.0,0.47468634158910233,4159449678.8711004,4143498408.8711004,260.7597814387883,697.337681,29,0.6744186046511628,0.96144507616008,43,142fb32ac884586b41b0c5991b4cda79fe89a614f791a2e37658b9255f23ef30,NONBINDING_CORRIDOR_CEILING,SLACK,NONE (NONBINDING_CORRIDOR_CEILING),WHAT_IF_PLANNER_GRID; PROVISIONAL_PORTFOLIO_SCENARIO; ENGINEERING_REVIEW_REQUIRED
PORT_GRID_BASE_B16M_EQ25,WHAT-IF PLANNER GRID,BASE,16000000.0,0.25,142fb32ac884586b41b0c5991b4cda79fe89a614f791a2e37658b9255f23ef30,WHAT-IF PLANNER GRID_BASE_142fb32ac884586b41b0c5991b4cda79fe89a614f791a2e37658b9255f23ef30,6,False,False,BASE,16000000.0,OPTIMAL,Optimization terminated successfully. (HiGHS Status 7: Optimal),total_present_value_benefit,43,43,15951270.0,48730.0,99.6954375,7571850.0,0.47468634158910233,4159449678.8711004,4143498408.8711004,260.7597814387883,697.337681,29,0.6744186046511628,0.96144507616008,43,142fb32ac884586b41b0c5991b4cda79fe89a614f791a2e37658b9255f23ef30,NONBINDING_CORRIDOR_CEILING,SLACK,NONE (NONBINDING_CORRIDOR_CEILING),WHAT_IF_PLANNER_GRID; PROVISIONAL_PORTFOLIO_SCENARIO; ENGINEERING_REVIEW_REQUIRED
PORT_GRID_BASE_B16M_EQ30,WHAT-IF PLANNER GRID,BASE,16000000.0,0.3,142fb32ac884586b41b0c5991b4cda79fe89a614f791a2e37658b9255f23ef30,WHAT-IF PLANNER GRID_BASE_142fb32ac884586b41b0c5991b4cda79fe89a614f791a2e37658b9255f23ef30,6,False,False,BASE,16000000.0,OPTIMAL,Optimization terminated successfully. (HiGHS Status 7: Optimal),total_present_value_benefit,43,43,15951270.0,48730.0,99.6954375,7571850.0,0.47468634158910233,4159449678.8711004,4143498408.8711004,260.7597814387883,697.337681,29,0.6744186046511628,0.96144507616008,43,142fb32ac884586b41b0c5991b4cda79fe89a614f791a2e37658b9255f23ef30,NONBINDING_CORRIDOR_CEILING,SLACK,NONE (NONBINDING_CORRIDOR_CEILING),WHAT_IF_PLANNER_GRID; PROVISIONAL_PORTFOLIO_SCENARIO; ENGINEERING_REVIEW_REQUIRED
PORT_GRID_BASE_B16M_EQ35,WHAT-IF PLANNER GRID,BASE,16000000.0,0.35,142fb32ac884586b41b0c5991b4cda79fe89a614f791a2e37658b9255f23ef30,WHAT-IF PLANNER GRID_BASE_142fb32ac884586b41b0c5991b4cda79fe89a614f791a2e37658b9255f23ef30,6,False,False,BASE,16000000.0,OPTIMAL,Optimization terminated successfully. (HiGHS Status 7: Optimal),total_present_value_benefit,43,43,15951270.0,48730.0,99.6954375,7571850.0,0.47468634158910233,4159449678.8711004,4143498408.8711004,260.7597814387883,697.337681,29,0.6744186046511628,0.96144507616008,43,142fb32ac884586b41b0c5991b4cda79fe89a614f791a2e37658b9255f23ef30,NONBINDING_CORRIDOR_CEILING,SLACK,NONE (NONBINDING_CORRIDOR_CEILING),WHAT_IF_PLANNER_GRID; PROVISIONAL_PORTFOLIO_SCENARIO; ENGINEERING_REVIEW_REQUIRED
PORT_GRID_BASE_B16M_EQ40,WHAT-IF PLANNER GRID,BASE,16000000.0,0.4,142fb32ac884586b41b0c5991b4cda79fe89a614f791a2e37658b9255f23ef30,WHAT-IF PLANNER GRID_BASE_142fb32ac884586b41b0c5991b4cda79fe89a614f791a2e37658b9255f23ef30,6,False,False,BASE,16000000.0,OPTIMAL,Optimization terminated successfully. (HiGHS Status 7: Optimal),total_present_value_benefit,43,43,15951270.0,48730.0,99.6954375,7571850.0,0.47468634158910233,4159449678.8711004,4143498408.8711004,260.7597814387883,697.337681,29,0.6744186046511628,0.96144507616008,43,142fb32ac884586b41b0c5991b4cda79fe89a614f791a2e37658b9255f23ef30,NONBINDING_CORRIDOR_CEILING,SLACK,NONE (NONBINDING_CORRIDOR_CEILING),WHAT_IF_PLANNER_GRID; PROVISIONAL_PORTFOLIO_SCENARIO; ENGINEERING_REVIEW_REQUIRED
PORT_GRID_BASE_B17M_EQ15,WHAT-IF PLANNER GRID,BASE,17000000.0,0.15,00dfc7eb4c1cf1d3f9e9a96fc38a4c56ae233137707cedb53ed3d286f6815f49,WHAT-IF PLANNER GRID_BASE_00dfc7eb4c1cf1d3f9e9a96fc38a4c56ae233137707cedb53ed3d286f6815f49,6,False,False,BASE,17000000.0,OPTIMAL,Optimization terminated successfully. (HiGHS Status 7: Optimal),total_present_value_benefit,43,43,16811040.0,188960.0,98.8884705882353,7936440.0,0.4720969077463381,4268978841.7723002,4252167801.7723002,253.93900923276016,697.337681,30,0.6976744186046512,0.96877052222825,43,00dfc7eb4c1cf1d3f9e9a96fc38a4c56ae233137707cedb53ed3d286f6815f49,NONBINDING_CORRIDOR_CEILING,SLACK,NONE (NONBINDING_CORRIDOR_CEILING),WHAT_IF_PLANNER_GRID; PROVISIONAL_PORTFOLIO_SCENARIO; ENGINEERING_REVIEW_REQUIRED
PORT_GRID_BASE_B17M_EQ20,WHAT-IF PLANNER GRID,BASE,17000000.0,0.2,00dfc7eb4c1cf1d3f9e9a96fc38a4c56ae233137707cedb53ed3d286f6815f49,WHAT-IF PLANNER GRID_BASE_00dfc7eb4c1cf1d3f9e9a96fc38a4c56ae233137707cedb53ed3d286f6815f49,6,False,False,BASE,17000000.0,OPTIMAL,Optimization terminated successfully. (HiGHS Status 7: Optimal),total_present_value_benefit,43,43,16811040.0,188960.0,98.8884705882353,7936440.0,0.4720969077463381,4268978841.7723002,4252167801.7723002,253.93900923276016,697.337681,30,0.6976744186046512,0.96877052222825,43,00dfc7eb4c1cf1d3f9e9a96fc38a4c56ae233137707cedb53ed3d286f6815f49,NONBINDING_CORRIDOR_CEILING,SLACK,NONE (NONBINDING_CORRIDOR_CEILING),WHAT_IF_PLANNER_GRID; PROVISIONAL_PORTFOLIO_SCENARIO; ENGINEERING_REVIEW_REQUIRED
PORT_GRID_BASE_B17M_EQ25,WHAT-IF PLANNER GRID,BASE,17000000.0,0.25,00dfc7eb4c1cf1d3f9e9a96fc38a4c56ae233137707cedb53ed3d286f6815f49,WHAT-IF PLANNER GRID_BASE_00dfc7eb4c1cf1d3f9e9a96fc38a4c56ae233137707cedb53ed3d286f6815f49,6,False,False,BASE,17000000.0,OPTIMAL,Optimization terminated successfully. (HiGHS Status 7: Optimal),total_present_value_benefit,43,43,16811040.0,188960.0,98.8884705882353,7936440.0,0.4720969077463381,4268978841.7723002,4252167801.7723002,253.93900923276016,697.337681,30,0.6976744186046512,0.96877052222825,43,00dfc7eb4c1cf1d3f9e9a96fc38a4c56ae233137707cedb53ed3d286f6815f49,NONBINDING_CORRIDOR_CEILING,SLACK,NONE (NONBINDING_CORRIDOR_CEILING),WHAT_IF_PLANNER_GRID; PROVISIONAL_PORTFOLIO_SCENARIO; ENGINEERING_REVIEW_REQUIRED
PORT_GRID_BASE_B17M_EQ30,WHAT-IF PLANNER GRID,BASE,17000000.0,0.3,00dfc7eb4c1cf1d3f9e9a96fc38a4c56ae233137707cedb53ed3d286f6815f49,WHAT-IF PLANNER GRID_BASE_00dfc7eb4c1cf1d3f9e9a96fc38a4c56ae233137707cedb53ed3d286f6815f49,6,False,False,BASE,17000000.0,OPTIMAL,Optimization terminated successfully. (HiGHS Status 7: Optimal),total_present_value_benefit,43,43,16811040.0,188960.0,98.8884705882353,7936440.0,0.4720969077463381,4268978841.7723002,4252167801.7723002,253.93900923276016,697.337681,30,0.6976744186046512,0.96877052222825,43,00dfc7eb4c1cf1d3f9e9a96fc38a4c56ae233137707cedb53ed3d286f6815f49,NONBINDING_CORRIDOR_CEILING,SLACK,NONE (NONBINDING_CORRIDOR_CEILING),WHAT_IF_PLANNER_GRID; PROVISIONAL_PORTFOLIO_SCENARIO; ENGINEERING_REVIEW_REQUIRED
PORT_GRID_BASE_B17M_EQ35,WHAT-IF PLANNER GRID,BASE,17000000.0,0.35,00dfc7eb4c1cf1d3f9e9a96fc38a4c56ae233137707cedb53ed3d286f6815f49,WHAT-IF PLANNER GRID_BASE_00dfc7eb4c1cf1d3f9e9a96fc38a4c56ae233137707cedb53ed3d286f6815f49,6,False,False,BASE,17000000.0,OPTIMAL,Optimization terminated successfully. (HiGHS Status 7: Optimal),total_present_value_benefit,43,43,16811040.0,188960.0,98.8884705882353,7936440.0,0.4720969077463381,4268978841.7723002,4252167801.7723002,253.93900923276016,697.337681,30,0.6976744186046512,0.96877052222825,43,00dfc7eb4c1cf1d3f9e9a96fc38a4c56ae233137707cedb53ed3d286f6815f49,NONBINDING_CORRIDOR_CEILING,SLACK,NONE (NONBINDING_CORRIDOR_CEILING),WHAT_IF_PLANNER_GRID; PROVISIONAL_PORTFOLIO_SCENARIO; ENGINEERING_REVIEW_REQUIRED
PORT_GRID_BASE_B17M_EQ40,WHAT-IF PLANNER GRID,BASE,17000000.0,0.4,00dfc7eb4c1cf1d3f9e9a96fc38a4c56ae233137707cedb53ed3d286f6815f49,WHAT-IF PLANNER GRID_BASE_00dfc7eb4c1cf1d3f9e9a96fc38a4c56ae233137707cedb53ed3d286f6815f49,6,False,False,BASE,17000000.0,OPTIMAL,Optimization terminated successfully. (HiGHS Status 7: Optimal),total_present_value_benefit,43,43,16811040.0,188960.0,98.8884705882353,7936440.0,0.4720969077463381,4268978841.7723002,4252167801.7723002,253.93900923276016,697.337681,30,0.6976744186046512,0.96877052222825,43,00dfc7eb4c1cf1d3f9e9a96fc38a4c56ae233137707cedb53ed3d286f6815f49,NONBINDING_CORRIDOR_CEILING,SLACK,NONE (NONBINDING_CORRIDOR_CEILING),WHAT_IF_PLANNER_GRID; PROVISIONAL_PORTFOLIO_SCENARIO; ENGINEERING_REVIEW_REQUIRED
PORT_GRID_BASE_B18M_EQ15,WHAT-IF PLANNER GRID,BASE,18000000.0,0.15,1af3f391bd2e923dc1e379091d1aaf97791d8bde0d9ccae0be1d6e93245cc551,WHAT-IF PLANNER GRID_BASE_1af3f391bd2e923dc1e379091d1aaf97791d8bde0d9ccae0be1d6e93245cc551,60,False,False,BASE,18000000.0,OPTIMAL,Optimization terminated successfully. (HiGHS Status 7: Optimal),total_present_value_benefit,43,43,17564580.0,435420.0,97.58099999999999,7936440.0,0.4518434258035205,4341292021.994201,4323727441.994201,247.16173241797986,697.337681,30,0.6976744186046512,0.9752342498368877,43,1af3f391bd2e923dc1e379091d1aaf97791d8bde0d9ccae0be1d6e93245cc551,NONBINDING_CORRIDOR_CEILING,SLACK,NONE (NONBINDING_CORRIDOR_CEILING),WHAT_IF_PLANNER_GRID; PROVISIONAL_PORTFOLIO_SCENARIO; ENGINEERING_REVIEW_REQUIRED
PORT_GRID_BASE_B18M_EQ20,WHAT-IF PLANNER GRID,BASE,18000000.0,0.2,1af3f391bd2e923dc1e379091d1aaf97791d8bde0d9ccae0be1d6e93245cc551,WHAT-IF PLANNER GRID_BASE_1af3f391bd2e923dc1e379091d1aaf97791d8bde0d9ccae0be1d6e93245cc551,60,False,False,BASE,18000000.0,OPTIMAL,Optimization terminated successfully. (HiGHS Status 7: Optimal),total_present_value_benefit,43,43,17564580.0,435420.0,97.58099999999999,7936440.0,0.4518434258035205,4341292021.994201,4323727441.994201,247.16173241797986,697.337681,30,0.6976744186046512,0.9752342498368877,43,1af3f391bd2e923dc1e379091d1aaf97791d8bde0d9ccae0be1d6e93245cc551,NONBINDING_CORRIDOR_CEILING,SLACK,NONE (NONBINDING_CORRIDOR_CEILING),WHAT_IF_PLANNER_GRID; PROVISIONAL_PORTFOLIO_SCENARIO; ENGINEERING_REVIEW_REQUIRED
PORT_GRID_BASE_B18M_EQ25,WHAT-IF PLANNER GRID,BASE,18000000.0,0.25,1af3f391bd2e923dc1e379091d1aaf97791d8bde0d9ccae0be1d6e93245cc551,WHAT-IF PLANNER GRID_BASE_1af3f391bd2e923dc1e379091d1aaf97791d8bde0d9ccae0be1d6e93245cc551,60,False,False,BASE,18000000.0,OPTIMAL,Optimization terminated successfully. (HiGHS Status 7: Optimal),total_present_value_benefit,43,43,17564580.0,435420.0,97.58099999999999,7936440.0,0.4518434258035205,4341292021.994201,4323727441.994201,247.16173241797986,697.337681,30,0.6976744186046512,0.9752342498368877,43,1af3f391bd2e923dc1e379091d1aaf97791d8bde0d9ccae0be1d6e93245cc551,NONBINDING_CORRIDOR_CEILING,SLACK,NONE (NONBINDING_CORRIDOR_CEILING),WHAT_IF_PLANNER_GRID; PROVISIONAL_PORTFOLIO_SCENARIO; ENGINEERING_REVIEW_REQUIRED
PORT_GRID_BASE_B18M_EQ30,WHAT-IF PLANNER GRID,BASE,18000000.0,0.3,1af3f391bd2e923dc1e379091d1aaf97791d8bde0d9ccae0be1d6e93245cc551,WHAT-IF PLANNER GRID_BASE_1af3f391bd2e923dc1e379091d1aaf97791d8bde0d9ccae0be1d6e93245cc551,60,False,False,BASE,18000000.0,OPTIMAL,Optimization terminated successfully. (HiGHS Status 7: Optimal),total_present_value_benefit,43,43,17564580.0,435420.0,97.58099999999999,7936440.0,0.4518434258035205,4341292021.994201,4323727441.994201,247.16173241797986,697.337681,30,0.6976744186046512,0.9752342498368877,43,1af3f391bd2e923dc1e379091d1aaf97791d8bde0d9ccae0be1d6e93245cc551,NONBINDING_CORRIDOR_CEILING,SLACK,NONE (NONBINDING_CORRIDOR_CEILING),WHAT_IF_PLANNER_GRID; PROVISIONAL_PORTFOLIO_SCENARIO; ENGINEERING_REVIEW_REQUIRED
PORT_GRID_BASE_B18M_EQ35,WHAT-IF PLANNER GRID,BASE,18000000.0,0.35,1af3f391bd2e923dc1e379091d1aaf97791d8bde0d9ccae0be1d6e93245cc551,WHAT-IF PLANNER GRID_BASE_1af3f391bd2e923dc1e379091d1aaf97791d8bde0d9ccae0be1d6e93245cc551,60,False,False,BASE,18000000.0,OPTIMAL,Optimization terminated successfully. (HiGHS Status 7: Optimal),total_present_value_benefit,43,43,17564580.0,435420.0,97.58099999999999,7936440.0,0.4518434258035205,4341292021.994201,4323727441.994201,247.16173241797986,697.337681,30,0.6976744186046512,0.9752342498368877,43,1af3f391bd2e923dc1e379091d1aaf97791d8bde0d9ccae0be1d6e93245cc551,NONBINDING_CORRIDOR_CEILING,SLACK,NONE (NONBINDING_CORRIDOR_CEILING),WHAT_IF_PLANNER_GRID; PROVISIONAL_PORTFOLIO_SCENARIO; ENGINEERING_REVIEW_REQUIRED
PORT_GRID_BASE_B18M_EQ40,WHAT-IF PLANNER GRID,BASE,18000000.0,0.4,1af3f391bd2e923dc1e379091d1aaf97791d8bde0d9ccae0be1d6e93245cc551,WHAT-IF PLANNER GRID_BASE_1af3f391bd2e923dc1e379091d1aaf97791d8bde0d9ccae0be1d6e93245cc551,60,False,False,BASE,18000000.0,OPTIMAL,Optimization terminated successfully. (HiGHS Status 7: Optimal),total_present_value_benefit,43,43,17564580.0,435420.0,97.58099999999999,7936440.0,0.4518434258035205,4341292021.994201,4323727441.994201,247.16173241797986,697.337681,30,0.6976744186046512,0.9752342498368877,43,1af3f391bd2e923dc1e379091d1aaf97791d8bde0d9ccae0be1d6e93245cc551,NONBINDING_CORRIDOR_CEILING,SLACK,NONE (NONBINDING_CORRIDOR_CEILING),WHAT_IF_PLANNER_GRID; PROVISIONAL_PORTFOLIO_SCENARIO; ENGINEERING_REVIEW_REQUIRED
PORT_GRID_BASE_B19M_EQ15,WHAT-IF PLANNER GRID,BASE,19000000.0,0.15,1af3f391bd2e923dc1e379091d1aaf97791d8bde0d9ccae0be1d6e93245cc551,WHAT-IF PLANNER GRID_BASE_1af3f391bd2e923dc1e379091d1aaf97791d8bde0d9ccae0be1d6e93245cc551,60,False,False,BASE,19000000.0,OPTIMAL,Optimization terminated successfully. (HiGHS Status 7: Optimal),total_present_value_benefit,43,43,17564580.0,1435420.0,92.44515789473684,7936440.0,0.4518434258035205,4341292021.994201,4323727441.994201,247.16173241797986,697.337681,30,0.6976744186046512,0.9752342498368877,43,1af3f391bd2e923dc1e379091d1aaf97791d8bde0d9ccae0be1d6e93245cc551,NONBINDING_CORRIDOR_CEILING,SLACK,NONE (NONBINDING_CORRIDOR_CEILING),WHAT_IF_PLANNER_GRID; PROVISIONAL_PORTFOLIO_SCENARIO; ENGINEERING_REVIEW_REQUIRED
PORT_GRID_BASE_B19M_EQ20,WHAT-IF PLANNER GRID,BASE,19000000.0,0.2,1af3f391bd2e923dc1e379091d1aaf97791d8bde0d9ccae0be1d6e93245cc551,WHAT-IF PLANNER GRID_BASE_1af3f391bd2e923dc1e379091d1aaf97791d8bde0d9ccae0be1d6e93245cc551,60,False,False,BASE,19000000.0,OPTIMAL,Optimization terminated successfully. (HiGHS Status 7: Optimal),total_present_value_benefit,43,43,17564580.0,1435420.0,92.44515789473684,7936440.0,0.4518434258035205,4341292021.994201,4323727441.994201,247.16173241797986,697.337681,30,0.6976744186046512,0.9752342498368877,43,1af3f391bd2e923dc1e379091d1aaf97791d8bde0d9ccae0be1d6e93245cc551,NONBINDING_CORRIDOR_CEILING,SLACK,NONE (NONBINDING_CORRIDOR_CEILING),WHAT_IF_PLANNER_GRID; PROVISIONAL_PORTFOLIO_SCENARIO; ENGINEERING_REVIEW_REQUIRED
PORT_GRID_BASE_B19M_EQ25,WHAT-IF PLANNER GRID,BASE,19000000.0,0.25,1af3f391bd2e923dc1e379091d1aaf97791d8bde0d9ccae0be1d6e93245cc551,WHAT-IF PLANNER GRID_BASE_1af3f391bd2e923dc1e379091d1aaf97791d8bde0d9ccae0be1d6e93245cc551,60,False,False,BASE,19000000.0,OPTIMAL,Optimization terminated successfully. (HiGHS Status 7: Optimal),total_present_value_benefit,43,43,17564580.0,1435420.0,92.44515789473684,7936440.0,0.4518434258035205,4341292021.994201,4323727441.994201,247.16173241797986,697.337681,30,0.6976744186046512,0.9752342498368877,43,1af3f391bd2e923dc1e379091d1aaf97791d8bde0d9ccae0be1d6e93245cc551,NONBINDING_CORRIDOR_CEILING,SLACK,NONE (NONBINDING_CORRIDOR_CEILING),WHAT_IF_PLANNER_GRID; PROVISIONAL_PORTFOLIO_SCENARIO; ENGINEERING_REVIEW_REQUIRED
PORT_GRID_BASE_B19M_EQ30,WHAT-IF PLANNER GRID,BASE,19000000.0,0.3,1af3f391bd2e923dc1e379091d1aaf97791d8bde0d9ccae0be1d6e93245cc551,WHAT-IF PLANNER GRID_BASE_1af3f391bd2e923dc1e379091d1aaf97791d8bde0d9ccae0be1d6e93245cc551,60,False,False,BASE,19000000.0,OPTIMAL,Optimization terminated successfully. (HiGHS Status 7: Optimal),total_present_value_benefit,43,43,17564580.0,1435420.0,92.44515789473684,7936440.0,0.4518434258035205,4341292021.994201,4323727441.994201,247.16173241797986,697.337681,30,0.6976744186046512,0.9752342498368877,43,1af3f391bd2e923dc1e379091d1aaf97791d8bde0d9ccae0be1d6e93245cc551,NONBINDING_CORRIDOR_CEILING,SLACK,NONE (NONBINDING_CORRIDOR_CEILING),WHAT_IF_PLANNER_GRID; PROVISIONAL_PORTFOLIO_SCENARIO; ENGINEERING_REVIEW_REQUIRED
PORT_GRID_BASE_B19M_EQ35,WHAT-IF PLANNER GRID,BASE,19000000.0,0.35,1af3f391bd2e923dc1e379091d1aaf97791d8bde0d9ccae0be1d6e93245cc551,WHAT-IF PLANNER GRID_BASE_1af3f391bd2e923dc1e379091d1aaf97791d8bde0d9ccae0be1d6e93245cc551,60,False,False,BASE,19000000.0,OPTIMAL,Optimization terminated successfully. (HiGHS Status 7: Optimal),total_present_value_benefit,43,43,17564580.0,1435420.0,92.44515789473684,7936440.0,0.4518434258035205,4341292021.994201,4323727441.994201,247.16173241797986,697.337681,30,0.6976744186046512,0.9752342498368877,43,1af3f391bd2e923dc1e379091d1aaf97791d8bde0d9ccae0be1d6e93245cc551,NONBINDING_CORRIDOR_CEILING,SLACK,NONE (NONBINDING_CORRIDOR_CEILING),WHAT_IF_PLANNER_GRID; PROVISIONAL_PORTFOLIO_SCENARIO; ENGINEERING_REVIEW_REQUIRED
PORT_GRID_BASE_B19M_EQ40,WHAT-IF PLANNER GRID,BASE,19000000.0,0.4,1af3f391bd2e923dc1e379091d1aaf97791d8bde0d9ccae0be1d6e93245cc551,WHAT-IF PLANNER GRID_BASE_1af3f391bd2e923dc1e379091d1aaf97791d8bde0d9ccae0be1d6e93245cc551,60,False,False,BASE,19000000.0,OPTIMAL,Optimization terminated successfully. (HiGHS Status 7: Optimal),total_present_value_benefit,43,43,17564580.0,1435420.0,92.44515789473684,7936440.0,0.4518434258035205,4341292021.994201,4323727441.994201,247.16173241797986,697.337681,30,0.6976744186046512,0.9752342498368877,43,1af3f391bd2e923dc1e379091d1aaf97791d8bde0d9ccae0be1d6e93245cc551,NONBINDING_CORRIDOR_CEILING,SLACK,NONE (NONBINDING_CORRIDOR_CEILING),WHAT_IF_PLANNER_GRID; PROVISIONAL_PORTFOLIO_SCENARIO; ENGINEERING_REVIEW_REQUIRED
PORT_GRID_BASE_B20M_EQ15,WHAT-IF PLANNER GRID,BASE,20000000.0,0.15,1af3f391bd2e923dc1e379091d1aaf97791d8bde0d9ccae0be1d6e93245cc551,WHAT-IF PLANNER GRID_BASE_1af3f391bd2e923dc1e379091d1aaf97791d8bde0d9ccae0be1d6e93245cc551,60,False,False,BASE,20000000.0,OPTIMAL,Optimization terminated successfully. (HiGHS Status 7: Optimal),total_present_value_benefit,43,43,17564580.0,2435420.0,87.8229,7936440.0,0.4518434258035205,4341292021.994201,4323727441.994201,247.16173241797986,697.337681,30,0.6976744186046512,0.9752342498368877,43,1af3f391bd2e923dc1e379091d1aaf97791d8bde0d9ccae0be1d6e93245cc551,NONBINDING_CORRIDOR_CEILING,SLACK,NONE (NONBINDING_CORRIDOR_CEILING),WHAT_IF_PLANNER_GRID; PROVISIONAL_PORTFOLIO_SCENARIO; ENGINEERING_REVIEW_REQUIRED
PORT_GRID_BASE_B20M_EQ20,WHAT-IF PLANNER GRID,BASE,20000000.0,0.2,1af3f391bd2e923dc1e379091d1aaf97791d8bde0d9ccae0be1d6e93245cc551,WHAT-IF PLANNER GRID_BASE_1af3f391bd2e923dc1e379091d1aaf97791d8bde0d9ccae0be1d6e93245cc551,60,False,False,BASE,20000000.0,OPTIMAL,Optimization terminated successfully. (HiGHS Status 7: Optimal),total_present_value_benefit,43,43,17564580.0,2435420.0,87.8229,7936440.0,0.4518434258035205,4341292021.994201,4323727441.994201,247.16173241797986,697.337681,30,0.6976744186046512,0.9752342498368877,43,1af3f391bd2e923dc1e379091d1aaf97791d8bde0d9ccae0be1d6e93245cc551,NONBINDING_CORRIDOR_CEILING,SLACK,NONE (NONBINDING_CORRIDOR_CEILING),WHAT_IF_PLANNER_GRID; PROVISIONAL_PORTFOLIO_SCENARIO; ENGINEERING_REVIEW_REQUIRED
PORT_GRID_BASE_B20M_EQ25,WHAT-IF PLANNER GRID,BASE,20000000.0,0.25,1af3f391bd2e923dc1e379091d1aaf97791d8bde0d9ccae0be1d6e93245cc551,WHAT-IF PLANNER GRID_BASE_1af3f391bd2e923dc1e379091d1aaf97791d8bde0d9ccae0be1d6e93245cc551,60,False,False,BASE,20000000.0,OPTIMAL,Optimization terminated successfully. (HiGHS Status 7: Optimal),total_present_value_benefit,43,43,17564580.0,2435420.0,87.8229,7936440.0,0.4518434258035205,4341292021.994201,4323727441.994201,247.16173241797986,697.337681,30,0.6976744186046512,0.9752342498368877,43,1af3f391bd2e923dc1e379091d1aaf97791d8bde0d9ccae0be1d6e93245cc551,NONBINDING_CORRIDOR_CEILING,SLACK,NONE (NONBINDING_CORRIDOR_CEILING),WHAT_IF_PLANNER_GRID; PROVISIONAL_PORTFOLIO_SCENARIO; ENGINEERING_REVIEW_REQUIRED
PORT_GRID_BASE_B20M_EQ30,WHAT-IF PLANNER GRID,BASE,20000000.0,0.3,1af3f391bd2e923dc1e379091d1aaf97791d8bde0d9ccae0be1d6e93245cc551,WHAT-IF PLANNER GRID_BASE_1af3f391bd2e923dc1e379091d1aaf97791d8bde0d9ccae0be1d6e93245cc551,60,False,False,BASE,20000000.0,OPTIMAL,Optimization terminated successfully. (HiGHS Status 7: Optimal),total_present_value_benefit,43,43,17564580.0,2435420.0,87.8229,7936440.0,0.4518434258035205,4341292021.994201,4323727441.994201,247.16173241797986,697.337681,30,0.6976744186046512,0.9752342498368877,43,1af3f391bd2e923dc1e379091d1aaf97791d8bde0d9ccae0be1d6e93245cc551,NONBINDING_CORRIDOR_CEILING,SLACK,NONE (NONBINDING_CORRIDOR_CEILING),WHAT_IF_PLANNER_GRID; PROVISIONAL_PORTFOLIO_SCENARIO; ENGINEERING_REVIEW_REQUIRED
PORT_GRID_BASE_B20M_EQ35,WHAT-IF PLANNER GRID,BASE,20000000.0,0.35,1af3f391bd2e923dc1e379091d1aaf97791d8bde0d9ccae0be1d6e93245cc551,WHAT-IF PLANNER GRID_BASE_1af3f391bd2e923dc1e379091d1aaf97791d8bde0d9ccae0be1d6e93245cc551,60,False,False,BASE,20000000.0,OPTIMAL,Optimization terminated successfully. (HiGHS Status 7: Optimal),total_present_value_benefit,43,43,17564580.0,2435420.0,87.8229,7936440.0,0.4518434258035205,4341292021.994201,4323727441.994201,247.16173241797986,697.337681,30,0.6976744186046512,0.9752342498368877,43,1af3f391bd2e923dc1e379091d1aaf97791d8bde0d9ccae0be1d6e93245cc551,NONBINDING_CORRIDOR_CEILING,SLACK,NONE (NONBINDING_CORRIDOR_CEILING),WHAT_IF_PLANNER_GRID; PROVISIONAL_PORTFOLIO_SCENARIO; ENGINEERING_REVIEW_REQUIRED
PORT_GRID_BASE_B20M_EQ40,WHAT-IF PLANNER GRID,BASE,20000000.0,0.4,1af3f391bd2e923dc1e379091d1aaf97791d8bde0d9ccae0be1d6e93245cc551,WHAT-IF PLANNER GRID_BASE_1af3f391bd2e923dc1e379091d1aaf97791d8bde0d9ccae0be1d6e93245cc551,60,False,False,BASE,20000000.0,OPTIMAL,Optimization terminated successfully. (HiGHS Status 7: Optimal),total_present_value_benefit,43,43,17564580.0,2435420.0,87.8229,7936440.0,0.4518434258035205,4341292021.994201,4323727441.994201,247.16173241797986,697.337681,30,0.6976744186046512,0.9752342498368877,43,1af3f391bd2e923dc1e379091d1aaf97791d8bde0d9ccae0be1d6e93245cc551,NONBINDING_CORRIDOR_CEILING,SLACK,NONE (NONBINDING_CORRIDOR_CEILING),WHAT_IF_PLANNER_GRID; PROVISIONAL_PORTFOLIO_SCENARIO; ENGINEERING_REVIEW_REQUIRED
PORT_GRID_BASE_B21M_EQ15,WHAT-IF PLANNER GRID,BASE,21000000.0,0.15,1af3f391bd2e923dc1e379091d1aaf97791d8bde0d9ccae0be1d6e93245cc551,WHAT-IF PLANNER GRID_BASE_1af3f391bd2e923dc1e379091d1aaf97791d8bde0d9ccae0be1d6e93245cc551,60,False,False,BASE,21000000.0,OPTIMAL,Optimization terminated successfully. (HiGHS Status 7: Optimal),total_present_value_benefit,43,43,17564580.0,3435420.0,83.64085714285714,7936440.0,0.4518434258035205,4341292021.994201,4323727441.994201,247.16173241797986,697.337681,30,0.6976744186046512,0.9752342498368877,43,1af3f391bd2e923dc1e379091d1aaf97791d8bde0d9ccae0be1d6e93245cc551,NONBINDING_CORRIDOR_CEILING,SLACK,NONE (NONBINDING_CORRIDOR_CEILING),WHAT_IF_PLANNER_GRID; PROVISIONAL_PORTFOLIO_SCENARIO; ENGINEERING_REVIEW_REQUIRED
PORT_GRID_BASE_B21M_EQ20,WHAT-IF PLANNER GRID,BASE,21000000.0,0.2,1af3f391bd2e923dc1e379091d1aaf97791d8bde0d9ccae0be1d6e93245cc551,WHAT-IF PLANNER GRID_BASE_1af3f391bd2e923dc1e379091d1aaf97791d8bde0d9ccae0be1d6e93245cc551,60,False,False,BASE,21000000.0,OPTIMAL,Optimization terminated successfully. (HiGHS Status 7: Optimal),total_present_value_benefit,43,43,17564580.0,3435420.0,83.64085714285714,7936440.0,0.4518434258035205,4341292021.994201,4323727441.994201,247.16173241797986,697.337681,30,0.6976744186046512,0.9752342498368877,43,1af3f391bd2e923dc1e379091d1aaf97791d8bde0d9ccae0be1d6e93245cc551,NONBINDING_CORRIDOR_CEILING,SLACK,NONE (NONBINDING_CORRIDOR_CEILING),WHAT_IF_PLANNER_GRID; PROVISIONAL_PORTFOLIO_SCENARIO; ENGINEERING_REVIEW_REQUIRED
PORT_GRID_BASE_B21M_EQ25,WHAT-IF PLANNER GRID,BASE,21000000.0,0.25,1af3f391bd2e923dc1e379091d1aaf97791d8bde0d9ccae0be1d6e93245cc551,WHAT-IF PLANNER GRID_BASE_1af3f391bd2e923dc1e379091d1aaf97791d8bde0d9ccae0be1d6e93245cc551,60,False,False,BASE,21000000.0,OPTIMAL,Optimization terminated successfully. (HiGHS Status 7: Optimal),total_present_value_benefit,43,43,17564580.0,3435420.0,83.64085714285714,7936440.0,0.4518434258035205,4341292021.994201,4323727441.994201,247.16173241797986,697.337681,30,0.6976744186046512,0.9752342498368877,43,1af3f391bd2e923dc1e379091d1aaf97791d8bde0d9ccae0be1d6e93245cc551,NONBINDING_CORRIDOR_CEILING,SLACK,NONE (NONBINDING_CORRIDOR_CEILING),WHAT_IF_PLANNER_GRID; PROVISIONAL_PORTFOLIO_SCENARIO; ENGINEERING_REVIEW_REQUIRED
PORT_GRID_BASE_B21M_EQ30,WHAT-IF PLANNER GRID,BASE,21000000.0,0.3,1af3f391bd2e923dc1e379091d1aaf97791d8bde0d9ccae0be1d6e93245cc551,WHAT-IF PLANNER GRID_BASE_1af3f391bd2e923dc1e379091d1aaf97791d8bde0d9ccae0be1d6e93245cc551,60,False,False,BASE,21000000.0,OPTIMAL,Optimization terminated successfully. (HiGHS Status 7: Optimal),total_present_value_benefit,43,43,17564580.0,3435420.0,83.64085714285714,7936440.0,0.4518434258035205,4341292021.994201,4323727441.994201,247.16173241797986,697.337681,30,0.6976744186046512,0.9752342498368877,43,1af3f391bd2e923dc1e379091d1aaf97791d8bde0d9ccae0be1d6e93245cc551,NONBINDING_CORRIDOR_CEILING,SLACK,NONE (NONBINDING_CORRIDOR_CEILING),WHAT_IF_PLANNER_GRID; PROVISIONAL_PORTFOLIO_SCENARIO; ENGINEERING_REVIEW_REQUIRED
PORT_GRID_BASE_B21M_EQ35,WHAT-IF PLANNER GRID,BASE,21000000.0,0.35,1af3f391bd2e923dc1e379091d1aaf97791d8bde0d9ccae0be1d6e93245cc551,WHAT-IF PLANNER GRID_BASE_1af3f391bd2e923dc1e379091d1aaf97791d8bde0d9ccae0be1d6e93245cc551,60,False,False,BASE,21000000.0,OPTIMAL,Optimization terminated successfully. (HiGHS Status 7: Optimal),total_present_value_benefit,43,43,17564580.0,3435420.0,83.64085714285714,7936440.0,0.4518434258035205,4341292021.994201,4323727441.994201,247.16173241797986,697.337681,30,0.6976744186046512,0.9752342498368877,43,1af3f391bd2e923dc1e379091d1aaf97791d8bde0d9ccae0be1d6e93245cc551,NONBINDING_CORRIDOR_CEILING,SLACK,NONE (NONBINDING_CORRIDOR_CEILING),WHAT_IF_PLANNER_GRID; PROVISIONAL_PORTFOLIO_SCENARIO; ENGINEERING_REVIEW_REQUIRED
PORT_GRID_BASE_B21M_EQ40,WHAT-IF PLANNER GRID,BASE,21000000.0,0.4,1af3f391bd2e923dc1e379091d1aaf97791d8bde0d9ccae0be1d6e93245cc551,WHAT-IF PLANNER GRID_BASE_1af3f391bd2e923dc1e379091d1aaf97791d8bde0d9ccae0be1d6e93245cc551,60,False,False,BASE,21000000.0,OPTIMAL,Optimization terminated successfully. (HiGHS Status 7: Optimal),total_present_value_benefit,43,43,17564580.0,3435420.0,83.64085714285714,7936440.0,0.4518434258035205,4341292021.994201,4323727441.994201,247.16173241797986,697.337681,30,0.6976744186046512,0.9752342498368877,43,1af3f391bd2e923dc1e379091d1aaf97791d8bde0d9ccae0be1d6e93245cc551,NONBINDING_CORRIDOR_CEILING,SLACK,NONE (NONBINDING_CORRIDOR_CEILING),WHAT_IF_PLANNER_GRID; PROVISIONAL_PORTFOLIO_SCENARIO; ENGINEERING_REVIEW_REQUIRED
PORT_GRID_BASE_B22M_EQ15,WHAT-IF PLANNER GRID,BASE,22000000.0,0.15,1af3f391bd2e923dc1e379091d1aaf97791d8bde0d9ccae0be1d6e93245cc551,WHAT-IF PLANNER GRID_BASE_1af3f391bd2e923dc1e379091d1aaf97791d8bde0d9ccae0be1d6e93245cc551,60,False,False,BASE,22000000.0,OPTIMAL,Optimization terminated successfully. (HiGHS Status 7: Optimal),total_present_value_benefit,43,43,17564580.0,4435420.0,79.839,7936440.0,0.4518434258035205,4341292021.994201,4323727441.994201,247.16173241797986,697.337681,30,0.6976744186046512,0.9752342498368877,43,1af3f391bd2e923dc1e379091d1aaf97791d8bde0d9ccae0be1d6e93245cc551,NONBINDING_CORRIDOR_CEILING,SLACK,NONE (NONBINDING_CORRIDOR_CEILING),WHAT_IF_PLANNER_GRID; PROVISIONAL_PORTFOLIO_SCENARIO; ENGINEERING_REVIEW_REQUIRED
PORT_GRID_BASE_B22M_EQ20,WHAT-IF PLANNER GRID,BASE,22000000.0,0.2,1af3f391bd2e923dc1e379091d1aaf97791d8bde0d9ccae0be1d6e93245cc551,WHAT-IF PLANNER GRID_BASE_1af3f391bd2e923dc1e379091d1aaf97791d8bde0d9ccae0be1d6e93245cc551,60,False,False,BASE,22000000.0,OPTIMAL,Optimization terminated successfully. (HiGHS Status 7: Optimal),total_present_value_benefit,43,43,17564580.0,4435420.0,79.839,7936440.0,0.4518434258035205,4341292021.994201,4323727441.994201,247.16173241797986,697.337681,30,0.6976744186046512,0.9752342498368877,43,1af3f391bd2e923dc1e379091d1aaf97791d8bde0d9ccae0be1d6e93245cc551,NONBINDING_CORRIDOR_CEILING,SLACK,NONE (NONBINDING_CORRIDOR_CEILING),WHAT_IF_PLANNER_GRID; PROVISIONAL_PORTFOLIO_SCENARIO; ENGINEERING_REVIEW_REQUIRED
PORT_GRID_BASE_B22M_EQ25,WHAT-IF PLANNER GRID,BASE,22000000.0,0.25,1af3f391bd2e923dc1e379091d1aaf97791d8bde0d9ccae0be1d6e93245cc551,WHAT-IF PLANNER GRID_BASE_1af3f391bd2e923dc1e379091d1aaf97791d8bde0d9ccae0be1d6e93245cc551,60,False,False,BASE,22000000.0,OPTIMAL,Optimization terminated successfully. (HiGHS Status 7: Optimal),total_present_value_benefit,43,43,17564580.0,4435420.0,79.839,7936440.0,0.4518434258035205,4341292021.994201,4323727441.994201,247.16173241797986,697.337681,30,0.6976744186046512,0.9752342498368877,43,1af3f391bd2e923dc1e379091d1aaf97791d8bde0d9ccae0be1d6e93245cc551,NONBINDING_CORRIDOR_CEILING,SLACK,NONE (NONBINDING_CORRIDOR_CEILING),WHAT_IF_PLANNER_GRID; PROVISIONAL_PORTFOLIO_SCENARIO; ENGINEERING_REVIEW_REQUIRED
PORT_GRID_BASE_B22M_EQ30,WHAT-IF PLANNER GRID,BASE,22000000.0,0.3,1af3f391bd2e923dc1e379091d1aaf97791d8bde0d9ccae0be1d6e93245cc551,WHAT-IF PLANNER GRID_BASE_1af3f391bd2e923dc1e379091d1aaf97791d8bde0d9ccae0be1d6e93245cc551,60,False,False,BASE,22000000.0,OPTIMAL,Optimization terminated successfully. (HiGHS Status 7: Optimal),total_present_value_benefit,43,43,17564580.0,4435420.0,79.839,7936440.0,0.4518434258035205,4341292021.994201,4323727441.994201,247.16173241797986,697.337681,30,0.6976744186046512,0.9752342498368877,43,1af3f391bd2e923dc1e379091d1aaf97791d8bde0d9ccae0be1d6e93245cc551,NONBINDING_CORRIDOR_CEILING,SLACK,NONE (NONBINDING_CORRIDOR_CEILING),WHAT_IF_PLANNER_GRID; PROVISIONAL_PORTFOLIO_SCENARIO; ENGINEERING_REVIEW_REQUIRED
PORT_GRID_BASE_B22M_EQ35,WHAT-IF PLANNER GRID,BASE,22000000.0,0.35,1af3f391bd2e923dc1e379091d1aaf97791d8bde0d9ccae0be1d6e93245cc551,WHAT-IF PLANNER GRID_BASE_1af3f391bd2e923dc1e379091d1aaf97791d8bde0d9ccae0be1d6e93245cc551,60,False,False,BASE,22000000.0,OPTIMAL,Optimization terminated successfully. (HiGHS Status 7: Optimal),total_present_value_benefit,43,43,17564580.0,4435420.0,79.839,7936440.0,0.4518434258035205,4341292021.994201,4323727441.994201,247.16173241797986,697.337681,30,0.6976744186046512,0.9752342498368877,43,1af3f391bd2e923dc1e379091d1aaf97791d8bde0d9ccae0be1d6e93245cc551,NONBINDING_CORRIDOR_CEILING,SLACK,NONE (NONBINDING_CORRIDOR_CEILING),WHAT_IF_PLANNER_GRID; PROVISIONAL_PORTFOLIO_SCENARIO; ENGINEERING_REVIEW_REQUIRED
PORT_GRID_BASE_B22M_EQ40,WHAT-IF PLANNER GRID,BASE,22000000.0,0.4,1af3f391bd2e923dc1e379091d1aaf97791d8bde0d9ccae0be1d6e93245cc551,WHAT-IF PLANNER GRID_BASE_1af3f391bd2e923dc1e379091d1aaf97791d8bde0d9ccae0be1d6e93245cc551,60,False,False,BASE,22000000.0,OPTIMAL,Optimization terminated successfully. (HiGHS Status 7: Optimal),total_present_value_benefit,43,43,17564580.0,4435420.0,79.839,7936440.0,0.4518434258035205,4341292021.994201,4323727441.994201,247.16173241797986,697.337681,30,0.6976744186046512,0.9752342498368877,43,1af3f391bd2e923dc1e379091d1aaf97791d8bde0d9ccae0be1d6e93245cc551,NONBINDING_CORRIDOR_CEILING,SLACK,NONE (NONBINDING_CORRIDOR_CEILING),WHAT_IF_PLANNER_GRID; PROVISIONAL_PORTFOLIO_SCENARIO; ENGINEERING_REVIEW_REQUIRED
PORT_GRID_BASE_B23M_EQ15,WHAT-IF PLANNER GRID,BASE,23000000.0,0.15,1af3f391bd2e923dc1e379091d1aaf97791d8bde0d9ccae0be1d6e93245cc551,WHAT-IF PLANNER GRID_BASE_1af3f391bd2e923dc1e379091d1aaf97791d8bde0d9ccae0be1d6e93245cc551,60,False,False,BASE,23000000.0,OPTIMAL,Optimization terminated successfully. (HiGHS Status 7: Optimal),total_present_value_benefit,43,43,17564580.0,5435420.0,76.36773913043479,7936440.0,0.4518434258035205,4341292021.994201,4323727441.994201,247.16173241797986,697.337681,30,0.6976744186046512,0.9752342498368877,43,1af3f391bd2e923dc1e379091d1aaf97791d8bde0d9ccae0be1d6e93245cc551,NONBINDING_CORRIDOR_CEILING,SLACK,NONE (NONBINDING_CORRIDOR_CEILING),WHAT_IF_PLANNER_GRID; PROVISIONAL_PORTFOLIO_SCENARIO; ENGINEERING_REVIEW_REQUIRED
PORT_GRID_BASE_B23M_EQ20,WHAT-IF PLANNER GRID,BASE,23000000.0,0.2,1af3f391bd2e923dc1e379091d1aaf97791d8bde0d9ccae0be1d6e93245cc551,WHAT-IF PLANNER GRID_BASE_1af3f391bd2e923dc1e379091d1aaf97791d8bde0d9ccae0be1d6e93245cc551,60,False,False,BASE,23000000.0,OPTIMAL,Optimization terminated successfully. (HiGHS Status 7: Optimal),total_present_value_benefit,43,43,17564580.0,5435420.0,76.36773913043479,7936440.0,0.4518434258035205,4341292021.994201,4323727441.994201,247.16173241797986,697.337681,30,0.6976744186046512,0.9752342498368877,43,1af3f391bd2e923dc1e379091d1aaf97791d8bde0d9ccae0be1d6e93245cc551,NONBINDING_CORRIDOR_CEILING,SLACK,NONE (NONBINDING_CORRIDOR_CEILING),WHAT_IF_PLANNER_GRID; PROVISIONAL_PORTFOLIO_SCENARIO; ENGINEERING_REVIEW_REQUIRED
PORT_GRID_BASE_B23M_EQ25,WHAT-IF PLANNER GRID,BASE,23000000.0,0.25,1af3f391bd2e923dc1e379091d1aaf97791d8bde0d9ccae0be1d6e93245cc551,WHAT-IF PLANNER GRID_BASE_1af3f391bd2e923dc1e379091d1aaf97791d8bde0d9ccae0be1d6e93245cc551,60,False,False,BASE,23000000.0,OPTIMAL,Optimization terminated successfully. (HiGHS Status 7: Optimal),total_present_value_benefit,43,43,17564580.0,5435420.0,76.36773913043479,7936440.0,0.4518434258035205,4341292021.994201,4323727441.994201,247.16173241797986,697.337681,30,0.6976744186046512,0.9752342498368877,43,1af3f391bd2e923dc1e379091d1aaf97791d8bde0d9ccae0be1d6e93245cc551,NONBINDING_CORRIDOR_CEILING,SLACK,NONE (NONBINDING_CORRIDOR_CEILING),WHAT_IF_PLANNER_GRID; PROVISIONAL_PORTFOLIO_SCENARIO; ENGINEERING_REVIEW_REQUIRED
PORT_GRID_BASE_B23M_EQ30,WHAT-IF PLANNER GRID,BASE,23000000.0,0.3,1af3f391bd2e923dc1e379091d1aaf97791d8bde0d9ccae0be1d6e93245cc551,WHAT-IF PLANNER GRID_BASE_1af3f391bd2e923dc1e379091d1aaf97791d8bde0d9ccae0be1d6e93245cc551,60,False,False,BASE,23000000.0,OPTIMAL,Optimization terminated successfully. (HiGHS Status 7: Optimal),total_present_value_benefit,43,43,17564580.0,5435420.0,76.36773913043479,7936440.0,0.4518434258035205,4341292021.994201,4323727441.994201,247.16173241797986,697.337681,30,0.6976744186046512,0.9752342498368877,43,1af3f391bd2e923dc1e379091d1aaf97791d8bde0d9ccae0be1d6e93245cc551,NONBINDING_CORRIDOR_CEILING,SLACK,NONE (NONBINDING_CORRIDOR_CEILING),WHAT_IF_PLANNER_GRID; PROVISIONAL_PORTFOLIO_SCENARIO; ENGINEERING_REVIEW_REQUIRED
PORT_GRID_BASE_B23M_EQ35,WHAT-IF PLANNER GRID,BASE,23000000.0,0.35,1af3f391bd2e923dc1e379091d1aaf97791d8bde0d9ccae0be1d6e93245cc551,WHAT-IF PLANNER GRID_BASE_1af3f391bd2e923dc1e379091d1aaf97791d8bde0d9ccae0be1d6e93245cc551,60,False,False,BASE,23000000.0,OPTIMAL,Optimization terminated successfully. (HiGHS Status 7: Optimal),total_present_value_benefit,43,43,17564580.0,5435420.0,76.36773913043479,7936440.0,0.4518434258035205,4341292021.994201,4323727441.994201,247.16173241797986,697.337681,30,0.6976744186046512,0.9752342498368877,43,1af3f391bd2e923dc1e379091d1aaf97791d8bde0d9ccae0be1d6e93245cc551,NONBINDING_CORRIDOR_CEILING,SLACK,NONE (NONBINDING_CORRIDOR_CEILING),WHAT_IF_PLANNER_GRID; PROVISIONAL_PORTFOLIO_SCENARIO; ENGINEERING_REVIEW_REQUIRED
PORT_GRID_BASE_B23M_EQ40,WHAT-IF PLANNER GRID,BASE,23000000.0,0.4,1af3f391bd2e923dc1e379091d1aaf97791d8bde0d9ccae0be1d6e93245cc551,WHAT-IF PLANNER GRID_BASE_1af3f391bd2e923dc1e379091d1aaf97791d8bde0d9ccae0be1d6e93245cc551,60,False,False,BASE,23000000.0,OPTIMAL,Optimization terminated successfully. (HiGHS Status 7: Optimal),total_present_value_benefit,43,43,17564580.0,5435420.0,76.36773913043479,7936440.0,0.4518434258035205,4341292021.994201,4323727441.994201,247.16173241797986,697.337681,30,0.6976744186046512,0.9752342498368877,43,1af3f391bd2e923dc1e379091d1aaf97791d8bde0d9ccae0be1d6e93245cc551,NONBINDING_CORRIDOR_CEILING,SLACK,NONE (NONBINDING_CORRIDOR_CEILING),WHAT_IF_PLANNER_GRID; PROVISIONAL_PORTFOLIO_SCENARIO; ENGINEERING_REVIEW_REQUIRED
PORT_GRID_BASE_B24M_EQ15,WHAT-IF PLANNER GRID,BASE,24000000.0,0.15,1af3f391bd2e923dc1e379091d1aaf97791d8bde0d9ccae0be1d6e93245cc551,WHAT-IF PLANNER GRID_BASE_1af3f391bd2e923dc1e379091d1aaf97791d8bde0d9ccae0be1d6e93245cc551,60,False,False,BASE,24000000.0,OPTIMAL,Optimization terminated successfully. (HiGHS Status 7: Optimal),total_present_value_benefit,43,43,17564580.0,6435420.0,73.18575,7936440.0,0.4518434258035205,4341292021.994201,4323727441.994201,247.16173241797986,697.337681,30,0.6976744186046512,0.9752342498368877,43,1af3f391bd2e923dc1e379091d1aaf97791d8bde0d9ccae0be1d6e93245cc551,NONBINDING_CORRIDOR_CEILING,SLACK,NONE (NONBINDING_CORRIDOR_CEILING),WHAT_IF_PLANNER_GRID; PROVISIONAL_PORTFOLIO_SCENARIO; ENGINEERING_REVIEW_REQUIRED
PORT_GRID_BASE_B24M_EQ20,WHAT-IF PLANNER GRID,BASE,24000000.0,0.2,1af3f391bd2e923dc1e379091d1aaf97791d8bde0d9ccae0be1d6e93245cc551,WHAT-IF PLANNER GRID_BASE_1af3f391bd2e923dc1e379091d1aaf97791d8bde0d9ccae0be1d6e93245cc551,60,False,False,BASE,24000000.0,OPTIMAL,Optimization terminated successfully. (HiGHS Status 7: Optimal),total_present_value_benefit,43,43,17564580.0,6435420.0,73.18575,7936440.0,0.4518434258035205,4341292021.994201,4323727441.994201,247.16173241797986,697.337681,30,0.6976744186046512,0.9752342498368877,43,1af3f391bd2e923dc1e379091d1aaf97791d8bde0d9ccae0be1d6e93245cc551,NONBINDING_CORRIDOR_CEILING,SLACK,NONE (NONBINDING_CORRIDOR_CEILING),WHAT_IF_PLANNER_GRID; PROVISIONAL_PORTFOLIO_SCENARIO; ENGINEERING_REVIEW_REQUIRED
PORT_GRID_BASE_B24M_EQ25,WHAT-IF PLANNER GRID,BASE,24000000.0,0.25,1af3f391bd2e923dc1e379091d1aaf97791d8bde0d9ccae0be1d6e93245cc551,WHAT-IF PLANNER GRID_BASE_1af3f391bd2e923dc1e379091d1aaf97791d8bde0d9ccae0be1d6e93245cc551,60,False,False,BASE,24000000.0,OPTIMAL,Optimization terminated successfully. (HiGHS Status 7: Optimal),total_present_value_benefit,43,43,17564580.0,6435420.0,73.18575,7936440.0,0.4518434258035205,4341292021.994201,4323727441.994201,247.16173241797986,697.337681,30,0.6976744186046512,0.9752342498368877,43,1af3f391bd2e923dc1e379091d1aaf97791d8bde0d9ccae0be1d6e93245cc551,NONBINDING_CORRIDOR_CEILING,SLACK,NONE (NONBINDING_CORRIDOR_CEILING),WHAT_IF_PLANNER_GRID; PROVISIONAL_PORTFOLIO_SCENARIO; ENGINEERING_REVIEW_REQUIRED
PORT_GRID_BASE_B24M_EQ30,WHAT-IF PLANNER GRID,BASE,24000000.0,0.3,1af3f391bd2e923dc1e379091d1aaf97791d8bde0d9ccae0be1d6e93245cc551,WHAT-IF PLANNER GRID_BASE_1af3f391bd2e923dc1e379091d1aaf97791d8bde0d9ccae0be1d6e93245cc551,60,False,False,BASE,24000000.0,OPTIMAL,Optimization terminated successfully. (HiGHS Status 7: Optimal),total_present_value_benefit,43,43,17564580.0,6435420.0,73.18575,7936440.0,0.4518434258035205,4341292021.994201,4323727441.994201,247.16173241797986,697.337681,30,0.6976744186046512,0.9752342498368877,43,1af3f391bd2e923dc1e379091d1aaf97791d8bde0d9ccae0be1d6e93245cc551,NONBINDING_CORRIDOR_CEILING,SLACK,NONE (NONBINDING_CORRIDOR_CEILING),WHAT_IF_PLANNER_GRID; PROVISIONAL_PORTFOLIO_SCENARIO; ENGINEERING_REVIEW_REQUIRED
PORT_GRID_BASE_B24M_EQ35,WHAT-IF PLANNER GRID,BASE,24000000.0,0.35,1af3f391bd2e923dc1e379091d1aaf97791d8bde0d9ccae0be1d6e93245cc551,WHAT-IF PLANNER GRID_BASE_1af3f391bd2e923dc1e379091d1aaf97791d8bde0d9ccae0be1d6e93245cc551,60,False,False,BASE,24000000.0,OPTIMAL,Optimization terminated successfully. (HiGHS Status 7: Optimal),total_present_value_benefit,43,43,17564580.0,6435420.0,73.18575,7936440.0,0.4518434258035205,4341292021.994201,4323727441.994201,247.16173241797986,697.337681,30,0.6976744186046512,0.9752342498368877,43,1af3f391bd2e923dc1e379091d1aaf97791d8bde0d9ccae0be1d6e93245cc551,NONBINDING_CORRIDOR_CEILING,SLACK,NONE (NONBINDING_CORRIDOR_CEILING),WHAT_IF_PLANNER_GRID; PROVISIONAL_PORTFOLIO_SCENARIO; ENGINEERING_REVIEW_REQUIRED
PORT_GRID_BASE_B24M_EQ40,WHAT-IF PLANNER GRID,BASE,24000000.0,0.4,1af3f391bd2e923dc1e379091d1aaf97791d8bde0d9ccae0be1d6e93245cc551,WHAT-IF PLANNER GRID_BASE_1af3f391bd2e923dc1e379091d1aaf97791d8bde0d9ccae0be1d6e93245cc551,60,False,False,BASE,24000000.0,OPTIMAL,Optimization terminated successfully. (HiGHS Status 7: Optimal),total_present_value_benefit,43,43,17564580.0,6435420.0,73.18575,7936440.0,0.4518434258035205,4341292021.994201,4323727441.994201,247.16173241797986,697.337681,30,0.6976744186046512,0.9752342498368877,43,1af3f391bd2e923dc1e379091d1aaf97791d8bde0d9ccae0be1d6e93245cc551,NONBINDING_CORRIDOR_CEILING,SLACK,NONE (NONBINDING_CORRIDOR_CEILING),WHAT_IF_PLANNER_GRID; PROVISIONAL_PORTFOLIO_SCENARIO; ENGINEERING_REVIEW_REQUIRED
PORT_GRID_BASE_B25M_EQ15,WHAT-IF PLANNER GRID,BASE,25000000.0,0.15,1af3f391bd2e923dc1e379091d1aaf97791d8bde0d9ccae0be1d6e93245cc551,WHAT-IF PLANNER GRID_BASE_1af3f391bd2e923dc1e379091d1aaf97791d8bde0d9ccae0be1d6e93245cc551,60,False,False,BASE,25000000.0,OPTIMAL,Optimization terminated successfully. (HiGHS Status 7: Optimal),total_present_value_benefit,43,43,17564580.0,7435420.0,70.25832,7936440.0,0.4518434258035205,4341292021.994201,4323727441.994201,247.16173241797986,697.337681,30,0.6976744186046512,0.9752342498368877,43,1af3f391bd2e923dc1e379091d1aaf97791d8bde0d9ccae0be1d6e93245cc551,NONBINDING_CORRIDOR_CEILING,SLACK,NONE (NONBINDING_CORRIDOR_CEILING),WHAT_IF_PLANNER_GRID; PROVISIONAL_PORTFOLIO_SCENARIO; ENGINEERING_REVIEW_REQUIRED
PORT_GRID_BASE_B25M_EQ20,WHAT-IF PLANNER GRID,BASE,25000000.0,0.2,1af3f391bd2e923dc1e379091d1aaf97791d8bde0d9ccae0be1d6e93245cc551,WHAT-IF PLANNER GRID_BASE_1af3f391bd2e923dc1e379091d1aaf97791d8bde0d9ccae0be1d6e93245cc551,60,False,False,BASE,25000000.0,OPTIMAL,Optimization terminated successfully. (HiGHS Status 7: Optimal),total_present_value_benefit,43,43,17564580.0,7435420.0,70.25832,7936440.0,0.4518434258035205,4341292021.994201,4323727441.994201,247.16173241797986,697.337681,30,0.6976744186046512,0.9752342498368877,43,1af3f391bd2e923dc1e379091d1aaf97791d8bde0d9ccae0be1d6e93245cc551,NONBINDING_CORRIDOR_CEILING,SLACK,NONE (NONBINDING_CORRIDOR_CEILING),WHAT_IF_PLANNER_GRID; PROVISIONAL_PORTFOLIO_SCENARIO; ENGINEERING_REVIEW_REQUIRED
PORT_GRID_BASE_B25M_EQ25,WHAT-IF PLANNER GRID,BASE,25000000.0,0.25,1af3f391bd2e923dc1e379091d1aaf97791d8bde0d9ccae0be1d6e93245cc551,WHAT-IF PLANNER GRID_BASE_1af3f391bd2e923dc1e379091d1aaf97791d8bde0d9ccae0be1d6e93245cc551,60,False,False,BASE,25000000.0,OPTIMAL,Optimization terminated successfully. (HiGHS Status 7: Optimal),total_present_value_benefit,43,43,17564580.0,7435420.0,70.25832,7936440.0,0.4518434258035205,4341292021.994201,4323727441.994201,247.16173241797986,697.337681,30,0.6976744186046512,0.9752342498368877,43,1af3f391bd2e923dc1e379091d1aaf97791d8bde0d9ccae0be1d6e93245cc551,NONBINDING_CORRIDOR_CEILING,SLACK,NONE (NONBINDING_CORRIDOR_CEILING),WHAT_IF_PLANNER_GRID; PROVISIONAL_PORTFOLIO_SCENARIO; ENGINEERING_REVIEW_REQUIRED
PORT_GRID_BASE_B25M_EQ30,WHAT-IF PLANNER GRID,BASE,25000000.0,0.3,1af3f391bd2e923dc1e379091d1aaf97791d8bde0d9ccae0be1d6e93245cc551,WHAT-IF PLANNER GRID_BASE_1af3f391bd2e923dc1e379091d1aaf97791d8bde0d9ccae0be1d6e93245cc551,60,False,False,BASE,25000000.0,OPTIMAL,Optimization terminated successfully. (HiGHS Status 7: Optimal),total_present_value_benefit,43,43,17564580.0,7435420.0,70.25832,7936440.0,0.4518434258035205,4341292021.994201,4323727441.994201,247.16173241797986,697.337681,30,0.6976744186046512,0.9752342498368877,43,1af3f391bd2e923dc1e379091d1aaf97791d8bde0d9ccae0be1d6e93245cc551,NONBINDING_CORRIDOR_CEILING,SLACK,NONE (NONBINDING_CORRIDOR_CEILING),WHAT_IF_PLANNER_GRID; PROVISIONAL_PORTFOLIO_SCENARIO; ENGINEERING_REVIEW_REQUIRED
PORT_GRID_BASE_B25M_EQ35,WHAT-IF PLANNER GRID,BASE,25000000.0,0.35,1af3f391bd2e923dc1e379091d1aaf97791d8bde0d9ccae0be1d6e93245cc551,WHAT-IF PLANNER GRID_BASE_1af3f391bd2e923dc1e379091d1aaf97791d8bde0d9ccae0be1d6e93245cc551,60,False,False,BASE,25000000.0,OPTIMAL,Optimization terminated successfully. (HiGHS Status 7: Optimal),total_present_value_benefit,43,43,17564580.0,7435420.0,70.25832,7936440.0,0.4518434258035205,4341292021.994201,4323727441.994201,247.16173241797986,697.337681,30,0.6976744186046512,0.9752342498368877,43,1af3f391bd2e923dc1e379091d1aaf97791d8bde0d9ccae0be1d6e93245cc551,NONBINDING_CORRIDOR_CEILING,SLACK,NONE (NONBINDING_CORRIDOR_CEILING),WHAT_IF_PLANNER_GRID; PROVISIONAL_PORTFOLIO_SCENARIO; ENGINEERING_REVIEW_REQUIRED
PORT_GRID_BASE_B25M_EQ40,WHAT-IF PLANNER GRID,BASE,25000000.0,0.4,1af3f391bd2e923dc1e379091d1aaf97791d8bde0d9ccae0be1d6e93245cc551,WHAT-IF PLANNER GRID_BASE_1af3f391bd2e923dc1e379091d1aaf97791d8bde0d9ccae0be1d6e93245cc551,60,False,False,BASE,25000000.0,OPTIMAL,Optimization terminated successfully. (HiGHS Status 7: Optimal),total_present_value_benefit,43,43,17564580.0,7435420.0,70.25832,7936440.0,0.4518434258035205,4341292021.994201,4323727441.994201,247.16173241797986,697.337681,30,0.6976744186046512,0.9752342498368877,43,1af3f391bd2e923dc1e379091d1aaf97791d8bde0d9ccae0be1d6e93245cc551,NONBINDING_CORRIDOR_CEILING,SLACK,NONE (NONBINDING_CORRIDOR_CEILING),WHAT_IF_PLANNER_GRID; PROVISIONAL_PORTFOLIO_SCENARIO; ENGINEERING_REVIEW_REQUIRED
PORT_GRID_BASE_B30M_EQ15,WHAT-IF PLANNER GRID,BASE,30000000.0,0.15,1af3f391bd2e923dc1e379091d1aaf97791d8bde0d9ccae0be1d6e93245cc551,WHAT-IF PLANNER GRID_BASE_1af3f391bd2e923dc1e379091d1aaf97791d8bde0d9ccae0be1d6e93245cc551,60,False,False,BASE,30000000.0,OPTIMAL,Optimization terminated successfully. (HiGHS Status 7: Optimal),total_present_value_benefit,43,43,17564580.0,12435420.0,58.54859999999999,7936440.0,0.4518434258035205,4341292021.994201,4323727441.994201,247.16173241797986,697.337681,30,0.6976744186046512,0.9752342498368877,43,1af3f391bd2e923dc1e379091d1aaf97791d8bde0d9ccae0be1d6e93245cc551,NONBINDING_CORRIDOR_CEILING,SLACK,NONE (NONBINDING_CORRIDOR_CEILING),WHAT_IF_PLANNER_GRID; PROVISIONAL_PORTFOLIO_SCENARIO; ENGINEERING_REVIEW_REQUIRED
PORT_GRID_BASE_B30M_EQ20,WHAT-IF PLANNER GRID,BASE,30000000.0,0.2,1af3f391bd2e923dc1e379091d1aaf97791d8bde0d9ccae0be1d6e93245cc551,WHAT-IF PLANNER GRID_BASE_1af3f391bd2e923dc1e379091d1aaf97791d8bde0d9ccae0be1d6e93245cc551,60,False,False,BASE,30000000.0,OPTIMAL,Optimization terminated successfully. (HiGHS Status 7: Optimal),total_present_value_benefit,43,43,17564580.0,12435420.0,58.54859999999999,7936440.0,0.4518434258035205,4341292021.994201,4323727441.994201,247.16173241797986,697.337681,30,0.6976744186046512,0.9752342498368877,43,1af3f391bd2e923dc1e379091d1aaf97791d8bde0d9ccae0be1d6e93245cc551,NONBINDING_CORRIDOR_CEILING,SLACK,NONE (NONBINDING_CORRIDOR_CEILING),WHAT_IF_PLANNER_GRID; PROVISIONAL_PORTFOLIO_SCENARIO; ENGINEERING_REVIEW_REQUIRED
PORT_GRID_BASE_B30M_EQ25,WHAT-IF PLANNER GRID,BASE,30000000.0,0.25,1af3f391bd2e923dc1e379091d1aaf97791d8bde0d9ccae0be1d6e93245cc551,WHAT-IF PLANNER GRID_BASE_1af3f391bd2e923dc1e379091d1aaf97791d8bde0d9ccae0be1d6e93245cc551,60,False,False,BASE,30000000.0,OPTIMAL,Optimization terminated successfully. (HiGHS Status 7: Optimal),total_present_value_benefit,43,43,17564580.0,12435420.0,58.54859999999999,7936440.0,0.4518434258035205,4341292021.994201,4323727441.994201,247.16173241797986,697.337681,30,0.6976744186046512,0.9752342498368877,43,1af3f391bd2e923dc1e379091d1aaf97791d8bde0d9ccae0be1d6e93245cc551,NONBINDING_CORRIDOR_CEILING,SLACK,NONE (NONBINDING_CORRIDOR_CEILING),WHAT_IF_PLANNER_GRID; PROVISIONAL_PORTFOLIO_SCENARIO; ENGINEERING_REVIEW_REQUIRED
PORT_GRID_BASE_B30M_EQ30,WHAT-IF PLANNER GRID,BASE,30000000.0,0.3,1af3f391bd2e923dc1e379091d1aaf97791d8bde0d9ccae0be1d6e93245cc551,WHAT-IF PLANNER GRID_BASE_1af3f391bd2e923dc1e379091d1aaf97791d8bde0d9ccae0be1d6e93245cc551,60,False,False,BASE,30000000.0,OPTIMAL,Optimization terminated successfully. (HiGHS Status 7: Optimal),total_present_value_benefit,43,43,17564580.0,12435420.0,58.54859999999999,7936440.0,0.4518434258035205,4341292021.994201,4323727441.994201,247.16173241797986,697.337681,30,0.6976744186046512,0.9752342498368877,43,1af3f391bd2e923dc1e379091d1aaf97791d8bde0d9ccae0be1d6e93245cc551,NONBINDING_CORRIDOR_CEILING,SLACK,NONE (NONBINDING_CORRIDOR_CEILING),WHAT_IF_PLANNER_GRID; PROVISIONAL_PORTFOLIO_SCENARIO; ENGINEERING_REVIEW_REQUIRED
PORT_GRID_BASE_B30M_EQ35,WHAT-IF PLANNER GRID,BASE,30000000.0,0.35,1af3f391bd2e923dc1e379091d1aaf97791d8bde0d9ccae0be1d6e93245cc551,WHAT-IF PLANNER GRID_BASE_1af3f391bd2e923dc1e379091d1aaf97791d8bde0d9ccae0be1d6e93245cc551,60,False,False,BASE,30000000.0,OPTIMAL,Optimization terminated successfully. (HiGHS Status 7: Optimal),total_present_value_benefit,43,43,17564580.0,12435420.0,58.54859999999999,7936440.0,0.4518434258035205,4341292021.994201,4323727441.994201,247.16173241797986,697.337681,30,0.6976744186046512,0.9752342498368877,43,1af3f391bd2e923dc1e379091d1aaf97791d8bde0d9ccae0be1d6e93245cc551,NONBINDING_CORRIDOR_CEILING,SLACK,NONE (NONBINDING_CORRIDOR_CEILING),WHAT_IF_PLANNER_GRID; PROVISIONAL_PORTFOLIO_SCENARIO; ENGINEERING_REVIEW_REQUIRED
PORT_GRID_BASE_B30M_EQ40,WHAT-IF PLANNER GRID,BASE,30000000.0,0.4,1af3f391bd2e923dc1e379091d1aaf97791d8bde0d9ccae0be1d6e93245cc551,WHAT-IF PLANNER GRID_BASE_1af3f391bd2e923dc1e379091d1aaf97791d8bde0d9ccae0be1d6e93245cc551,60,False,False,BASE,30000000.0,OPTIMAL,Optimization terminated successfully. (HiGHS Status 7: Optimal),total_present_value_benefit,43,43,17564580.0,12435420.0,58.54859999999999,7936440.0,0.4518434258035205,4341292021.994201,4323727441.994201,247.16173241797986,697.337681,30,0.6976744186046512,0.9752342498368877,43,1af3f391bd2e923dc1e379091d1aaf97791d8bde0d9ccae0be1d6e93245cc551,NONBINDING_CORRIDOR_CEILING,SLACK,NONE (NONBINDING_CORRIDOR_CEILING),WHAT_IF_PLANNER_GRID; PROVISIONAL_PORTFOLIO_SCENARIO; ENGINEERING_REVIEW_REQUIRED
PORT_GRID_BASE_B40M_EQ15,WHAT-IF PLANNER GRID,BASE,40000000.0,0.15,1af3f391bd2e923dc1e379091d1aaf97791d8bde0d9ccae0be1d6e93245cc551,WHAT-IF PLANNER GRID_BASE_1af3f391bd2e923dc1e379091d1aaf97791d8bde0d9ccae0be1d6e93245cc551,60,False,False,BASE,40000000.0,OPTIMAL,Optimization terminated successfully. (HiGHS Status 7: Optimal),total_present_value_benefit,43,43,17564580.0,22435420.0,43.91145,7936440.0,0.4518434258035205,4341292021.994201,4323727441.994201,247.16173241797986,697.337681,30,0.6976744186046512,0.9752342498368877,43,1af3f391bd2e923dc1e379091d1aaf97791d8bde0d9ccae0be1d6e93245cc551,NONBINDING_CORRIDOR_CEILING,SLACK,NONE (NONBINDING_CORRIDOR_CEILING),WHAT_IF_PLANNER_GRID; PROVISIONAL_PORTFOLIO_SCENARIO; ENGINEERING_REVIEW_REQUIRED
PORT_GRID_BASE_B40M_EQ20,WHAT-IF PLANNER GRID,BASE,40000000.0,0.2,1af3f391bd2e923dc1e379091d1aaf97791d8bde0d9ccae0be1d6e93245cc551,WHAT-IF PLANNER GRID_BASE_1af3f391bd2e923dc1e379091d1aaf97791d8bde0d9ccae0be1d6e93245cc551,60,False,False,BASE,40000000.0,OPTIMAL,Optimization terminated successfully. (HiGHS Status 7: Optimal),total_present_value_benefit,43,43,17564580.0,22435420.0,43.91145,7936440.0,0.4518434258035205,4341292021.994201,4323727441.994201,247.16173241797986,697.337681,30,0.6976744186046512,0.9752342498368877,43,1af3f391bd2e923dc1e379091d1aaf97791d8bde0d9ccae0be1d6e93245cc551,NONBINDING_CORRIDOR_CEILING,SLACK,NONE (NONBINDING_CORRIDOR_CEILING),WHAT_IF_PLANNER_GRID; PROVISIONAL_PORTFOLIO_SCENARIO; ENGINEERING_REVIEW_REQUIRED
PORT_GRID_BASE_B40M_EQ25,WHAT-IF PLANNER GRID,BASE,40000000.0,0.25,1af3f391bd2e923dc1e379091d1aaf97791d8bde0d9ccae0be1d6e93245cc551,WHAT-IF PLANNER GRID_BASE_1af3f391bd2e923dc1e379091d1aaf97791d8bde0d9ccae0be1d6e93245cc551,60,False,False,BASE,40000000.0,OPTIMAL,Optimization terminated successfully. (HiGHS Status 7: Optimal),total_present_value_benefit,43,43,17564580.0,22435420.0,43.91145,7936440.0,0.4518434258035205,4341292021.994201,4323727441.994201,247.16173241797986,697.337681,30,0.6976744186046512,0.9752342498368877,43,1af3f391bd2e923dc1e379091d1aaf97791d8bde0d9ccae0be1d6e93245cc551,NONBINDING_CORRIDOR_CEILING,SLACK,NONE (NONBINDING_CORRIDOR_CEILING),WHAT_IF_PLANNER_GRID; PROVISIONAL_PORTFOLIO_SCENARIO; ENGINEERING_REVIEW_REQUIRED
PORT_GRID_BASE_B40M_EQ30,WHAT-IF PLANNER GRID,BASE,40000000.0,0.3,1af3f391bd2e923dc1e379091d1aaf97791d8bde0d9ccae0be1d6e93245cc551,WHAT-IF PLANNER GRID_BASE_1af3f391bd2e923dc1e379091d1aaf97791d8bde0d9ccae0be1d6e93245cc551,60,False,False,BASE,40000000.0,OPTIMAL,Optimization terminated successfully. (HiGHS Status 7: Optimal),total_present_value_benefit,43,43,17564580.0,22435420.0,43.91145,7936440.0,0.4518434258035205,4341292021.994201,4323727441.994201,247.16173241797986,697.337681,30,0.6976744186046512,0.9752342498368877,43,1af3f391bd2e923dc1e379091d1aaf97791d8bde0d9ccae0be1d6e93245cc551,NONBINDING_CORRIDOR_CEILING,SLACK,NONE (NONBINDING_CORRIDOR_CEILING),WHAT_IF_PLANNER_GRID; PROVISIONAL_PORTFOLIO_SCENARIO; ENGINEERING_REVIEW_REQUIRED
PORT_GRID_BASE_B40M_EQ35,WHAT-IF PLANNER GRID,BASE,40000000.0,0.35,1af3f391bd2e923dc1e379091d1aaf97791d8bde0d9ccae0be1d6e93245cc551,WHAT-IF PLANNER GRID_BASE_1af3f391bd2e923dc1e379091d1aaf97791d8bde0d9ccae0be1d6e93245cc551,60,False,False,BASE,40000000.0,OPTIMAL,Optimization terminated successfully. (HiGHS Status 7: Optimal),total_present_value_benefit,43,43,17564580.0,22435420.0,43.91145,7936440.0,0.4518434258035205,4341292021.994201,4323727441.994201,247.16173241797986,697.337681,30,0.6976744186046512,0.9752342498368877,43,1af3f391bd2e923dc1e379091d1aaf97791d8bde0d9ccae0be1d6e93245cc551,NONBINDING_CORRIDOR_CEILING,SLACK,NONE (NONBINDING_CORRIDOR_CEILING),WHAT_IF_PLANNER_GRID; PROVISIONAL_PORTFOLIO_SCENARIO; ENGINEERING_REVIEW_REQUIRED
PORT_GRID_BASE_B40M_EQ40,WHAT-IF PLANNER GRID,BASE,40000000.0,0.4,1af3f391bd2e923dc1e379091d1aaf97791d8bde0d9ccae0be1d6e93245cc551,WHAT-IF PLANNER GRID_BASE_1af3f391bd2e923dc1e379091d1aaf97791d8bde0d9ccae0be1d6e93245cc551,60,False,False,BASE,40000000.0,OPTIMAL,Optimization terminated successfully. (HiGHS Status 7: Optimal),total_present_value_benefit,43,43,17564580.0,22435420.0,43.91145,7936440.0,0.4518434258035205,4341292021.994201,4323727441.994201,247.16173241797986,697.337681,30,0.6976744186046512,0.9752342498368877,43,1af3f391bd2e923dc1e379091d1aaf97791d8bde0d9ccae0be1d6e93245cc551,NONBINDING_CORRIDOR_CEILING,SLACK,NONE (NONBINDING_CORRIDOR_CEILING),WHAT_IF_PLANNER_GRID; PROVISIONAL_PORTFOLIO_SCENARIO; ENGINEERING_REVIEW_REQUIRED
