portfolio_id,run_group,scenario_level,budget_usd,equity_floor,selection_hash,portfolio_equivalence_group,is_canonical_portfolio,is_default_dashboard_portfolio,corridor_id,corridor_name,treatment_id,treatment_name,uncertainty_scenario,capital_project_cost,present_value_benefit,net_present_benefit,benefit_cost_ratio,equity_area_flag,physical_applicability_status,evidence_status,selected_rank_by_benefit,required_governance_labels
PORT_OFF_CONSERVATIVE_B15M_EQ20,OFFICIAL,CONSERVATIVE,15000000.0,0.2,d4739486237a35e052f256745811f6868696162c0ea8e4b646c44155f2da32b5,OFFICIAL_CONSERVATIVE_d4739486237a35e052f256745811f6868696162c0ea8e4b646c44155f2da32b5,True,False,HCC006,Fullerton,TRT_002,Road Diet (4-to-3 Lane Conversion),CONSERVATIVE,998856.0,143471128.2349,142472272.2349,143.635447,False,UNKNOWN,DOCUMENTED_CMF_SCENARIO,1,OFFICIAL_BUDGET_SCENARIO; PROVISIONAL_PORTFOLIO_SCENARIO; ENGINEERING_REVIEW_REQUIRED
PORT_OFF_CONSERVATIVE_B15M_EQ20,OFFICIAL,CONSERVATIVE,15000000.0,0.2,d4739486237a35e052f256745811f6868696162c0ea8e4b646c44155f2da32b5,OFFICIAL_CONSERVATIVE_d4739486237a35e052f256745811f6868696162c0ea8e4b646c44155f2da32b5,True,False,HCC017,Pulaski,TRT_002,Road Diet (4-to-3 Lane Conversion),CONSERVATIVE,604752.0,137031196.2622,136426444.2622,226.590729,True,UNKNOWN,DOCUMENTED_CMF_SCENARIO,2,OFFICIAL_BUDGET_SCENARIO; PROVISIONAL_PORTFOLIO_SCENARIO; ENGINEERING_REVIEW_REQUIRED
PORT_OFF_CONSERVATIVE_B15M_EQ20,OFFICIAL,CONSERVATIVE,15000000.0,0.2,d4739486237a35e052f256745811f6868696162c0ea8e4b646c44155f2da32b5,OFFICIAL_CONSERVATIVE_d4739486237a35e052f256745811f6868696162c0ea8e4b646c44155f2da32b5,True,False,HCC016,Cicero,TRT_002,Road Diet (4-to-3 Lane Conversion),CONSERVATIVE,421968.0,128820366.5386,128398398.5386,305.284682,True,UNKNOWN,DOCUMENTED_CMF_SCENARIO,3,OFFICIAL_BUDGET_SCENARIO; PROVISIONAL_PORTFOLIO_SCENARIO; ENGINEERING_REVIEW_REQUIRED
PORT_OFF_CONSERVATIVE_B15M_EQ20,OFFICIAL,CONSERVATIVE,15000000.0,0.2,d4739486237a35e052f256745811f6868696162c0ea8e4b646c44155f2da32b5,OFFICIAL_CONSERVATIVE_d4739486237a35e052f256745811f6868696162c0ea8e4b646c44155f2da32b5,True,False,HCC032,Michigan,TRT_002,Road Diet (4-to-3 Lane Conversion),CONSERVATIVE,553560.0,127835714.7387,127282154.7387,230.933801,False,UNKNOWN,DOCUMENTED_CMF_SCENARIO,4,OFFICIAL_BUDGET_SCENARIO; PROVISIONAL_PORTFOLIO_SCENARIO; ENGINEERING_REVIEW_REQUIRED
PORT_OFF_CONSERVATIVE_B15M_EQ20,OFFICIAL,CONSERVATIVE,15000000.0,0.2,d4739486237a35e052f256745811f6868696162c0ea8e4b646c44155f2da32b5,OFFICIAL_CONSERVATIVE_d4739486237a35e052f256745811f6868696162c0ea8e4b646c44155f2da32b5,True,False,HCC025,Stony Island,TRT_002,Road Diet (4-to-3 Lane Conversion),CONSERVATIVE,482664.0,116245697.0159,115763033.0159,240.841863,True,UNKNOWN,DOCUMENTED_CMF_SCENARIO,5,OFFICIAL_BUDGET_SCENARIO; PROVISIONAL_PORTFOLIO_SCENARIO; ENGINEERING_REVIEW_REQUIRED
PORT_OFF_CONSERVATIVE_B15M_EQ20,OFFICIAL,CONSERVATIVE,15000000.0,0.2,d4739486237a35e052f256745811f6868696162c0ea8e4b646c44155f2da32b5,OFFICIAL_CONSERVATIVE_d4739486237a35e052f256745811f6868696162c0ea8e4b646c44155f2da32b5,True,False,HCC021,Pulaski,TRT_002,Road Diet (4-to-3 Lane Conversion),CONSERVATIVE,633168.0,114525552.1758,113892384.1758,180.877038,True,UNKNOWN,DOCUMENTED_CMF_SCENARIO,6,OFFICIAL_BUDGET_SCENARIO; PROVISIONAL_PORTFOLIO_SCENARIO; ENGINEERING_REVIEW_REQUIRED
PORT_OFF_CONSERVATIVE_B15M_EQ20,OFFICIAL,CONSERVATIVE,15000000.0,0.2,d4739486237a35e052f256745811f6868696162c0ea8e4b646c44155f2da32b5,OFFICIAL_CONSERVATIVE_d4739486237a35e052f256745811f6868696162c0ea8e4b646c44155f2da32b5,True,False,HCC015,Lake,TRT_002,Road Diet (4-to-3 Lane Conversion),CONSERVATIVE,457464.0,108144660.3326,107687196.3326,236.400373,True,UNKNOWN,DOCUMENTED_CMF_SCENARIO,7,OFFICIAL_BUDGET_SCENARIO; PROVISIONAL_PORTFOLIO_SCENARIO; ENGINEERING_REVIEW_REQUIRED
PORT_OFF_CONSERVATIVE_B15M_EQ20,OFFICIAL,CONSERVATIVE,15000000.0,0.2,d4739486237a35e052f256745811f6868696162c0ea8e4b646c44155f2da32b5,OFFICIAL_CONSERVATIVE_d4739486237a35e052f256745811f6868696162c0ea8e4b646c44155f2da32b5,True,False,HCC008,Milwaukee,TRT_002,Road Diet (4-to-3 Lane Conversion),CONSERVATIVE,849696.0,100973795.4974,100124099.4974,118.835202,False,UNKNOWN,DOCUMENTED_CMF_SCENARIO,8,OFFICIAL_BUDGET_SCENARIO; PROVISIONAL_PORTFOLIO_SCENARIO; ENGINEERING_REVIEW_REQUIRED
PORT_OFF_CONSERVATIVE_B15M_EQ20,OFFICIAL,CONSERVATIVE,15000000.0,0.2,d4739486237a35e052f256745811f6868696162c0ea8e4b646c44155f2da32b5,OFFICIAL_CONSERVATIVE_d4739486237a35e052f256745811f6868696162c0ea8e4b646c44155f2da32b5,True,False,HCC010,Ashland,TRT_002,Road Diet (4-to-3 Lane Conversion),CONSERVATIVE,810000.0,99159592.6817,98349592.6817,122.41925,False,UNKNOWN,DOCUMENTED_CMF_SCENARIO,9,OFFICIAL_BUDGET_SCENARIO; PROVISIONAL_PORTFOLIO_SCENARIO; ENGINEERING_REVIEW_REQUIRED
PORT_OFF_CONSERVATIVE_B15M_EQ20,OFFICIAL,CONSERVATIVE,15000000.0,0.2,d4739486237a35e052f256745811f6868696162c0ea8e4b646c44155f2da32b5,OFFICIAL_CONSERVATIVE_d4739486237a35e052f256745811f6868696162c0ea8e4b646c44155f2da32b5,True,False,HCC023,Ashland,TRT_002,Road Diet (4-to-3 Lane Conversion),CONSERVATIVE,301440.0,83722707.6501,83421267.6501,277.742528,True,UNKNOWN,DOCUMENTED_CMF_SCENARIO,10,OFFICIAL_BUDGET_SCENARIO; PROVISIONAL_PORTFOLIO_SCENARIO; ENGINEERING_REVIEW_REQUIRED
PORT_OFF_CONSERVATIVE_B15M_EQ20,OFFICIAL,CONSERVATIVE,15000000.0,0.2,d4739486237a35e052f256745811f6868696162c0ea8e4b646c44155f2da32b5,OFFICIAL_CONSERVATIVE_d4739486237a35e052f256745811f6868696162c0ea8e4b646c44155f2da32b5,True,False,HCC007,Western,TRT_002,Road Diet (4-to-3 Lane Conversion),CONSERVATIVE,630336.0,79807722.9712,79177386.9712,126.611399,False,UNKNOWN,DOCUMENTED_CMF_SCENARIO,11,OFFICIAL_BUDGET_SCENARIO; PROVISIONAL_PORTFOLIO_SCENARIO; ENGINEERING_REVIEW_REQUIRED
PORT_OFF_CONSERVATIVE_B15M_EQ20,OFFICIAL,CONSERVATIVE,15000000.0,0.2,d4739486237a35e052f256745811f6868696162c0ea8e4b646c44155f2da32b5,OFFICIAL_CONSERVATIVE_d4739486237a35e052f256745811f6868696162c0ea8e4b646c44155f2da32b5,True,False,HCC039,Wacker,TRT_002,Road Diet (4-to-3 Lane Conversion),CONSERVATIVE,423120.0,76902037.7481,76478917.7481,181.749947,False,UNKNOWN,DOCUMENTED_CMF_SCENARIO,12,OFFICIAL_BUDGET_SCENARIO; PROVISIONAL_PORTFOLIO_SCENARIO; ENGINEERING_REVIEW_REQUIRED
PORT_OFF_CONSERVATIVE_B15M_EQ20,OFFICIAL,CONSERVATIVE,15000000.0,0.2,d4739486237a35e052f256745811f6868696162c0ea8e4b646c44155f2da32b5,OFFICIAL_CONSERVATIVE_d4739486237a35e052f256745811f6868696162c0ea8e4b646c44155f2da32b5,True,False,HCC018,Roosevelt,TRT_002,Road Diet (4-to-3 Lane Conversion),CONSERVATIVE,282192.0,75102294.7988,74820102.7988,266.138993,False,UNKNOWN,DOCUMENTED_CMF_SCENARIO,13,OFFICIAL_BUDGET_SCENARIO; PROVISIONAL_PORTFOLIO_SCENARIO; ENGINEERING_REVIEW_REQUIRED
PORT_OFF_CONSERVATIVE_B15M_EQ20,OFFICIAL,CONSERVATIVE,15000000.0,0.2,d4739486237a35e052f256745811f6868696162c0ea8e4b646c44155f2da32b5,OFFICIAL_CONSERVATIVE_d4739486237a35e052f256745811f6868696162c0ea8e4b646c44155f2da32b5,True,False,HCC001,Devon,TRT_002,Road Diet (4-to-3 Lane Conversion),CONSERVATIVE,359064.0,72105573.5706,71746509.5706,200.81538,True,UNKNOWN,DOCUMENTED_CMF_SCENARIO,14,OFFICIAL_BUDGET_SCENARIO; PROVISIONAL_PORTFOLIO_SCENARIO; ENGINEERING_REVIEW_REQUIRED
PORT_OFF_CONSERVATIVE_B15M_EQ20,OFFICIAL,CONSERVATIVE,15000000.0,0.2,d4739486237a35e052f256745811f6868696162c0ea8e4b646c44155f2da32b5,OFFICIAL_CONSERVATIVE_d4739486237a35e052f256745811f6868696162c0ea8e4b646c44155f2da32b5,True,False,HCC024,Western,TRT_002,Road Diet (4-to-3 Lane Conversion),CONSERVATIVE,331080.0,68479394.4626,68148314.4626,206.836397,True,UNKNOWN,DOCUMENTED_CMF_SCENARIO,15,OFFICIAL_BUDGET_SCENARIO; PROVISIONAL_PORTFOLIO_SCENARIO; ENGINEERING_REVIEW_REQUIRED
PORT_OFF_CONSERVATIVE_B15M_EQ20,OFFICIAL,CONSERVATIVE,15000000.0,0.2,d4739486237a35e052f256745811f6868696162c0ea8e4b646c44155f2da32b5,OFFICIAL_CONSERVATIVE_d4739486237a35e052f256745811f6868696162c0ea8e4b646c44155f2da32b5,True,False,HCC014,Chicago,TRT_002,Road Diet (4-to-3 Lane Conversion),CONSERVATIVE,514104.0,66266766.6299,65752662.6299,128.89759,False,UNKNOWN,DOCUMENTED_CMF_SCENARIO,16,OFFICIAL_BUDGET_SCENARIO; PROVISIONAL_PORTFOLIO_SCENARIO; ENGINEERING_REVIEW_REQUIRED
PORT_OFF_CONSERVATIVE_B15M_EQ20,OFFICIAL,CONSERVATIVE,15000000.0,0.2,d4739486237a35e052f256745811f6868696162c0ea8e4b646c44155f2da32b5,OFFICIAL_CONSERVATIVE_d4739486237a35e052f256745811f6868696162c0ea8e4b646c44155f2da32b5,True,False,HCC030,87th,TRT_002,Road Diet (4-to-3 Lane Conversion),CONSERVATIVE,361896.0,65396692.6743,65034796.6743,180.705763,True,UNKNOWN,DOCUMENTED_CMF_SCENARIO,17,OFFICIAL_BUDGET_SCENARIO; PROVISIONAL_PORTFOLIO_SCENARIO; ENGINEERING_REVIEW_REQUIRED
PORT_OFF_CONSERVATIVE_B15M_EQ20,OFFICIAL,CONSERVATIVE,15000000.0,0.2,d4739486237a35e052f256745811f6868696162c0ea8e4b646c44155f2da32b5,OFFICIAL_CONSERVATIVE_d4739486237a35e052f256745811f6868696162c0ea8e4b646c44155f2da32b5,True,False,HCC027,Cottage Grove,TRT_002,Road Diet (4-to-3 Lane Conversion),CONSERVATIVE,363384.0,64851745.2289,64488361.2289,178.466155,True,UNKNOWN,DOCUMENTED_CMF_SCENARIO,18,OFFICIAL_BUDGET_SCENARIO; PROVISIONAL_PORTFOLIO_SCENARIO; ENGINEERING_REVIEW_REQUIRED
PORT_OFF_CONSERVATIVE_B15M_EQ20,OFFICIAL,CONSERVATIVE,15000000.0,0.2,d4739486237a35e052f256745811f6868696162c0ea8e4b646c44155f2da32b5,OFFICIAL_CONSERVATIVE_d4739486237a35e052f256745811f6868696162c0ea8e4b646c44155f2da32b5,True,False,HCC031,Stony Island,TRT_002,Road Diet (4-to-3 Lane Conversion),CONSERVATIVE,242184.0,64546738.3063,64304554.3063,266.519416,False,UNKNOWN,DOCUMENTED_CMF_SCENARIO,19,OFFICIAL_BUDGET_SCENARIO; PROVISIONAL_PORTFOLIO_SCENARIO; ENGINEERING_REVIEW_REQUIRED
PORT_OFF_CONSERVATIVE_B15M_EQ20,OFFICIAL,CONSERVATIVE,15000000.0,0.2,d4739486237a35e052f256745811f6868696162c0ea8e4b646c44155f2da32b5,OFFICIAL_CONSERVATIVE_d4739486237a35e052f256745811f6868696162c0ea8e4b646c44155f2da32b5,True,False,HCC026,Halsted,TRT_002,Road Diet (4-to-3 Lane Conversion),CONSERVATIVE,361656.0,59770079.9322,59408423.9322,165.267768,True,UNKNOWN,DOCUMENTED_CMF_SCENARIO,20,OFFICIAL_BUDGET_SCENARIO; PROVISIONAL_PORTFOLIO_SCENARIO; ENGINEERING_REVIEW_REQUIRED
PORT_OFF_CONSERVATIVE_B15M_EQ20,OFFICIAL,CONSERVATIVE,15000000.0,0.2,d4739486237a35e052f256745811f6868696162c0ea8e4b646c44155f2da32b5,OFFICIAL_CONSERVATIVE_d4739486237a35e052f256745811f6868696162c0ea8e4b646c44155f2da32b5,True,False,HCC009,Damen,TRT_002,Road Diet (4-to-3 Lane Conversion),CONSERVATIVE,498504.0,59587821.0217,59089317.0217,119.533286,False,UNKNOWN,DOCUMENTED_CMF_SCENARIO,21,OFFICIAL_BUDGET_SCENARIO; PROVISIONAL_PORTFOLIO_SCENARIO; ENGINEERING_REVIEW_REQUIRED
PORT_OFF_CONSERVATIVE_B15M_EQ20,OFFICIAL,CONSERVATIVE,15000000.0,0.2,d4739486237a35e052f256745811f6868696162c0ea8e4b646c44155f2da32b5,OFFICIAL_CONSERVATIVE_d4739486237a35e052f256745811f6868696162c0ea8e4b646c44155f2da32b5,True,False,HCC020,Western Ave/Blvd,TRT_002,Road Diet (4-to-3 Lane Conversion),CONSERVATIVE,587112.0,54380115.8695,53793003.8695,92.62307,True,UNKNOWN,DOCUMENTED_CMF_SCENARIO,22,OFFICIAL_BUDGET_SCENARIO; PROVISIONAL_PORTFOLIO_SCENARIO; ENGINEERING_REVIEW_REQUIRED
PORT_OFF_CONSERVATIVE_B15M_EQ20,OFFICIAL,CONSERVATIVE,15000000.0,0.2,d4739486237a35e052f256745811f6868696162c0ea8e4b646c44155f2da32b5,OFFICIAL_CONSERVATIVE_d4739486237a35e052f256745811f6868696162c0ea8e4b646c44155f2da32b5,True,False,HCC011,North,TRT_002,Road Diet (4-to-3 Lane Conversion),CONSERVATIVE,245064.0,49867391.3229,49622327.3229,203.487217,True,UNKNOWN,DOCUMENTED_CMF_SCENARIO,23,OFFICIAL_BUDGET_SCENARIO; PROVISIONAL_PORTFOLIO_SCENARIO; ENGINEERING_REVIEW_REQUIRED
PORT_OFF_CONSERVATIVE_B15M_EQ20,OFFICIAL,CONSERVATIVE,15000000.0,0.2,d4739486237a35e052f256745811f6868696162c0ea8e4b646c44155f2da32b5,OFFICIAL_CONSERVATIVE_d4739486237a35e052f256745811f6868696162c0ea8e4b646c44155f2da32b5,True,False,HCC013,Chicago,TRT_002,Road Diet (4-to-3 Lane Conversion),CONSERVATIVE,241656.0,49382547.9344,49140891.9344,204.350597,True,UNKNOWN,DOCUMENTED_CMF_SCENARIO,24,OFFICIAL_BUDGET_SCENARIO; PROVISIONAL_PORTFOLIO_SCENARIO; ENGINEERING_REVIEW_REQUIRED
PORT_OFF_CONSERVATIVE_B15M_EQ20,OFFICIAL,CONSERVATIVE,15000000.0,0.2,d4739486237a35e052f256745811f6868696162c0ea8e4b646c44155f2da32b5,OFFICIAL_CONSERVATIVE_d4739486237a35e052f256745811f6868696162c0ea8e4b646c44155f2da32b5,True,False,HCC037,State,TRT_002,Road Diet (4-to-3 Lane Conversion),CONSERVATIVE,366768.0,48796384.0579,48429616.0579,133.044279,False,UNKNOWN,DOCUMENTED_CMF_SCENARIO,25,OFFICIAL_BUDGET_SCENARIO; PROVISIONAL_PORTFOLIO_SCENARIO; ENGINEERING_REVIEW_REQUIRED
PORT_OFF_CONSERVATIVE_B15M_EQ20,OFFICIAL,CONSERVATIVE,15000000.0,0.2,d4739486237a35e052f256745811f6868696162c0ea8e4b646c44155f2da32b5,OFFICIAL_CONSERVATIVE_d4739486237a35e052f256745811f6868696162c0ea8e4b646c44155f2da32b5,True,False,HCC029,79th,TRT_002,Road Diet (4-to-3 Lane Conversion),CONSERVATIVE,270336.0,46679967.8343,46409631.8343,172.673887,True,UNKNOWN,DOCUMENTED_CMF_SCENARIO,26,OFFICIAL_BUDGET_SCENARIO; PROVISIONAL_PORTFOLIO_SCENARIO; ENGINEERING_REVIEW_REQUIRED
PORT_OFF_CONSERVATIVE_B15M_EQ20,OFFICIAL,CONSERVATIVE,15000000.0,0.2,d4739486237a35e052f256745811f6868696162c0ea8e4b646c44155f2da32b5,OFFICIAL_CONSERVATIVE_d4739486237a35e052f256745811f6868696162c0ea8e4b646c44155f2da32b5,True,False,HCC012,Chicago,TRT_002,Road Diet (4-to-3 Lane Conversion),CONSERVATIVE,242448.0,44962953.278,44720505.278,185.454008,True,UNKNOWN,DOCUMENTED_CMF_SCENARIO,27,OFFICIAL_BUDGET_SCENARIO; PROVISIONAL_PORTFOLIO_SCENARIO; ENGINEERING_REVIEW_REQUIRED
PORT_OFF_CONSERVATIVE_B15M_EQ20,OFFICIAL,CONSERVATIVE,15000000.0,0.2,d4739486237a35e052f256745811f6868696162c0ea8e4b646c44155f2da32b5,OFFICIAL_CONSERVATIVE_d4739486237a35e052f256745811f6868696162c0ea8e4b646c44155f2da32b5,True,False,HCC022,Garfield,TRT_002,Road Diet (4-to-3 Lane Conversion),CONSERVATIVE,361800.0,44917412.6438,44555612.6438,124.149841,True,UNKNOWN,DOCUMENTED_CMF_SCENARIO,28,OFFICIAL_BUDGET_SCENARIO; PROVISIONAL_PORTFOLIO_SCENARIO; ENGINEERING_REVIEW_REQUIRED
PORT_OFF_CONSERVATIVE_B15M_EQ20,OFFICIAL,CONSERVATIVE,15000000.0,0.2,d4739486237a35e052f256745811f6868696162c0ea8e4b646c44155f2da32b5,OFFICIAL_CONSERVATIVE_d4739486237a35e052f256745811f6868696162c0ea8e4b646c44155f2da32b5,True,False,HCC035,Ohio,TRT_002,Road Diet (4-to-3 Lane Conversion),CONSERVATIVE,208056.0,43936122.6261,43728066.6261,211.174504,False,UNKNOWN,DOCUMENTED_CMF_SCENARIO,29,OFFICIAL_BUDGET_SCENARIO; PROVISIONAL_PORTFOLIO_SCENARIO; ENGINEERING_REVIEW_REQUIRED
PORT_OFF_CONSERVATIVE_B15M_EQ20,OFFICIAL,CONSERVATIVE,15000000.0,0.2,d4739486237a35e052f256745811f6868696162c0ea8e4b646c44155f2da32b5,OFFICIAL_CONSERVATIVE_d4739486237a35e052f256745811f6868696162c0ea8e4b646c44155f2da32b5,True,False,HCC002,Broadway,TRT_002,Road Diet (4-to-3 Lane Conversion),CONSERVATIVE,444144.0,43875684.2087,43431540.2087,98.78707,False,UNKNOWN,DOCUMENTED_CMF_SCENARIO,30,OFFICIAL_BUDGET_SCENARIO; PROVISIONAL_PORTFOLIO_SCENARIO; ENGINEERING_REVIEW_REQUIRED
PORT_OFF_CONSERVATIVE_B15M_EQ20,OFFICIAL,CONSERVATIVE,15000000.0,0.2,d4739486237a35e052f256745811f6868696162c0ea8e4b646c44155f2da32b5,OFFICIAL_CONSERVATIVE_d4739486237a35e052f256745811f6868696162c0ea8e4b646c44155f2da32b5,True,False,HCC004,Belmont,TRT_002,Road Diet (4-to-3 Lane Conversion),CONSERVATIVE,241056.0,43121638.4554,42880582.4554,178.886393,False,UNKNOWN,DOCUMENTED_CMF_SCENARIO,31,OFFICIAL_BUDGET_SCENARIO; PROVISIONAL_PORTFOLIO_SCENARIO; ENGINEERING_REVIEW_REQUIRED
PORT_OFF_CONSERVATIVE_B15M_EQ20,OFFICIAL,CONSERVATIVE,15000000.0,0.2,d4739486237a35e052f256745811f6868696162c0ea8e4b646c44155f2da32b5,OFFICIAL_CONSERVATIVE_d4739486237a35e052f256745811f6868696162c0ea8e4b646c44155f2da32b5,True,False,HCC034,Ontario,TRT_002,Road Diet (4-to-3 Lane Conversion),CONSERVATIVE,208008.0,35265888.4006,35057880.4006,169.54102,False,UNKNOWN,DOCUMENTED_CMF_SCENARIO,32,OFFICIAL_BUDGET_SCENARIO; PROVISIONAL_PORTFOLIO_SCENARIO; ENGINEERING_REVIEW_REQUIRED
PORT_OFF_CONSERVATIVE_B15M_EQ20,OFFICIAL,CONSERVATIVE,15000000.0,0.2,d4739486237a35e052f256745811f6868696162c0ea8e4b646c44155f2da32b5,OFFICIAL_CONSERVATIVE_d4739486237a35e052f256745811f6868696162c0ea8e4b646c44155f2da32b5,True,False,HCC043,Congress,TRT_002,Road Diet (4-to-3 Lane Conversion),CONSERVATIVE,116376.0,32737848.7511,32621472.7511,281.310998,False,UNKNOWN,DOCUMENTED_CMF_SCENARIO,33,OFFICIAL_BUDGET_SCENARIO; PROVISIONAL_PORTFOLIO_SCENARIO; ENGINEERING_REVIEW_REQUIRED
PORT_OFF_CONSERVATIVE_B15M_EQ20,OFFICIAL,CONSERVATIVE,15000000.0,0.2,d4739486237a35e052f256745811f6868696162c0ea8e4b646c44155f2da32b5,OFFICIAL_CONSERVATIVE_d4739486237a35e052f256745811f6868696162c0ea8e4b646c44155f2da32b5,True,False,HCC003,Western,TRT_002,Road Diet (4-to-3 Lane Conversion),CONSERVATIVE,241944.0,32487939.9866,32245995.9866,134.278759,False,UNKNOWN,DOCUMENTED_CMF_SCENARIO,34,OFFICIAL_BUDGET_SCENARIO; PROVISIONAL_PORTFOLIO_SCENARIO; ENGINEERING_REVIEW_REQUIRED
PORT_OFF_CONSERVATIVE_B15M_EQ20,OFFICIAL,CONSERVATIVE,15000000.0,0.2,d4739486237a35e052f256745811f6868696162c0ea8e4b646c44155f2da32b5,OFFICIAL_CONSERVATIVE_d4739486237a35e052f256745811f6868696162c0ea8e4b646c44155f2da32b5,True,False,HCC040,Washington,TRT_002,Road Diet (4-to-3 Lane Conversion),CONSERVATIVE,153432.0,29188600.4453,29035168.4453,190.238024,False,UNKNOWN,DOCUMENTED_CMF_SCENARIO,35,OFFICIAL_BUDGET_SCENARIO; PROVISIONAL_PORTFOLIO_SCENARIO; ENGINEERING_REVIEW_REQUIRED
PORT_OFF_CONSERVATIVE_B15M_EQ20,OFFICIAL,CONSERVATIVE,15000000.0,0.2,d4739486237a35e052f256745811f6868696162c0ea8e4b646c44155f2da32b5,OFFICIAL_CONSERVATIVE_d4739486237a35e052f256745811f6868696162c0ea8e4b646c44155f2da32b5,True,False,HCC038,Fairbanks,TRT_002,Road Diet (4-to-3 Lane Conversion),CONSERVATIVE,90336.0,17654847.9568,17564511.9568,195.435352,False,UNKNOWN,DOCUMENTED_CMF_SCENARIO,36,OFFICIAL_BUDGET_SCENARIO; PROVISIONAL_PORTFOLIO_SCENARIO; ENGINEERING_REVIEW_REQUIRED
PORT_OFF_CONSERVATIVE_B15M_EQ20,OFFICIAL,CONSERVATIVE,15000000.0,0.2,d4739486237a35e052f256745811f6868696162c0ea8e4b646c44155f2da32b5,OFFICIAL_CONSERVATIVE_d4739486237a35e052f256745811f6868696162c0ea8e4b646c44155f2da32b5,True,False,HCC041,Randolph,TRT_002,Road Diet (4-to-3 Lane Conversion),CONSERVATIVE,80280.0,13682288.5476,13602008.5476,170.432095,False,UNKNOWN,DOCUMENTED_CMF_SCENARIO,37,OFFICIAL_BUDGET_SCENARIO; PROVISIONAL_PORTFOLIO_SCENARIO; ENGINEERING_REVIEW_REQUIRED
PORT_OFF_CONSERVATIVE_B15M_EQ20,OFFICIAL,CONSERVATIVE,15000000.0,0.2,d4739486237a35e052f256745811f6868696162c0ea8e4b646c44155f2da32b5,OFFICIAL_CONSERVATIVE_d4739486237a35e052f256745811f6868696162c0ea8e4b646c44155f2da32b5,True,False,HCC042,Dearborn,TRT_002,Road Diet (4-to-3 Lane Conversion),CONSERVATIVE,83280.0,13330968.381,13247688.381,160.074068,False,UNKNOWN,DOCUMENTED_CMF_SCENARIO,38,OFFICIAL_BUDGET_SCENARIO; PROVISIONAL_PORTFOLIO_SCENARIO; ENGINEERING_REVIEW_REQUIRED
PORT_OFF_CONSERVATIVE_B15M_EQ20,OFFICIAL,CONSERVATIVE,15000000.0,0.2,d4739486237a35e052f256745811f6868696162c0ea8e4b646c44155f2da32b5,OFFICIAL_CONSERVATIVE_d4739486237a35e052f256745811f6868696162c0ea8e4b646c44155f2da32b5,True,False,HCC033,Orleans,TRT_002,Road Diet (4-to-3 Lane Conversion),CONSERVATIVE,69192.0,12172152.3866,12102960.3866,175.918493,False,UNKNOWN,DOCUMENTED_CMF_SCENARIO,39,OFFICIAL_BUDGET_SCENARIO; PROVISIONAL_PORTFOLIO_SCENARIO; ENGINEERING_REVIEW_REQUIRED
PORT_OFF_CONSERVATIVE_B15M_EQ20,OFFICIAL,CONSERVATIVE,15000000.0,0.2,d4739486237a35e052f256745811f6868696162c0ea8e4b646c44155f2da32b5,OFFICIAL_CONSERVATIVE_d4739486237a35e052f256745811f6868696162c0ea8e4b646c44155f2da32b5,True,False,HCC036,LaSalle,TRT_002,Road Diet (4-to-3 Lane Conversion),CONSERVATIVE,104040.0,11228530.7869,11124490.7869,107.925133,False,UNKNOWN,DOCUMENTED_CMF_SCENARIO,40,OFFICIAL_BUDGET_SCENARIO; PROVISIONAL_PORTFOLIO_SCENARIO; ENGINEERING_REVIEW_REQUIRED
PORT_OFF_CONSERVATIVE_B15M_EQ20,OFFICIAL,CONSERVATIVE,15000000.0,0.2,d4739486237a35e052f256745811f6868696162c0ea8e4b646c44155f2da32b5,OFFICIAL_CONSERVATIVE_d4739486237a35e052f256745811f6868696162c0ea8e4b646c44155f2da32b5,True,False,HCC005,Clark,TRT_001,Pedestrian Refuge Islands & Medians,CONSERVATIVE,72000.0,8897043.5673,8825043.5673,123.57005,False,UNKNOWN,DOCUMENTED_CMF_SCENARIO,41,OFFICIAL_BUDGET_SCENARIO; PROVISIONAL_PORTFOLIO_SCENARIO; ENGINEERING_REVIEW_REQUIRED
PORT_OFF_CONSERVATIVE_B15M_EQ20,OFFICIAL,CONSERVATIVE,15000000.0,0.2,d4739486237a35e052f256745811f6868696162c0ea8e4b646c44155f2da32b5,OFFICIAL_CONSERVATIVE_d4739486237a35e052f256745811f6868696162c0ea8e4b646c44155f2da32b5,True,False,HCC019,Lake Shore Drive,TRT_001,Pedestrian Refuge Islands & Medians,CONSERVATIVE,54000.0,6518599.9198,6464599.9198,120.714813,False,UNKNOWN,DOCUMENTED_CMF_SCENARIO,42,OFFICIAL_BUDGET_SCENARIO; PROVISIONAL_PORTFOLIO_SCENARIO; ENGINEERING_REVIEW_REQUIRED
PORT_OFF_CONSERVATIVE_B15M_EQ20,OFFICIAL,CONSERVATIVE,15000000.0,0.2,d4739486237a35e052f256745811f6868696162c0ea8e4b646c44155f2da32b5,OFFICIAL_CONSERVATIVE_d4739486237a35e052f256745811f6868696162c0ea8e4b646c44155f2da32b5,True,False,HCC028,Ashland,TRT_001,Pedestrian Refuge Islands & Medians,CONSERVATIVE,36000.0,4829895.533,4793895.533,134.163765,True,UNKNOWN,DOCUMENTED_CMF_SCENARIO,43,OFFICIAL_BUDGET_SCENARIO; PROVISIONAL_PORTFOLIO_SCENARIO; ENGINEERING_REVIEW_REQUIRED
PORT_OFF_CONSERVATIVE_B15M_EQ30,OFFICIAL,CONSERVATIVE,15000000.0,0.3,d4739486237a35e052f256745811f6868696162c0ea8e4b646c44155f2da32b5,OFFICIAL_CONSERVATIVE_d4739486237a35e052f256745811f6868696162c0ea8e4b646c44155f2da32b5,False,False,HCC006,Fullerton,TRT_002,Road Diet (4-to-3 Lane Conversion),CONSERVATIVE,998856.0,143471128.2349,142472272.2349,143.635447,False,UNKNOWN,DOCUMENTED_CMF_SCENARIO,1,OFFICIAL_BUDGET_SCENARIO; PROVISIONAL_PORTFOLIO_SCENARIO; ENGINEERING_REVIEW_REQUIRED
PORT_OFF_CONSERVATIVE_B15M_EQ30,OFFICIAL,CONSERVATIVE,15000000.0,0.3,d4739486237a35e052f256745811f6868696162c0ea8e4b646c44155f2da32b5,OFFICIAL_CONSERVATIVE_d4739486237a35e052f256745811f6868696162c0ea8e4b646c44155f2da32b5,False,False,HCC017,Pulaski,TRT_002,Road Diet (4-to-3 Lane Conversion),CONSERVATIVE,604752.0,137031196.2622,136426444.2622,226.590729,True,UNKNOWN,DOCUMENTED_CMF_SCENARIO,2,OFFICIAL_BUDGET_SCENARIO; PROVISIONAL_PORTFOLIO_SCENARIO; ENGINEERING_REVIEW_REQUIRED
PORT_OFF_CONSERVATIVE_B15M_EQ30,OFFICIAL,CONSERVATIVE,15000000.0,0.3,d4739486237a35e052f256745811f6868696162c0ea8e4b646c44155f2da32b5,OFFICIAL_CONSERVATIVE_d4739486237a35e052f256745811f6868696162c0ea8e4b646c44155f2da32b5,False,False,HCC016,Cicero,TRT_002,Road Diet (4-to-3 Lane Conversion),CONSERVATIVE,421968.0,128820366.5386,128398398.5386,305.284682,True,UNKNOWN,DOCUMENTED_CMF_SCENARIO,3,OFFICIAL_BUDGET_SCENARIO; PROVISIONAL_PORTFOLIO_SCENARIO; ENGINEERING_REVIEW_REQUIRED
PORT_OFF_CONSERVATIVE_B15M_EQ30,OFFICIAL,CONSERVATIVE,15000000.0,0.3,d4739486237a35e052f256745811f6868696162c0ea8e4b646c44155f2da32b5,OFFICIAL_CONSERVATIVE_d4739486237a35e052f256745811f6868696162c0ea8e4b646c44155f2da32b5,False,False,HCC032,Michigan,TRT_002,Road Diet (4-to-3 Lane Conversion),CONSERVATIVE,553560.0,127835714.7387,127282154.7387,230.933801,False,UNKNOWN,DOCUMENTED_CMF_SCENARIO,4,OFFICIAL_BUDGET_SCENARIO; PROVISIONAL_PORTFOLIO_SCENARIO; ENGINEERING_REVIEW_REQUIRED
PORT_OFF_CONSERVATIVE_B15M_EQ30,OFFICIAL,CONSERVATIVE,15000000.0,0.3,d4739486237a35e052f256745811f6868696162c0ea8e4b646c44155f2da32b5,OFFICIAL_CONSERVATIVE_d4739486237a35e052f256745811f6868696162c0ea8e4b646c44155f2da32b5,False,False,HCC025,Stony Island,TRT_002,Road Diet (4-to-3 Lane Conversion),CONSERVATIVE,482664.0,116245697.0159,115763033.0159,240.841863,True,UNKNOWN,DOCUMENTED_CMF_SCENARIO,5,OFFICIAL_BUDGET_SCENARIO; PROVISIONAL_PORTFOLIO_SCENARIO; ENGINEERING_REVIEW_REQUIRED
PORT_OFF_CONSERVATIVE_B15M_EQ30,OFFICIAL,CONSERVATIVE,15000000.0,0.3,d4739486237a35e052f256745811f6868696162c0ea8e4b646c44155f2da32b5,OFFICIAL_CONSERVATIVE_d4739486237a35e052f256745811f6868696162c0ea8e4b646c44155f2da32b5,False,False,HCC021,Pulaski,TRT_002,Road Diet (4-to-3 Lane Conversion),CONSERVATIVE,633168.0,114525552.1758,113892384.1758,180.877038,True,UNKNOWN,DOCUMENTED_CMF_SCENARIO,6,OFFICIAL_BUDGET_SCENARIO; PROVISIONAL_PORTFOLIO_SCENARIO; ENGINEERING_REVIEW_REQUIRED
PORT_OFF_CONSERVATIVE_B15M_EQ30,OFFICIAL,CONSERVATIVE,15000000.0,0.3,d4739486237a35e052f256745811f6868696162c0ea8e4b646c44155f2da32b5,OFFICIAL_CONSERVATIVE_d4739486237a35e052f256745811f6868696162c0ea8e4b646c44155f2da32b5,False,False,HCC015,Lake,TRT_002,Road Diet (4-to-3 Lane Conversion),CONSERVATIVE,457464.0,108144660.3326,107687196.3326,236.400373,True,UNKNOWN,DOCUMENTED_CMF_SCENARIO,7,OFFICIAL_BUDGET_SCENARIO; PROVISIONAL_PORTFOLIO_SCENARIO; ENGINEERING_REVIEW_REQUIRED
PORT_OFF_CONSERVATIVE_B15M_EQ30,OFFICIAL,CONSERVATIVE,15000000.0,0.3,d4739486237a35e052f256745811f6868696162c0ea8e4b646c44155f2da32b5,OFFICIAL_CONSERVATIVE_d4739486237a35e052f256745811f6868696162c0ea8e4b646c44155f2da32b5,False,False,HCC008,Milwaukee,TRT_002,Road Diet (4-to-3 Lane Conversion),CONSERVATIVE,849696.0,100973795.4974,100124099.4974,118.835202,False,UNKNOWN,DOCUMENTED_CMF_SCENARIO,8,OFFICIAL_BUDGET_SCENARIO; PROVISIONAL_PORTFOLIO_SCENARIO; ENGINEERING_REVIEW_REQUIRED
PORT_OFF_CONSERVATIVE_B15M_EQ30,OFFICIAL,CONSERVATIVE,15000000.0,0.3,d4739486237a35e052f256745811f6868696162c0ea8e4b646c44155f2da32b5,OFFICIAL_CONSERVATIVE_d4739486237a35e052f256745811f6868696162c0ea8e4b646c44155f2da32b5,False,False,HCC010,Ashland,TRT_002,Road Diet (4-to-3 Lane Conversion),CONSERVATIVE,810000.0,99159592.6817,98349592.6817,122.41925,False,UNKNOWN,DOCUMENTED_CMF_SCENARIO,9,OFFICIAL_BUDGET_SCENARIO; PROVISIONAL_PORTFOLIO_SCENARIO; ENGINEERING_REVIEW_REQUIRED
PORT_OFF_CONSERVATIVE_B15M_EQ30,OFFICIAL,CONSERVATIVE,15000000.0,0.3,d4739486237a35e052f256745811f6868696162c0ea8e4b646c44155f2da32b5,OFFICIAL_CONSERVATIVE_d4739486237a35e052f256745811f6868696162c0ea8e4b646c44155f2da32b5,False,False,HCC023,Ashland,TRT_002,Road Diet (4-to-3 Lane Conversion),CONSERVATIVE,301440.0,83722707.6501,83421267.6501,277.742528,True,UNKNOWN,DOCUMENTED_CMF_SCENARIO,10,OFFICIAL_BUDGET_SCENARIO; PROVISIONAL_PORTFOLIO_SCENARIO; ENGINEERING_REVIEW_REQUIRED
PORT_OFF_CONSERVATIVE_B15M_EQ30,OFFICIAL,CONSERVATIVE,15000000.0,0.3,d4739486237a35e052f256745811f6868696162c0ea8e4b646c44155f2da32b5,OFFICIAL_CONSERVATIVE_d4739486237a35e052f256745811f6868696162c0ea8e4b646c44155f2da32b5,False,False,HCC007,Western,TRT_002,Road Diet (4-to-3 Lane Conversion),CONSERVATIVE,630336.0,79807722.9712,79177386.9712,126.611399,False,UNKNOWN,DOCUMENTED_CMF_SCENARIO,11,OFFICIAL_BUDGET_SCENARIO; PROVISIONAL_PORTFOLIO_SCENARIO; ENGINEERING_REVIEW_REQUIRED
PORT_OFF_CONSERVATIVE_B15M_EQ30,OFFICIAL,CONSERVATIVE,15000000.0,0.3,d4739486237a35e052f256745811f6868696162c0ea8e4b646c44155f2da32b5,OFFICIAL_CONSERVATIVE_d4739486237a35e052f256745811f6868696162c0ea8e4b646c44155f2da32b5,False,False,HCC039,Wacker,TRT_002,Road Diet (4-to-3 Lane Conversion),CONSERVATIVE,423120.0,76902037.7481,76478917.7481,181.749947,False,UNKNOWN,DOCUMENTED_CMF_SCENARIO,12,OFFICIAL_BUDGET_SCENARIO; PROVISIONAL_PORTFOLIO_SCENARIO; ENGINEERING_REVIEW_REQUIRED
PORT_OFF_CONSERVATIVE_B15M_EQ30,OFFICIAL,CONSERVATIVE,15000000.0,0.3,d4739486237a35e052f256745811f6868696162c0ea8e4b646c44155f2da32b5,OFFICIAL_CONSERVATIVE_d4739486237a35e052f256745811f6868696162c0ea8e4b646c44155f2da32b5,False,False,HCC018,Roosevelt,TRT_002,Road Diet (4-to-3 Lane Conversion),CONSERVATIVE,282192.0,75102294.7988,74820102.7988,266.138993,False,UNKNOWN,DOCUMENTED_CMF_SCENARIO,13,OFFICIAL_BUDGET_SCENARIO; PROVISIONAL_PORTFOLIO_SCENARIO; ENGINEERING_REVIEW_REQUIRED
PORT_OFF_CONSERVATIVE_B15M_EQ30,OFFICIAL,CONSERVATIVE,15000000.0,0.3,d4739486237a35e052f256745811f6868696162c0ea8e4b646c44155f2da32b5,OFFICIAL_CONSERVATIVE_d4739486237a35e052f256745811f6868696162c0ea8e4b646c44155f2da32b5,False,False,HCC001,Devon,TRT_002,Road Diet (4-to-3 Lane Conversion),CONSERVATIVE,359064.0,72105573.5706,71746509.5706,200.81538,True,UNKNOWN,DOCUMENTED_CMF_SCENARIO,14,OFFICIAL_BUDGET_SCENARIO; PROVISIONAL_PORTFOLIO_SCENARIO; ENGINEERING_REVIEW_REQUIRED
PORT_OFF_CONSERVATIVE_B15M_EQ30,OFFICIAL,CONSERVATIVE,15000000.0,0.3,d4739486237a35e052f256745811f6868696162c0ea8e4b646c44155f2da32b5,OFFICIAL_CONSERVATIVE_d4739486237a35e052f256745811f6868696162c0ea8e4b646c44155f2da32b5,False,False,HCC024,Western,TRT_002,Road Diet (4-to-3 Lane Conversion),CONSERVATIVE,331080.0,68479394.4626,68148314.4626,206.836397,True,UNKNOWN,DOCUMENTED_CMF_SCENARIO,15,OFFICIAL_BUDGET_SCENARIO; PROVISIONAL_PORTFOLIO_SCENARIO; ENGINEERING_REVIEW_REQUIRED
PORT_OFF_CONSERVATIVE_B15M_EQ30,OFFICIAL,CONSERVATIVE,15000000.0,0.3,d4739486237a35e052f256745811f6868696162c0ea8e4b646c44155f2da32b5,OFFICIAL_CONSERVATIVE_d4739486237a35e052f256745811f6868696162c0ea8e4b646c44155f2da32b5,False,False,HCC014,Chicago,TRT_002,Road Diet (4-to-3 Lane Conversion),CONSERVATIVE,514104.0,66266766.6299,65752662.6299,128.89759,False,UNKNOWN,DOCUMENTED_CMF_SCENARIO,16,OFFICIAL_BUDGET_SCENARIO; PROVISIONAL_PORTFOLIO_SCENARIO; ENGINEERING_REVIEW_REQUIRED
PORT_OFF_CONSERVATIVE_B15M_EQ30,OFFICIAL,CONSERVATIVE,15000000.0,0.3,d4739486237a35e052f256745811f6868696162c0ea8e4b646c44155f2da32b5,OFFICIAL_CONSERVATIVE_d4739486237a35e052f256745811f6868696162c0ea8e4b646c44155f2da32b5,False,False,HCC030,87th,TRT_002,Road Diet (4-to-3 Lane Conversion),CONSERVATIVE,361896.0,65396692.6743,65034796.6743,180.705763,True,UNKNOWN,DOCUMENTED_CMF_SCENARIO,17,OFFICIAL_BUDGET_SCENARIO; PROVISIONAL_PORTFOLIO_SCENARIO; ENGINEERING_REVIEW_REQUIRED
PORT_OFF_CONSERVATIVE_B15M_EQ30,OFFICIAL,CONSERVATIVE,15000000.0,0.3,d4739486237a35e052f256745811f6868696162c0ea8e4b646c44155f2da32b5,OFFICIAL_CONSERVATIVE_d4739486237a35e052f256745811f6868696162c0ea8e4b646c44155f2da32b5,False,False,HCC027,Cottage Grove,TRT_002,Road Diet (4-to-3 Lane Conversion),CONSERVATIVE,363384.0,64851745.2289,64488361.2289,178.466155,True,UNKNOWN,DOCUMENTED_CMF_SCENARIO,18,OFFICIAL_BUDGET_SCENARIO; PROVISIONAL_PORTFOLIO_SCENARIO; ENGINEERING_REVIEW_REQUIRED
PORT_OFF_CONSERVATIVE_B15M_EQ30,OFFICIAL,CONSERVATIVE,15000000.0,0.3,d4739486237a35e052f256745811f6868696162c0ea8e4b646c44155f2da32b5,OFFICIAL_CONSERVATIVE_d4739486237a35e052f256745811f6868696162c0ea8e4b646c44155f2da32b5,False,False,HCC031,Stony Island,TRT_002,Road Diet (4-to-3 Lane Conversion),CONSERVATIVE,242184.0,64546738.3063,64304554.3063,266.519416,False,UNKNOWN,DOCUMENTED_CMF_SCENARIO,19,OFFICIAL_BUDGET_SCENARIO; PROVISIONAL_PORTFOLIO_SCENARIO; ENGINEERING_REVIEW_REQUIRED
PORT_OFF_CONSERVATIVE_B15M_EQ30,OFFICIAL,CONSERVATIVE,15000000.0,0.3,d4739486237a35e052f256745811f6868696162c0ea8e4b646c44155f2da32b5,OFFICIAL_CONSERVATIVE_d4739486237a35e052f256745811f6868696162c0ea8e4b646c44155f2da32b5,False,False,HCC026,Halsted,TRT_002,Road Diet (4-to-3 Lane Conversion),CONSERVATIVE,361656.0,59770079.9322,59408423.9322,165.267768,True,UNKNOWN,DOCUMENTED_CMF_SCENARIO,20,OFFICIAL_BUDGET_SCENARIO; PROVISIONAL_PORTFOLIO_SCENARIO; ENGINEERING_REVIEW_REQUIRED
PORT_OFF_CONSERVATIVE_B15M_EQ30,OFFICIAL,CONSERVATIVE,15000000.0,0.3,d4739486237a35e052f256745811f6868696162c0ea8e4b646c44155f2da32b5,OFFICIAL_CONSERVATIVE_d4739486237a35e052f256745811f6868696162c0ea8e4b646c44155f2da32b5,False,False,HCC009,Damen,TRT_002,Road Diet (4-to-3 Lane Conversion),CONSERVATIVE,498504.0,59587821.0217,59089317.0217,119.533286,False,UNKNOWN,DOCUMENTED_CMF_SCENARIO,21,OFFICIAL_BUDGET_SCENARIO; PROVISIONAL_PORTFOLIO_SCENARIO; ENGINEERING_REVIEW_REQUIRED
PORT_OFF_CONSERVATIVE_B15M_EQ30,OFFICIAL,CONSERVATIVE,15000000.0,0.3,d4739486237a35e052f256745811f6868696162c0ea8e4b646c44155f2da32b5,OFFICIAL_CONSERVATIVE_d4739486237a35e052f256745811f6868696162c0ea8e4b646c44155f2da32b5,False,False,HCC020,Western Ave/Blvd,TRT_002,Road Diet (4-to-3 Lane Conversion),CONSERVATIVE,587112.0,54380115.8695,53793003.8695,92.62307,True,UNKNOWN,DOCUMENTED_CMF_SCENARIO,22,OFFICIAL_BUDGET_SCENARIO; PROVISIONAL_PORTFOLIO_SCENARIO; ENGINEERING_REVIEW_REQUIRED
PORT_OFF_CONSERVATIVE_B15M_EQ30,OFFICIAL,CONSERVATIVE,15000000.0,0.3,d4739486237a35e052f256745811f6868696162c0ea8e4b646c44155f2da32b5,OFFICIAL_CONSERVATIVE_d4739486237a35e052f256745811f6868696162c0ea8e4b646c44155f2da32b5,False,False,HCC011,North,TRT_002,Road Diet (4-to-3 Lane Conversion),CONSERVATIVE,245064.0,49867391.3229,49622327.3229,203.487217,True,UNKNOWN,DOCUMENTED_CMF_SCENARIO,23,OFFICIAL_BUDGET_SCENARIO; PROVISIONAL_PORTFOLIO_SCENARIO; ENGINEERING_REVIEW_REQUIRED
PORT_OFF_CONSERVATIVE_B15M_EQ30,OFFICIAL,CONSERVATIVE,15000000.0,0.3,d4739486237a35e052f256745811f6868696162c0ea8e4b646c44155f2da32b5,OFFICIAL_CONSERVATIVE_d4739486237a35e052f256745811f6868696162c0ea8e4b646c44155f2da32b5,False,False,HCC013,Chicago,TRT_002,Road Diet (4-to-3 Lane Conversion),CONSERVATIVE,241656.0,49382547.9344,49140891.9344,204.350597,True,UNKNOWN,DOCUMENTED_CMF_SCENARIO,24,OFFICIAL_BUDGET_SCENARIO; PROVISIONAL_PORTFOLIO_SCENARIO; ENGINEERING_REVIEW_REQUIRED
PORT_OFF_CONSERVATIVE_B15M_EQ30,OFFICIAL,CONSERVATIVE,15000000.0,0.3,d4739486237a35e052f256745811f6868696162c0ea8e4b646c44155f2da32b5,OFFICIAL_CONSERVATIVE_d4739486237a35e052f256745811f6868696162c0ea8e4b646c44155f2da32b5,False,False,HCC037,State,TRT_002,Road Diet (4-to-3 Lane Conversion),CONSERVATIVE,366768.0,48796384.0579,48429616.0579,133.044279,False,UNKNOWN,DOCUMENTED_CMF_SCENARIO,25,OFFICIAL_BUDGET_SCENARIO; PROVISIONAL_PORTFOLIO_SCENARIO; ENGINEERING_REVIEW_REQUIRED
PORT_OFF_CONSERVATIVE_B15M_EQ30,OFFICIAL,CONSERVATIVE,15000000.0,0.3,d4739486237a35e052f256745811f6868696162c0ea8e4b646c44155f2da32b5,OFFICIAL_CONSERVATIVE_d4739486237a35e052f256745811f6868696162c0ea8e4b646c44155f2da32b5,False,False,HCC029,79th,TRT_002,Road Diet (4-to-3 Lane Conversion),CONSERVATIVE,270336.0,46679967.8343,46409631.8343,172.673887,True,UNKNOWN,DOCUMENTED_CMF_SCENARIO,26,OFFICIAL_BUDGET_SCENARIO; PROVISIONAL_PORTFOLIO_SCENARIO; ENGINEERING_REVIEW_REQUIRED
PORT_OFF_CONSERVATIVE_B15M_EQ30,OFFICIAL,CONSERVATIVE,15000000.0,0.3,d4739486237a35e052f256745811f6868696162c0ea8e4b646c44155f2da32b5,OFFICIAL_CONSERVATIVE_d4739486237a35e052f256745811f6868696162c0ea8e4b646c44155f2da32b5,False,False,HCC012,Chicago,TRT_002,Road Diet (4-to-3 Lane Conversion),CONSERVATIVE,242448.0,44962953.278,44720505.278,185.454008,True,UNKNOWN,DOCUMENTED_CMF_SCENARIO,27,OFFICIAL_BUDGET_SCENARIO; PROVISIONAL_PORTFOLIO_SCENARIO; ENGINEERING_REVIEW_REQUIRED
PORT_OFF_CONSERVATIVE_B15M_EQ30,OFFICIAL,CONSERVATIVE,15000000.0,0.3,d4739486237a35e052f256745811f6868696162c0ea8e4b646c44155f2da32b5,OFFICIAL_CONSERVATIVE_d4739486237a35e052f256745811f6868696162c0ea8e4b646c44155f2da32b5,False,False,HCC022,Garfield,TRT_002,Road Diet (4-to-3 Lane Conversion),CONSERVATIVE,361800.0,44917412.6438,44555612.6438,124.149841,True,UNKNOWN,DOCUMENTED_CMF_SCENARIO,28,OFFICIAL_BUDGET_SCENARIO; PROVISIONAL_PORTFOLIO_SCENARIO; ENGINEERING_REVIEW_REQUIRED
PORT_OFF_CONSERVATIVE_B15M_EQ30,OFFICIAL,CONSERVATIVE,15000000.0,0.3,d4739486237a35e052f256745811f6868696162c0ea8e4b646c44155f2da32b5,OFFICIAL_CONSERVATIVE_d4739486237a35e052f256745811f6868696162c0ea8e4b646c44155f2da32b5,False,False,HCC035,Ohio,TRT_002,Road Diet (4-to-3 Lane Conversion),CONSERVATIVE,208056.0,43936122.6261,43728066.6261,211.174504,False,UNKNOWN,DOCUMENTED_CMF_SCENARIO,29,OFFICIAL_BUDGET_SCENARIO; PROVISIONAL_PORTFOLIO_SCENARIO; ENGINEERING_REVIEW_REQUIRED
PORT_OFF_CONSERVATIVE_B15M_EQ30,OFFICIAL,CONSERVATIVE,15000000.0,0.3,d4739486237a35e052f256745811f6868696162c0ea8e4b646c44155f2da32b5,OFFICIAL_CONSERVATIVE_d4739486237a35e052f256745811f6868696162c0ea8e4b646c44155f2da32b5,False,False,HCC002,Broadway,TRT_002,Road Diet (4-to-3 Lane Conversion),CONSERVATIVE,444144.0,43875684.2087,43431540.2087,98.78707,False,UNKNOWN,DOCUMENTED_CMF_SCENARIO,30,OFFICIAL_BUDGET_SCENARIO; PROVISIONAL_PORTFOLIO_SCENARIO; ENGINEERING_REVIEW_REQUIRED
PORT_OFF_CONSERVATIVE_B15M_EQ30,OFFICIAL,CONSERVATIVE,15000000.0,0.3,d4739486237a35e052f256745811f6868696162c0ea8e4b646c44155f2da32b5,OFFICIAL_CONSERVATIVE_d4739486237a35e052f256745811f6868696162c0ea8e4b646c44155f2da32b5,False,False,HCC004,Belmont,TRT_002,Road Diet (4-to-3 Lane Conversion),CONSERVATIVE,241056.0,43121638.4554,42880582.4554,178.886393,False,UNKNOWN,DOCUMENTED_CMF_SCENARIO,31,OFFICIAL_BUDGET_SCENARIO; PROVISIONAL_PORTFOLIO_SCENARIO; ENGINEERING_REVIEW_REQUIRED
PORT_OFF_CONSERVATIVE_B15M_EQ30,OFFICIAL,CONSERVATIVE,15000000.0,0.3,d4739486237a35e052f256745811f6868696162c0ea8e4b646c44155f2da32b5,OFFICIAL_CONSERVATIVE_d4739486237a35e052f256745811f6868696162c0ea8e4b646c44155f2da32b5,False,False,HCC034,Ontario,TRT_002,Road Diet (4-to-3 Lane Conversion),CONSERVATIVE,208008.0,35265888.4006,35057880.4006,169.54102,False,UNKNOWN,DOCUMENTED_CMF_SCENARIO,32,OFFICIAL_BUDGET_SCENARIO; PROVISIONAL_PORTFOLIO_SCENARIO; ENGINEERING_REVIEW_REQUIRED
PORT_OFF_CONSERVATIVE_B15M_EQ30,OFFICIAL,CONSERVATIVE,15000000.0,0.3,d4739486237a35e052f256745811f6868696162c0ea8e4b646c44155f2da32b5,OFFICIAL_CONSERVATIVE_d4739486237a35e052f256745811f6868696162c0ea8e4b646c44155f2da32b5,False,False,HCC043,Congress,TRT_002,Road Diet (4-to-3 Lane Conversion),CONSERVATIVE,116376.0,32737848.7511,32621472.7511,281.310998,False,UNKNOWN,DOCUMENTED_CMF_SCENARIO,33,OFFICIAL_BUDGET_SCENARIO; PROVISIONAL_PORTFOLIO_SCENARIO; ENGINEERING_REVIEW_REQUIRED
PORT_OFF_CONSERVATIVE_B15M_EQ30,OFFICIAL,CONSERVATIVE,15000000.0,0.3,d4739486237a35e052f256745811f6868696162c0ea8e4b646c44155f2da32b5,OFFICIAL_CONSERVATIVE_d4739486237a35e052f256745811f6868696162c0ea8e4b646c44155f2da32b5,False,False,HCC003,Western,TRT_002,Road Diet (4-to-3 Lane Conversion),CONSERVATIVE,241944.0,32487939.9866,32245995.9866,134.278759,False,UNKNOWN,DOCUMENTED_CMF_SCENARIO,34,OFFICIAL_BUDGET_SCENARIO; PROVISIONAL_PORTFOLIO_SCENARIO; ENGINEERING_REVIEW_REQUIRED
PORT_OFF_CONSERVATIVE_B15M_EQ30,OFFICIAL,CONSERVATIVE,15000000.0,0.3,d4739486237a35e052f256745811f6868696162c0ea8e4b646c44155f2da32b5,OFFICIAL_CONSERVATIVE_d4739486237a35e052f256745811f6868696162c0ea8e4b646c44155f2da32b5,False,False,HCC040,Washington,TRT_002,Road Diet (4-to-3 Lane Conversion),CONSERVATIVE,153432.0,29188600.4453,29035168.4453,190.238024,False,UNKNOWN,DOCUMENTED_CMF_SCENARIO,35,OFFICIAL_BUDGET_SCENARIO; PROVISIONAL_PORTFOLIO_SCENARIO; ENGINEERING_REVIEW_REQUIRED
PORT_OFF_CONSERVATIVE_B15M_EQ30,OFFICIAL,CONSERVATIVE,15000000.0,0.3,d4739486237a35e052f256745811f6868696162c0ea8e4b646c44155f2da32b5,OFFICIAL_CONSERVATIVE_d4739486237a35e052f256745811f6868696162c0ea8e4b646c44155f2da32b5,False,False,HCC038,Fairbanks,TRT_002,Road Diet (4-to-3 Lane Conversion),CONSERVATIVE,90336.0,17654847.9568,17564511.9568,195.435352,False,UNKNOWN,DOCUMENTED_CMF_SCENARIO,36,OFFICIAL_BUDGET_SCENARIO; PROVISIONAL_PORTFOLIO_SCENARIO; ENGINEERING_REVIEW_REQUIRED
PORT_OFF_CONSERVATIVE_B15M_EQ30,OFFICIAL,CONSERVATIVE,15000000.0,0.3,d4739486237a35e052f256745811f6868696162c0ea8e4b646c44155f2da32b5,OFFICIAL_CONSERVATIVE_d4739486237a35e052f256745811f6868696162c0ea8e4b646c44155f2da32b5,False,False,HCC041,Randolph,TRT_002,Road Diet (4-to-3 Lane Conversion),CONSERVATIVE,80280.0,13682288.5476,13602008.5476,170.432095,False,UNKNOWN,DOCUMENTED_CMF_SCENARIO,37,OFFICIAL_BUDGET_SCENARIO; PROVISIONAL_PORTFOLIO_SCENARIO; ENGINEERING_REVIEW_REQUIRED
PORT_OFF_CONSERVATIVE_B15M_EQ30,OFFICIAL,CONSERVATIVE,15000000.0,0.3,d4739486237a35e052f256745811f6868696162c0ea8e4b646c44155f2da32b5,OFFICIAL_CONSERVATIVE_d4739486237a35e052f256745811f6868696162c0ea8e4b646c44155f2da32b5,False,False,HCC042,Dearborn,TRT_002,Road Diet (4-to-3 Lane Conversion),CONSERVATIVE,83280.0,13330968.381,13247688.381,160.074068,False,UNKNOWN,DOCUMENTED_CMF_SCENARIO,38,OFFICIAL_BUDGET_SCENARIO; PROVISIONAL_PORTFOLIO_SCENARIO; ENGINEERING_REVIEW_REQUIRED
PORT_OFF_CONSERVATIVE_B15M_EQ30,OFFICIAL,CONSERVATIVE,15000000.0,0.3,d4739486237a35e052f256745811f6868696162c0ea8e4b646c44155f2da32b5,OFFICIAL_CONSERVATIVE_d4739486237a35e052f256745811f6868696162c0ea8e4b646c44155f2da32b5,False,False,HCC033,Orleans,TRT_002,Road Diet (4-to-3 Lane Conversion),CONSERVATIVE,69192.0,12172152.3866,12102960.3866,175.918493,False,UNKNOWN,DOCUMENTED_CMF_SCENARIO,39,OFFICIAL_BUDGET_SCENARIO; PROVISIONAL_PORTFOLIO_SCENARIO; ENGINEERING_REVIEW_REQUIRED
PORT_OFF_CONSERVATIVE_B15M_EQ30,OFFICIAL,CONSERVATIVE,15000000.0,0.3,d4739486237a35e052f256745811f6868696162c0ea8e4b646c44155f2da32b5,OFFICIAL_CONSERVATIVE_d4739486237a35e052f256745811f6868696162c0ea8e4b646c44155f2da32b5,False,False,HCC036,LaSalle,TRT_002,Road Diet (4-to-3 Lane Conversion),CONSERVATIVE,104040.0,11228530.7869,11124490.7869,107.925133,False,UNKNOWN,DOCUMENTED_CMF_SCENARIO,40,OFFICIAL_BUDGET_SCENARIO; PROVISIONAL_PORTFOLIO_SCENARIO; ENGINEERING_REVIEW_REQUIRED
PORT_OFF_CONSERVATIVE_B15M_EQ30,OFFICIAL,CONSERVATIVE,15000000.0,0.3,d4739486237a35e052f256745811f6868696162c0ea8e4b646c44155f2da32b5,OFFICIAL_CONSERVATIVE_d4739486237a35e052f256745811f6868696162c0ea8e4b646c44155f2da32b5,False,False,HCC005,Clark,TRT_001,Pedestrian Refuge Islands & Medians,CONSERVATIVE,72000.0,8897043.5673,8825043.5673,123.57005,False,UNKNOWN,DOCUMENTED_CMF_SCENARIO,41,OFFICIAL_BUDGET_SCENARIO; PROVISIONAL_PORTFOLIO_SCENARIO; ENGINEERING_REVIEW_REQUIRED
PORT_OFF_CONSERVATIVE_B15M_EQ30,OFFICIAL,CONSERVATIVE,15000000.0,0.3,d4739486237a35e052f256745811f6868696162c0ea8e4b646c44155f2da32b5,OFFICIAL_CONSERVATIVE_d4739486237a35e052f256745811f6868696162c0ea8e4b646c44155f2da32b5,False,False,HCC019,Lake Shore Drive,TRT_001,Pedestrian Refuge Islands & Medians,CONSERVATIVE,54000.0,6518599.9198,6464599.9198,120.714813,False,UNKNOWN,DOCUMENTED_CMF_SCENARIO,42,OFFICIAL_BUDGET_SCENARIO; PROVISIONAL_PORTFOLIO_SCENARIO; ENGINEERING_REVIEW_REQUIRED
PORT_OFF_CONSERVATIVE_B15M_EQ30,OFFICIAL,CONSERVATIVE,15000000.0,0.3,d4739486237a35e052f256745811f6868696162c0ea8e4b646c44155f2da32b5,OFFICIAL_CONSERVATIVE_d4739486237a35e052f256745811f6868696162c0ea8e4b646c44155f2da32b5,False,False,HCC028,Ashland,TRT_001,Pedestrian Refuge Islands & Medians,CONSERVATIVE,36000.0,4829895.533,4793895.533,134.163765,True,UNKNOWN,DOCUMENTED_CMF_SCENARIO,43,OFFICIAL_BUDGET_SCENARIO; PROVISIONAL_PORTFOLIO_SCENARIO; ENGINEERING_REVIEW_REQUIRED
PORT_OFF_CONSERVATIVE_B15M_EQ40,OFFICIAL,CONSERVATIVE,15000000.0,0.4,d4739486237a35e052f256745811f6868696162c0ea8e4b646c44155f2da32b5,OFFICIAL_CONSERVATIVE_d4739486237a35e052f256745811f6868696162c0ea8e4b646c44155f2da32b5,False,False,HCC006,Fullerton,TRT_002,Road Diet (4-to-3 Lane Conversion),CONSERVATIVE,998856.0,143471128.2349,142472272.2349,143.635447,False,UNKNOWN,DOCUMENTED_CMF_SCENARIO,1,OFFICIAL_BUDGET_SCENARIO; PROVISIONAL_PORTFOLIO_SCENARIO; ENGINEERING_REVIEW_REQUIRED
PORT_OFF_CONSERVATIVE_B15M_EQ40,OFFICIAL,CONSERVATIVE,15000000.0,0.4,d4739486237a35e052f256745811f6868696162c0ea8e4b646c44155f2da32b5,OFFICIAL_CONSERVATIVE_d4739486237a35e052f256745811f6868696162c0ea8e4b646c44155f2da32b5,False,False,HCC017,Pulaski,TRT_002,Road Diet (4-to-3 Lane Conversion),CONSERVATIVE,604752.0,137031196.2622,136426444.2622,226.590729,True,UNKNOWN,DOCUMENTED_CMF_SCENARIO,2,OFFICIAL_BUDGET_SCENARIO; PROVISIONAL_PORTFOLIO_SCENARIO; ENGINEERING_REVIEW_REQUIRED
PORT_OFF_CONSERVATIVE_B15M_EQ40,OFFICIAL,CONSERVATIVE,15000000.0,0.4,d4739486237a35e052f256745811f6868696162c0ea8e4b646c44155f2da32b5,OFFICIAL_CONSERVATIVE_d4739486237a35e052f256745811f6868696162c0ea8e4b646c44155f2da32b5,False,False,HCC016,Cicero,TRT_002,Road Diet (4-to-3 Lane Conversion),CONSERVATIVE,421968.0,128820366.5386,128398398.5386,305.284682,True,UNKNOWN,DOCUMENTED_CMF_SCENARIO,3,OFFICIAL_BUDGET_SCENARIO; PROVISIONAL_PORTFOLIO_SCENARIO; ENGINEERING_REVIEW_REQUIRED
PORT_OFF_CONSERVATIVE_B15M_EQ40,OFFICIAL,CONSERVATIVE,15000000.0,0.4,d4739486237a35e052f256745811f6868696162c0ea8e4b646c44155f2da32b5,OFFICIAL_CONSERVATIVE_d4739486237a35e052f256745811f6868696162c0ea8e4b646c44155f2da32b5,False,False,HCC032,Michigan,TRT_002,Road Diet (4-to-3 Lane Conversion),CONSERVATIVE,553560.0,127835714.7387,127282154.7387,230.933801,False,UNKNOWN,DOCUMENTED_CMF_SCENARIO,4,OFFICIAL_BUDGET_SCENARIO; PROVISIONAL_PORTFOLIO_SCENARIO; ENGINEERING_REVIEW_REQUIRED
PORT_OFF_CONSERVATIVE_B15M_EQ40,OFFICIAL,CONSERVATIVE,15000000.0,0.4,d4739486237a35e052f256745811f6868696162c0ea8e4b646c44155f2da32b5,OFFICIAL_CONSERVATIVE_d4739486237a35e052f256745811f6868696162c0ea8e4b646c44155f2da32b5,False,False,HCC025,Stony Island,TRT_002,Road Diet (4-to-3 Lane Conversion),CONSERVATIVE,482664.0,116245697.0159,115763033.0159,240.841863,True,UNKNOWN,DOCUMENTED_CMF_SCENARIO,5,OFFICIAL_BUDGET_SCENARIO; PROVISIONAL_PORTFOLIO_SCENARIO; ENGINEERING_REVIEW_REQUIRED
PORT_OFF_CONSERVATIVE_B15M_EQ40,OFFICIAL,CONSERVATIVE,15000000.0,0.4,d4739486237a35e052f256745811f6868696162c0ea8e4b646c44155f2da32b5,OFFICIAL_CONSERVATIVE_d4739486237a35e052f256745811f6868696162c0ea8e4b646c44155f2da32b5,False,False,HCC021,Pulaski,TRT_002,Road Diet (4-to-3 Lane Conversion),CONSERVATIVE,633168.0,114525552.1758,113892384.1758,180.877038,True,UNKNOWN,DOCUMENTED_CMF_SCENARIO,6,OFFICIAL_BUDGET_SCENARIO; PROVISIONAL_PORTFOLIO_SCENARIO; ENGINEERING_REVIEW_REQUIRED
PORT_OFF_CONSERVATIVE_B15M_EQ40,OFFICIAL,CONSERVATIVE,15000000.0,0.4,d4739486237a35e052f256745811f6868696162c0ea8e4b646c44155f2da32b5,OFFICIAL_CONSERVATIVE_d4739486237a35e052f256745811f6868696162c0ea8e4b646c44155f2da32b5,False,False,HCC015,Lake,TRT_002,Road Diet (4-to-3 Lane Conversion),CONSERVATIVE,457464.0,108144660.3326,107687196.3326,236.400373,True,UNKNOWN,DOCUMENTED_CMF_SCENARIO,7,OFFICIAL_BUDGET_SCENARIO; PROVISIONAL_PORTFOLIO_SCENARIO; ENGINEERING_REVIEW_REQUIRED
PORT_OFF_CONSERVATIVE_B15M_EQ40,OFFICIAL,CONSERVATIVE,15000000.0,0.4,d4739486237a35e052f256745811f6868696162c0ea8e4b646c44155f2da32b5,OFFICIAL_CONSERVATIVE_d4739486237a35e052f256745811f6868696162c0ea8e4b646c44155f2da32b5,False,False,HCC008,Milwaukee,TRT_002,Road Diet (4-to-3 Lane Conversion),CONSERVATIVE,849696.0,100973795.4974,100124099.4974,118.835202,False,UNKNOWN,DOCUMENTED_CMF_SCENARIO,8,OFFICIAL_BUDGET_SCENARIO; PROVISIONAL_PORTFOLIO_SCENARIO; ENGINEERING_REVIEW_REQUIRED
PORT_OFF_CONSERVATIVE_B15M_EQ40,OFFICIAL,CONSERVATIVE,15000000.0,0.4,d4739486237a35e052f256745811f6868696162c0ea8e4b646c44155f2da32b5,OFFICIAL_CONSERVATIVE_d4739486237a35e052f256745811f6868696162c0ea8e4b646c44155f2da32b5,False,False,HCC010,Ashland,TRT_002,Road Diet (4-to-3 Lane Conversion),CONSERVATIVE,810000.0,99159592.6817,98349592.6817,122.41925,False,UNKNOWN,DOCUMENTED_CMF_SCENARIO,9,OFFICIAL_BUDGET_SCENARIO; PROVISIONAL_PORTFOLIO_SCENARIO; ENGINEERING_REVIEW_REQUIRED
PORT_OFF_CONSERVATIVE_B15M_EQ40,OFFICIAL,CONSERVATIVE,15000000.0,0.4,d4739486237a35e052f256745811f6868696162c0ea8e4b646c44155f2da32b5,OFFICIAL_CONSERVATIVE_d4739486237a35e052f256745811f6868696162c0ea8e4b646c44155f2da32b5,False,False,HCC023,Ashland,TRT_002,Road Diet (4-to-3 Lane Conversion),CONSERVATIVE,301440.0,83722707.6501,83421267.6501,277.742528,True,UNKNOWN,DOCUMENTED_CMF_SCENARIO,10,OFFICIAL_BUDGET_SCENARIO; PROVISIONAL_PORTFOLIO_SCENARIO; ENGINEERING_REVIEW_REQUIRED
PORT_OFF_CONSERVATIVE_B15M_EQ40,OFFICIAL,CONSERVATIVE,15000000.0,0.4,d4739486237a35e052f256745811f6868696162c0ea8e4b646c44155f2da32b5,OFFICIAL_CONSERVATIVE_d4739486237a35e052f256745811f6868696162c0ea8e4b646c44155f2da32b5,False,False,HCC007,Western,TRT_002,Road Diet (4-to-3 Lane Conversion),CONSERVATIVE,630336.0,79807722.9712,79177386.9712,126.611399,False,UNKNOWN,DOCUMENTED_CMF_SCENARIO,11,OFFICIAL_BUDGET_SCENARIO; PROVISIONAL_PORTFOLIO_SCENARIO; ENGINEERING_REVIEW_REQUIRED
PORT_OFF_CONSERVATIVE_B15M_EQ40,OFFICIAL,CONSERVATIVE,15000000.0,0.4,d4739486237a35e052f256745811f6868696162c0ea8e4b646c44155f2da32b5,OFFICIAL_CONSERVATIVE_d4739486237a35e052f256745811f6868696162c0ea8e4b646c44155f2da32b5,False,False,HCC039,Wacker,TRT_002,Road Diet (4-to-3 Lane Conversion),CONSERVATIVE,423120.0,76902037.7481,76478917.7481,181.749947,False,UNKNOWN,DOCUMENTED_CMF_SCENARIO,12,OFFICIAL_BUDGET_SCENARIO; PROVISIONAL_PORTFOLIO_SCENARIO; ENGINEERING_REVIEW_REQUIRED
PORT_OFF_CONSERVATIVE_B15M_EQ40,OFFICIAL,CONSERVATIVE,15000000.0,0.4,d4739486237a35e052f256745811f6868696162c0ea8e4b646c44155f2da32b5,OFFICIAL_CONSERVATIVE_d4739486237a35e052f256745811f6868696162c0ea8e4b646c44155f2da32b5,False,False,HCC018,Roosevelt,TRT_002,Road Diet (4-to-3 Lane Conversion),CONSERVATIVE,282192.0,75102294.7988,74820102.7988,266.138993,False,UNKNOWN,DOCUMENTED_CMF_SCENARIO,13,OFFICIAL_BUDGET_SCENARIO; PROVISIONAL_PORTFOLIO_SCENARIO; ENGINEERING_REVIEW_REQUIRED
PORT_OFF_CONSERVATIVE_B15M_EQ40,OFFICIAL,CONSERVATIVE,15000000.0,0.4,d4739486237a35e052f256745811f6868696162c0ea8e4b646c44155f2da32b5,OFFICIAL_CONSERVATIVE_d4739486237a35e052f256745811f6868696162c0ea8e4b646c44155f2da32b5,False,False,HCC001,Devon,TRT_002,Road Diet (4-to-3 Lane Conversion),CONSERVATIVE,359064.0,72105573.5706,71746509.5706,200.81538,True,UNKNOWN,DOCUMENTED_CMF_SCENARIO,14,OFFICIAL_BUDGET_SCENARIO; PROVISIONAL_PORTFOLIO_SCENARIO; ENGINEERING_REVIEW_REQUIRED
PORT_OFF_CONSERVATIVE_B15M_EQ40,OFFICIAL,CONSERVATIVE,15000000.0,0.4,d4739486237a35e052f256745811f6868696162c0ea8e4b646c44155f2da32b5,OFFICIAL_CONSERVATIVE_d4739486237a35e052f256745811f6868696162c0ea8e4b646c44155f2da32b5,False,False,HCC024,Western,TRT_002,Road Diet (4-to-3 Lane Conversion),CONSERVATIVE,331080.0,68479394.4626,68148314.4626,206.836397,True,UNKNOWN,DOCUMENTED_CMF_SCENARIO,15,OFFICIAL_BUDGET_SCENARIO; PROVISIONAL_PORTFOLIO_SCENARIO; ENGINEERING_REVIEW_REQUIRED
PORT_OFF_CONSERVATIVE_B15M_EQ40,OFFICIAL,CONSERVATIVE,15000000.0,0.4,d4739486237a35e052f256745811f6868696162c0ea8e4b646c44155f2da32b5,OFFICIAL_CONSERVATIVE_d4739486237a35e052f256745811f6868696162c0ea8e4b646c44155f2da32b5,False,False,HCC014,Chicago,TRT_002,Road Diet (4-to-3 Lane Conversion),CONSERVATIVE,514104.0,66266766.6299,65752662.6299,128.89759,False,UNKNOWN,DOCUMENTED_CMF_SCENARIO,16,OFFICIAL_BUDGET_SCENARIO; PROVISIONAL_PORTFOLIO_SCENARIO; ENGINEERING_REVIEW_REQUIRED
PORT_OFF_CONSERVATIVE_B15M_EQ40,OFFICIAL,CONSERVATIVE,15000000.0,0.4,d4739486237a35e052f256745811f6868696162c0ea8e4b646c44155f2da32b5,OFFICIAL_CONSERVATIVE_d4739486237a35e052f256745811f6868696162c0ea8e4b646c44155f2da32b5,False,False,HCC030,87th,TRT_002,Road Diet (4-to-3 Lane Conversion),CONSERVATIVE,361896.0,65396692.6743,65034796.6743,180.705763,True,UNKNOWN,DOCUMENTED_CMF_SCENARIO,17,OFFICIAL_BUDGET_SCENARIO; PROVISIONAL_PORTFOLIO_SCENARIO; ENGINEERING_REVIEW_REQUIRED
PORT_OFF_CONSERVATIVE_B15M_EQ40,OFFICIAL,CONSERVATIVE,15000000.0,0.4,d4739486237a35e052f256745811f6868696162c0ea8e4b646c44155f2da32b5,OFFICIAL_CONSERVATIVE_d4739486237a35e052f256745811f6868696162c0ea8e4b646c44155f2da32b5,False,False,HCC027,Cottage Grove,TRT_002,Road Diet (4-to-3 Lane Conversion),CONSERVATIVE,363384.0,64851745.2289,64488361.2289,178.466155,True,UNKNOWN,DOCUMENTED_CMF_SCENARIO,18,OFFICIAL_BUDGET_SCENARIO; PROVISIONAL_PORTFOLIO_SCENARIO; ENGINEERING_REVIEW_REQUIRED
PORT_OFF_CONSERVATIVE_B15M_EQ40,OFFICIAL,CONSERVATIVE,15000000.0,0.4,d4739486237a35e052f256745811f6868696162c0ea8e4b646c44155f2da32b5,OFFICIAL_CONSERVATIVE_d4739486237a35e052f256745811f6868696162c0ea8e4b646c44155f2da32b5,False,False,HCC031,Stony Island,TRT_002,Road Diet (4-to-3 Lane Conversion),CONSERVATIVE,242184.0,64546738.3063,64304554.3063,266.519416,False,UNKNOWN,DOCUMENTED_CMF_SCENARIO,19,OFFICIAL_BUDGET_SCENARIO; PROVISIONAL_PORTFOLIO_SCENARIO; ENGINEERING_REVIEW_REQUIRED
PORT_OFF_CONSERVATIVE_B15M_EQ40,OFFICIAL,CONSERVATIVE,15000000.0,0.4,d4739486237a35e052f256745811f6868696162c0ea8e4b646c44155f2da32b5,OFFICIAL_CONSERVATIVE_d4739486237a35e052f256745811f6868696162c0ea8e4b646c44155f2da32b5,False,False,HCC026,Halsted,TRT_002,Road Diet (4-to-3 Lane Conversion),CONSERVATIVE,361656.0,59770079.9322,59408423.9322,165.267768,True,UNKNOWN,DOCUMENTED_CMF_SCENARIO,20,OFFICIAL_BUDGET_SCENARIO; PROVISIONAL_PORTFOLIO_SCENARIO; ENGINEERING_REVIEW_REQUIRED
PORT_OFF_CONSERVATIVE_B15M_EQ40,OFFICIAL,CONSERVATIVE,15000000.0,0.4,d4739486237a35e052f256745811f6868696162c0ea8e4b646c44155f2da32b5,OFFICIAL_CONSERVATIVE_d4739486237a35e052f256745811f6868696162c0ea8e4b646c44155f2da32b5,False,False,HCC009,Damen,TRT_002,Road Diet (4-to-3 Lane Conversion),CONSERVATIVE,498504.0,59587821.0217,59089317.0217,119.533286,False,UNKNOWN,DOCUMENTED_CMF_SCENARIO,21,OFFICIAL_BUDGET_SCENARIO; PROVISIONAL_PORTFOLIO_SCENARIO; ENGINEERING_REVIEW_REQUIRED
PORT_OFF_CONSERVATIVE_B15M_EQ40,OFFICIAL,CONSERVATIVE,15000000.0,0.4,d4739486237a35e052f256745811f6868696162c0ea8e4b646c44155f2da32b5,OFFICIAL_CONSERVATIVE_d4739486237a35e052f256745811f6868696162c0ea8e4b646c44155f2da32b5,False,False,HCC020,Western Ave/Blvd,TRT_002,Road Diet (4-to-3 Lane Conversion),CONSERVATIVE,587112.0,54380115.8695,53793003.8695,92.62307,True,UNKNOWN,DOCUMENTED_CMF_SCENARIO,22,OFFICIAL_BUDGET_SCENARIO; PROVISIONAL_PORTFOLIO_SCENARIO; ENGINEERING_REVIEW_REQUIRED
PORT_OFF_CONSERVATIVE_B15M_EQ40,OFFICIAL,CONSERVATIVE,15000000.0,0.4,d4739486237a35e052f256745811f6868696162c0ea8e4b646c44155f2da32b5,OFFICIAL_CONSERVATIVE_d4739486237a35e052f256745811f6868696162c0ea8e4b646c44155f2da32b5,False,False,HCC011,North,TRT_002,Road Diet (4-to-3 Lane Conversion),CONSERVATIVE,245064.0,49867391.3229,49622327.3229,203.487217,True,UNKNOWN,DOCUMENTED_CMF_SCENARIO,23,OFFICIAL_BUDGET_SCENARIO; PROVISIONAL_PORTFOLIO_SCENARIO; ENGINEERING_REVIEW_REQUIRED
PORT_OFF_CONSERVATIVE_B15M_EQ40,OFFICIAL,CONSERVATIVE,15000000.0,0.4,d4739486237a35e052f256745811f6868696162c0ea8e4b646c44155f2da32b5,OFFICIAL_CONSERVATIVE_d4739486237a35e052f256745811f6868696162c0ea8e4b646c44155f2da32b5,False,False,HCC013,Chicago,TRT_002,Road Diet (4-to-3 Lane Conversion),CONSERVATIVE,241656.0,49382547.9344,49140891.9344,204.350597,True,UNKNOWN,DOCUMENTED_CMF_SCENARIO,24,OFFICIAL_BUDGET_SCENARIO; PROVISIONAL_PORTFOLIO_SCENARIO; ENGINEERING_REVIEW_REQUIRED
PORT_OFF_CONSERVATIVE_B15M_EQ40,OFFICIAL,CONSERVATIVE,15000000.0,0.4,d4739486237a35e052f256745811f6868696162c0ea8e4b646c44155f2da32b5,OFFICIAL_CONSERVATIVE_d4739486237a35e052f256745811f6868696162c0ea8e4b646c44155f2da32b5,False,False,HCC037,State,TRT_002,Road Diet (4-to-3 Lane Conversion),CONSERVATIVE,366768.0,48796384.0579,48429616.0579,133.044279,False,UNKNOWN,DOCUMENTED_CMF_SCENARIO,25,OFFICIAL_BUDGET_SCENARIO; PROVISIONAL_PORTFOLIO_SCENARIO; ENGINEERING_REVIEW_REQUIRED
PORT_OFF_CONSERVATIVE_B15M_EQ40,OFFICIAL,CONSERVATIVE,15000000.0,0.4,d4739486237a35e052f256745811f6868696162c0ea8e4b646c44155f2da32b5,OFFICIAL_CONSERVATIVE_d4739486237a35e052f256745811f6868696162c0ea8e4b646c44155f2da32b5,False,False,HCC029,79th,TRT_002,Road Diet (4-to-3 Lane Conversion),CONSERVATIVE,270336.0,46679967.8343,46409631.8343,172.673887,True,UNKNOWN,DOCUMENTED_CMF_SCENARIO,26,OFFICIAL_BUDGET_SCENARIO; PROVISIONAL_PORTFOLIO_SCENARIO; ENGINEERING_REVIEW_REQUIRED
PORT_OFF_CONSERVATIVE_B15M_EQ40,OFFICIAL,CONSERVATIVE,15000000.0,0.4,d4739486237a35e052f256745811f6868696162c0ea8e4b646c44155f2da32b5,OFFICIAL_CONSERVATIVE_d4739486237a35e052f256745811f6868696162c0ea8e4b646c44155f2da32b5,False,False,HCC012,Chicago,TRT_002,Road Diet (4-to-3 Lane Conversion),CONSERVATIVE,242448.0,44962953.278,44720505.278,185.454008,True,UNKNOWN,DOCUMENTED_CMF_SCENARIO,27,OFFICIAL_BUDGET_SCENARIO; PROVISIONAL_PORTFOLIO_SCENARIO; ENGINEERING_REVIEW_REQUIRED
PORT_OFF_CONSERVATIVE_B15M_EQ40,OFFICIAL,CONSERVATIVE,15000000.0,0.4,d4739486237a35e052f256745811f6868696162c0ea8e4b646c44155f2da32b5,OFFICIAL_CONSERVATIVE_d4739486237a35e052f256745811f6868696162c0ea8e4b646c44155f2da32b5,False,False,HCC022,Garfield,TRT_002,Road Diet (4-to-3 Lane Conversion),CONSERVATIVE,361800.0,44917412.6438,44555612.6438,124.149841,True,UNKNOWN,DOCUMENTED_CMF_SCENARIO,28,OFFICIAL_BUDGET_SCENARIO; PROVISIONAL_PORTFOLIO_SCENARIO; ENGINEERING_REVIEW_REQUIRED
PORT_OFF_CONSERVATIVE_B15M_EQ40,OFFICIAL,CONSERVATIVE,15000000.0,0.4,d4739486237a35e052f256745811f6868696162c0ea8e4b646c44155f2da32b5,OFFICIAL_CONSERVATIVE_d4739486237a35e052f256745811f6868696162c0ea8e4b646c44155f2da32b5,False,False,HCC035,Ohio,TRT_002,Road Diet (4-to-3 Lane Conversion),CONSERVATIVE,208056.0,43936122.6261,43728066.6261,211.174504,False,UNKNOWN,DOCUMENTED_CMF_SCENARIO,29,OFFICIAL_BUDGET_SCENARIO; PROVISIONAL_PORTFOLIO_SCENARIO; ENGINEERING_REVIEW_REQUIRED
PORT_OFF_CONSERVATIVE_B15M_EQ40,OFFICIAL,CONSERVATIVE,15000000.0,0.4,d4739486237a35e052f256745811f6868696162c0ea8e4b646c44155f2da32b5,OFFICIAL_CONSERVATIVE_d4739486237a35e052f256745811f6868696162c0ea8e4b646c44155f2da32b5,False,False,HCC002,Broadway,TRT_002,Road Diet (4-to-3 Lane Conversion),CONSERVATIVE,444144.0,43875684.2087,43431540.2087,98.78707,False,UNKNOWN,DOCUMENTED_CMF_SCENARIO,30,OFFICIAL_BUDGET_SCENARIO; PROVISIONAL_PORTFOLIO_SCENARIO; ENGINEERING_REVIEW_REQUIRED
PORT_OFF_CONSERVATIVE_B15M_EQ40,OFFICIAL,CONSERVATIVE,15000000.0,0.4,d4739486237a35e052f256745811f6868696162c0ea8e4b646c44155f2da32b5,OFFICIAL_CONSERVATIVE_d4739486237a35e052f256745811f6868696162c0ea8e4b646c44155f2da32b5,False,False,HCC004,Belmont,TRT_002,Road Diet (4-to-3 Lane Conversion),CONSERVATIVE,241056.0,43121638.4554,42880582.4554,178.886393,False,UNKNOWN,DOCUMENTED_CMF_SCENARIO,31,OFFICIAL_BUDGET_SCENARIO; PROVISIONAL_PORTFOLIO_SCENARIO; ENGINEERING_REVIEW_REQUIRED
PORT_OFF_CONSERVATIVE_B15M_EQ40,OFFICIAL,CONSERVATIVE,15000000.0,0.4,d4739486237a35e052f256745811f6868696162c0ea8e4b646c44155f2da32b5,OFFICIAL_CONSERVATIVE_d4739486237a35e052f256745811f6868696162c0ea8e4b646c44155f2da32b5,False,False,HCC034,Ontario,TRT_002,Road Diet (4-to-3 Lane Conversion),CONSERVATIVE,208008.0,35265888.4006,35057880.4006,169.54102,False,UNKNOWN,DOCUMENTED_CMF_SCENARIO,32,OFFICIAL_BUDGET_SCENARIO; PROVISIONAL_PORTFOLIO_SCENARIO; ENGINEERING_REVIEW_REQUIRED
PORT_OFF_CONSERVATIVE_B15M_EQ40,OFFICIAL,CONSERVATIVE,15000000.0,0.4,d4739486237a35e052f256745811f6868696162c0ea8e4b646c44155f2da32b5,OFFICIAL_CONSERVATIVE_d4739486237a35e052f256745811f6868696162c0ea8e4b646c44155f2da32b5,False,False,HCC043,Congress,TRT_002,Road Diet (4-to-3 Lane Conversion),CONSERVATIVE,116376.0,32737848.7511,32621472.7511,281.310998,False,UNKNOWN,DOCUMENTED_CMF_SCENARIO,33,OFFICIAL_BUDGET_SCENARIO; PROVISIONAL_PORTFOLIO_SCENARIO; ENGINEERING_REVIEW_REQUIRED
PORT_OFF_CONSERVATIVE_B15M_EQ40,OFFICIAL,CONSERVATIVE,15000000.0,0.4,d4739486237a35e052f256745811f6868696162c0ea8e4b646c44155f2da32b5,OFFICIAL_CONSERVATIVE_d4739486237a35e052f256745811f6868696162c0ea8e4b646c44155f2da32b5,False,False,HCC003,Western,TRT_002,Road Diet (4-to-3 Lane Conversion),CONSERVATIVE,241944.0,32487939.9866,32245995.9866,134.278759,False,UNKNOWN,DOCUMENTED_CMF_SCENARIO,34,OFFICIAL_BUDGET_SCENARIO; PROVISIONAL_PORTFOLIO_SCENARIO; ENGINEERING_REVIEW_REQUIRED
PORT_OFF_CONSERVATIVE_B15M_EQ40,OFFICIAL,CONSERVATIVE,15000000.0,0.4,d4739486237a35e052f256745811f6868696162c0ea8e4b646c44155f2da32b5,OFFICIAL_CONSERVATIVE_d4739486237a35e052f256745811f6868696162c0ea8e4b646c44155f2da32b5,False,False,HCC040,Washington,TRT_002,Road Diet (4-to-3 Lane Conversion),CONSERVATIVE,153432.0,29188600.4453,29035168.4453,190.238024,False,UNKNOWN,DOCUMENTED_CMF_SCENARIO,35,OFFICIAL_BUDGET_SCENARIO; PROVISIONAL_PORTFOLIO_SCENARIO; ENGINEERING_REVIEW_REQUIRED
PORT_OFF_CONSERVATIVE_B15M_EQ40,OFFICIAL,CONSERVATIVE,15000000.0,0.4,d4739486237a35e052f256745811f6868696162c0ea8e4b646c44155f2da32b5,OFFICIAL_CONSERVATIVE_d4739486237a35e052f256745811f6868696162c0ea8e4b646c44155f2da32b5,False,False,HCC038,Fairbanks,TRT_002,Road Diet (4-to-3 Lane Conversion),CONSERVATIVE,90336.0,17654847.9568,17564511.9568,195.435352,False,UNKNOWN,DOCUMENTED_CMF_SCENARIO,36,OFFICIAL_BUDGET_SCENARIO; PROVISIONAL_PORTFOLIO_SCENARIO; ENGINEERING_REVIEW_REQUIRED
PORT_OFF_CONSERVATIVE_B15M_EQ40,OFFICIAL,CONSERVATIVE,15000000.0,0.4,d4739486237a35e052f256745811f6868696162c0ea8e4b646c44155f2da32b5,OFFICIAL_CONSERVATIVE_d4739486237a35e052f256745811f6868696162c0ea8e4b646c44155f2da32b5,False,False,HCC041,Randolph,TRT_002,Road Diet (4-to-3 Lane Conversion),CONSERVATIVE,80280.0,13682288.5476,13602008.5476,170.432095,False,UNKNOWN,DOCUMENTED_CMF_SCENARIO,37,OFFICIAL_BUDGET_SCENARIO; PROVISIONAL_PORTFOLIO_SCENARIO; ENGINEERING_REVIEW_REQUIRED
PORT_OFF_CONSERVATIVE_B15M_EQ40,OFFICIAL,CONSERVATIVE,15000000.0,0.4,d4739486237a35e052f256745811f6868696162c0ea8e4b646c44155f2da32b5,OFFICIAL_CONSERVATIVE_d4739486237a35e052f256745811f6868696162c0ea8e4b646c44155f2da32b5,False,False,HCC042,Dearborn,TRT_002,Road Diet (4-to-3 Lane Conversion),CONSERVATIVE,83280.0,13330968.381,13247688.381,160.074068,False,UNKNOWN,DOCUMENTED_CMF_SCENARIO,38,OFFICIAL_BUDGET_SCENARIO; PROVISIONAL_PORTFOLIO_SCENARIO; ENGINEERING_REVIEW_REQUIRED
PORT_OFF_CONSERVATIVE_B15M_EQ40,OFFICIAL,CONSERVATIVE,15000000.0,0.4,d4739486237a35e052f256745811f6868696162c0ea8e4b646c44155f2da32b5,OFFICIAL_CONSERVATIVE_d4739486237a35e052f256745811f6868696162c0ea8e4b646c44155f2da32b5,False,False,HCC033,Orleans,TRT_002,Road Diet (4-to-3 Lane Conversion),CONSERVATIVE,69192.0,12172152.3866,12102960.3866,175.918493,False,UNKNOWN,DOCUMENTED_CMF_SCENARIO,39,OFFICIAL_BUDGET_SCENARIO; PROVISIONAL_PORTFOLIO_SCENARIO; ENGINEERING_REVIEW_REQUIRED
PORT_OFF_CONSERVATIVE_B15M_EQ40,OFFICIAL,CONSERVATIVE,15000000.0,0.4,d4739486237a35e052f256745811f6868696162c0ea8e4b646c44155f2da32b5,OFFICIAL_CONSERVATIVE_d4739486237a35e052f256745811f6868696162c0ea8e4b646c44155f2da32b5,False,False,HCC036,LaSalle,TRT_002,Road Diet (4-to-3 Lane Conversion),CONSERVATIVE,104040.0,11228530.7869,11124490.7869,107.925133,False,UNKNOWN,DOCUMENTED_CMF_SCENARIO,40,OFFICIAL_BUDGET_SCENARIO; PROVISIONAL_PORTFOLIO_SCENARIO; ENGINEERING_REVIEW_REQUIRED
PORT_OFF_CONSERVATIVE_B15M_EQ40,OFFICIAL,CONSERVATIVE,15000000.0,0.4,d4739486237a35e052f256745811f6868696162c0ea8e4b646c44155f2da32b5,OFFICIAL_CONSERVATIVE_d4739486237a35e052f256745811f6868696162c0ea8e4b646c44155f2da32b5,False,False,HCC005,Clark,TRT_001,Pedestrian Refuge Islands & Medians,CONSERVATIVE,72000.0,8897043.5673,8825043.5673,123.57005,False,UNKNOWN,DOCUMENTED_CMF_SCENARIO,41,OFFICIAL_BUDGET_SCENARIO; PROVISIONAL_PORTFOLIO_SCENARIO; ENGINEERING_REVIEW_REQUIRED
PORT_OFF_CONSERVATIVE_B15M_EQ40,OFFICIAL,CONSERVATIVE,15000000.0,0.4,d4739486237a35e052f256745811f6868696162c0ea8e4b646c44155f2da32b5,OFFICIAL_CONSERVATIVE_d4739486237a35e052f256745811f6868696162c0ea8e4b646c44155f2da32b5,False,False,HCC019,Lake Shore Drive,TRT_001,Pedestrian Refuge Islands & Medians,CONSERVATIVE,54000.0,6518599.9198,6464599.9198,120.714813,False,UNKNOWN,DOCUMENTED_CMF_SCENARIO,42,OFFICIAL_BUDGET_SCENARIO; PROVISIONAL_PORTFOLIO_SCENARIO; ENGINEERING_REVIEW_REQUIRED
PORT_OFF_CONSERVATIVE_B15M_EQ40,OFFICIAL,CONSERVATIVE,15000000.0,0.4,d4739486237a35e052f256745811f6868696162c0ea8e4b646c44155f2da32b5,OFFICIAL_CONSERVATIVE_d4739486237a35e052f256745811f6868696162c0ea8e4b646c44155f2da32b5,False,False,HCC028,Ashland,TRT_001,Pedestrian Refuge Islands & Medians,CONSERVATIVE,36000.0,4829895.533,4793895.533,134.163765,True,UNKNOWN,DOCUMENTED_CMF_SCENARIO,43,OFFICIAL_BUDGET_SCENARIO; PROVISIONAL_PORTFOLIO_SCENARIO; ENGINEERING_REVIEW_REQUIRED
PORT_OFF_CONSERVATIVE_B25M_EQ20,OFFICIAL,CONSERVATIVE,25000000.0,0.2,b5b9ee069be3eb2712d0c56c15a8759c984feb56cbc1e7033b4d9f8446311d66,OFFICIAL_CONSERVATIVE_b5b9ee069be3eb2712d0c56c15a8759c984feb56cbc1e7033b4d9f8446311d66,False,False,HCC006,Fullerton,TRT_002,Road Diet (4-to-3 Lane Conversion),CONSERVATIVE,998856.0,143471128.2349,142472272.2349,143.635447,False,UNKNOWN,DOCUMENTED_CMF_SCENARIO,1,OFFICIAL_BUDGET_SCENARIO; PROVISIONAL_PORTFOLIO_SCENARIO; ENGINEERING_REVIEW_REQUIRED
PORT_OFF_CONSERVATIVE_B25M_EQ20,OFFICIAL,CONSERVATIVE,25000000.0,0.2,b5b9ee069be3eb2712d0c56c15a8759c984feb56cbc1e7033b4d9f8446311d66,OFFICIAL_CONSERVATIVE_b5b9ee069be3eb2712d0c56c15a8759c984feb56cbc1e7033b4d9f8446311d66,False,False,HCC017,Pulaski,TRT_002,Road Diet (4-to-3 Lane Conversion),CONSERVATIVE,604752.0,137031196.2622,136426444.2622,226.590729,True,UNKNOWN,DOCUMENTED_CMF_SCENARIO,2,OFFICIAL_BUDGET_SCENARIO; PROVISIONAL_PORTFOLIO_SCENARIO; ENGINEERING_REVIEW_REQUIRED
PORT_OFF_CONSERVATIVE_B25M_EQ20,OFFICIAL,CONSERVATIVE,25000000.0,0.2,b5b9ee069be3eb2712d0c56c15a8759c984feb56cbc1e7033b4d9f8446311d66,OFFICIAL_CONSERVATIVE_b5b9ee069be3eb2712d0c56c15a8759c984feb56cbc1e7033b4d9f8446311d66,False,False,HCC016,Cicero,TRT_002,Road Diet (4-to-3 Lane Conversion),CONSERVATIVE,421968.0,128820366.5386,128398398.5386,305.284682,True,UNKNOWN,DOCUMENTED_CMF_SCENARIO,3,OFFICIAL_BUDGET_SCENARIO; PROVISIONAL_PORTFOLIO_SCENARIO; ENGINEERING_REVIEW_REQUIRED
PORT_OFF_CONSERVATIVE_B25M_EQ20,OFFICIAL,CONSERVATIVE,25000000.0,0.2,b5b9ee069be3eb2712d0c56c15a8759c984feb56cbc1e7033b4d9f8446311d66,OFFICIAL_CONSERVATIVE_b5b9ee069be3eb2712d0c56c15a8759c984feb56cbc1e7033b4d9f8446311d66,False,False,HCC032,Michigan,TRT_002,Road Diet (4-to-3 Lane Conversion),CONSERVATIVE,553560.0,127835714.7387,127282154.7387,230.933801,False,UNKNOWN,DOCUMENTED_CMF_SCENARIO,4,OFFICIAL_BUDGET_SCENARIO; PROVISIONAL_PORTFOLIO_SCENARIO; ENGINEERING_REVIEW_REQUIRED
PORT_OFF_CONSERVATIVE_B25M_EQ20,OFFICIAL,CONSERVATIVE,25000000.0,0.2,b5b9ee069be3eb2712d0c56c15a8759c984feb56cbc1e7033b4d9f8446311d66,OFFICIAL_CONSERVATIVE_b5b9ee069be3eb2712d0c56c15a8759c984feb56cbc1e7033b4d9f8446311d66,False,False,HCC025,Stony Island,TRT_002,Road Diet (4-to-3 Lane Conversion),CONSERVATIVE,482664.0,116245697.0159,115763033.0159,240.841863,True,UNKNOWN,DOCUMENTED_CMF_SCENARIO,5,OFFICIAL_BUDGET_SCENARIO; PROVISIONAL_PORTFOLIO_SCENARIO; ENGINEERING_REVIEW_REQUIRED
PORT_OFF_CONSERVATIVE_B25M_EQ20,OFFICIAL,CONSERVATIVE,25000000.0,0.2,b5b9ee069be3eb2712d0c56c15a8759c984feb56cbc1e7033b4d9f8446311d66,OFFICIAL_CONSERVATIVE_b5b9ee069be3eb2712d0c56c15a8759c984feb56cbc1e7033b4d9f8446311d66,False,False,HCC021,Pulaski,TRT_002,Road Diet (4-to-3 Lane Conversion),CONSERVATIVE,633168.0,114525552.1758,113892384.1758,180.877038,True,UNKNOWN,DOCUMENTED_CMF_SCENARIO,6,OFFICIAL_BUDGET_SCENARIO; PROVISIONAL_PORTFOLIO_SCENARIO; ENGINEERING_REVIEW_REQUIRED
PORT_OFF_CONSERVATIVE_B25M_EQ20,OFFICIAL,CONSERVATIVE,25000000.0,0.2,b5b9ee069be3eb2712d0c56c15a8759c984feb56cbc1e7033b4d9f8446311d66,OFFICIAL_CONSERVATIVE_b5b9ee069be3eb2712d0c56c15a8759c984feb56cbc1e7033b4d9f8446311d66,False,False,HCC015,Lake,TRT_002,Road Diet (4-to-3 Lane Conversion),CONSERVATIVE,457464.0,108144660.3326,107687196.3326,236.400373,True,UNKNOWN,DOCUMENTED_CMF_SCENARIO,7,OFFICIAL_BUDGET_SCENARIO; PROVISIONAL_PORTFOLIO_SCENARIO; ENGINEERING_REVIEW_REQUIRED
PORT_OFF_CONSERVATIVE_B25M_EQ20,OFFICIAL,CONSERVATIVE,25000000.0,0.2,b5b9ee069be3eb2712d0c56c15a8759c984feb56cbc1e7033b4d9f8446311d66,OFFICIAL_CONSERVATIVE_b5b9ee069be3eb2712d0c56c15a8759c984feb56cbc1e7033b4d9f8446311d66,False,False,HCC008,Milwaukee,TRT_002,Road Diet (4-to-3 Lane Conversion),CONSERVATIVE,849696.0,100973795.4974,100124099.4974,118.835202,False,UNKNOWN,DOCUMENTED_CMF_SCENARIO,8,OFFICIAL_BUDGET_SCENARIO; PROVISIONAL_PORTFOLIO_SCENARIO; ENGINEERING_REVIEW_REQUIRED
PORT_OFF_CONSERVATIVE_B25M_EQ20,OFFICIAL,CONSERVATIVE,25000000.0,0.2,b5b9ee069be3eb2712d0c56c15a8759c984feb56cbc1e7033b4d9f8446311d66,OFFICIAL_CONSERVATIVE_b5b9ee069be3eb2712d0c56c15a8759c984feb56cbc1e7033b4d9f8446311d66,False,False,HCC010,Ashland,TRT_002,Road Diet (4-to-3 Lane Conversion),CONSERVATIVE,810000.0,99159592.6817,98349592.6817,122.41925,False,UNKNOWN,DOCUMENTED_CMF_SCENARIO,9,OFFICIAL_BUDGET_SCENARIO; PROVISIONAL_PORTFOLIO_SCENARIO; ENGINEERING_REVIEW_REQUIRED
PORT_OFF_CONSERVATIVE_B25M_EQ20,OFFICIAL,CONSERVATIVE,25000000.0,0.2,b5b9ee069be3eb2712d0c56c15a8759c984feb56cbc1e7033b4d9f8446311d66,OFFICIAL_CONSERVATIVE_b5b9ee069be3eb2712d0c56c15a8759c984feb56cbc1e7033b4d9f8446311d66,False,False,HCC023,Ashland,TRT_002,Road Diet (4-to-3 Lane Conversion),CONSERVATIVE,301440.0,83722707.6501,83421267.6501,277.742528,True,UNKNOWN,DOCUMENTED_CMF_SCENARIO,10,OFFICIAL_BUDGET_SCENARIO; PROVISIONAL_PORTFOLIO_SCENARIO; ENGINEERING_REVIEW_REQUIRED
PORT_OFF_CONSERVATIVE_B25M_EQ20,OFFICIAL,CONSERVATIVE,25000000.0,0.2,b5b9ee069be3eb2712d0c56c15a8759c984feb56cbc1e7033b4d9f8446311d66,OFFICIAL_CONSERVATIVE_b5b9ee069be3eb2712d0c56c15a8759c984feb56cbc1e7033b4d9f8446311d66,False,False,HCC007,Western,TRT_002,Road Diet (4-to-3 Lane Conversion),CONSERVATIVE,630336.0,79807722.9712,79177386.9712,126.611399,False,UNKNOWN,DOCUMENTED_CMF_SCENARIO,11,OFFICIAL_BUDGET_SCENARIO; PROVISIONAL_PORTFOLIO_SCENARIO; ENGINEERING_REVIEW_REQUIRED
PORT_OFF_CONSERVATIVE_B25M_EQ20,OFFICIAL,CONSERVATIVE,25000000.0,0.2,b5b9ee069be3eb2712d0c56c15a8759c984feb56cbc1e7033b4d9f8446311d66,OFFICIAL_CONSERVATIVE_b5b9ee069be3eb2712d0c56c15a8759c984feb56cbc1e7033b4d9f8446311d66,False,False,HCC039,Wacker,TRT_002,Road Diet (4-to-3 Lane Conversion),CONSERVATIVE,423120.0,76902037.7481,76478917.7481,181.749947,False,UNKNOWN,DOCUMENTED_CMF_SCENARIO,12,OFFICIAL_BUDGET_SCENARIO; PROVISIONAL_PORTFOLIO_SCENARIO; ENGINEERING_REVIEW_REQUIRED
PORT_OFF_CONSERVATIVE_B25M_EQ20,OFFICIAL,CONSERVATIVE,25000000.0,0.2,b5b9ee069be3eb2712d0c56c15a8759c984feb56cbc1e7033b4d9f8446311d66,OFFICIAL_CONSERVATIVE_b5b9ee069be3eb2712d0c56c15a8759c984feb56cbc1e7033b4d9f8446311d66,False,False,HCC018,Roosevelt,TRT_002,Road Diet (4-to-3 Lane Conversion),CONSERVATIVE,282192.0,75102294.7988,74820102.7988,266.138993,False,UNKNOWN,DOCUMENTED_CMF_SCENARIO,13,OFFICIAL_BUDGET_SCENARIO; PROVISIONAL_PORTFOLIO_SCENARIO; ENGINEERING_REVIEW_REQUIRED
PORT_OFF_CONSERVATIVE_B25M_EQ20,OFFICIAL,CONSERVATIVE,25000000.0,0.2,b5b9ee069be3eb2712d0c56c15a8759c984feb56cbc1e7033b4d9f8446311d66,OFFICIAL_CONSERVATIVE_b5b9ee069be3eb2712d0c56c15a8759c984feb56cbc1e7033b4d9f8446311d66,False,False,HCC001,Devon,TRT_002,Road Diet (4-to-3 Lane Conversion),CONSERVATIVE,359064.0,72105573.5706,71746509.5706,200.81538,True,UNKNOWN,DOCUMENTED_CMF_SCENARIO,14,OFFICIAL_BUDGET_SCENARIO; PROVISIONAL_PORTFOLIO_SCENARIO; ENGINEERING_REVIEW_REQUIRED
PORT_OFF_CONSERVATIVE_B25M_EQ20,OFFICIAL,CONSERVATIVE,25000000.0,0.2,b5b9ee069be3eb2712d0c56c15a8759c984feb56cbc1e7033b4d9f8446311d66,OFFICIAL_CONSERVATIVE_b5b9ee069be3eb2712d0c56c15a8759c984feb56cbc1e7033b4d9f8446311d66,False,False,HCC024,Western,TRT_002,Road Diet (4-to-3 Lane Conversion),CONSERVATIVE,331080.0,68479394.4626,68148314.4626,206.836397,True,UNKNOWN,DOCUMENTED_CMF_SCENARIO,15,OFFICIAL_BUDGET_SCENARIO; PROVISIONAL_PORTFOLIO_SCENARIO; ENGINEERING_REVIEW_REQUIRED
PORT_OFF_CONSERVATIVE_B25M_EQ20,OFFICIAL,CONSERVATIVE,25000000.0,0.2,b5b9ee069be3eb2712d0c56c15a8759c984feb56cbc1e7033b4d9f8446311d66,OFFICIAL_CONSERVATIVE_b5b9ee069be3eb2712d0c56c15a8759c984feb56cbc1e7033b4d9f8446311d66,False,False,HCC014,Chicago,TRT_002,Road Diet (4-to-3 Lane Conversion),CONSERVATIVE,514104.0,66266766.6299,65752662.6299,128.89759,False,UNKNOWN,DOCUMENTED_CMF_SCENARIO,16,OFFICIAL_BUDGET_SCENARIO; PROVISIONAL_PORTFOLIO_SCENARIO; ENGINEERING_REVIEW_REQUIRED
PORT_OFF_CONSERVATIVE_B25M_EQ20,OFFICIAL,CONSERVATIVE,25000000.0,0.2,b5b9ee069be3eb2712d0c56c15a8759c984feb56cbc1e7033b4d9f8446311d66,OFFICIAL_CONSERVATIVE_b5b9ee069be3eb2712d0c56c15a8759c984feb56cbc1e7033b4d9f8446311d66,False,False,HCC030,87th,TRT_002,Road Diet (4-to-3 Lane Conversion),CONSERVATIVE,361896.0,65396692.6743,65034796.6743,180.705763,True,UNKNOWN,DOCUMENTED_CMF_SCENARIO,17,OFFICIAL_BUDGET_SCENARIO; PROVISIONAL_PORTFOLIO_SCENARIO; ENGINEERING_REVIEW_REQUIRED
PORT_OFF_CONSERVATIVE_B25M_EQ20,OFFICIAL,CONSERVATIVE,25000000.0,0.2,b5b9ee069be3eb2712d0c56c15a8759c984feb56cbc1e7033b4d9f8446311d66,OFFICIAL_CONSERVATIVE_b5b9ee069be3eb2712d0c56c15a8759c984feb56cbc1e7033b4d9f8446311d66,False,False,HCC005,Clark,TRT_002,Road Diet (4-to-3 Lane Conversion),CONSERVATIVE,765168.0,64898113.8257,64132945.8257,84.81551,False,UNKNOWN,DOCUMENTED_CMF_SCENARIO,18,OFFICIAL_BUDGET_SCENARIO; PROVISIONAL_PORTFOLIO_SCENARIO; ENGINEERING_REVIEW_REQUIRED
PORT_OFF_CONSERVATIVE_B25M_EQ20,OFFICIAL,CONSERVATIVE,25000000.0,0.2,b5b9ee069be3eb2712d0c56c15a8759c984feb56cbc1e7033b4d9f8446311d66,OFFICIAL_CONSERVATIVE_b5b9ee069be3eb2712d0c56c15a8759c984feb56cbc1e7033b4d9f8446311d66,False,False,HCC027,Cottage Grove,TRT_002,Road Diet (4-to-3 Lane Conversion),CONSERVATIVE,363384.0,64851745.2289,64488361.2289,178.466155,True,UNKNOWN,DOCUMENTED_CMF_SCENARIO,19,OFFICIAL_BUDGET_SCENARIO; PROVISIONAL_PORTFOLIO_SCENARIO; ENGINEERING_REVIEW_REQUIRED
PORT_OFF_CONSERVATIVE_B25M_EQ20,OFFICIAL,CONSERVATIVE,25000000.0,0.2,b5b9ee069be3eb2712d0c56c15a8759c984feb56cbc1e7033b4d9f8446311d66,OFFICIAL_CONSERVATIVE_b5b9ee069be3eb2712d0c56c15a8759c984feb56cbc1e7033b4d9f8446311d66,False,False,HCC031,Stony Island,TRT_002,Road Diet (4-to-3 Lane Conversion),CONSERVATIVE,242184.0,64546738.3063,64304554.3063,266.519416,False,UNKNOWN,DOCUMENTED_CMF_SCENARIO,20,OFFICIAL_BUDGET_SCENARIO; PROVISIONAL_PORTFOLIO_SCENARIO; ENGINEERING_REVIEW_REQUIRED
PORT_OFF_CONSERVATIVE_B25M_EQ20,OFFICIAL,CONSERVATIVE,25000000.0,0.2,b5b9ee069be3eb2712d0c56c15a8759c984feb56cbc1e7033b4d9f8446311d66,OFFICIAL_CONSERVATIVE_b5b9ee069be3eb2712d0c56c15a8759c984feb56cbc1e7033b4d9f8446311d66,False,False,HCC026,Halsted,TRT_002,Road Diet (4-to-3 Lane Conversion),CONSERVATIVE,361656.0,59770079.9322,59408423.9322,165.267768,True,UNKNOWN,DOCUMENTED_CMF_SCENARIO,21,OFFICIAL_BUDGET_SCENARIO; PROVISIONAL_PORTFOLIO_SCENARIO; ENGINEERING_REVIEW_REQUIRED
PORT_OFF_CONSERVATIVE_B25M_EQ20,OFFICIAL,CONSERVATIVE,25000000.0,0.2,b5b9ee069be3eb2712d0c56c15a8759c984feb56cbc1e7033b4d9f8446311d66,OFFICIAL_CONSERVATIVE_b5b9ee069be3eb2712d0c56c15a8759c984feb56cbc1e7033b4d9f8446311d66,False,False,HCC009,Damen,TRT_002,Road Diet (4-to-3 Lane Conversion),CONSERVATIVE,498504.0,59587821.0217,59089317.0217,119.533286,False,UNKNOWN,DOCUMENTED_CMF_SCENARIO,22,OFFICIAL_BUDGET_SCENARIO; PROVISIONAL_PORTFOLIO_SCENARIO; ENGINEERING_REVIEW_REQUIRED
PORT_OFF_CONSERVATIVE_B25M_EQ20,OFFICIAL,CONSERVATIVE,25000000.0,0.2,b5b9ee069be3eb2712d0c56c15a8759c984feb56cbc1e7033b4d9f8446311d66,OFFICIAL_CONSERVATIVE_b5b9ee069be3eb2712d0c56c15a8759c984feb56cbc1e7033b4d9f8446311d66,False,False,HCC020,Western Ave/Blvd,TRT_002,Road Diet (4-to-3 Lane Conversion),CONSERVATIVE,587112.0,54380115.8695,53793003.8695,92.62307,True,UNKNOWN,DOCUMENTED_CMF_SCENARIO,23,OFFICIAL_BUDGET_SCENARIO; PROVISIONAL_PORTFOLIO_SCENARIO; ENGINEERING_REVIEW_REQUIRED
PORT_OFF_CONSERVATIVE_B25M_EQ20,OFFICIAL,CONSERVATIVE,25000000.0,0.2,b5b9ee069be3eb2712d0c56c15a8759c984feb56cbc1e7033b4d9f8446311d66,OFFICIAL_CONSERVATIVE_b5b9ee069be3eb2712d0c56c15a8759c984feb56cbc1e7033b4d9f8446311d66,False,False,HCC011,North,TRT_002,Road Diet (4-to-3 Lane Conversion),CONSERVATIVE,245064.0,49867391.3229,49622327.3229,203.487217,True,UNKNOWN,DOCUMENTED_CMF_SCENARIO,24,OFFICIAL_BUDGET_SCENARIO; PROVISIONAL_PORTFOLIO_SCENARIO; ENGINEERING_REVIEW_REQUIRED
PORT_OFF_CONSERVATIVE_B25M_EQ20,OFFICIAL,CONSERVATIVE,25000000.0,0.2,b5b9ee069be3eb2712d0c56c15a8759c984feb56cbc1e7033b4d9f8446311d66,OFFICIAL_CONSERVATIVE_b5b9ee069be3eb2712d0c56c15a8759c984feb56cbc1e7033b4d9f8446311d66,False,False,HCC013,Chicago,TRT_002,Road Diet (4-to-3 Lane Conversion),CONSERVATIVE,241656.0,49382547.9344,49140891.9344,204.350597,True,UNKNOWN,DOCUMENTED_CMF_SCENARIO,25,OFFICIAL_BUDGET_SCENARIO; PROVISIONAL_PORTFOLIO_SCENARIO; ENGINEERING_REVIEW_REQUIRED
PORT_OFF_CONSERVATIVE_B25M_EQ20,OFFICIAL,CONSERVATIVE,25000000.0,0.2,b5b9ee069be3eb2712d0c56c15a8759c984feb56cbc1e7033b4d9f8446311d66,OFFICIAL_CONSERVATIVE_b5b9ee069be3eb2712d0c56c15a8759c984feb56cbc1e7033b4d9f8446311d66,False,False,HCC037,State,TRT_002,Road Diet (4-to-3 Lane Conversion),CONSERVATIVE,366768.0,48796384.0579,48429616.0579,133.044279,False,UNKNOWN,DOCUMENTED_CMF_SCENARIO,26,OFFICIAL_BUDGET_SCENARIO; PROVISIONAL_PORTFOLIO_SCENARIO; ENGINEERING_REVIEW_REQUIRED
PORT_OFF_CONSERVATIVE_B25M_EQ20,OFFICIAL,CONSERVATIVE,25000000.0,0.2,b5b9ee069be3eb2712d0c56c15a8759c984feb56cbc1e7033b4d9f8446311d66,OFFICIAL_CONSERVATIVE_b5b9ee069be3eb2712d0c56c15a8759c984feb56cbc1e7033b4d9f8446311d66,False,False,HCC029,79th,TRT_002,Road Diet (4-to-3 Lane Conversion),CONSERVATIVE,270336.0,46679967.8343,46409631.8343,172.673887,True,UNKNOWN,DOCUMENTED_CMF_SCENARIO,27,OFFICIAL_BUDGET_SCENARIO; PROVISIONAL_PORTFOLIO_SCENARIO; ENGINEERING_REVIEW_REQUIRED
PORT_OFF_CONSERVATIVE_B25M_EQ20,OFFICIAL,CONSERVATIVE,25000000.0,0.2,b5b9ee069be3eb2712d0c56c15a8759c984feb56cbc1e7033b4d9f8446311d66,OFFICIAL_CONSERVATIVE_b5b9ee069be3eb2712d0c56c15a8759c984feb56cbc1e7033b4d9f8446311d66,False,False,HCC012,Chicago,TRT_002,Road Diet (4-to-3 Lane Conversion),CONSERVATIVE,242448.0,44962953.278,44720505.278,185.454008,True,UNKNOWN,DOCUMENTED_CMF_SCENARIO,28,OFFICIAL_BUDGET_SCENARIO; PROVISIONAL_PORTFOLIO_SCENARIO; ENGINEERING_REVIEW_REQUIRED
PORT_OFF_CONSERVATIVE_B25M_EQ20,OFFICIAL,CONSERVATIVE,25000000.0,0.2,b5b9ee069be3eb2712d0c56c15a8759c984feb56cbc1e7033b4d9f8446311d66,OFFICIAL_CONSERVATIVE_b5b9ee069be3eb2712d0c56c15a8759c984feb56cbc1e7033b4d9f8446311d66,False,False,HCC022,Garfield,TRT_002,Road Diet (4-to-3 Lane Conversion),CONSERVATIVE,361800.0,44917412.6438,44555612.6438,124.149841,True,UNKNOWN,DOCUMENTED_CMF_SCENARIO,29,OFFICIAL_BUDGET_SCENARIO; PROVISIONAL_PORTFOLIO_SCENARIO; ENGINEERING_REVIEW_REQUIRED
PORT_OFF_CONSERVATIVE_B25M_EQ20,OFFICIAL,CONSERVATIVE,25000000.0,0.2,b5b9ee069be3eb2712d0c56c15a8759c984feb56cbc1e7033b4d9f8446311d66,OFFICIAL_CONSERVATIVE_b5b9ee069be3eb2712d0c56c15a8759c984feb56cbc1e7033b4d9f8446311d66,False,False,HCC035,Ohio,TRT_002,Road Diet (4-to-3 Lane Conversion),CONSERVATIVE,208056.0,43936122.6261,43728066.6261,211.174504,False,UNKNOWN,DOCUMENTED_CMF_SCENARIO,30,OFFICIAL_BUDGET_SCENARIO; PROVISIONAL_PORTFOLIO_SCENARIO; ENGINEERING_REVIEW_REQUIRED
PORT_OFF_CONSERVATIVE_B25M_EQ20,OFFICIAL,CONSERVATIVE,25000000.0,0.2,b5b9ee069be3eb2712d0c56c15a8759c984feb56cbc1e7033b4d9f8446311d66,OFFICIAL_CONSERVATIVE_b5b9ee069be3eb2712d0c56c15a8759c984feb56cbc1e7033b4d9f8446311d66,False,False,HCC002,Broadway,TRT_002,Road Diet (4-to-3 Lane Conversion),CONSERVATIVE,444144.0,43875684.2087,43431540.2087,98.78707,False,UNKNOWN,DOCUMENTED_CMF_SCENARIO,31,OFFICIAL_BUDGET_SCENARIO; PROVISIONAL_PORTFOLIO_SCENARIO; ENGINEERING_REVIEW_REQUIRED
PORT_OFF_CONSERVATIVE_B25M_EQ20,OFFICIAL,CONSERVATIVE,25000000.0,0.2,b5b9ee069be3eb2712d0c56c15a8759c984feb56cbc1e7033b4d9f8446311d66,OFFICIAL_CONSERVATIVE_b5b9ee069be3eb2712d0c56c15a8759c984feb56cbc1e7033b4d9f8446311d66,False,False,HCC004,Belmont,TRT_002,Road Diet (4-to-3 Lane Conversion),CONSERVATIVE,241056.0,43121638.4554,42880582.4554,178.886393,False,UNKNOWN,DOCUMENTED_CMF_SCENARIO,32,OFFICIAL_BUDGET_SCENARIO; PROVISIONAL_PORTFOLIO_SCENARIO; ENGINEERING_REVIEW_REQUIRED
PORT_OFF_CONSERVATIVE_B25M_EQ20,OFFICIAL,CONSERVATIVE,25000000.0,0.2,b5b9ee069be3eb2712d0c56c15a8759c984feb56cbc1e7033b4d9f8446311d66,OFFICIAL_CONSERVATIVE_b5b9ee069be3eb2712d0c56c15a8759c984feb56cbc1e7033b4d9f8446311d66,False,False,HCC034,Ontario,TRT_002,Road Diet (4-to-3 Lane Conversion),CONSERVATIVE,208008.0,35265888.4006,35057880.4006,169.54102,False,UNKNOWN,DOCUMENTED_CMF_SCENARIO,33,OFFICIAL_BUDGET_SCENARIO; PROVISIONAL_PORTFOLIO_SCENARIO; ENGINEERING_REVIEW_REQUIRED
PORT_OFF_CONSERVATIVE_B25M_EQ20,OFFICIAL,CONSERVATIVE,25000000.0,0.2,b5b9ee069be3eb2712d0c56c15a8759c984feb56cbc1e7033b4d9f8446311d66,OFFICIAL_CONSERVATIVE_b5b9ee069be3eb2712d0c56c15a8759c984feb56cbc1e7033b4d9f8446311d66,False,False,HCC043,Congress,TRT_002,Road Diet (4-to-3 Lane Conversion),CONSERVATIVE,116376.0,32737848.7511,32621472.7511,281.310998,False,UNKNOWN,DOCUMENTED_CMF_SCENARIO,34,OFFICIAL_BUDGET_SCENARIO; PROVISIONAL_PORTFOLIO_SCENARIO; ENGINEERING_REVIEW_REQUIRED
PORT_OFF_CONSERVATIVE_B25M_EQ20,OFFICIAL,CONSERVATIVE,25000000.0,0.2,b5b9ee069be3eb2712d0c56c15a8759c984feb56cbc1e7033b4d9f8446311d66,OFFICIAL_CONSERVATIVE_b5b9ee069be3eb2712d0c56c15a8759c984feb56cbc1e7033b4d9f8446311d66,False,False,HCC003,Western,TRT_002,Road Diet (4-to-3 Lane Conversion),CONSERVATIVE,241944.0,32487939.9866,32245995.9866,134.278759,False,UNKNOWN,DOCUMENTED_CMF_SCENARIO,35,OFFICIAL_BUDGET_SCENARIO; PROVISIONAL_PORTFOLIO_SCENARIO; ENGINEERING_REVIEW_REQUIRED
PORT_OFF_CONSERVATIVE_B25M_EQ20,OFFICIAL,CONSERVATIVE,25000000.0,0.2,b5b9ee069be3eb2712d0c56c15a8759c984feb56cbc1e7033b4d9f8446311d66,OFFICIAL_CONSERVATIVE_b5b9ee069be3eb2712d0c56c15a8759c984feb56cbc1e7033b4d9f8446311d66,False,False,HCC028,Ashland,TRT_002,Road Diet (4-to-3 Lane Conversion),CONSERVATIVE,271440.0,31970612.114,31699172.114,117.781506,True,UNKNOWN,DOCUMENTED_CMF_SCENARIO,36,OFFICIAL_BUDGET_SCENARIO; PROVISIONAL_PORTFOLIO_SCENARIO; ENGINEERING_REVIEW_REQUIRED
PORT_OFF_CONSERVATIVE_B25M_EQ20,OFFICIAL,CONSERVATIVE,25000000.0,0.2,b5b9ee069be3eb2712d0c56c15a8759c984feb56cbc1e7033b4d9f8446311d66,OFFICIAL_CONSERVATIVE_b5b9ee069be3eb2712d0c56c15a8759c984feb56cbc1e7033b4d9f8446311d66,False,False,HCC040,Washington,TRT_002,Road Diet (4-to-3 Lane Conversion),CONSERVATIVE,153432.0,29188600.4453,29035168.4453,190.238024,False,UNKNOWN,DOCUMENTED_CMF_SCENARIO,37,OFFICIAL_BUDGET_SCENARIO; PROVISIONAL_PORTFOLIO_SCENARIO; ENGINEERING_REVIEW_REQUIRED
PORT_OFF_CONSERVATIVE_B25M_EQ20,OFFICIAL,CONSERVATIVE,25000000.0,0.2,b5b9ee069be3eb2712d0c56c15a8759c984feb56cbc1e7033b4d9f8446311d66,OFFICIAL_CONSERVATIVE_b5b9ee069be3eb2712d0c56c15a8759c984feb56cbc1e7033b4d9f8446311d66,False,False,HCC038,Fairbanks,TRT_002,Road Diet (4-to-3 Lane Conversion),CONSERVATIVE,90336.0,17654847.9568,17564511.9568,195.435352,False,UNKNOWN,DOCUMENTED_CMF_SCENARIO,38,OFFICIAL_BUDGET_SCENARIO; PROVISIONAL_PORTFOLIO_SCENARIO; ENGINEERING_REVIEW_REQUIRED
PORT_OFF_CONSERVATIVE_B25M_EQ20,OFFICIAL,CONSERVATIVE,25000000.0,0.2,b5b9ee069be3eb2712d0c56c15a8759c984feb56cbc1e7033b4d9f8446311d66,OFFICIAL_CONSERVATIVE_b5b9ee069be3eb2712d0c56c15a8759c984feb56cbc1e7033b4d9f8446311d66,False,False,HCC041,Randolph,TRT_002,Road Diet (4-to-3 Lane Conversion),CONSERVATIVE,80280.0,13682288.5476,13602008.5476,170.432095,False,UNKNOWN,DOCUMENTED_CMF_SCENARIO,39,OFFICIAL_BUDGET_SCENARIO; PROVISIONAL_PORTFOLIO_SCENARIO; ENGINEERING_REVIEW_REQUIRED
PORT_OFF_CONSERVATIVE_B25M_EQ20,OFFICIAL,CONSERVATIVE,25000000.0,0.2,b5b9ee069be3eb2712d0c56c15a8759c984feb56cbc1e7033b4d9f8446311d66,OFFICIAL_CONSERVATIVE_b5b9ee069be3eb2712d0c56c15a8759c984feb56cbc1e7033b4d9f8446311d66,False,False,HCC042,Dearborn,TRT_002,Road Diet (4-to-3 Lane Conversion),CONSERVATIVE,83280.0,13330968.381,13247688.381,160.074068,False,UNKNOWN,DOCUMENTED_CMF_SCENARIO,40,OFFICIAL_BUDGET_SCENARIO; PROVISIONAL_PORTFOLIO_SCENARIO; ENGINEERING_REVIEW_REQUIRED
PORT_OFF_CONSERVATIVE_B25M_EQ20,OFFICIAL,CONSERVATIVE,25000000.0,0.2,b5b9ee069be3eb2712d0c56c15a8759c984feb56cbc1e7033b4d9f8446311d66,OFFICIAL_CONSERVATIVE_b5b9ee069be3eb2712d0c56c15a8759c984feb56cbc1e7033b4d9f8446311d66,False,False,HCC033,Orleans,TRT_002,Road Diet (4-to-3 Lane Conversion),CONSERVATIVE,69192.0,12172152.3866,12102960.3866,175.918493,False,UNKNOWN,DOCUMENTED_CMF_SCENARIO,41,OFFICIAL_BUDGET_SCENARIO; PROVISIONAL_PORTFOLIO_SCENARIO; ENGINEERING_REVIEW_REQUIRED
PORT_OFF_CONSERVATIVE_B25M_EQ20,OFFICIAL,CONSERVATIVE,25000000.0,0.2,b5b9ee069be3eb2712d0c56c15a8759c984feb56cbc1e7033b4d9f8446311d66,OFFICIAL_CONSERVATIVE_b5b9ee069be3eb2712d0c56c15a8759c984feb56cbc1e7033b4d9f8446311d66,False,False,HCC036,LaSalle,TRT_002,Road Diet (4-to-3 Lane Conversion),CONSERVATIVE,104040.0,11228530.7869,11124490.7869,107.925133,False,UNKNOWN,DOCUMENTED_CMF_SCENARIO,42,OFFICIAL_BUDGET_SCENARIO; PROVISIONAL_PORTFOLIO_SCENARIO; ENGINEERING_REVIEW_REQUIRED
PORT_OFF_CONSERVATIVE_B25M_EQ20,OFFICIAL,CONSERVATIVE,25000000.0,0.2,b5b9ee069be3eb2712d0c56c15a8759c984feb56cbc1e7033b4d9f8446311d66,OFFICIAL_CONSERVATIVE_b5b9ee069be3eb2712d0c56c15a8759c984feb56cbc1e7033b4d9f8446311d66,False,False,HCC019,Lake Shore Drive,TRT_001,Pedestrian Refuge Islands & Medians,CONSERVATIVE,54000.0,6518599.9198,6464599.9198,120.714813,False,UNKNOWN,DOCUMENTED_CMF_SCENARIO,43,OFFICIAL_BUDGET_SCENARIO; PROVISIONAL_PORTFOLIO_SCENARIO; ENGINEERING_REVIEW_REQUIRED
PORT_OFF_CONSERVATIVE_B25M_EQ30,OFFICIAL,CONSERVATIVE,25000000.0,0.3,b5b9ee069be3eb2712d0c56c15a8759c984feb56cbc1e7033b4d9f8446311d66,OFFICIAL_CONSERVATIVE_b5b9ee069be3eb2712d0c56c15a8759c984feb56cbc1e7033b4d9f8446311d66,False,False,HCC006,Fullerton,TRT_002,Road Diet (4-to-3 Lane Conversion),CONSERVATIVE,998856.0,143471128.2349,142472272.2349,143.635447,False,UNKNOWN,DOCUMENTED_CMF_SCENARIO,1,OFFICIAL_BUDGET_SCENARIO; PROVISIONAL_PORTFOLIO_SCENARIO; ENGINEERING_REVIEW_REQUIRED
PORT_OFF_CONSERVATIVE_B25M_EQ30,OFFICIAL,CONSERVATIVE,25000000.0,0.3,b5b9ee069be3eb2712d0c56c15a8759c984feb56cbc1e7033b4d9f8446311d66,OFFICIAL_CONSERVATIVE_b5b9ee069be3eb2712d0c56c15a8759c984feb56cbc1e7033b4d9f8446311d66,False,False,HCC017,Pulaski,TRT_002,Road Diet (4-to-3 Lane Conversion),CONSERVATIVE,604752.0,137031196.2622,136426444.2622,226.590729,True,UNKNOWN,DOCUMENTED_CMF_SCENARIO,2,OFFICIAL_BUDGET_SCENARIO; PROVISIONAL_PORTFOLIO_SCENARIO; ENGINEERING_REVIEW_REQUIRED
PORT_OFF_CONSERVATIVE_B25M_EQ30,OFFICIAL,CONSERVATIVE,25000000.0,0.3,b5b9ee069be3eb2712d0c56c15a8759c984feb56cbc1e7033b4d9f8446311d66,OFFICIAL_CONSERVATIVE_b5b9ee069be3eb2712d0c56c15a8759c984feb56cbc1e7033b4d9f8446311d66,False,False,HCC016,Cicero,TRT_002,Road Diet (4-to-3 Lane Conversion),CONSERVATIVE,421968.0,128820366.5386,128398398.5386,305.284682,True,UNKNOWN,DOCUMENTED_CMF_SCENARIO,3,OFFICIAL_BUDGET_SCENARIO; PROVISIONAL_PORTFOLIO_SCENARIO; ENGINEERING_REVIEW_REQUIRED
PORT_OFF_CONSERVATIVE_B25M_EQ30,OFFICIAL,CONSERVATIVE,25000000.0,0.3,b5b9ee069be3eb2712d0c56c15a8759c984feb56cbc1e7033b4d9f8446311d66,OFFICIAL_CONSERVATIVE_b5b9ee069be3eb2712d0c56c15a8759c984feb56cbc1e7033b4d9f8446311d66,False,False,HCC032,Michigan,TRT_002,Road Diet (4-to-3 Lane Conversion),CONSERVATIVE,553560.0,127835714.7387,127282154.7387,230.933801,False,UNKNOWN,DOCUMENTED_CMF_SCENARIO,4,OFFICIAL_BUDGET_SCENARIO; PROVISIONAL_PORTFOLIO_SCENARIO; ENGINEERING_REVIEW_REQUIRED
PORT_OFF_CONSERVATIVE_B25M_EQ30,OFFICIAL,CONSERVATIVE,25000000.0,0.3,b5b9ee069be3eb2712d0c56c15a8759c984feb56cbc1e7033b4d9f8446311d66,OFFICIAL_CONSERVATIVE_b5b9ee069be3eb2712d0c56c15a8759c984feb56cbc1e7033b4d9f8446311d66,False,False,HCC025,Stony Island,TRT_002,Road Diet (4-to-3 Lane Conversion),CONSERVATIVE,482664.0,116245697.0159,115763033.0159,240.841863,True,UNKNOWN,DOCUMENTED_CMF_SCENARIO,5,OFFICIAL_BUDGET_SCENARIO; PROVISIONAL_PORTFOLIO_SCENARIO; ENGINEERING_REVIEW_REQUIRED
PORT_OFF_CONSERVATIVE_B25M_EQ30,OFFICIAL,CONSERVATIVE,25000000.0,0.3,b5b9ee069be3eb2712d0c56c15a8759c984feb56cbc1e7033b4d9f8446311d66,OFFICIAL_CONSERVATIVE_b5b9ee069be3eb2712d0c56c15a8759c984feb56cbc1e7033b4d9f8446311d66,False,False,HCC021,Pulaski,TRT_002,Road Diet (4-to-3 Lane Conversion),CONSERVATIVE,633168.0,114525552.1758,113892384.1758,180.877038,True,UNKNOWN,DOCUMENTED_CMF_SCENARIO,6,OFFICIAL_BUDGET_SCENARIO; PROVISIONAL_PORTFOLIO_SCENARIO; ENGINEERING_REVIEW_REQUIRED
PORT_OFF_CONSERVATIVE_B25M_EQ30,OFFICIAL,CONSERVATIVE,25000000.0,0.3,b5b9ee069be3eb2712d0c56c15a8759c984feb56cbc1e7033b4d9f8446311d66,OFFICIAL_CONSERVATIVE_b5b9ee069be3eb2712d0c56c15a8759c984feb56cbc1e7033b4d9f8446311d66,False,False,HCC015,Lake,TRT_002,Road Diet (4-to-3 Lane Conversion),CONSERVATIVE,457464.0,108144660.3326,107687196.3326,236.400373,True,UNKNOWN,DOCUMENTED_CMF_SCENARIO,7,OFFICIAL_BUDGET_SCENARIO; PROVISIONAL_PORTFOLIO_SCENARIO; ENGINEERING_REVIEW_REQUIRED
PORT_OFF_CONSERVATIVE_B25M_EQ30,OFFICIAL,CONSERVATIVE,25000000.0,0.3,b5b9ee069be3eb2712d0c56c15a8759c984feb56cbc1e7033b4d9f8446311d66,OFFICIAL_CONSERVATIVE_b5b9ee069be3eb2712d0c56c15a8759c984feb56cbc1e7033b4d9f8446311d66,False,False,HCC008,Milwaukee,TRT_002,Road Diet (4-to-3 Lane Conversion),CONSERVATIVE,849696.0,100973795.4974,100124099.4974,118.835202,False,UNKNOWN,DOCUMENTED_CMF_SCENARIO,8,OFFICIAL_BUDGET_SCENARIO; PROVISIONAL_PORTFOLIO_SCENARIO; ENGINEERING_REVIEW_REQUIRED
PORT_OFF_CONSERVATIVE_B25M_EQ30,OFFICIAL,CONSERVATIVE,25000000.0,0.3,b5b9ee069be3eb2712d0c56c15a8759c984feb56cbc1e7033b4d9f8446311d66,OFFICIAL_CONSERVATIVE_b5b9ee069be3eb2712d0c56c15a8759c984feb56cbc1e7033b4d9f8446311d66,False,False,HCC010,Ashland,TRT_002,Road Diet (4-to-3 Lane Conversion),CONSERVATIVE,810000.0,99159592.6817,98349592.6817,122.41925,False,UNKNOWN,DOCUMENTED_CMF_SCENARIO,9,OFFICIAL_BUDGET_SCENARIO; PROVISIONAL_PORTFOLIO_SCENARIO; ENGINEERING_REVIEW_REQUIRED
PORT_OFF_CONSERVATIVE_B25M_EQ30,OFFICIAL,CONSERVATIVE,25000000.0,0.3,b5b9ee069be3eb2712d0c56c15a8759c984feb56cbc1e7033b4d9f8446311d66,OFFICIAL_CONSERVATIVE_b5b9ee069be3eb2712d0c56c15a8759c984feb56cbc1e7033b4d9f8446311d66,False,False,HCC023,Ashland,TRT_002,Road Diet (4-to-3 Lane Conversion),CONSERVATIVE,301440.0,83722707.6501,83421267.6501,277.742528,True,UNKNOWN,DOCUMENTED_CMF_SCENARIO,10,OFFICIAL_BUDGET_SCENARIO; PROVISIONAL_PORTFOLIO_SCENARIO; ENGINEERING_REVIEW_REQUIRED
PORT_OFF_CONSERVATIVE_B25M_EQ30,OFFICIAL,CONSERVATIVE,25000000.0,0.3,b5b9ee069be3eb2712d0c56c15a8759c984feb56cbc1e7033b4d9f8446311d66,OFFICIAL_CONSERVATIVE_b5b9ee069be3eb2712d0c56c15a8759c984feb56cbc1e7033b4d9f8446311d66,False,False,HCC007,Western,TRT_002,Road Diet (4-to-3 Lane Conversion),CONSERVATIVE,630336.0,79807722.9712,79177386.9712,126.611399,False,UNKNOWN,DOCUMENTED_CMF_SCENARIO,11,OFFICIAL_BUDGET_SCENARIO; PROVISIONAL_PORTFOLIO_SCENARIO; ENGINEERING_REVIEW_REQUIRED
PORT_OFF_CONSERVATIVE_B25M_EQ30,OFFICIAL,CONSERVATIVE,25000000.0,0.3,b5b9ee069be3eb2712d0c56c15a8759c984feb56cbc1e7033b4d9f8446311d66,OFFICIAL_CONSERVATIVE_b5b9ee069be3eb2712d0c56c15a8759c984feb56cbc1e7033b4d9f8446311d66,False,False,HCC039,Wacker,TRT_002,Road Diet (4-to-3 Lane Conversion),CONSERVATIVE,423120.0,76902037.7481,76478917.7481,181.749947,False,UNKNOWN,DOCUMENTED_CMF_SCENARIO,12,OFFICIAL_BUDGET_SCENARIO; PROVISIONAL_PORTFOLIO_SCENARIO; ENGINEERING_REVIEW_REQUIRED
PORT_OFF_CONSERVATIVE_B25M_EQ30,OFFICIAL,CONSERVATIVE,25000000.0,0.3,b5b9ee069be3eb2712d0c56c15a8759c984feb56cbc1e7033b4d9f8446311d66,OFFICIAL_CONSERVATIVE_b5b9ee069be3eb2712d0c56c15a8759c984feb56cbc1e7033b4d9f8446311d66,False,False,HCC018,Roosevelt,TRT_002,Road Diet (4-to-3 Lane Conversion),CONSERVATIVE,282192.0,75102294.7988,74820102.7988,266.138993,False,UNKNOWN,DOCUMENTED_CMF_SCENARIO,13,OFFICIAL_BUDGET_SCENARIO; PROVISIONAL_PORTFOLIO_SCENARIO; ENGINEERING_REVIEW_REQUIRED
PORT_OFF_CONSERVATIVE_B25M_EQ30,OFFICIAL,CONSERVATIVE,25000000.0,0.3,b5b9ee069be3eb2712d0c56c15a8759c984feb56cbc1e7033b4d9f8446311d66,OFFICIAL_CONSERVATIVE_b5b9ee069be3eb2712d0c56c15a8759c984feb56cbc1e7033b4d9f8446311d66,False,False,HCC001,Devon,TRT_002,Road Diet (4-to-3 Lane Conversion),CONSERVATIVE,359064.0,72105573.5706,71746509.5706,200.81538,True,UNKNOWN,DOCUMENTED_CMF_SCENARIO,14,OFFICIAL_BUDGET_SCENARIO; PROVISIONAL_PORTFOLIO_SCENARIO; ENGINEERING_REVIEW_REQUIRED
PORT_OFF_CONSERVATIVE_B25M_EQ30,OFFICIAL,CONSERVATIVE,25000000.0,0.3,b5b9ee069be3eb2712d0c56c15a8759c984feb56cbc1e7033b4d9f8446311d66,OFFICIAL_CONSERVATIVE_b5b9ee069be3eb2712d0c56c15a8759c984feb56cbc1e7033b4d9f8446311d66,False,False,HCC024,Western,TRT_002,Road Diet (4-to-3 Lane Conversion),CONSERVATIVE,331080.0,68479394.4626,68148314.4626,206.836397,True,UNKNOWN,DOCUMENTED_CMF_SCENARIO,15,OFFICIAL_BUDGET_SCENARIO; PROVISIONAL_PORTFOLIO_SCENARIO; ENGINEERING_REVIEW_REQUIRED
PORT_OFF_CONSERVATIVE_B25M_EQ30,OFFICIAL,CONSERVATIVE,25000000.0,0.3,b5b9ee069be3eb2712d0c56c15a8759c984feb56cbc1e7033b4d9f8446311d66,OFFICIAL_CONSERVATIVE_b5b9ee069be3eb2712d0c56c15a8759c984feb56cbc1e7033b4d9f8446311d66,False,False,HCC014,Chicago,TRT_002,Road Diet (4-to-3 Lane Conversion),CONSERVATIVE,514104.0,66266766.6299,65752662.6299,128.89759,False,UNKNOWN,DOCUMENTED_CMF_SCENARIO,16,OFFICIAL_BUDGET_SCENARIO; PROVISIONAL_PORTFOLIO_SCENARIO; ENGINEERING_REVIEW_REQUIRED
PORT_OFF_CONSERVATIVE_B25M_EQ30,OFFICIAL,CONSERVATIVE,25000000.0,0.3,b5b9ee069be3eb2712d0c56c15a8759c984feb56cbc1e7033b4d9f8446311d66,OFFICIAL_CONSERVATIVE_b5b9ee069be3eb2712d0c56c15a8759c984feb56cbc1e7033b4d9f8446311d66,False,False,HCC030,87th,TRT_002,Road Diet (4-to-3 Lane Conversion),CONSERVATIVE,361896.0,65396692.6743,65034796.6743,180.705763,True,UNKNOWN,DOCUMENTED_CMF_SCENARIO,17,OFFICIAL_BUDGET_SCENARIO; PROVISIONAL_PORTFOLIO_SCENARIO; ENGINEERING_REVIEW_REQUIRED
PORT_OFF_CONSERVATIVE_B25M_EQ30,OFFICIAL,CONSERVATIVE,25000000.0,0.3,b5b9ee069be3eb2712d0c56c15a8759c984feb56cbc1e7033b4d9f8446311d66,OFFICIAL_CONSERVATIVE_b5b9ee069be3eb2712d0c56c15a8759c984feb56cbc1e7033b4d9f8446311d66,False,False,HCC005,Clark,TRT_002,Road Diet (4-to-3 Lane Conversion),CONSERVATIVE,765168.0,64898113.8257,64132945.8257,84.81551,False,UNKNOWN,DOCUMENTED_CMF_SCENARIO,18,OFFICIAL_BUDGET_SCENARIO; PROVISIONAL_PORTFOLIO_SCENARIO; ENGINEERING_REVIEW_REQUIRED
PORT_OFF_CONSERVATIVE_B25M_EQ30,OFFICIAL,CONSERVATIVE,25000000.0,0.3,b5b9ee069be3eb2712d0c56c15a8759c984feb56cbc1e7033b4d9f8446311d66,OFFICIAL_CONSERVATIVE_b5b9ee069be3eb2712d0c56c15a8759c984feb56cbc1e7033b4d9f8446311d66,False,False,HCC027,Cottage Grove,TRT_002,Road Diet (4-to-3 Lane Conversion),CONSERVATIVE,363384.0,64851745.2289,64488361.2289,178.466155,True,UNKNOWN,DOCUMENTED_CMF_SCENARIO,19,OFFICIAL_BUDGET_SCENARIO; PROVISIONAL_PORTFOLIO_SCENARIO; ENGINEERING_REVIEW_REQUIRED
PORT_OFF_CONSERVATIVE_B25M_EQ30,OFFICIAL,CONSERVATIVE,25000000.0,0.3,b5b9ee069be3eb2712d0c56c15a8759c984feb56cbc1e7033b4d9f8446311d66,OFFICIAL_CONSERVATIVE_b5b9ee069be3eb2712d0c56c15a8759c984feb56cbc1e7033b4d9f8446311d66,False,False,HCC031,Stony Island,TRT_002,Road Diet (4-to-3 Lane Conversion),CONSERVATIVE,242184.0,64546738.3063,64304554.3063,266.519416,False,UNKNOWN,DOCUMENTED_CMF_SCENARIO,20,OFFICIAL_BUDGET_SCENARIO; PROVISIONAL_PORTFOLIO_SCENARIO; ENGINEERING_REVIEW_REQUIRED
PORT_OFF_CONSERVATIVE_B25M_EQ30,OFFICIAL,CONSERVATIVE,25000000.0,0.3,b5b9ee069be3eb2712d0c56c15a8759c984feb56cbc1e7033b4d9f8446311d66,OFFICIAL_CONSERVATIVE_b5b9ee069be3eb2712d0c56c15a8759c984feb56cbc1e7033b4d9f8446311d66,False,False,HCC026,Halsted,TRT_002,Road Diet (4-to-3 Lane Conversion),CONSERVATIVE,361656.0,59770079.9322,59408423.9322,165.267768,True,UNKNOWN,DOCUMENTED_CMF_SCENARIO,21,OFFICIAL_BUDGET_SCENARIO; PROVISIONAL_PORTFOLIO_SCENARIO; ENGINEERING_REVIEW_REQUIRED
PORT_OFF_CONSERVATIVE_B25M_EQ30,OFFICIAL,CONSERVATIVE,25000000.0,0.3,b5b9ee069be3eb2712d0c56c15a8759c984feb56cbc1e7033b4d9f8446311d66,OFFICIAL_CONSERVATIVE_b5b9ee069be3eb2712d0c56c15a8759c984feb56cbc1e7033b4d9f8446311d66,False,False,HCC009,Damen,TRT_002,Road Diet (4-to-3 Lane Conversion),CONSERVATIVE,498504.0,59587821.0217,59089317.0217,119.533286,False,UNKNOWN,DOCUMENTED_CMF_SCENARIO,22,OFFICIAL_BUDGET_SCENARIO; PROVISIONAL_PORTFOLIO_SCENARIO; ENGINEERING_REVIEW_REQUIRED
PORT_OFF_CONSERVATIVE_B25M_EQ30,OFFICIAL,CONSERVATIVE,25000000.0,0.3,b5b9ee069be3eb2712d0c56c15a8759c984feb56cbc1e7033b4d9f8446311d66,OFFICIAL_CONSERVATIVE_b5b9ee069be3eb2712d0c56c15a8759c984feb56cbc1e7033b4d9f8446311d66,False,False,HCC020,Western Ave/Blvd,TRT_002,Road Diet (4-to-3 Lane Conversion),CONSERVATIVE,587112.0,54380115.8695,53793003.8695,92.62307,True,UNKNOWN,DOCUMENTED_CMF_SCENARIO,23,OFFICIAL_BUDGET_SCENARIO; PROVISIONAL_PORTFOLIO_SCENARIO; ENGINEERING_REVIEW_REQUIRED
PORT_OFF_CONSERVATIVE_B25M_EQ30,OFFICIAL,CONSERVATIVE,25000000.0,0.3,b5b9ee069be3eb2712d0c56c15a8759c984feb56cbc1e7033b4d9f8446311d66,OFFICIAL_CONSERVATIVE_b5b9ee069be3eb2712d0c56c15a8759c984feb56cbc1e7033b4d9f8446311d66,False,False,HCC011,North,TRT_002,Road Diet (4-to-3 Lane Conversion),CONSERVATIVE,245064.0,49867391.3229,49622327.3229,203.487217,True,UNKNOWN,DOCUMENTED_CMF_SCENARIO,24,OFFICIAL_BUDGET_SCENARIO; PROVISIONAL_PORTFOLIO_SCENARIO; ENGINEERING_REVIEW_REQUIRED
PORT_OFF_CONSERVATIVE_B25M_EQ30,OFFICIAL,CONSERVATIVE,25000000.0,0.3,b5b9ee069be3eb2712d0c56c15a8759c984feb56cbc1e7033b4d9f8446311d66,OFFICIAL_CONSERVATIVE_b5b9ee069be3eb2712d0c56c15a8759c984feb56cbc1e7033b4d9f8446311d66,False,False,HCC013,Chicago,TRT_002,Road Diet (4-to-3 Lane Conversion),CONSERVATIVE,241656.0,49382547.9344,49140891.9344,204.350597,True,UNKNOWN,DOCUMENTED_CMF_SCENARIO,25,OFFICIAL_BUDGET_SCENARIO; PROVISIONAL_PORTFOLIO_SCENARIO; ENGINEERING_REVIEW_REQUIRED
PORT_OFF_CONSERVATIVE_B25M_EQ30,OFFICIAL,CONSERVATIVE,25000000.0,0.3,b5b9ee069be3eb2712d0c56c15a8759c984feb56cbc1e7033b4d9f8446311d66,OFFICIAL_CONSERVATIVE_b5b9ee069be3eb2712d0c56c15a8759c984feb56cbc1e7033b4d9f8446311d66,False,False,HCC037,State,TRT_002,Road Diet (4-to-3 Lane Conversion),CONSERVATIVE,366768.0,48796384.0579,48429616.0579,133.044279,False,UNKNOWN,DOCUMENTED_CMF_SCENARIO,26,OFFICIAL_BUDGET_SCENARIO; PROVISIONAL_PORTFOLIO_SCENARIO; ENGINEERING_REVIEW_REQUIRED
PORT_OFF_CONSERVATIVE_B25M_EQ30,OFFICIAL,CONSERVATIVE,25000000.0,0.3,b5b9ee069be3eb2712d0c56c15a8759c984feb56cbc1e7033b4d9f8446311d66,OFFICIAL_CONSERVATIVE_b5b9ee069be3eb2712d0c56c15a8759c984feb56cbc1e7033b4d9f8446311d66,False,False,HCC029,79th,TRT_002,Road Diet (4-to-3 Lane Conversion),CONSERVATIVE,270336.0,46679967.8343,46409631.8343,172.673887,True,UNKNOWN,DOCUMENTED_CMF_SCENARIO,27,OFFICIAL_BUDGET_SCENARIO; PROVISIONAL_PORTFOLIO_SCENARIO; ENGINEERING_REVIEW_REQUIRED
PORT_OFF_CONSERVATIVE_B25M_EQ30,OFFICIAL,CONSERVATIVE,25000000.0,0.3,b5b9ee069be3eb2712d0c56c15a8759c984feb56cbc1e7033b4d9f8446311d66,OFFICIAL_CONSERVATIVE_b5b9ee069be3eb2712d0c56c15a8759c984feb56cbc1e7033b4d9f8446311d66,False,False,HCC012,Chicago,TRT_002,Road Diet (4-to-3 Lane Conversion),CONSERVATIVE,242448.0,44962953.278,44720505.278,185.454008,True,UNKNOWN,DOCUMENTED_CMF_SCENARIO,28,OFFICIAL_BUDGET_SCENARIO; PROVISIONAL_PORTFOLIO_SCENARIO; ENGINEERING_REVIEW_REQUIRED
PORT_OFF_CONSERVATIVE_B25M_EQ30,OFFICIAL,CONSERVATIVE,25000000.0,0.3,b5b9ee069be3eb2712d0c56c15a8759c984feb56cbc1e7033b4d9f8446311d66,OFFICIAL_CONSERVATIVE_b5b9ee069be3eb2712d0c56c15a8759c984feb56cbc1e7033b4d9f8446311d66,False,False,HCC022,Garfield,TRT_002,Road Diet (4-to-3 Lane Conversion),CONSERVATIVE,361800.0,44917412.6438,44555612.6438,124.149841,True,UNKNOWN,DOCUMENTED_CMF_SCENARIO,29,OFFICIAL_BUDGET_SCENARIO; PROVISIONAL_PORTFOLIO_SCENARIO; ENGINEERING_REVIEW_REQUIRED
PORT_OFF_CONSERVATIVE_B25M_EQ30,OFFICIAL,CONSERVATIVE,25000000.0,0.3,b5b9ee069be3eb2712d0c56c15a8759c984feb56cbc1e7033b4d9f8446311d66,OFFICIAL_CONSERVATIVE_b5b9ee069be3eb2712d0c56c15a8759c984feb56cbc1e7033b4d9f8446311d66,False,False,HCC035,Ohio,TRT_002,Road Diet (4-to-3 Lane Conversion),CONSERVATIVE,208056.0,43936122.6261,43728066.6261,211.174504,False,UNKNOWN,DOCUMENTED_CMF_SCENARIO,30,OFFICIAL_BUDGET_SCENARIO; PROVISIONAL_PORTFOLIO_SCENARIO; ENGINEERING_REVIEW_REQUIRED
PORT_OFF_CONSERVATIVE_B25M_EQ30,OFFICIAL,CONSERVATIVE,25000000.0,0.3,b5b9ee069be3eb2712d0c56c15a8759c984feb56cbc1e7033b4d9f8446311d66,OFFICIAL_CONSERVATIVE_b5b9ee069be3eb2712d0c56c15a8759c984feb56cbc1e7033b4d9f8446311d66,False,False,HCC002,Broadway,TRT_002,Road Diet (4-to-3 Lane Conversion),CONSERVATIVE,444144.0,43875684.2087,43431540.2087,98.78707,False,UNKNOWN,DOCUMENTED_CMF_SCENARIO,31,OFFICIAL_BUDGET_SCENARIO; PROVISIONAL_PORTFOLIO_SCENARIO; ENGINEERING_REVIEW_REQUIRED
PORT_OFF_CONSERVATIVE_B25M_EQ30,OFFICIAL,CONSERVATIVE,25000000.0,0.3,b5b9ee069be3eb2712d0c56c15a8759c984feb56cbc1e7033b4d9f8446311d66,OFFICIAL_CONSERVATIVE_b5b9ee069be3eb2712d0c56c15a8759c984feb56cbc1e7033b4d9f8446311d66,False,False,HCC004,Belmont,TRT_002,Road Diet (4-to-3 Lane Conversion),CONSERVATIVE,241056.0,43121638.4554,42880582.4554,178.886393,False,UNKNOWN,DOCUMENTED_CMF_SCENARIO,32,OFFICIAL_BUDGET_SCENARIO; PROVISIONAL_PORTFOLIO_SCENARIO; ENGINEERING_REVIEW_REQUIRED
PORT_OFF_CONSERVATIVE_B25M_EQ30,OFFICIAL,CONSERVATIVE,25000000.0,0.3,b5b9ee069be3eb2712d0c56c15a8759c984feb56cbc1e7033b4d9f8446311d66,OFFICIAL_CONSERVATIVE_b5b9ee069be3eb2712d0c56c15a8759c984feb56cbc1e7033b4d9f8446311d66,False,False,HCC034,Ontario,TRT_002,Road Diet (4-to-3 Lane Conversion),CONSERVATIVE,208008.0,35265888.4006,35057880.4006,169.54102,False,UNKNOWN,DOCUMENTED_CMF_SCENARIO,33,OFFICIAL_BUDGET_SCENARIO; PROVISIONAL_PORTFOLIO_SCENARIO; ENGINEERING_REVIEW_REQUIRED
PORT_OFF_CONSERVATIVE_B25M_EQ30,OFFICIAL,CONSERVATIVE,25000000.0,0.3,b5b9ee069be3eb2712d0c56c15a8759c984feb56cbc1e7033b4d9f8446311d66,OFFICIAL_CONSERVATIVE_b5b9ee069be3eb2712d0c56c15a8759c984feb56cbc1e7033b4d9f8446311d66,False,False,HCC043,Congress,TRT_002,Road Diet (4-to-3 Lane Conversion),CONSERVATIVE,116376.0,32737848.7511,32621472.7511,281.310998,False,UNKNOWN,DOCUMENTED_CMF_SCENARIO,34,OFFICIAL_BUDGET_SCENARIO; PROVISIONAL_PORTFOLIO_SCENARIO; ENGINEERING_REVIEW_REQUIRED
PORT_OFF_CONSERVATIVE_B25M_EQ30,OFFICIAL,CONSERVATIVE,25000000.0,0.3,b5b9ee069be3eb2712d0c56c15a8759c984feb56cbc1e7033b4d9f8446311d66,OFFICIAL_CONSERVATIVE_b5b9ee069be3eb2712d0c56c15a8759c984feb56cbc1e7033b4d9f8446311d66,False,False,HCC003,Western,TRT_002,Road Diet (4-to-3 Lane Conversion),CONSERVATIVE,241944.0,32487939.9866,32245995.9866,134.278759,False,UNKNOWN,DOCUMENTED_CMF_SCENARIO,35,OFFICIAL_BUDGET_SCENARIO; PROVISIONAL_PORTFOLIO_SCENARIO; ENGINEERING_REVIEW_REQUIRED
PORT_OFF_CONSERVATIVE_B25M_EQ30,OFFICIAL,CONSERVATIVE,25000000.0,0.3,b5b9ee069be3eb2712d0c56c15a8759c984feb56cbc1e7033b4d9f8446311d66,OFFICIAL_CONSERVATIVE_b5b9ee069be3eb2712d0c56c15a8759c984feb56cbc1e7033b4d9f8446311d66,False,False,HCC028,Ashland,TRT_002,Road Diet (4-to-3 Lane Conversion),CONSERVATIVE,271440.0,31970612.114,31699172.114,117.781506,True,UNKNOWN,DOCUMENTED_CMF_SCENARIO,36,OFFICIAL_BUDGET_SCENARIO; PROVISIONAL_PORTFOLIO_SCENARIO; ENGINEERING_REVIEW_REQUIRED
PORT_OFF_CONSERVATIVE_B25M_EQ30,OFFICIAL,CONSERVATIVE,25000000.0,0.3,b5b9ee069be3eb2712d0c56c15a8759c984feb56cbc1e7033b4d9f8446311d66,OFFICIAL_CONSERVATIVE_b5b9ee069be3eb2712d0c56c15a8759c984feb56cbc1e7033b4d9f8446311d66,False,False,HCC040,Washington,TRT_002,Road Diet (4-to-3 Lane Conversion),CONSERVATIVE,153432.0,29188600.4453,29035168.4453,190.238024,False,UNKNOWN,DOCUMENTED_CMF_SCENARIO,37,OFFICIAL_BUDGET_SCENARIO; PROVISIONAL_PORTFOLIO_SCENARIO; ENGINEERING_REVIEW_REQUIRED
PORT_OFF_CONSERVATIVE_B25M_EQ30,OFFICIAL,CONSERVATIVE,25000000.0,0.3,b5b9ee069be3eb2712d0c56c15a8759c984feb56cbc1e7033b4d9f8446311d66,OFFICIAL_CONSERVATIVE_b5b9ee069be3eb2712d0c56c15a8759c984feb56cbc1e7033b4d9f8446311d66,False,False,HCC038,Fairbanks,TRT_002,Road Diet (4-to-3 Lane Conversion),CONSERVATIVE,90336.0,17654847.9568,17564511.9568,195.435352,False,UNKNOWN,DOCUMENTED_CMF_SCENARIO,38,OFFICIAL_BUDGET_SCENARIO; PROVISIONAL_PORTFOLIO_SCENARIO; ENGINEERING_REVIEW_REQUIRED
PORT_OFF_CONSERVATIVE_B25M_EQ30,OFFICIAL,CONSERVATIVE,25000000.0,0.3,b5b9ee069be3eb2712d0c56c15a8759c984feb56cbc1e7033b4d9f8446311d66,OFFICIAL_CONSERVATIVE_b5b9ee069be3eb2712d0c56c15a8759c984feb56cbc1e7033b4d9f8446311d66,False,False,HCC041,Randolph,TRT_002,Road Diet (4-to-3 Lane Conversion),CONSERVATIVE,80280.0,13682288.5476,13602008.5476,170.432095,False,UNKNOWN,DOCUMENTED_CMF_SCENARIO,39,OFFICIAL_BUDGET_SCENARIO; PROVISIONAL_PORTFOLIO_SCENARIO; ENGINEERING_REVIEW_REQUIRED
PORT_OFF_CONSERVATIVE_B25M_EQ30,OFFICIAL,CONSERVATIVE,25000000.0,0.3,b5b9ee069be3eb2712d0c56c15a8759c984feb56cbc1e7033b4d9f8446311d66,OFFICIAL_CONSERVATIVE_b5b9ee069be3eb2712d0c56c15a8759c984feb56cbc1e7033b4d9f8446311d66,False,False,HCC042,Dearborn,TRT_002,Road Diet (4-to-3 Lane Conversion),CONSERVATIVE,83280.0,13330968.381,13247688.381,160.074068,False,UNKNOWN,DOCUMENTED_CMF_SCENARIO,40,OFFICIAL_BUDGET_SCENARIO; PROVISIONAL_PORTFOLIO_SCENARIO; ENGINEERING_REVIEW_REQUIRED
PORT_OFF_CONSERVATIVE_B25M_EQ30,OFFICIAL,CONSERVATIVE,25000000.0,0.3,b5b9ee069be3eb2712d0c56c15a8759c984feb56cbc1e7033b4d9f8446311d66,OFFICIAL_CONSERVATIVE_b5b9ee069be3eb2712d0c56c15a8759c984feb56cbc1e7033b4d9f8446311d66,False,False,HCC033,Orleans,TRT_002,Road Diet (4-to-3 Lane Conversion),CONSERVATIVE,69192.0,12172152.3866,12102960.3866,175.918493,False,UNKNOWN,DOCUMENTED_CMF_SCENARIO,41,OFFICIAL_BUDGET_SCENARIO; PROVISIONAL_PORTFOLIO_SCENARIO; ENGINEERING_REVIEW_REQUIRED
PORT_OFF_CONSERVATIVE_B25M_EQ30,OFFICIAL,CONSERVATIVE,25000000.0,0.3,b5b9ee069be3eb2712d0c56c15a8759c984feb56cbc1e7033b4d9f8446311d66,OFFICIAL_CONSERVATIVE_b5b9ee069be3eb2712d0c56c15a8759c984feb56cbc1e7033b4d9f8446311d66,False,False,HCC036,LaSalle,TRT_002,Road Diet (4-to-3 Lane Conversion),CONSERVATIVE,104040.0,11228530.7869,11124490.7869,107.925133,False,UNKNOWN,DOCUMENTED_CMF_SCENARIO,42,OFFICIAL_BUDGET_SCENARIO; PROVISIONAL_PORTFOLIO_SCENARIO; ENGINEERING_REVIEW_REQUIRED
PORT_OFF_CONSERVATIVE_B25M_EQ30,OFFICIAL,CONSERVATIVE,25000000.0,0.3,b5b9ee069be3eb2712d0c56c15a8759c984feb56cbc1e7033b4d9f8446311d66,OFFICIAL_CONSERVATIVE_b5b9ee069be3eb2712d0c56c15a8759c984feb56cbc1e7033b4d9f8446311d66,False,False,HCC019,Lake Shore Drive,TRT_001,Pedestrian Refuge Islands & Medians,CONSERVATIVE,54000.0,6518599.9198,6464599.9198,120.714813,False,UNKNOWN,DOCUMENTED_CMF_SCENARIO,43,OFFICIAL_BUDGET_SCENARIO; PROVISIONAL_PORTFOLIO_SCENARIO; ENGINEERING_REVIEW_REQUIRED
PORT_OFF_CONSERVATIVE_B25M_EQ40,OFFICIAL,CONSERVATIVE,25000000.0,0.4,b5b9ee069be3eb2712d0c56c15a8759c984feb56cbc1e7033b4d9f8446311d66,OFFICIAL_CONSERVATIVE_b5b9ee069be3eb2712d0c56c15a8759c984feb56cbc1e7033b4d9f8446311d66,False,False,HCC006,Fullerton,TRT_002,Road Diet (4-to-3 Lane Conversion),CONSERVATIVE,998856.0,143471128.2349,142472272.2349,143.635447,False,UNKNOWN,DOCUMENTED_CMF_SCENARIO,1,OFFICIAL_BUDGET_SCENARIO; PROVISIONAL_PORTFOLIO_SCENARIO; ENGINEERING_REVIEW_REQUIRED
PORT_OFF_CONSERVATIVE_B25M_EQ40,OFFICIAL,CONSERVATIVE,25000000.0,0.4,b5b9ee069be3eb2712d0c56c15a8759c984feb56cbc1e7033b4d9f8446311d66,OFFICIAL_CONSERVATIVE_b5b9ee069be3eb2712d0c56c15a8759c984feb56cbc1e7033b4d9f8446311d66,False,False,HCC017,Pulaski,TRT_002,Road Diet (4-to-3 Lane Conversion),CONSERVATIVE,604752.0,137031196.2622,136426444.2622,226.590729,True,UNKNOWN,DOCUMENTED_CMF_SCENARIO,2,OFFICIAL_BUDGET_SCENARIO; PROVISIONAL_PORTFOLIO_SCENARIO; ENGINEERING_REVIEW_REQUIRED
PORT_OFF_CONSERVATIVE_B25M_EQ40,OFFICIAL,CONSERVATIVE,25000000.0,0.4,b5b9ee069be3eb2712d0c56c15a8759c984feb56cbc1e7033b4d9f8446311d66,OFFICIAL_CONSERVATIVE_b5b9ee069be3eb2712d0c56c15a8759c984feb56cbc1e7033b4d9f8446311d66,False,False,HCC016,Cicero,TRT_002,Road Diet (4-to-3 Lane Conversion),CONSERVATIVE,421968.0,128820366.5386,128398398.5386,305.284682,True,UNKNOWN,DOCUMENTED_CMF_SCENARIO,3,OFFICIAL_BUDGET_SCENARIO; PROVISIONAL_PORTFOLIO_SCENARIO; ENGINEERING_REVIEW_REQUIRED
PORT_OFF_CONSERVATIVE_B25M_EQ40,OFFICIAL,CONSERVATIVE,25000000.0,0.4,b5b9ee069be3eb2712d0c56c15a8759c984feb56cbc1e7033b4d9f8446311d66,OFFICIAL_CONSERVATIVE_b5b9ee069be3eb2712d0c56c15a8759c984feb56cbc1e7033b4d9f8446311d66,False,False,HCC032,Michigan,TRT_002,Road Diet (4-to-3 Lane Conversion),CONSERVATIVE,553560.0,127835714.7387,127282154.7387,230.933801,False,UNKNOWN,DOCUMENTED_CMF_SCENARIO,4,OFFICIAL_BUDGET_SCENARIO; PROVISIONAL_PORTFOLIO_SCENARIO; ENGINEERING_REVIEW_REQUIRED
PORT_OFF_CONSERVATIVE_B25M_EQ40,OFFICIAL,CONSERVATIVE,25000000.0,0.4,b5b9ee069be3eb2712d0c56c15a8759c984feb56cbc1e7033b4d9f8446311d66,OFFICIAL_CONSERVATIVE_b5b9ee069be3eb2712d0c56c15a8759c984feb56cbc1e7033b4d9f8446311d66,False,False,HCC025,Stony Island,TRT_002,Road Diet (4-to-3 Lane Conversion),CONSERVATIVE,482664.0,116245697.0159,115763033.0159,240.841863,True,UNKNOWN,DOCUMENTED_CMF_SCENARIO,5,OFFICIAL_BUDGET_SCENARIO; PROVISIONAL_PORTFOLIO_SCENARIO; ENGINEERING_REVIEW_REQUIRED
PORT_OFF_CONSERVATIVE_B25M_EQ40,OFFICIAL,CONSERVATIVE,25000000.0,0.4,b5b9ee069be3eb2712d0c56c15a8759c984feb56cbc1e7033b4d9f8446311d66,OFFICIAL_CONSERVATIVE_b5b9ee069be3eb2712d0c56c15a8759c984feb56cbc1e7033b4d9f8446311d66,False,False,HCC021,Pulaski,TRT_002,Road Diet (4-to-3 Lane Conversion),CONSERVATIVE,633168.0,114525552.1758,113892384.1758,180.877038,True,UNKNOWN,DOCUMENTED_CMF_SCENARIO,6,OFFICIAL_BUDGET_SCENARIO; PROVISIONAL_PORTFOLIO_SCENARIO; ENGINEERING_REVIEW_REQUIRED
PORT_OFF_CONSERVATIVE_B25M_EQ40,OFFICIAL,CONSERVATIVE,25000000.0,0.4,b5b9ee069be3eb2712d0c56c15a8759c984feb56cbc1e7033b4d9f8446311d66,OFFICIAL_CONSERVATIVE_b5b9ee069be3eb2712d0c56c15a8759c984feb56cbc1e7033b4d9f8446311d66,False,False,HCC015,Lake,TRT_002,Road Diet (4-to-3 Lane Conversion),CONSERVATIVE,457464.0,108144660.3326,107687196.3326,236.400373,True,UNKNOWN,DOCUMENTED_CMF_SCENARIO,7,OFFICIAL_BUDGET_SCENARIO; PROVISIONAL_PORTFOLIO_SCENARIO; ENGINEERING_REVIEW_REQUIRED
PORT_OFF_CONSERVATIVE_B25M_EQ40,OFFICIAL,CONSERVATIVE,25000000.0,0.4,b5b9ee069be3eb2712d0c56c15a8759c984feb56cbc1e7033b4d9f8446311d66,OFFICIAL_CONSERVATIVE_b5b9ee069be3eb2712d0c56c15a8759c984feb56cbc1e7033b4d9f8446311d66,False,False,HCC008,Milwaukee,TRT_002,Road Diet (4-to-3 Lane Conversion),CONSERVATIVE,849696.0,100973795.4974,100124099.4974,118.835202,False,UNKNOWN,DOCUMENTED_CMF_SCENARIO,8,OFFICIAL_BUDGET_SCENARIO; PROVISIONAL_PORTFOLIO_SCENARIO; ENGINEERING_REVIEW_REQUIRED
PORT_OFF_CONSERVATIVE_B25M_EQ40,OFFICIAL,CONSERVATIVE,25000000.0,0.4,b5b9ee069be3eb2712d0c56c15a8759c984feb56cbc1e7033b4d9f8446311d66,OFFICIAL_CONSERVATIVE_b5b9ee069be3eb2712d0c56c15a8759c984feb56cbc1e7033b4d9f8446311d66,False,False,HCC010,Ashland,TRT_002,Road Diet (4-to-3 Lane Conversion),CONSERVATIVE,810000.0,99159592.6817,98349592.6817,122.41925,False,UNKNOWN,DOCUMENTED_CMF_SCENARIO,9,OFFICIAL_BUDGET_SCENARIO; PROVISIONAL_PORTFOLIO_SCENARIO; ENGINEERING_REVIEW_REQUIRED
PORT_OFF_CONSERVATIVE_B25M_EQ40,OFFICIAL,CONSERVATIVE,25000000.0,0.4,b5b9ee069be3eb2712d0c56c15a8759c984feb56cbc1e7033b4d9f8446311d66,OFFICIAL_CONSERVATIVE_b5b9ee069be3eb2712d0c56c15a8759c984feb56cbc1e7033b4d9f8446311d66,False,False,HCC023,Ashland,TRT_002,Road Diet (4-to-3 Lane Conversion),CONSERVATIVE,301440.0,83722707.6501,83421267.6501,277.742528,True,UNKNOWN,DOCUMENTED_CMF_SCENARIO,10,OFFICIAL_BUDGET_SCENARIO; PROVISIONAL_PORTFOLIO_SCENARIO; ENGINEERING_REVIEW_REQUIRED
PORT_OFF_CONSERVATIVE_B25M_EQ40,OFFICIAL,CONSERVATIVE,25000000.0,0.4,b5b9ee069be3eb2712d0c56c15a8759c984feb56cbc1e7033b4d9f8446311d66,OFFICIAL_CONSERVATIVE_b5b9ee069be3eb2712d0c56c15a8759c984feb56cbc1e7033b4d9f8446311d66,False,False,HCC007,Western,TRT_002,Road Diet (4-to-3 Lane Conversion),CONSERVATIVE,630336.0,79807722.9712,79177386.9712,126.611399,False,UNKNOWN,DOCUMENTED_CMF_SCENARIO,11,OFFICIAL_BUDGET_SCENARIO; PROVISIONAL_PORTFOLIO_SCENARIO; ENGINEERING_REVIEW_REQUIRED
PORT_OFF_CONSERVATIVE_B25M_EQ40,OFFICIAL,CONSERVATIVE,25000000.0,0.4,b5b9ee069be3eb2712d0c56c15a8759c984feb56cbc1e7033b4d9f8446311d66,OFFICIAL_CONSERVATIVE_b5b9ee069be3eb2712d0c56c15a8759c984feb56cbc1e7033b4d9f8446311d66,False,False,HCC039,Wacker,TRT_002,Road Diet (4-to-3 Lane Conversion),CONSERVATIVE,423120.0,76902037.7481,76478917.7481,181.749947,False,UNKNOWN,DOCUMENTED_CMF_SCENARIO,12,OFFICIAL_BUDGET_SCENARIO; PROVISIONAL_PORTFOLIO_SCENARIO; ENGINEERING_REVIEW_REQUIRED
PORT_OFF_CONSERVATIVE_B25M_EQ40,OFFICIAL,CONSERVATIVE,25000000.0,0.4,b5b9ee069be3eb2712d0c56c15a8759c984feb56cbc1e7033b4d9f8446311d66,OFFICIAL_CONSERVATIVE_b5b9ee069be3eb2712d0c56c15a8759c984feb56cbc1e7033b4d9f8446311d66,False,False,HCC018,Roosevelt,TRT_002,Road Diet (4-to-3 Lane Conversion),CONSERVATIVE,282192.0,75102294.7988,74820102.7988,266.138993,False,UNKNOWN,DOCUMENTED_CMF_SCENARIO,13,OFFICIAL_BUDGET_SCENARIO; PROVISIONAL_PORTFOLIO_SCENARIO; ENGINEERING_REVIEW_REQUIRED
PORT_OFF_CONSERVATIVE_B25M_EQ40,OFFICIAL,CONSERVATIVE,25000000.0,0.4,b5b9ee069be3eb2712d0c56c15a8759c984feb56cbc1e7033b4d9f8446311d66,OFFICIAL_CONSERVATIVE_b5b9ee069be3eb2712d0c56c15a8759c984feb56cbc1e7033b4d9f8446311d66,False,False,HCC001,Devon,TRT_002,Road Diet (4-to-3 Lane Conversion),CONSERVATIVE,359064.0,72105573.5706,71746509.5706,200.81538,True,UNKNOWN,DOCUMENTED_CMF_SCENARIO,14,OFFICIAL_BUDGET_SCENARIO; PROVISIONAL_PORTFOLIO_SCENARIO; ENGINEERING_REVIEW_REQUIRED
PORT_OFF_CONSERVATIVE_B25M_EQ40,OFFICIAL,CONSERVATIVE,25000000.0,0.4,b5b9ee069be3eb2712d0c56c15a8759c984feb56cbc1e7033b4d9f8446311d66,OFFICIAL_CONSERVATIVE_b5b9ee069be3eb2712d0c56c15a8759c984feb56cbc1e7033b4d9f8446311d66,False,False,HCC024,Western,TRT_002,Road Diet (4-to-3 Lane Conversion),CONSERVATIVE,331080.0,68479394.4626,68148314.4626,206.836397,True,UNKNOWN,DOCUMENTED_CMF_SCENARIO,15,OFFICIAL_BUDGET_SCENARIO; PROVISIONAL_PORTFOLIO_SCENARIO; ENGINEERING_REVIEW_REQUIRED
PORT_OFF_CONSERVATIVE_B25M_EQ40,OFFICIAL,CONSERVATIVE,25000000.0,0.4,b5b9ee069be3eb2712d0c56c15a8759c984feb56cbc1e7033b4d9f8446311d66,OFFICIAL_CONSERVATIVE_b5b9ee069be3eb2712d0c56c15a8759c984feb56cbc1e7033b4d9f8446311d66,False,False,HCC014,Chicago,TRT_002,Road Diet (4-to-3 Lane Conversion),CONSERVATIVE,514104.0,66266766.6299,65752662.6299,128.89759,False,UNKNOWN,DOCUMENTED_CMF_SCENARIO,16,OFFICIAL_BUDGET_SCENARIO; PROVISIONAL_PORTFOLIO_SCENARIO; ENGINEERING_REVIEW_REQUIRED
PORT_OFF_CONSERVATIVE_B25M_EQ40,OFFICIAL,CONSERVATIVE,25000000.0,0.4,b5b9ee069be3eb2712d0c56c15a8759c984feb56cbc1e7033b4d9f8446311d66,OFFICIAL_CONSERVATIVE_b5b9ee069be3eb2712d0c56c15a8759c984feb56cbc1e7033b4d9f8446311d66,False,False,HCC030,87th,TRT_002,Road Diet (4-to-3 Lane Conversion),CONSERVATIVE,361896.0,65396692.6743,65034796.6743,180.705763,True,UNKNOWN,DOCUMENTED_CMF_SCENARIO,17,OFFICIAL_BUDGET_SCENARIO; PROVISIONAL_PORTFOLIO_SCENARIO; ENGINEERING_REVIEW_REQUIRED
PORT_OFF_CONSERVATIVE_B25M_EQ40,OFFICIAL,CONSERVATIVE,25000000.0,0.4,b5b9ee069be3eb2712d0c56c15a8759c984feb56cbc1e7033b4d9f8446311d66,OFFICIAL_CONSERVATIVE_b5b9ee069be3eb2712d0c56c15a8759c984feb56cbc1e7033b4d9f8446311d66,False,False,HCC005,Clark,TRT_002,Road Diet (4-to-3 Lane Conversion),CONSERVATIVE,765168.0,64898113.8257,64132945.8257,84.81551,False,UNKNOWN,DOCUMENTED_CMF_SCENARIO,18,OFFICIAL_BUDGET_SCENARIO; PROVISIONAL_PORTFOLIO_SCENARIO; ENGINEERING_REVIEW_REQUIRED
PORT_OFF_CONSERVATIVE_B25M_EQ40,OFFICIAL,CONSERVATIVE,25000000.0,0.4,b5b9ee069be3eb2712d0c56c15a8759c984feb56cbc1e7033b4d9f8446311d66,OFFICIAL_CONSERVATIVE_b5b9ee069be3eb2712d0c56c15a8759c984feb56cbc1e7033b4d9f8446311d66,False,False,HCC027,Cottage Grove,TRT_002,Road Diet (4-to-3 Lane Conversion),CONSERVATIVE,363384.0,64851745.2289,64488361.2289,178.466155,True,UNKNOWN,DOCUMENTED_CMF_SCENARIO,19,OFFICIAL_BUDGET_SCENARIO; PROVISIONAL_PORTFOLIO_SCENARIO; ENGINEERING_REVIEW_REQUIRED
PORT_OFF_CONSERVATIVE_B25M_EQ40,OFFICIAL,CONSERVATIVE,25000000.0,0.4,b5b9ee069be3eb2712d0c56c15a8759c984feb56cbc1e7033b4d9f8446311d66,OFFICIAL_CONSERVATIVE_b5b9ee069be3eb2712d0c56c15a8759c984feb56cbc1e7033b4d9f8446311d66,False,False,HCC031,Stony Island,TRT_002,Road Diet (4-to-3 Lane Conversion),CONSERVATIVE,242184.0,64546738.3063,64304554.3063,266.519416,False,UNKNOWN,DOCUMENTED_CMF_SCENARIO,20,OFFICIAL_BUDGET_SCENARIO; PROVISIONAL_PORTFOLIO_SCENARIO; ENGINEERING_REVIEW_REQUIRED
PORT_OFF_CONSERVATIVE_B25M_EQ40,OFFICIAL,CONSERVATIVE,25000000.0,0.4,b5b9ee069be3eb2712d0c56c15a8759c984feb56cbc1e7033b4d9f8446311d66,OFFICIAL_CONSERVATIVE_b5b9ee069be3eb2712d0c56c15a8759c984feb56cbc1e7033b4d9f8446311d66,False,False,HCC026,Halsted,TRT_002,Road Diet (4-to-3 Lane Conversion),CONSERVATIVE,361656.0,59770079.9322,59408423.9322,165.267768,True,UNKNOWN,DOCUMENTED_CMF_SCENARIO,21,OFFICIAL_BUDGET_SCENARIO; PROVISIONAL_PORTFOLIO_SCENARIO; ENGINEERING_REVIEW_REQUIRED
PORT_OFF_CONSERVATIVE_B25M_EQ40,OFFICIAL,CONSERVATIVE,25000000.0,0.4,b5b9ee069be3eb2712d0c56c15a8759c984feb56cbc1e7033b4d9f8446311d66,OFFICIAL_CONSERVATIVE_b5b9ee069be3eb2712d0c56c15a8759c984feb56cbc1e7033b4d9f8446311d66,False,False,HCC009,Damen,TRT_002,Road Diet (4-to-3 Lane Conversion),CONSERVATIVE,498504.0,59587821.0217,59089317.0217,119.533286,False,UNKNOWN,DOCUMENTED_CMF_SCENARIO,22,OFFICIAL_BUDGET_SCENARIO; PROVISIONAL_PORTFOLIO_SCENARIO; ENGINEERING_REVIEW_REQUIRED
PORT_OFF_CONSERVATIVE_B25M_EQ40,OFFICIAL,CONSERVATIVE,25000000.0,0.4,b5b9ee069be3eb2712d0c56c15a8759c984feb56cbc1e7033b4d9f8446311d66,OFFICIAL_CONSERVATIVE_b5b9ee069be3eb2712d0c56c15a8759c984feb56cbc1e7033b4d9f8446311d66,False,False,HCC020,Western Ave/Blvd,TRT_002,Road Diet (4-to-3 Lane Conversion),CONSERVATIVE,587112.0,54380115.8695,53793003.8695,92.62307,True,UNKNOWN,DOCUMENTED_CMF_SCENARIO,23,OFFICIAL_BUDGET_SCENARIO; PROVISIONAL_PORTFOLIO_SCENARIO; ENGINEERING_REVIEW_REQUIRED
PORT_OFF_CONSERVATIVE_B25M_EQ40,OFFICIAL,CONSERVATIVE,25000000.0,0.4,b5b9ee069be3eb2712d0c56c15a8759c984feb56cbc1e7033b4d9f8446311d66,OFFICIAL_CONSERVATIVE_b5b9ee069be3eb2712d0c56c15a8759c984feb56cbc1e7033b4d9f8446311d66,False,False,HCC011,North,TRT_002,Road Diet (4-to-3 Lane Conversion),CONSERVATIVE,245064.0,49867391.3229,49622327.3229,203.487217,True,UNKNOWN,DOCUMENTED_CMF_SCENARIO,24,OFFICIAL_BUDGET_SCENARIO; PROVISIONAL_PORTFOLIO_SCENARIO; ENGINEERING_REVIEW_REQUIRED
PORT_OFF_CONSERVATIVE_B25M_EQ40,OFFICIAL,CONSERVATIVE,25000000.0,0.4,b5b9ee069be3eb2712d0c56c15a8759c984feb56cbc1e7033b4d9f8446311d66,OFFICIAL_CONSERVATIVE_b5b9ee069be3eb2712d0c56c15a8759c984feb56cbc1e7033b4d9f8446311d66,False,False,HCC013,Chicago,TRT_002,Road Diet (4-to-3 Lane Conversion),CONSERVATIVE,241656.0,49382547.9344,49140891.9344,204.350597,True,UNKNOWN,DOCUMENTED_CMF_SCENARIO,25,OFFICIAL_BUDGET_SCENARIO; PROVISIONAL_PORTFOLIO_SCENARIO; ENGINEERING_REVIEW_REQUIRED
PORT_OFF_CONSERVATIVE_B25M_EQ40,OFFICIAL,CONSERVATIVE,25000000.0,0.4,b5b9ee069be3eb2712d0c56c15a8759c984feb56cbc1e7033b4d9f8446311d66,OFFICIAL_CONSERVATIVE_b5b9ee069be3eb2712d0c56c15a8759c984feb56cbc1e7033b4d9f8446311d66,False,False,HCC037,State,TRT_002,Road Diet (4-to-3 Lane Conversion),CONSERVATIVE,366768.0,48796384.0579,48429616.0579,133.044279,False,UNKNOWN,DOCUMENTED_CMF_SCENARIO,26,OFFICIAL_BUDGET_SCENARIO; PROVISIONAL_PORTFOLIO_SCENARIO; ENGINEERING_REVIEW_REQUIRED
PORT_OFF_CONSERVATIVE_B25M_EQ40,OFFICIAL,CONSERVATIVE,25000000.0,0.4,b5b9ee069be3eb2712d0c56c15a8759c984feb56cbc1e7033b4d9f8446311d66,OFFICIAL_CONSERVATIVE_b5b9ee069be3eb2712d0c56c15a8759c984feb56cbc1e7033b4d9f8446311d66,False,False,HCC029,79th,TRT_002,Road Diet (4-to-3 Lane Conversion),CONSERVATIVE,270336.0,46679967.8343,46409631.8343,172.673887,True,UNKNOWN,DOCUMENTED_CMF_SCENARIO,27,OFFICIAL_BUDGET_SCENARIO; PROVISIONAL_PORTFOLIO_SCENARIO; ENGINEERING_REVIEW_REQUIRED
PORT_OFF_CONSERVATIVE_B25M_EQ40,OFFICIAL,CONSERVATIVE,25000000.0,0.4,b5b9ee069be3eb2712d0c56c15a8759c984feb56cbc1e7033b4d9f8446311d66,OFFICIAL_CONSERVATIVE_b5b9ee069be3eb2712d0c56c15a8759c984feb56cbc1e7033b4d9f8446311d66,False,False,HCC012,Chicago,TRT_002,Road Diet (4-to-3 Lane Conversion),CONSERVATIVE,242448.0,44962953.278,44720505.278,185.454008,True,UNKNOWN,DOCUMENTED_CMF_SCENARIO,28,OFFICIAL_BUDGET_SCENARIO; PROVISIONAL_PORTFOLIO_SCENARIO; ENGINEERING_REVIEW_REQUIRED
PORT_OFF_CONSERVATIVE_B25M_EQ40,OFFICIAL,CONSERVATIVE,25000000.0,0.4,b5b9ee069be3eb2712d0c56c15a8759c984feb56cbc1e7033b4d9f8446311d66,OFFICIAL_CONSERVATIVE_b5b9ee069be3eb2712d0c56c15a8759c984feb56cbc1e7033b4d9f8446311d66,False,False,HCC022,Garfield,TRT_002,Road Diet (4-to-3 Lane Conversion),CONSERVATIVE,361800.0,44917412.6438,44555612.6438,124.149841,True,UNKNOWN,DOCUMENTED_CMF_SCENARIO,29,OFFICIAL_BUDGET_SCENARIO; PROVISIONAL_PORTFOLIO_SCENARIO; ENGINEERING_REVIEW_REQUIRED
PORT_OFF_CONSERVATIVE_B25M_EQ40,OFFICIAL,CONSERVATIVE,25000000.0,0.4,b5b9ee069be3eb2712d0c56c15a8759c984feb56cbc1e7033b4d9f8446311d66,OFFICIAL_CONSERVATIVE_b5b9ee069be3eb2712d0c56c15a8759c984feb56cbc1e7033b4d9f8446311d66,False,False,HCC035,Ohio,TRT_002,Road Diet (4-to-3 Lane Conversion),CONSERVATIVE,208056.0,43936122.6261,43728066.6261,211.174504,False,UNKNOWN,DOCUMENTED_CMF_SCENARIO,30,OFFICIAL_BUDGET_SCENARIO; PROVISIONAL_PORTFOLIO_SCENARIO; ENGINEERING_REVIEW_REQUIRED
PORT_OFF_CONSERVATIVE_B25M_EQ40,OFFICIAL,CONSERVATIVE,25000000.0,0.4,b5b9ee069be3eb2712d0c56c15a8759c984feb56cbc1e7033b4d9f8446311d66,OFFICIAL_CONSERVATIVE_b5b9ee069be3eb2712d0c56c15a8759c984feb56cbc1e7033b4d9f8446311d66,False,False,HCC002,Broadway,TRT_002,Road Diet (4-to-3 Lane Conversion),CONSERVATIVE,444144.0,43875684.2087,43431540.2087,98.78707,False,UNKNOWN,DOCUMENTED_CMF_SCENARIO,31,OFFICIAL_BUDGET_SCENARIO; PROVISIONAL_PORTFOLIO_SCENARIO; ENGINEERING_REVIEW_REQUIRED
PORT_OFF_CONSERVATIVE_B25M_EQ40,OFFICIAL,CONSERVATIVE,25000000.0,0.4,b5b9ee069be3eb2712d0c56c15a8759c984feb56cbc1e7033b4d9f8446311d66,OFFICIAL_CONSERVATIVE_b5b9ee069be3eb2712d0c56c15a8759c984feb56cbc1e7033b4d9f8446311d66,False,False,HCC004,Belmont,TRT_002,Road Diet (4-to-3 Lane Conversion),CONSERVATIVE,241056.0,43121638.4554,42880582.4554,178.886393,False,UNKNOWN,DOCUMENTED_CMF_SCENARIO,32,OFFICIAL_BUDGET_SCENARIO; PROVISIONAL_PORTFOLIO_SCENARIO; ENGINEERING_REVIEW_REQUIRED
PORT_OFF_CONSERVATIVE_B25M_EQ40,OFFICIAL,CONSERVATIVE,25000000.0,0.4,b5b9ee069be3eb2712d0c56c15a8759c984feb56cbc1e7033b4d9f8446311d66,OFFICIAL_CONSERVATIVE_b5b9ee069be3eb2712d0c56c15a8759c984feb56cbc1e7033b4d9f8446311d66,False,False,HCC034,Ontario,TRT_002,Road Diet (4-to-3 Lane Conversion),CONSERVATIVE,208008.0,35265888.4006,35057880.4006,169.54102,False,UNKNOWN,DOCUMENTED_CMF_SCENARIO,33,OFFICIAL_BUDGET_SCENARIO; PROVISIONAL_PORTFOLIO_SCENARIO; ENGINEERING_REVIEW_REQUIRED
PORT_OFF_CONSERVATIVE_B25M_EQ40,OFFICIAL,CONSERVATIVE,25000000.0,0.4,b5b9ee069be3eb2712d0c56c15a8759c984feb56cbc1e7033b4d9f8446311d66,OFFICIAL_CONSERVATIVE_b5b9ee069be3eb2712d0c56c15a8759c984feb56cbc1e7033b4d9f8446311d66,False,False,HCC043,Congress,TRT_002,Road Diet (4-to-3 Lane Conversion),CONSERVATIVE,116376.0,32737848.7511,32621472.7511,281.310998,False,UNKNOWN,DOCUMENTED_CMF_SCENARIO,34,OFFICIAL_BUDGET_SCENARIO; PROVISIONAL_PORTFOLIO_SCENARIO; ENGINEERING_REVIEW_REQUIRED
PORT_OFF_CONSERVATIVE_B25M_EQ40,OFFICIAL,CONSERVATIVE,25000000.0,0.4,b5b9ee069be3eb2712d0c56c15a8759c984feb56cbc1e7033b4d9f8446311d66,OFFICIAL_CONSERVATIVE_b5b9ee069be3eb2712d0c56c15a8759c984feb56cbc1e7033b4d9f8446311d66,False,False,HCC003,Western,TRT_002,Road Diet (4-to-3 Lane Conversion),CONSERVATIVE,241944.0,32487939.9866,32245995.9866,134.278759,False,UNKNOWN,DOCUMENTED_CMF_SCENARIO,35,OFFICIAL_BUDGET_SCENARIO; PROVISIONAL_PORTFOLIO_SCENARIO; ENGINEERING_REVIEW_REQUIRED
PORT_OFF_CONSERVATIVE_B25M_EQ40,OFFICIAL,CONSERVATIVE,25000000.0,0.4,b5b9ee069be3eb2712d0c56c15a8759c984feb56cbc1e7033b4d9f8446311d66,OFFICIAL_CONSERVATIVE_b5b9ee069be3eb2712d0c56c15a8759c984feb56cbc1e7033b4d9f8446311d66,False,False,HCC028,Ashland,TRT_002,Road Diet (4-to-3 Lane Conversion),CONSERVATIVE,271440.0,31970612.114,31699172.114,117.781506,True,UNKNOWN,DOCUMENTED_CMF_SCENARIO,36,OFFICIAL_BUDGET_SCENARIO; PROVISIONAL_PORTFOLIO_SCENARIO; ENGINEERING_REVIEW_REQUIRED
PORT_OFF_CONSERVATIVE_B25M_EQ40,OFFICIAL,CONSERVATIVE,25000000.0,0.4,b5b9ee069be3eb2712d0c56c15a8759c984feb56cbc1e7033b4d9f8446311d66,OFFICIAL_CONSERVATIVE_b5b9ee069be3eb2712d0c56c15a8759c984feb56cbc1e7033b4d9f8446311d66,False,False,HCC040,Washington,TRT_002,Road Diet (4-to-3 Lane Conversion),CONSERVATIVE,153432.0,29188600.4453,29035168.4453,190.238024,False,UNKNOWN,DOCUMENTED_CMF_SCENARIO,37,OFFICIAL_BUDGET_SCENARIO; PROVISIONAL_PORTFOLIO_SCENARIO; ENGINEERING_REVIEW_REQUIRED
PORT_OFF_CONSERVATIVE_B25M_EQ40,OFFICIAL,CONSERVATIVE,25000000.0,0.4,b5b9ee069be3eb2712d0c56c15a8759c984feb56cbc1e7033b4d9f8446311d66,OFFICIAL_CONSERVATIVE_b5b9ee069be3eb2712d0c56c15a8759c984feb56cbc1e7033b4d9f8446311d66,False,False,HCC038,Fairbanks,TRT_002,Road Diet (4-to-3 Lane Conversion),CONSERVATIVE,90336.0,17654847.9568,17564511.9568,195.435352,False,UNKNOWN,DOCUMENTED_CMF_SCENARIO,38,OFFICIAL_BUDGET_SCENARIO; PROVISIONAL_PORTFOLIO_SCENARIO; ENGINEERING_REVIEW_REQUIRED
PORT_OFF_CONSERVATIVE_B25M_EQ40,OFFICIAL,CONSERVATIVE,25000000.0,0.4,b5b9ee069be3eb2712d0c56c15a8759c984feb56cbc1e7033b4d9f8446311d66,OFFICIAL_CONSERVATIVE_b5b9ee069be3eb2712d0c56c15a8759c984feb56cbc1e7033b4d9f8446311d66,False,False,HCC041,Randolph,TRT_002,Road Diet (4-to-3 Lane Conversion),CONSERVATIVE,80280.0,13682288.5476,13602008.5476,170.432095,False,UNKNOWN,DOCUMENTED_CMF_SCENARIO,39,OFFICIAL_BUDGET_SCENARIO; PROVISIONAL_PORTFOLIO_SCENARIO; ENGINEERING_REVIEW_REQUIRED
PORT_OFF_CONSERVATIVE_B25M_EQ40,OFFICIAL,CONSERVATIVE,25000000.0,0.4,b5b9ee069be3eb2712d0c56c15a8759c984feb56cbc1e7033b4d9f8446311d66,OFFICIAL_CONSERVATIVE_b5b9ee069be3eb2712d0c56c15a8759c984feb56cbc1e7033b4d9f8446311d66,False,False,HCC042,Dearborn,TRT_002,Road Diet (4-to-3 Lane Conversion),CONSERVATIVE,83280.0,13330968.381,13247688.381,160.074068,False,UNKNOWN,DOCUMENTED_CMF_SCENARIO,40,OFFICIAL_BUDGET_SCENARIO; PROVISIONAL_PORTFOLIO_SCENARIO; ENGINEERING_REVIEW_REQUIRED
PORT_OFF_CONSERVATIVE_B25M_EQ40,OFFICIAL,CONSERVATIVE,25000000.0,0.4,b5b9ee069be3eb2712d0c56c15a8759c984feb56cbc1e7033b4d9f8446311d66,OFFICIAL_CONSERVATIVE_b5b9ee069be3eb2712d0c56c15a8759c984feb56cbc1e7033b4d9f8446311d66,False,False,HCC033,Orleans,TRT_002,Road Diet (4-to-3 Lane Conversion),CONSERVATIVE,69192.0,12172152.3866,12102960.3866,175.918493,False,UNKNOWN,DOCUMENTED_CMF_SCENARIO,41,OFFICIAL_BUDGET_SCENARIO; PROVISIONAL_PORTFOLIO_SCENARIO; ENGINEERING_REVIEW_REQUIRED
PORT_OFF_CONSERVATIVE_B25M_EQ40,OFFICIAL,CONSERVATIVE,25000000.0,0.4,b5b9ee069be3eb2712d0c56c15a8759c984feb56cbc1e7033b4d9f8446311d66,OFFICIAL_CONSERVATIVE_b5b9ee069be3eb2712d0c56c15a8759c984feb56cbc1e7033b4d9f8446311d66,False,False,HCC036,LaSalle,TRT_002,Road Diet (4-to-3 Lane Conversion),CONSERVATIVE,104040.0,11228530.7869,11124490.7869,107.925133,False,UNKNOWN,DOCUMENTED_CMF_SCENARIO,42,OFFICIAL_BUDGET_SCENARIO; PROVISIONAL_PORTFOLIO_SCENARIO; ENGINEERING_REVIEW_REQUIRED
PORT_OFF_CONSERVATIVE_B25M_EQ40,OFFICIAL,CONSERVATIVE,25000000.0,0.4,b5b9ee069be3eb2712d0c56c15a8759c984feb56cbc1e7033b4d9f8446311d66,OFFICIAL_CONSERVATIVE_b5b9ee069be3eb2712d0c56c15a8759c984feb56cbc1e7033b4d9f8446311d66,False,False,HCC019,Lake Shore Drive,TRT_001,Pedestrian Refuge Islands & Medians,CONSERVATIVE,54000.0,6518599.9198,6464599.9198,120.714813,False,UNKNOWN,DOCUMENTED_CMF_SCENARIO,43,OFFICIAL_BUDGET_SCENARIO; PROVISIONAL_PORTFOLIO_SCENARIO; ENGINEERING_REVIEW_REQUIRED
PORT_OFF_CONSERVATIVE_B40M_EQ20,OFFICIAL,CONSERVATIVE,40000000.0,0.2,b5b9ee069be3eb2712d0c56c15a8759c984feb56cbc1e7033b4d9f8446311d66,OFFICIAL_CONSERVATIVE_b5b9ee069be3eb2712d0c56c15a8759c984feb56cbc1e7033b4d9f8446311d66,False,False,HCC006,Fullerton,TRT_002,Road Diet (4-to-3 Lane Conversion),CONSERVATIVE,998856.0,143471128.2349,142472272.2349,143.635447,False,UNKNOWN,DOCUMENTED_CMF_SCENARIO,1,OFFICIAL_BUDGET_SCENARIO; PROVISIONAL_PORTFOLIO_SCENARIO; ENGINEERING_REVIEW_REQUIRED
PORT_OFF_CONSERVATIVE_B40M_EQ20,OFFICIAL,CONSERVATIVE,40000000.0,0.2,b5b9ee069be3eb2712d0c56c15a8759c984feb56cbc1e7033b4d9f8446311d66,OFFICIAL_CONSERVATIVE_b5b9ee069be3eb2712d0c56c15a8759c984feb56cbc1e7033b4d9f8446311d66,False,False,HCC017,Pulaski,TRT_002,Road Diet (4-to-3 Lane Conversion),CONSERVATIVE,604752.0,137031196.2622,136426444.2622,226.590729,True,UNKNOWN,DOCUMENTED_CMF_SCENARIO,2,OFFICIAL_BUDGET_SCENARIO; PROVISIONAL_PORTFOLIO_SCENARIO; ENGINEERING_REVIEW_REQUIRED
PORT_OFF_CONSERVATIVE_B40M_EQ20,OFFICIAL,CONSERVATIVE,40000000.0,0.2,b5b9ee069be3eb2712d0c56c15a8759c984feb56cbc1e7033b4d9f8446311d66,OFFICIAL_CONSERVATIVE_b5b9ee069be3eb2712d0c56c15a8759c984feb56cbc1e7033b4d9f8446311d66,False,False,HCC016,Cicero,TRT_002,Road Diet (4-to-3 Lane Conversion),CONSERVATIVE,421968.0,128820366.5386,128398398.5386,305.284682,True,UNKNOWN,DOCUMENTED_CMF_SCENARIO,3,OFFICIAL_BUDGET_SCENARIO; PROVISIONAL_PORTFOLIO_SCENARIO; ENGINEERING_REVIEW_REQUIRED
PORT_OFF_CONSERVATIVE_B40M_EQ20,OFFICIAL,CONSERVATIVE,40000000.0,0.2,b5b9ee069be3eb2712d0c56c15a8759c984feb56cbc1e7033b4d9f8446311d66,OFFICIAL_CONSERVATIVE_b5b9ee069be3eb2712d0c56c15a8759c984feb56cbc1e7033b4d9f8446311d66,False,False,HCC032,Michigan,TRT_002,Road Diet (4-to-3 Lane Conversion),CONSERVATIVE,553560.0,127835714.7387,127282154.7387,230.933801,False,UNKNOWN,DOCUMENTED_CMF_SCENARIO,4,OFFICIAL_BUDGET_SCENARIO; PROVISIONAL_PORTFOLIO_SCENARIO; ENGINEERING_REVIEW_REQUIRED
PORT_OFF_CONSERVATIVE_B40M_EQ20,OFFICIAL,CONSERVATIVE,40000000.0,0.2,b5b9ee069be3eb2712d0c56c15a8759c984feb56cbc1e7033b4d9f8446311d66,OFFICIAL_CONSERVATIVE_b5b9ee069be3eb2712d0c56c15a8759c984feb56cbc1e7033b4d9f8446311d66,False,False,HCC025,Stony Island,TRT_002,Road Diet (4-to-3 Lane Conversion),CONSERVATIVE,482664.0,116245697.0159,115763033.0159,240.841863,True,UNKNOWN,DOCUMENTED_CMF_SCENARIO,5,OFFICIAL_BUDGET_SCENARIO; PROVISIONAL_PORTFOLIO_SCENARIO; ENGINEERING_REVIEW_REQUIRED
PORT_OFF_CONSERVATIVE_B40M_EQ20,OFFICIAL,CONSERVATIVE,40000000.0,0.2,b5b9ee069be3eb2712d0c56c15a8759c984feb56cbc1e7033b4d9f8446311d66,OFFICIAL_CONSERVATIVE_b5b9ee069be3eb2712d0c56c15a8759c984feb56cbc1e7033b4d9f8446311d66,False,False,HCC021,Pulaski,TRT_002,Road Diet (4-to-3 Lane Conversion),CONSERVATIVE,633168.0,114525552.1758,113892384.1758,180.877038,True,UNKNOWN,DOCUMENTED_CMF_SCENARIO,6,OFFICIAL_BUDGET_SCENARIO; PROVISIONAL_PORTFOLIO_SCENARIO; ENGINEERING_REVIEW_REQUIRED
PORT_OFF_CONSERVATIVE_B40M_EQ20,OFFICIAL,CONSERVATIVE,40000000.0,0.2,b5b9ee069be3eb2712d0c56c15a8759c984feb56cbc1e7033b4d9f8446311d66,OFFICIAL_CONSERVATIVE_b5b9ee069be3eb2712d0c56c15a8759c984feb56cbc1e7033b4d9f8446311d66,False,False,HCC015,Lake,TRT_002,Road Diet (4-to-3 Lane Conversion),CONSERVATIVE,457464.0,108144660.3326,107687196.3326,236.400373,True,UNKNOWN,DOCUMENTED_CMF_SCENARIO,7,OFFICIAL_BUDGET_SCENARIO; PROVISIONAL_PORTFOLIO_SCENARIO; ENGINEERING_REVIEW_REQUIRED
PORT_OFF_CONSERVATIVE_B40M_EQ20,OFFICIAL,CONSERVATIVE,40000000.0,0.2,b5b9ee069be3eb2712d0c56c15a8759c984feb56cbc1e7033b4d9f8446311d66,OFFICIAL_CONSERVATIVE_b5b9ee069be3eb2712d0c56c15a8759c984feb56cbc1e7033b4d9f8446311d66,False,False,HCC008,Milwaukee,TRT_002,Road Diet (4-to-3 Lane Conversion),CONSERVATIVE,849696.0,100973795.4974,100124099.4974,118.835202,False,UNKNOWN,DOCUMENTED_CMF_SCENARIO,8,OFFICIAL_BUDGET_SCENARIO; PROVISIONAL_PORTFOLIO_SCENARIO; ENGINEERING_REVIEW_REQUIRED
PORT_OFF_CONSERVATIVE_B40M_EQ20,OFFICIAL,CONSERVATIVE,40000000.0,0.2,b5b9ee069be3eb2712d0c56c15a8759c984feb56cbc1e7033b4d9f8446311d66,OFFICIAL_CONSERVATIVE_b5b9ee069be3eb2712d0c56c15a8759c984feb56cbc1e7033b4d9f8446311d66,False,False,HCC010,Ashland,TRT_002,Road Diet (4-to-3 Lane Conversion),CONSERVATIVE,810000.0,99159592.6817,98349592.6817,122.41925,False,UNKNOWN,DOCUMENTED_CMF_SCENARIO,9,OFFICIAL_BUDGET_SCENARIO; PROVISIONAL_PORTFOLIO_SCENARIO; ENGINEERING_REVIEW_REQUIRED
PORT_OFF_CONSERVATIVE_B40M_EQ20,OFFICIAL,CONSERVATIVE,40000000.0,0.2,b5b9ee069be3eb2712d0c56c15a8759c984feb56cbc1e7033b4d9f8446311d66,OFFICIAL_CONSERVATIVE_b5b9ee069be3eb2712d0c56c15a8759c984feb56cbc1e7033b4d9f8446311d66,False,False,HCC023,Ashland,TRT_002,Road Diet (4-to-3 Lane Conversion),CONSERVATIVE,301440.0,83722707.6501,83421267.6501,277.742528,True,UNKNOWN,DOCUMENTED_CMF_SCENARIO,10,OFFICIAL_BUDGET_SCENARIO; PROVISIONAL_PORTFOLIO_SCENARIO; ENGINEERING_REVIEW_REQUIRED
PORT_OFF_CONSERVATIVE_B40M_EQ20,OFFICIAL,CONSERVATIVE,40000000.0,0.2,b5b9ee069be3eb2712d0c56c15a8759c984feb56cbc1e7033b4d9f8446311d66,OFFICIAL_CONSERVATIVE_b5b9ee069be3eb2712d0c56c15a8759c984feb56cbc1e7033b4d9f8446311d66,False,False,HCC007,Western,TRT_002,Road Diet (4-to-3 Lane Conversion),CONSERVATIVE,630336.0,79807722.9712,79177386.9712,126.611399,False,UNKNOWN,DOCUMENTED_CMF_SCENARIO,11,OFFICIAL_BUDGET_SCENARIO; PROVISIONAL_PORTFOLIO_SCENARIO; ENGINEERING_REVIEW_REQUIRED
PORT_OFF_CONSERVATIVE_B40M_EQ20,OFFICIAL,CONSERVATIVE,40000000.0,0.2,b5b9ee069be3eb2712d0c56c15a8759c984feb56cbc1e7033b4d9f8446311d66,OFFICIAL_CONSERVATIVE_b5b9ee069be3eb2712d0c56c15a8759c984feb56cbc1e7033b4d9f8446311d66,False,False,HCC039,Wacker,TRT_002,Road Diet (4-to-3 Lane Conversion),CONSERVATIVE,423120.0,76902037.7481,76478917.7481,181.749947,False,UNKNOWN,DOCUMENTED_CMF_SCENARIO,12,OFFICIAL_BUDGET_SCENARIO; PROVISIONAL_PORTFOLIO_SCENARIO; ENGINEERING_REVIEW_REQUIRED
PORT_OFF_CONSERVATIVE_B40M_EQ20,OFFICIAL,CONSERVATIVE,40000000.0,0.2,b5b9ee069be3eb2712d0c56c15a8759c984feb56cbc1e7033b4d9f8446311d66,OFFICIAL_CONSERVATIVE_b5b9ee069be3eb2712d0c56c15a8759c984feb56cbc1e7033b4d9f8446311d66,False,False,HCC018,Roosevelt,TRT_002,Road Diet (4-to-3 Lane Conversion),CONSERVATIVE,282192.0,75102294.7988,74820102.7988,266.138993,False,UNKNOWN,DOCUMENTED_CMF_SCENARIO,13,OFFICIAL_BUDGET_SCENARIO; PROVISIONAL_PORTFOLIO_SCENARIO; ENGINEERING_REVIEW_REQUIRED
PORT_OFF_CONSERVATIVE_B40M_EQ20,OFFICIAL,CONSERVATIVE,40000000.0,0.2,b5b9ee069be3eb2712d0c56c15a8759c984feb56cbc1e7033b4d9f8446311d66,OFFICIAL_CONSERVATIVE_b5b9ee069be3eb2712d0c56c15a8759c984feb56cbc1e7033b4d9f8446311d66,False,False,HCC001,Devon,TRT_002,Road Diet (4-to-3 Lane Conversion),CONSERVATIVE,359064.0,72105573.5706,71746509.5706,200.81538,True,UNKNOWN,DOCUMENTED_CMF_SCENARIO,14,OFFICIAL_BUDGET_SCENARIO; PROVISIONAL_PORTFOLIO_SCENARIO; ENGINEERING_REVIEW_REQUIRED
PORT_OFF_CONSERVATIVE_B40M_EQ20,OFFICIAL,CONSERVATIVE,40000000.0,0.2,b5b9ee069be3eb2712d0c56c15a8759c984feb56cbc1e7033b4d9f8446311d66,OFFICIAL_CONSERVATIVE_b5b9ee069be3eb2712d0c56c15a8759c984feb56cbc1e7033b4d9f8446311d66,False,False,HCC024,Western,TRT_002,Road Diet (4-to-3 Lane Conversion),CONSERVATIVE,331080.0,68479394.4626,68148314.4626,206.836397,True,UNKNOWN,DOCUMENTED_CMF_SCENARIO,15,OFFICIAL_BUDGET_SCENARIO; PROVISIONAL_PORTFOLIO_SCENARIO; ENGINEERING_REVIEW_REQUIRED
PORT_OFF_CONSERVATIVE_B40M_EQ20,OFFICIAL,CONSERVATIVE,40000000.0,0.2,b5b9ee069be3eb2712d0c56c15a8759c984feb56cbc1e7033b4d9f8446311d66,OFFICIAL_CONSERVATIVE_b5b9ee069be3eb2712d0c56c15a8759c984feb56cbc1e7033b4d9f8446311d66,False,False,HCC014,Chicago,TRT_002,Road Diet (4-to-3 Lane Conversion),CONSERVATIVE,514104.0,66266766.6299,65752662.6299,128.89759,False,UNKNOWN,DOCUMENTED_CMF_SCENARIO,16,OFFICIAL_BUDGET_SCENARIO; PROVISIONAL_PORTFOLIO_SCENARIO; ENGINEERING_REVIEW_REQUIRED
PORT_OFF_CONSERVATIVE_B40M_EQ20,OFFICIAL,CONSERVATIVE,40000000.0,0.2,b5b9ee069be3eb2712d0c56c15a8759c984feb56cbc1e7033b4d9f8446311d66,OFFICIAL_CONSERVATIVE_b5b9ee069be3eb2712d0c56c15a8759c984feb56cbc1e7033b4d9f8446311d66,False,False,HCC030,87th,TRT_002,Road Diet (4-to-3 Lane Conversion),CONSERVATIVE,361896.0,65396692.6743,65034796.6743,180.705763,True,UNKNOWN,DOCUMENTED_CMF_SCENARIO,17,OFFICIAL_BUDGET_SCENARIO; PROVISIONAL_PORTFOLIO_SCENARIO; ENGINEERING_REVIEW_REQUIRED
PORT_OFF_CONSERVATIVE_B40M_EQ20,OFFICIAL,CONSERVATIVE,40000000.0,0.2,b5b9ee069be3eb2712d0c56c15a8759c984feb56cbc1e7033b4d9f8446311d66,OFFICIAL_CONSERVATIVE_b5b9ee069be3eb2712d0c56c15a8759c984feb56cbc1e7033b4d9f8446311d66,False,False,HCC005,Clark,TRT_002,Road Diet (4-to-3 Lane Conversion),CONSERVATIVE,765168.0,64898113.8257,64132945.8257,84.81551,False,UNKNOWN,DOCUMENTED_CMF_SCENARIO,18,OFFICIAL_BUDGET_SCENARIO; PROVISIONAL_PORTFOLIO_SCENARIO; ENGINEERING_REVIEW_REQUIRED
PORT_OFF_CONSERVATIVE_B40M_EQ20,OFFICIAL,CONSERVATIVE,40000000.0,0.2,b5b9ee069be3eb2712d0c56c15a8759c984feb56cbc1e7033b4d9f8446311d66,OFFICIAL_CONSERVATIVE_b5b9ee069be3eb2712d0c56c15a8759c984feb56cbc1e7033b4d9f8446311d66,False,False,HCC027,Cottage Grove,TRT_002,Road Diet (4-to-3 Lane Conversion),CONSERVATIVE,363384.0,64851745.2289,64488361.2289,178.466155,True,UNKNOWN,DOCUMENTED_CMF_SCENARIO,19,OFFICIAL_BUDGET_SCENARIO; PROVISIONAL_PORTFOLIO_SCENARIO; ENGINEERING_REVIEW_REQUIRED
PORT_OFF_CONSERVATIVE_B40M_EQ20,OFFICIAL,CONSERVATIVE,40000000.0,0.2,b5b9ee069be3eb2712d0c56c15a8759c984feb56cbc1e7033b4d9f8446311d66,OFFICIAL_CONSERVATIVE_b5b9ee069be3eb2712d0c56c15a8759c984feb56cbc1e7033b4d9f8446311d66,False,False,HCC031,Stony Island,TRT_002,Road Diet (4-to-3 Lane Conversion),CONSERVATIVE,242184.0,64546738.3063,64304554.3063,266.519416,False,UNKNOWN,DOCUMENTED_CMF_SCENARIO,20,OFFICIAL_BUDGET_SCENARIO; PROVISIONAL_PORTFOLIO_SCENARIO; ENGINEERING_REVIEW_REQUIRED
PORT_OFF_CONSERVATIVE_B40M_EQ20,OFFICIAL,CONSERVATIVE,40000000.0,0.2,b5b9ee069be3eb2712d0c56c15a8759c984feb56cbc1e7033b4d9f8446311d66,OFFICIAL_CONSERVATIVE_b5b9ee069be3eb2712d0c56c15a8759c984feb56cbc1e7033b4d9f8446311d66,False,False,HCC026,Halsted,TRT_002,Road Diet (4-to-3 Lane Conversion),CONSERVATIVE,361656.0,59770079.9322,59408423.9322,165.267768,True,UNKNOWN,DOCUMENTED_CMF_SCENARIO,21,OFFICIAL_BUDGET_SCENARIO; PROVISIONAL_PORTFOLIO_SCENARIO; ENGINEERING_REVIEW_REQUIRED
PORT_OFF_CONSERVATIVE_B40M_EQ20,OFFICIAL,CONSERVATIVE,40000000.0,0.2,b5b9ee069be3eb2712d0c56c15a8759c984feb56cbc1e7033b4d9f8446311d66,OFFICIAL_CONSERVATIVE_b5b9ee069be3eb2712d0c56c15a8759c984feb56cbc1e7033b4d9f8446311d66,False,False,HCC009,Damen,TRT_002,Road Diet (4-to-3 Lane Conversion),CONSERVATIVE,498504.0,59587821.0217,59089317.0217,119.533286,False,UNKNOWN,DOCUMENTED_CMF_SCENARIO,22,OFFICIAL_BUDGET_SCENARIO; PROVISIONAL_PORTFOLIO_SCENARIO; ENGINEERING_REVIEW_REQUIRED
PORT_OFF_CONSERVATIVE_B40M_EQ20,OFFICIAL,CONSERVATIVE,40000000.0,0.2,b5b9ee069be3eb2712d0c56c15a8759c984feb56cbc1e7033b4d9f8446311d66,OFFICIAL_CONSERVATIVE_b5b9ee069be3eb2712d0c56c15a8759c984feb56cbc1e7033b4d9f8446311d66,False,False,HCC020,Western Ave/Blvd,TRT_002,Road Diet (4-to-3 Lane Conversion),CONSERVATIVE,587112.0,54380115.8695,53793003.8695,92.62307,True,UNKNOWN,DOCUMENTED_CMF_SCENARIO,23,OFFICIAL_BUDGET_SCENARIO; PROVISIONAL_PORTFOLIO_SCENARIO; ENGINEERING_REVIEW_REQUIRED
PORT_OFF_CONSERVATIVE_B40M_EQ20,OFFICIAL,CONSERVATIVE,40000000.0,0.2,b5b9ee069be3eb2712d0c56c15a8759c984feb56cbc1e7033b4d9f8446311d66,OFFICIAL_CONSERVATIVE_b5b9ee069be3eb2712d0c56c15a8759c984feb56cbc1e7033b4d9f8446311d66,False,False,HCC011,North,TRT_002,Road Diet (4-to-3 Lane Conversion),CONSERVATIVE,245064.0,49867391.3229,49622327.3229,203.487217,True,UNKNOWN,DOCUMENTED_CMF_SCENARIO,24,OFFICIAL_BUDGET_SCENARIO; PROVISIONAL_PORTFOLIO_SCENARIO; ENGINEERING_REVIEW_REQUIRED
PORT_OFF_CONSERVATIVE_B40M_EQ20,OFFICIAL,CONSERVATIVE,40000000.0,0.2,b5b9ee069be3eb2712d0c56c15a8759c984feb56cbc1e7033b4d9f8446311d66,OFFICIAL_CONSERVATIVE_b5b9ee069be3eb2712d0c56c15a8759c984feb56cbc1e7033b4d9f8446311d66,False,False,HCC013,Chicago,TRT_002,Road Diet (4-to-3 Lane Conversion),CONSERVATIVE,241656.0,49382547.9344,49140891.9344,204.350597,True,UNKNOWN,DOCUMENTED_CMF_SCENARIO,25,OFFICIAL_BUDGET_SCENARIO; PROVISIONAL_PORTFOLIO_SCENARIO; ENGINEERING_REVIEW_REQUIRED
PORT_OFF_CONSERVATIVE_B40M_EQ20,OFFICIAL,CONSERVATIVE,40000000.0,0.2,b5b9ee069be3eb2712d0c56c15a8759c984feb56cbc1e7033b4d9f8446311d66,OFFICIAL_CONSERVATIVE_b5b9ee069be3eb2712d0c56c15a8759c984feb56cbc1e7033b4d9f8446311d66,False,False,HCC037,State,TRT_002,Road Diet (4-to-3 Lane Conversion),CONSERVATIVE,366768.0,48796384.0579,48429616.0579,133.044279,False,UNKNOWN,DOCUMENTED_CMF_SCENARIO,26,OFFICIAL_BUDGET_SCENARIO; PROVISIONAL_PORTFOLIO_SCENARIO; ENGINEERING_REVIEW_REQUIRED
PORT_OFF_CONSERVATIVE_B40M_EQ20,OFFICIAL,CONSERVATIVE,40000000.0,0.2,b5b9ee069be3eb2712d0c56c15a8759c984feb56cbc1e7033b4d9f8446311d66,OFFICIAL_CONSERVATIVE_b5b9ee069be3eb2712d0c56c15a8759c984feb56cbc1e7033b4d9f8446311d66,False,False,HCC029,79th,TRT_002,Road Diet (4-to-3 Lane Conversion),CONSERVATIVE,270336.0,46679967.8343,46409631.8343,172.673887,True,UNKNOWN,DOCUMENTED_CMF_SCENARIO,27,OFFICIAL_BUDGET_SCENARIO; PROVISIONAL_PORTFOLIO_SCENARIO; ENGINEERING_REVIEW_REQUIRED
PORT_OFF_CONSERVATIVE_B40M_EQ20,OFFICIAL,CONSERVATIVE,40000000.0,0.2,b5b9ee069be3eb2712d0c56c15a8759c984feb56cbc1e7033b4d9f8446311d66,OFFICIAL_CONSERVATIVE_b5b9ee069be3eb2712d0c56c15a8759c984feb56cbc1e7033b4d9f8446311d66,False,False,HCC012,Chicago,TRT_002,Road Diet (4-to-3 Lane Conversion),CONSERVATIVE,242448.0,44962953.278,44720505.278,185.454008,True,UNKNOWN,DOCUMENTED_CMF_SCENARIO,28,OFFICIAL_BUDGET_SCENARIO; PROVISIONAL_PORTFOLIO_SCENARIO; ENGINEERING_REVIEW_REQUIRED
PORT_OFF_CONSERVATIVE_B40M_EQ20,OFFICIAL,CONSERVATIVE,40000000.0,0.2,b5b9ee069be3eb2712d0c56c15a8759c984feb56cbc1e7033b4d9f8446311d66,OFFICIAL_CONSERVATIVE_b5b9ee069be3eb2712d0c56c15a8759c984feb56cbc1e7033b4d9f8446311d66,False,False,HCC022,Garfield,TRT_002,Road Diet (4-to-3 Lane Conversion),CONSERVATIVE,361800.0,44917412.6438,44555612.6438,124.149841,True,UNKNOWN,DOCUMENTED_CMF_SCENARIO,29,OFFICIAL_BUDGET_SCENARIO; PROVISIONAL_PORTFOLIO_SCENARIO; ENGINEERING_REVIEW_REQUIRED
PORT_OFF_CONSERVATIVE_B40M_EQ20,OFFICIAL,CONSERVATIVE,40000000.0,0.2,b5b9ee069be3eb2712d0c56c15a8759c984feb56cbc1e7033b4d9f8446311d66,OFFICIAL_CONSERVATIVE_b5b9ee069be3eb2712d0c56c15a8759c984feb56cbc1e7033b4d9f8446311d66,False,False,HCC035,Ohio,TRT_002,Road Diet (4-to-3 Lane Conversion),CONSERVATIVE,208056.0,43936122.6261,43728066.6261,211.174504,False,UNKNOWN,DOCUMENTED_CMF_SCENARIO,30,OFFICIAL_BUDGET_SCENARIO; PROVISIONAL_PORTFOLIO_SCENARIO; ENGINEERING_REVIEW_REQUIRED
PORT_OFF_CONSERVATIVE_B40M_EQ20,OFFICIAL,CONSERVATIVE,40000000.0,0.2,b5b9ee069be3eb2712d0c56c15a8759c984feb56cbc1e7033b4d9f8446311d66,OFFICIAL_CONSERVATIVE_b5b9ee069be3eb2712d0c56c15a8759c984feb56cbc1e7033b4d9f8446311d66,False,False,HCC002,Broadway,TRT_002,Road Diet (4-to-3 Lane Conversion),CONSERVATIVE,444144.0,43875684.2087,43431540.2087,98.78707,False,UNKNOWN,DOCUMENTED_CMF_SCENARIO,31,OFFICIAL_BUDGET_SCENARIO; PROVISIONAL_PORTFOLIO_SCENARIO; ENGINEERING_REVIEW_REQUIRED
PORT_OFF_CONSERVATIVE_B40M_EQ20,OFFICIAL,CONSERVATIVE,40000000.0,0.2,b5b9ee069be3eb2712d0c56c15a8759c984feb56cbc1e7033b4d9f8446311d66,OFFICIAL_CONSERVATIVE_b5b9ee069be3eb2712d0c56c15a8759c984feb56cbc1e7033b4d9f8446311d66,False,False,HCC004,Belmont,TRT_002,Road Diet (4-to-3 Lane Conversion),CONSERVATIVE,241056.0,43121638.4554,42880582.4554,178.886393,False,UNKNOWN,DOCUMENTED_CMF_SCENARIO,32,OFFICIAL_BUDGET_SCENARIO; PROVISIONAL_PORTFOLIO_SCENARIO; ENGINEERING_REVIEW_REQUIRED
PORT_OFF_CONSERVATIVE_B40M_EQ20,OFFICIAL,CONSERVATIVE,40000000.0,0.2,b5b9ee069be3eb2712d0c56c15a8759c984feb56cbc1e7033b4d9f8446311d66,OFFICIAL_CONSERVATIVE_b5b9ee069be3eb2712d0c56c15a8759c984feb56cbc1e7033b4d9f8446311d66,False,False,HCC034,Ontario,TRT_002,Road Diet (4-to-3 Lane Conversion),CONSERVATIVE,208008.0,35265888.4006,35057880.4006,169.54102,False,UNKNOWN,DOCUMENTED_CMF_SCENARIO,33,OFFICIAL_BUDGET_SCENARIO; PROVISIONAL_PORTFOLIO_SCENARIO; ENGINEERING_REVIEW_REQUIRED
PORT_OFF_CONSERVATIVE_B40M_EQ20,OFFICIAL,CONSERVATIVE,40000000.0,0.2,b5b9ee069be3eb2712d0c56c15a8759c984feb56cbc1e7033b4d9f8446311d66,OFFICIAL_CONSERVATIVE_b5b9ee069be3eb2712d0c56c15a8759c984feb56cbc1e7033b4d9f8446311d66,False,False,HCC043,Congress,TRT_002,Road Diet (4-to-3 Lane Conversion),CONSERVATIVE,116376.0,32737848.7511,32621472.7511,281.310998,False,UNKNOWN,DOCUMENTED_CMF_SCENARIO,34,OFFICIAL_BUDGET_SCENARIO; PROVISIONAL_PORTFOLIO_SCENARIO; ENGINEERING_REVIEW_REQUIRED
PORT_OFF_CONSERVATIVE_B40M_EQ20,OFFICIAL,CONSERVATIVE,40000000.0,0.2,b5b9ee069be3eb2712d0c56c15a8759c984feb56cbc1e7033b4d9f8446311d66,OFFICIAL_CONSERVATIVE_b5b9ee069be3eb2712d0c56c15a8759c984feb56cbc1e7033b4d9f8446311d66,False,False,HCC003,Western,TRT_002,Road Diet (4-to-3 Lane Conversion),CONSERVATIVE,241944.0,32487939.9866,32245995.9866,134.278759,False,UNKNOWN,DOCUMENTED_CMF_SCENARIO,35,OFFICIAL_BUDGET_SCENARIO; PROVISIONAL_PORTFOLIO_SCENARIO; ENGINEERING_REVIEW_REQUIRED
PORT_OFF_CONSERVATIVE_B40M_EQ20,OFFICIAL,CONSERVATIVE,40000000.0,0.2,b5b9ee069be3eb2712d0c56c15a8759c984feb56cbc1e7033b4d9f8446311d66,OFFICIAL_CONSERVATIVE_b5b9ee069be3eb2712d0c56c15a8759c984feb56cbc1e7033b4d9f8446311d66,False,False,HCC028,Ashland,TRT_002,Road Diet (4-to-3 Lane Conversion),CONSERVATIVE,271440.0,31970612.114,31699172.114,117.781506,True,UNKNOWN,DOCUMENTED_CMF_SCENARIO,36,OFFICIAL_BUDGET_SCENARIO; PROVISIONAL_PORTFOLIO_SCENARIO; ENGINEERING_REVIEW_REQUIRED
PORT_OFF_CONSERVATIVE_B40M_EQ20,OFFICIAL,CONSERVATIVE,40000000.0,0.2,b5b9ee069be3eb2712d0c56c15a8759c984feb56cbc1e7033b4d9f8446311d66,OFFICIAL_CONSERVATIVE_b5b9ee069be3eb2712d0c56c15a8759c984feb56cbc1e7033b4d9f8446311d66,False,False,HCC040,Washington,TRT_002,Road Diet (4-to-3 Lane Conversion),CONSERVATIVE,153432.0,29188600.4453,29035168.4453,190.238024,False,UNKNOWN,DOCUMENTED_CMF_SCENARIO,37,OFFICIAL_BUDGET_SCENARIO; PROVISIONAL_PORTFOLIO_SCENARIO; ENGINEERING_REVIEW_REQUIRED
PORT_OFF_CONSERVATIVE_B40M_EQ20,OFFICIAL,CONSERVATIVE,40000000.0,0.2,b5b9ee069be3eb2712d0c56c15a8759c984feb56cbc1e7033b4d9f8446311d66,OFFICIAL_CONSERVATIVE_b5b9ee069be3eb2712d0c56c15a8759c984feb56cbc1e7033b4d9f8446311d66,False,False,HCC038,Fairbanks,TRT_002,Road Diet (4-to-3 Lane Conversion),CONSERVATIVE,90336.0,17654847.9568,17564511.9568,195.435352,False,UNKNOWN,DOCUMENTED_CMF_SCENARIO,38,OFFICIAL_BUDGET_SCENARIO; PROVISIONAL_PORTFOLIO_SCENARIO; ENGINEERING_REVIEW_REQUIRED
PORT_OFF_CONSERVATIVE_B40M_EQ20,OFFICIAL,CONSERVATIVE,40000000.0,0.2,b5b9ee069be3eb2712d0c56c15a8759c984feb56cbc1e7033b4d9f8446311d66,OFFICIAL_CONSERVATIVE_b5b9ee069be3eb2712d0c56c15a8759c984feb56cbc1e7033b4d9f8446311d66,False,False,HCC041,Randolph,TRT_002,Road Diet (4-to-3 Lane Conversion),CONSERVATIVE,80280.0,13682288.5476,13602008.5476,170.432095,False,UNKNOWN,DOCUMENTED_CMF_SCENARIO,39,OFFICIAL_BUDGET_SCENARIO; PROVISIONAL_PORTFOLIO_SCENARIO; ENGINEERING_REVIEW_REQUIRED
PORT_OFF_CONSERVATIVE_B40M_EQ20,OFFICIAL,CONSERVATIVE,40000000.0,0.2,b5b9ee069be3eb2712d0c56c15a8759c984feb56cbc1e7033b4d9f8446311d66,OFFICIAL_CONSERVATIVE_b5b9ee069be3eb2712d0c56c15a8759c984feb56cbc1e7033b4d9f8446311d66,False,False,HCC042,Dearborn,TRT_002,Road Diet (4-to-3 Lane Conversion),CONSERVATIVE,83280.0,13330968.381,13247688.381,160.074068,False,UNKNOWN,DOCUMENTED_CMF_SCENARIO,40,OFFICIAL_BUDGET_SCENARIO; PROVISIONAL_PORTFOLIO_SCENARIO; ENGINEERING_REVIEW_REQUIRED
PORT_OFF_CONSERVATIVE_B40M_EQ20,OFFICIAL,CONSERVATIVE,40000000.0,0.2,b5b9ee069be3eb2712d0c56c15a8759c984feb56cbc1e7033b4d9f8446311d66,OFFICIAL_CONSERVATIVE_b5b9ee069be3eb2712d0c56c15a8759c984feb56cbc1e7033b4d9f8446311d66,False,False,HCC033,Orleans,TRT_002,Road Diet (4-to-3 Lane Conversion),CONSERVATIVE,69192.0,12172152.3866,12102960.3866,175.918493,False,UNKNOWN,DOCUMENTED_CMF_SCENARIO,41,OFFICIAL_BUDGET_SCENARIO; PROVISIONAL_PORTFOLIO_SCENARIO; ENGINEERING_REVIEW_REQUIRED
PORT_OFF_CONSERVATIVE_B40M_EQ20,OFFICIAL,CONSERVATIVE,40000000.0,0.2,b5b9ee069be3eb2712d0c56c15a8759c984feb56cbc1e7033b4d9f8446311d66,OFFICIAL_CONSERVATIVE_b5b9ee069be3eb2712d0c56c15a8759c984feb56cbc1e7033b4d9f8446311d66,False,False,HCC036,LaSalle,TRT_002,Road Diet (4-to-3 Lane Conversion),CONSERVATIVE,104040.0,11228530.7869,11124490.7869,107.925133,False,UNKNOWN,DOCUMENTED_CMF_SCENARIO,42,OFFICIAL_BUDGET_SCENARIO; PROVISIONAL_PORTFOLIO_SCENARIO; ENGINEERING_REVIEW_REQUIRED
PORT_OFF_CONSERVATIVE_B40M_EQ20,OFFICIAL,CONSERVATIVE,40000000.0,0.2,b5b9ee069be3eb2712d0c56c15a8759c984feb56cbc1e7033b4d9f8446311d66,OFFICIAL_CONSERVATIVE_b5b9ee069be3eb2712d0c56c15a8759c984feb56cbc1e7033b4d9f8446311d66,False,False,HCC019,Lake Shore Drive,TRT_001,Pedestrian Refuge Islands & Medians,CONSERVATIVE,54000.0,6518599.9198,6464599.9198,120.714813,False,UNKNOWN,DOCUMENTED_CMF_SCENARIO,43,OFFICIAL_BUDGET_SCENARIO; PROVISIONAL_PORTFOLIO_SCENARIO; ENGINEERING_REVIEW_REQUIRED
PORT_OFF_CONSERVATIVE_B40M_EQ30,OFFICIAL,CONSERVATIVE,40000000.0,0.3,b5b9ee069be3eb2712d0c56c15a8759c984feb56cbc1e7033b4d9f8446311d66,OFFICIAL_CONSERVATIVE_b5b9ee069be3eb2712d0c56c15a8759c984feb56cbc1e7033b4d9f8446311d66,False,False,HCC006,Fullerton,TRT_002,Road Diet (4-to-3 Lane Conversion),CONSERVATIVE,998856.0,143471128.2349,142472272.2349,143.635447,False,UNKNOWN,DOCUMENTED_CMF_SCENARIO,1,OFFICIAL_BUDGET_SCENARIO; PROVISIONAL_PORTFOLIO_SCENARIO; ENGINEERING_REVIEW_REQUIRED
PORT_OFF_CONSERVATIVE_B40M_EQ30,OFFICIAL,CONSERVATIVE,40000000.0,0.3,b5b9ee069be3eb2712d0c56c15a8759c984feb56cbc1e7033b4d9f8446311d66,OFFICIAL_CONSERVATIVE_b5b9ee069be3eb2712d0c56c15a8759c984feb56cbc1e7033b4d9f8446311d66,False,False,HCC017,Pulaski,TRT_002,Road Diet (4-to-3 Lane Conversion),CONSERVATIVE,604752.0,137031196.2622,136426444.2622,226.590729,True,UNKNOWN,DOCUMENTED_CMF_SCENARIO,2,OFFICIAL_BUDGET_SCENARIO; PROVISIONAL_PORTFOLIO_SCENARIO; ENGINEERING_REVIEW_REQUIRED
PORT_OFF_CONSERVATIVE_B40M_EQ30,OFFICIAL,CONSERVATIVE,40000000.0,0.3,b5b9ee069be3eb2712d0c56c15a8759c984feb56cbc1e7033b4d9f8446311d66,OFFICIAL_CONSERVATIVE_b5b9ee069be3eb2712d0c56c15a8759c984feb56cbc1e7033b4d9f8446311d66,False,False,HCC016,Cicero,TRT_002,Road Diet (4-to-3 Lane Conversion),CONSERVATIVE,421968.0,128820366.5386,128398398.5386,305.284682,True,UNKNOWN,DOCUMENTED_CMF_SCENARIO,3,OFFICIAL_BUDGET_SCENARIO; PROVISIONAL_PORTFOLIO_SCENARIO; ENGINEERING_REVIEW_REQUIRED
PORT_OFF_CONSERVATIVE_B40M_EQ30,OFFICIAL,CONSERVATIVE,40000000.0,0.3,b5b9ee069be3eb2712d0c56c15a8759c984feb56cbc1e7033b4d9f8446311d66,OFFICIAL_CONSERVATIVE_b5b9ee069be3eb2712d0c56c15a8759c984feb56cbc1e7033b4d9f8446311d66,False,False,HCC032,Michigan,TRT_002,Road Diet (4-to-3 Lane Conversion),CONSERVATIVE,553560.0,127835714.7387,127282154.7387,230.933801,False,UNKNOWN,DOCUMENTED_CMF_SCENARIO,4,OFFICIAL_BUDGET_SCENARIO; PROVISIONAL_PORTFOLIO_SCENARIO; ENGINEERING_REVIEW_REQUIRED
PORT_OFF_CONSERVATIVE_B40M_EQ30,OFFICIAL,CONSERVATIVE,40000000.0,0.3,b5b9ee069be3eb2712d0c56c15a8759c984feb56cbc1e7033b4d9f8446311d66,OFFICIAL_CONSERVATIVE_b5b9ee069be3eb2712d0c56c15a8759c984feb56cbc1e7033b4d9f8446311d66,False,False,HCC025,Stony Island,TRT_002,Road Diet (4-to-3 Lane Conversion),CONSERVATIVE,482664.0,116245697.0159,115763033.0159,240.841863,True,UNKNOWN,DOCUMENTED_CMF_SCENARIO,5,OFFICIAL_BUDGET_SCENARIO; PROVISIONAL_PORTFOLIO_SCENARIO; ENGINEERING_REVIEW_REQUIRED
PORT_OFF_CONSERVATIVE_B40M_EQ30,OFFICIAL,CONSERVATIVE,40000000.0,0.3,b5b9ee069be3eb2712d0c56c15a8759c984feb56cbc1e7033b4d9f8446311d66,OFFICIAL_CONSERVATIVE_b5b9ee069be3eb2712d0c56c15a8759c984feb56cbc1e7033b4d9f8446311d66,False,False,HCC021,Pulaski,TRT_002,Road Diet (4-to-3 Lane Conversion),CONSERVATIVE,633168.0,114525552.1758,113892384.1758,180.877038,True,UNKNOWN,DOCUMENTED_CMF_SCENARIO,6,OFFICIAL_BUDGET_SCENARIO; PROVISIONAL_PORTFOLIO_SCENARIO; ENGINEERING_REVIEW_REQUIRED
PORT_OFF_CONSERVATIVE_B40M_EQ30,OFFICIAL,CONSERVATIVE,40000000.0,0.3,b5b9ee069be3eb2712d0c56c15a8759c984feb56cbc1e7033b4d9f8446311d66,OFFICIAL_CONSERVATIVE_b5b9ee069be3eb2712d0c56c15a8759c984feb56cbc1e7033b4d9f8446311d66,False,False,HCC015,Lake,TRT_002,Road Diet (4-to-3 Lane Conversion),CONSERVATIVE,457464.0,108144660.3326,107687196.3326,236.400373,True,UNKNOWN,DOCUMENTED_CMF_SCENARIO,7,OFFICIAL_BUDGET_SCENARIO; PROVISIONAL_PORTFOLIO_SCENARIO; ENGINEERING_REVIEW_REQUIRED
PORT_OFF_CONSERVATIVE_B40M_EQ30,OFFICIAL,CONSERVATIVE,40000000.0,0.3,b5b9ee069be3eb2712d0c56c15a8759c984feb56cbc1e7033b4d9f8446311d66,OFFICIAL_CONSERVATIVE_b5b9ee069be3eb2712d0c56c15a8759c984feb56cbc1e7033b4d9f8446311d66,False,False,HCC008,Milwaukee,TRT_002,Road Diet (4-to-3 Lane Conversion),CONSERVATIVE,849696.0,100973795.4974,100124099.4974,118.835202,False,UNKNOWN,DOCUMENTED_CMF_SCENARIO,8,OFFICIAL_BUDGET_SCENARIO; PROVISIONAL_PORTFOLIO_SCENARIO; ENGINEERING_REVIEW_REQUIRED
PORT_OFF_CONSERVATIVE_B40M_EQ30,OFFICIAL,CONSERVATIVE,40000000.0,0.3,b5b9ee069be3eb2712d0c56c15a8759c984feb56cbc1e7033b4d9f8446311d66,OFFICIAL_CONSERVATIVE_b5b9ee069be3eb2712d0c56c15a8759c984feb56cbc1e7033b4d9f8446311d66,False,False,HCC010,Ashland,TRT_002,Road Diet (4-to-3 Lane Conversion),CONSERVATIVE,810000.0,99159592.6817,98349592.6817,122.41925,False,UNKNOWN,DOCUMENTED_CMF_SCENARIO,9,OFFICIAL_BUDGET_SCENARIO; PROVISIONAL_PORTFOLIO_SCENARIO; ENGINEERING_REVIEW_REQUIRED
PORT_OFF_CONSERVATIVE_B40M_EQ30,OFFICIAL,CONSERVATIVE,40000000.0,0.3,b5b9ee069be3eb2712d0c56c15a8759c984feb56cbc1e7033b4d9f8446311d66,OFFICIAL_CONSERVATIVE_b5b9ee069be3eb2712d0c56c15a8759c984feb56cbc1e7033b4d9f8446311d66,False,False,HCC023,Ashland,TRT_002,Road Diet (4-to-3 Lane Conversion),CONSERVATIVE,301440.0,83722707.6501,83421267.6501,277.742528,True,UNKNOWN,DOCUMENTED_CMF_SCENARIO,10,OFFICIAL_BUDGET_SCENARIO; PROVISIONAL_PORTFOLIO_SCENARIO; ENGINEERING_REVIEW_REQUIRED
PORT_OFF_CONSERVATIVE_B40M_EQ30,OFFICIAL,CONSERVATIVE,40000000.0,0.3,b5b9ee069be3eb2712d0c56c15a8759c984feb56cbc1e7033b4d9f8446311d66,OFFICIAL_CONSERVATIVE_b5b9ee069be3eb2712d0c56c15a8759c984feb56cbc1e7033b4d9f8446311d66,False,False,HCC007,Western,TRT_002,Road Diet (4-to-3 Lane Conversion),CONSERVATIVE,630336.0,79807722.9712,79177386.9712,126.611399,False,UNKNOWN,DOCUMENTED_CMF_SCENARIO,11,OFFICIAL_BUDGET_SCENARIO; PROVISIONAL_PORTFOLIO_SCENARIO; ENGINEERING_REVIEW_REQUIRED
PORT_OFF_CONSERVATIVE_B40M_EQ30,OFFICIAL,CONSERVATIVE,40000000.0,0.3,b5b9ee069be3eb2712d0c56c15a8759c984feb56cbc1e7033b4d9f8446311d66,OFFICIAL_CONSERVATIVE_b5b9ee069be3eb2712d0c56c15a8759c984feb56cbc1e7033b4d9f8446311d66,False,False,HCC039,Wacker,TRT_002,Road Diet (4-to-3 Lane Conversion),CONSERVATIVE,423120.0,76902037.7481,76478917.7481,181.749947,False,UNKNOWN,DOCUMENTED_CMF_SCENARIO,12,OFFICIAL_BUDGET_SCENARIO; PROVISIONAL_PORTFOLIO_SCENARIO; ENGINEERING_REVIEW_REQUIRED
PORT_OFF_CONSERVATIVE_B40M_EQ30,OFFICIAL,CONSERVATIVE,40000000.0,0.3,b5b9ee069be3eb2712d0c56c15a8759c984feb56cbc1e7033b4d9f8446311d66,OFFICIAL_CONSERVATIVE_b5b9ee069be3eb2712d0c56c15a8759c984feb56cbc1e7033b4d9f8446311d66,False,False,HCC018,Roosevelt,TRT_002,Road Diet (4-to-3 Lane Conversion),CONSERVATIVE,282192.0,75102294.7988,74820102.7988,266.138993,False,UNKNOWN,DOCUMENTED_CMF_SCENARIO,13,OFFICIAL_BUDGET_SCENARIO; PROVISIONAL_PORTFOLIO_SCENARIO; ENGINEERING_REVIEW_REQUIRED
PORT_OFF_CONSERVATIVE_B40M_EQ30,OFFICIAL,CONSERVATIVE,40000000.0,0.3,b5b9ee069be3eb2712d0c56c15a8759c984feb56cbc1e7033b4d9f8446311d66,OFFICIAL_CONSERVATIVE_b5b9ee069be3eb2712d0c56c15a8759c984feb56cbc1e7033b4d9f8446311d66,False,False,HCC001,Devon,TRT_002,Road Diet (4-to-3 Lane Conversion),CONSERVATIVE,359064.0,72105573.5706,71746509.5706,200.81538,True,UNKNOWN,DOCUMENTED_CMF_SCENARIO,14,OFFICIAL_BUDGET_SCENARIO; PROVISIONAL_PORTFOLIO_SCENARIO; ENGINEERING_REVIEW_REQUIRED
PORT_OFF_CONSERVATIVE_B40M_EQ30,OFFICIAL,CONSERVATIVE,40000000.0,0.3,b5b9ee069be3eb2712d0c56c15a8759c984feb56cbc1e7033b4d9f8446311d66,OFFICIAL_CONSERVATIVE_b5b9ee069be3eb2712d0c56c15a8759c984feb56cbc1e7033b4d9f8446311d66,False,False,HCC024,Western,TRT_002,Road Diet (4-to-3 Lane Conversion),CONSERVATIVE,331080.0,68479394.4626,68148314.4626,206.836397,True,UNKNOWN,DOCUMENTED_CMF_SCENARIO,15,OFFICIAL_BUDGET_SCENARIO; PROVISIONAL_PORTFOLIO_SCENARIO; ENGINEERING_REVIEW_REQUIRED
PORT_OFF_CONSERVATIVE_B40M_EQ30,OFFICIAL,CONSERVATIVE,40000000.0,0.3,b5b9ee069be3eb2712d0c56c15a8759c984feb56cbc1e7033b4d9f8446311d66,OFFICIAL_CONSERVATIVE_b5b9ee069be3eb2712d0c56c15a8759c984feb56cbc1e7033b4d9f8446311d66,False,False,HCC014,Chicago,TRT_002,Road Diet (4-to-3 Lane Conversion),CONSERVATIVE,514104.0,66266766.6299,65752662.6299,128.89759,False,UNKNOWN,DOCUMENTED_CMF_SCENARIO,16,OFFICIAL_BUDGET_SCENARIO; PROVISIONAL_PORTFOLIO_SCENARIO; ENGINEERING_REVIEW_REQUIRED
PORT_OFF_CONSERVATIVE_B40M_EQ30,OFFICIAL,CONSERVATIVE,40000000.0,0.3,b5b9ee069be3eb2712d0c56c15a8759c984feb56cbc1e7033b4d9f8446311d66,OFFICIAL_CONSERVATIVE_b5b9ee069be3eb2712d0c56c15a8759c984feb56cbc1e7033b4d9f8446311d66,False,False,HCC030,87th,TRT_002,Road Diet (4-to-3 Lane Conversion),CONSERVATIVE,361896.0,65396692.6743,65034796.6743,180.705763,True,UNKNOWN,DOCUMENTED_CMF_SCENARIO,17,OFFICIAL_BUDGET_SCENARIO; PROVISIONAL_PORTFOLIO_SCENARIO; ENGINEERING_REVIEW_REQUIRED
PORT_OFF_CONSERVATIVE_B40M_EQ30,OFFICIAL,CONSERVATIVE,40000000.0,0.3,b5b9ee069be3eb2712d0c56c15a8759c984feb56cbc1e7033b4d9f8446311d66,OFFICIAL_CONSERVATIVE_b5b9ee069be3eb2712d0c56c15a8759c984feb56cbc1e7033b4d9f8446311d66,False,False,HCC005,Clark,TRT_002,Road Diet (4-to-3 Lane Conversion),CONSERVATIVE,765168.0,64898113.8257,64132945.8257,84.81551,False,UNKNOWN,DOCUMENTED_CMF_SCENARIO,18,OFFICIAL_BUDGET_SCENARIO; PROVISIONAL_PORTFOLIO_SCENARIO; ENGINEERING_REVIEW_REQUIRED
PORT_OFF_CONSERVATIVE_B40M_EQ30,OFFICIAL,CONSERVATIVE,40000000.0,0.3,b5b9ee069be3eb2712d0c56c15a8759c984feb56cbc1e7033b4d9f8446311d66,OFFICIAL_CONSERVATIVE_b5b9ee069be3eb2712d0c56c15a8759c984feb56cbc1e7033b4d9f8446311d66,False,False,HCC027,Cottage Grove,TRT_002,Road Diet (4-to-3 Lane Conversion),CONSERVATIVE,363384.0,64851745.2289,64488361.2289,178.466155,True,UNKNOWN,DOCUMENTED_CMF_SCENARIO,19,OFFICIAL_BUDGET_SCENARIO; PROVISIONAL_PORTFOLIO_SCENARIO; ENGINEERING_REVIEW_REQUIRED
PORT_OFF_CONSERVATIVE_B40M_EQ30,OFFICIAL,CONSERVATIVE,40000000.0,0.3,b5b9ee069be3eb2712d0c56c15a8759c984feb56cbc1e7033b4d9f8446311d66,OFFICIAL_CONSERVATIVE_b5b9ee069be3eb2712d0c56c15a8759c984feb56cbc1e7033b4d9f8446311d66,False,False,HCC031,Stony Island,TRT_002,Road Diet (4-to-3 Lane Conversion),CONSERVATIVE,242184.0,64546738.3063,64304554.3063,266.519416,False,UNKNOWN,DOCUMENTED_CMF_SCENARIO,20,OFFICIAL_BUDGET_SCENARIO; PROVISIONAL_PORTFOLIO_SCENARIO; ENGINEERING_REVIEW_REQUIRED
PORT_OFF_CONSERVATIVE_B40M_EQ30,OFFICIAL,CONSERVATIVE,40000000.0,0.3,b5b9ee069be3eb2712d0c56c15a8759c984feb56cbc1e7033b4d9f8446311d66,OFFICIAL_CONSERVATIVE_b5b9ee069be3eb2712d0c56c15a8759c984feb56cbc1e7033b4d9f8446311d66,False,False,HCC026,Halsted,TRT_002,Road Diet (4-to-3 Lane Conversion),CONSERVATIVE,361656.0,59770079.9322,59408423.9322,165.267768,True,UNKNOWN,DOCUMENTED_CMF_SCENARIO,21,OFFICIAL_BUDGET_SCENARIO; PROVISIONAL_PORTFOLIO_SCENARIO; ENGINEERING_REVIEW_REQUIRED
PORT_OFF_CONSERVATIVE_B40M_EQ30,OFFICIAL,CONSERVATIVE,40000000.0,0.3,b5b9ee069be3eb2712d0c56c15a8759c984feb56cbc1e7033b4d9f8446311d66,OFFICIAL_CONSERVATIVE_b5b9ee069be3eb2712d0c56c15a8759c984feb56cbc1e7033b4d9f8446311d66,False,False,HCC009,Damen,TRT_002,Road Diet (4-to-3 Lane Conversion),CONSERVATIVE,498504.0,59587821.0217,59089317.0217,119.533286,False,UNKNOWN,DOCUMENTED_CMF_SCENARIO,22,OFFICIAL_BUDGET_SCENARIO; PROVISIONAL_PORTFOLIO_SCENARIO; ENGINEERING_REVIEW_REQUIRED
PORT_OFF_CONSERVATIVE_B40M_EQ30,OFFICIAL,CONSERVATIVE,40000000.0,0.3,b5b9ee069be3eb2712d0c56c15a8759c984feb56cbc1e7033b4d9f8446311d66,OFFICIAL_CONSERVATIVE_b5b9ee069be3eb2712d0c56c15a8759c984feb56cbc1e7033b4d9f8446311d66,False,False,HCC020,Western Ave/Blvd,TRT_002,Road Diet (4-to-3 Lane Conversion),CONSERVATIVE,587112.0,54380115.8695,53793003.8695,92.62307,True,UNKNOWN,DOCUMENTED_CMF_SCENARIO,23,OFFICIAL_BUDGET_SCENARIO; PROVISIONAL_PORTFOLIO_SCENARIO; ENGINEERING_REVIEW_REQUIRED
PORT_OFF_CONSERVATIVE_B40M_EQ30,OFFICIAL,CONSERVATIVE,40000000.0,0.3,b5b9ee069be3eb2712d0c56c15a8759c984feb56cbc1e7033b4d9f8446311d66,OFFICIAL_CONSERVATIVE_b5b9ee069be3eb2712d0c56c15a8759c984feb56cbc1e7033b4d9f8446311d66,False,False,HCC011,North,TRT_002,Road Diet (4-to-3 Lane Conversion),CONSERVATIVE,245064.0,49867391.3229,49622327.3229,203.487217,True,UNKNOWN,DOCUMENTED_CMF_SCENARIO,24,OFFICIAL_BUDGET_SCENARIO; PROVISIONAL_PORTFOLIO_SCENARIO; ENGINEERING_REVIEW_REQUIRED
PORT_OFF_CONSERVATIVE_B40M_EQ30,OFFICIAL,CONSERVATIVE,40000000.0,0.3,b5b9ee069be3eb2712d0c56c15a8759c984feb56cbc1e7033b4d9f8446311d66,OFFICIAL_CONSERVATIVE_b5b9ee069be3eb2712d0c56c15a8759c984feb56cbc1e7033b4d9f8446311d66,False,False,HCC013,Chicago,TRT_002,Road Diet (4-to-3 Lane Conversion),CONSERVATIVE,241656.0,49382547.9344,49140891.9344,204.350597,True,UNKNOWN,DOCUMENTED_CMF_SCENARIO,25,OFFICIAL_BUDGET_SCENARIO; PROVISIONAL_PORTFOLIO_SCENARIO; ENGINEERING_REVIEW_REQUIRED
PORT_OFF_CONSERVATIVE_B40M_EQ30,OFFICIAL,CONSERVATIVE,40000000.0,0.3,b5b9ee069be3eb2712d0c56c15a8759c984feb56cbc1e7033b4d9f8446311d66,OFFICIAL_CONSERVATIVE_b5b9ee069be3eb2712d0c56c15a8759c984feb56cbc1e7033b4d9f8446311d66,False,False,HCC037,State,TRT_002,Road Diet (4-to-3 Lane Conversion),CONSERVATIVE,366768.0,48796384.0579,48429616.0579,133.044279,False,UNKNOWN,DOCUMENTED_CMF_SCENARIO,26,OFFICIAL_BUDGET_SCENARIO; PROVISIONAL_PORTFOLIO_SCENARIO; ENGINEERING_REVIEW_REQUIRED
PORT_OFF_CONSERVATIVE_B40M_EQ30,OFFICIAL,CONSERVATIVE,40000000.0,0.3,b5b9ee069be3eb2712d0c56c15a8759c984feb56cbc1e7033b4d9f8446311d66,OFFICIAL_CONSERVATIVE_b5b9ee069be3eb2712d0c56c15a8759c984feb56cbc1e7033b4d9f8446311d66,False,False,HCC029,79th,TRT_002,Road Diet (4-to-3 Lane Conversion),CONSERVATIVE,270336.0,46679967.8343,46409631.8343,172.673887,True,UNKNOWN,DOCUMENTED_CMF_SCENARIO,27,OFFICIAL_BUDGET_SCENARIO; PROVISIONAL_PORTFOLIO_SCENARIO; ENGINEERING_REVIEW_REQUIRED
PORT_OFF_CONSERVATIVE_B40M_EQ30,OFFICIAL,CONSERVATIVE,40000000.0,0.3,b5b9ee069be3eb2712d0c56c15a8759c984feb56cbc1e7033b4d9f8446311d66,OFFICIAL_CONSERVATIVE_b5b9ee069be3eb2712d0c56c15a8759c984feb56cbc1e7033b4d9f8446311d66,False,False,HCC012,Chicago,TRT_002,Road Diet (4-to-3 Lane Conversion),CONSERVATIVE,242448.0,44962953.278,44720505.278,185.454008,True,UNKNOWN,DOCUMENTED_CMF_SCENARIO,28,OFFICIAL_BUDGET_SCENARIO; PROVISIONAL_PORTFOLIO_SCENARIO; ENGINEERING_REVIEW_REQUIRED
PORT_OFF_CONSERVATIVE_B40M_EQ30,OFFICIAL,CONSERVATIVE,40000000.0,0.3,b5b9ee069be3eb2712d0c56c15a8759c984feb56cbc1e7033b4d9f8446311d66,OFFICIAL_CONSERVATIVE_b5b9ee069be3eb2712d0c56c15a8759c984feb56cbc1e7033b4d9f8446311d66,False,False,HCC022,Garfield,TRT_002,Road Diet (4-to-3 Lane Conversion),CONSERVATIVE,361800.0,44917412.6438,44555612.6438,124.149841,True,UNKNOWN,DOCUMENTED_CMF_SCENARIO,29,OFFICIAL_BUDGET_SCENARIO; PROVISIONAL_PORTFOLIO_SCENARIO; ENGINEERING_REVIEW_REQUIRED
PORT_OFF_CONSERVATIVE_B40M_EQ30,OFFICIAL,CONSERVATIVE,40000000.0,0.3,b5b9ee069be3eb2712d0c56c15a8759c984feb56cbc1e7033b4d9f8446311d66,OFFICIAL_CONSERVATIVE_b5b9ee069be3eb2712d0c56c15a8759c984feb56cbc1e7033b4d9f8446311d66,False,False,HCC035,Ohio,TRT_002,Road Diet (4-to-3 Lane Conversion),CONSERVATIVE,208056.0,43936122.6261,43728066.6261,211.174504,False,UNKNOWN,DOCUMENTED_CMF_SCENARIO,30,OFFICIAL_BUDGET_SCENARIO; PROVISIONAL_PORTFOLIO_SCENARIO; ENGINEERING_REVIEW_REQUIRED
PORT_OFF_CONSERVATIVE_B40M_EQ30,OFFICIAL,CONSERVATIVE,40000000.0,0.3,b5b9ee069be3eb2712d0c56c15a8759c984feb56cbc1e7033b4d9f8446311d66,OFFICIAL_CONSERVATIVE_b5b9ee069be3eb2712d0c56c15a8759c984feb56cbc1e7033b4d9f8446311d66,False,False,HCC002,Broadway,TRT_002,Road Diet (4-to-3 Lane Conversion),CONSERVATIVE,444144.0,43875684.2087,43431540.2087,98.78707,False,UNKNOWN,DOCUMENTED_CMF_SCENARIO,31,OFFICIAL_BUDGET_SCENARIO; PROVISIONAL_PORTFOLIO_SCENARIO; ENGINEERING_REVIEW_REQUIRED
PORT_OFF_CONSERVATIVE_B40M_EQ30,OFFICIAL,CONSERVATIVE,40000000.0,0.3,b5b9ee069be3eb2712d0c56c15a8759c984feb56cbc1e7033b4d9f8446311d66,OFFICIAL_CONSERVATIVE_b5b9ee069be3eb2712d0c56c15a8759c984feb56cbc1e7033b4d9f8446311d66,False,False,HCC004,Belmont,TRT_002,Road Diet (4-to-3 Lane Conversion),CONSERVATIVE,241056.0,43121638.4554,42880582.4554,178.886393,False,UNKNOWN,DOCUMENTED_CMF_SCENARIO,32,OFFICIAL_BUDGET_SCENARIO; PROVISIONAL_PORTFOLIO_SCENARIO; ENGINEERING_REVIEW_REQUIRED
PORT_OFF_CONSERVATIVE_B40M_EQ30,OFFICIAL,CONSERVATIVE,40000000.0,0.3,b5b9ee069be3eb2712d0c56c15a8759c984feb56cbc1e7033b4d9f8446311d66,OFFICIAL_CONSERVATIVE_b5b9ee069be3eb2712d0c56c15a8759c984feb56cbc1e7033b4d9f8446311d66,False,False,HCC034,Ontario,TRT_002,Road Diet (4-to-3 Lane Conversion),CONSERVATIVE,208008.0,35265888.4006,35057880.4006,169.54102,False,UNKNOWN,DOCUMENTED_CMF_SCENARIO,33,OFFICIAL_BUDGET_SCENARIO; PROVISIONAL_PORTFOLIO_SCENARIO; ENGINEERING_REVIEW_REQUIRED
PORT_OFF_CONSERVATIVE_B40M_EQ30,OFFICIAL,CONSERVATIVE,40000000.0,0.3,b5b9ee069be3eb2712d0c56c15a8759c984feb56cbc1e7033b4d9f8446311d66,OFFICIAL_CONSERVATIVE_b5b9ee069be3eb2712d0c56c15a8759c984feb56cbc1e7033b4d9f8446311d66,False,False,HCC043,Congress,TRT_002,Road Diet (4-to-3 Lane Conversion),CONSERVATIVE,116376.0,32737848.7511,32621472.7511,281.310998,False,UNKNOWN,DOCUMENTED_CMF_SCENARIO,34,OFFICIAL_BUDGET_SCENARIO; PROVISIONAL_PORTFOLIO_SCENARIO; ENGINEERING_REVIEW_REQUIRED
PORT_OFF_CONSERVATIVE_B40M_EQ30,OFFICIAL,CONSERVATIVE,40000000.0,0.3,b5b9ee069be3eb2712d0c56c15a8759c984feb56cbc1e7033b4d9f8446311d66,OFFICIAL_CONSERVATIVE_b5b9ee069be3eb2712d0c56c15a8759c984feb56cbc1e7033b4d9f8446311d66,False,False,HCC003,Western,TRT_002,Road Diet (4-to-3 Lane Conversion),CONSERVATIVE,241944.0,32487939.9866,32245995.9866,134.278759,False,UNKNOWN,DOCUMENTED_CMF_SCENARIO,35,OFFICIAL_BUDGET_SCENARIO; PROVISIONAL_PORTFOLIO_SCENARIO; ENGINEERING_REVIEW_REQUIRED
PORT_OFF_CONSERVATIVE_B40M_EQ30,OFFICIAL,CONSERVATIVE,40000000.0,0.3,b5b9ee069be3eb2712d0c56c15a8759c984feb56cbc1e7033b4d9f8446311d66,OFFICIAL_CONSERVATIVE_b5b9ee069be3eb2712d0c56c15a8759c984feb56cbc1e7033b4d9f8446311d66,False,False,HCC028,Ashland,TRT_002,Road Diet (4-to-3 Lane Conversion),CONSERVATIVE,271440.0,31970612.114,31699172.114,117.781506,True,UNKNOWN,DOCUMENTED_CMF_SCENARIO,36,OFFICIAL_BUDGET_SCENARIO; PROVISIONAL_PORTFOLIO_SCENARIO; ENGINEERING_REVIEW_REQUIRED
PORT_OFF_CONSERVATIVE_B40M_EQ30,OFFICIAL,CONSERVATIVE,40000000.0,0.3,b5b9ee069be3eb2712d0c56c15a8759c984feb56cbc1e7033b4d9f8446311d66,OFFICIAL_CONSERVATIVE_b5b9ee069be3eb2712d0c56c15a8759c984feb56cbc1e7033b4d9f8446311d66,False,False,HCC040,Washington,TRT_002,Road Diet (4-to-3 Lane Conversion),CONSERVATIVE,153432.0,29188600.4453,29035168.4453,190.238024,False,UNKNOWN,DOCUMENTED_CMF_SCENARIO,37,OFFICIAL_BUDGET_SCENARIO; PROVISIONAL_PORTFOLIO_SCENARIO; ENGINEERING_REVIEW_REQUIRED
PORT_OFF_CONSERVATIVE_B40M_EQ30,OFFICIAL,CONSERVATIVE,40000000.0,0.3,b5b9ee069be3eb2712d0c56c15a8759c984feb56cbc1e7033b4d9f8446311d66,OFFICIAL_CONSERVATIVE_b5b9ee069be3eb2712d0c56c15a8759c984feb56cbc1e7033b4d9f8446311d66,False,False,HCC038,Fairbanks,TRT_002,Road Diet (4-to-3 Lane Conversion),CONSERVATIVE,90336.0,17654847.9568,17564511.9568,195.435352,False,UNKNOWN,DOCUMENTED_CMF_SCENARIO,38,OFFICIAL_BUDGET_SCENARIO; PROVISIONAL_PORTFOLIO_SCENARIO; ENGINEERING_REVIEW_REQUIRED
PORT_OFF_CONSERVATIVE_B40M_EQ30,OFFICIAL,CONSERVATIVE,40000000.0,0.3,b5b9ee069be3eb2712d0c56c15a8759c984feb56cbc1e7033b4d9f8446311d66,OFFICIAL_CONSERVATIVE_b5b9ee069be3eb2712d0c56c15a8759c984feb56cbc1e7033b4d9f8446311d66,False,False,HCC041,Randolph,TRT_002,Road Diet (4-to-3 Lane Conversion),CONSERVATIVE,80280.0,13682288.5476,13602008.5476,170.432095,False,UNKNOWN,DOCUMENTED_CMF_SCENARIO,39,OFFICIAL_BUDGET_SCENARIO; PROVISIONAL_PORTFOLIO_SCENARIO; ENGINEERING_REVIEW_REQUIRED
PORT_OFF_CONSERVATIVE_B40M_EQ30,OFFICIAL,CONSERVATIVE,40000000.0,0.3,b5b9ee069be3eb2712d0c56c15a8759c984feb56cbc1e7033b4d9f8446311d66,OFFICIAL_CONSERVATIVE_b5b9ee069be3eb2712d0c56c15a8759c984feb56cbc1e7033b4d9f8446311d66,False,False,HCC042,Dearborn,TRT_002,Road Diet (4-to-3 Lane Conversion),CONSERVATIVE,83280.0,13330968.381,13247688.381,160.074068,False,UNKNOWN,DOCUMENTED_CMF_SCENARIO,40,OFFICIAL_BUDGET_SCENARIO; PROVISIONAL_PORTFOLIO_SCENARIO; ENGINEERING_REVIEW_REQUIRED
PORT_OFF_CONSERVATIVE_B40M_EQ30,OFFICIAL,CONSERVATIVE,40000000.0,0.3,b5b9ee069be3eb2712d0c56c15a8759c984feb56cbc1e7033b4d9f8446311d66,OFFICIAL_CONSERVATIVE_b5b9ee069be3eb2712d0c56c15a8759c984feb56cbc1e7033b4d9f8446311d66,False,False,HCC033,Orleans,TRT_002,Road Diet (4-to-3 Lane Conversion),CONSERVATIVE,69192.0,12172152.3866,12102960.3866,175.918493,False,UNKNOWN,DOCUMENTED_CMF_SCENARIO,41,OFFICIAL_BUDGET_SCENARIO; PROVISIONAL_PORTFOLIO_SCENARIO; ENGINEERING_REVIEW_REQUIRED
PORT_OFF_CONSERVATIVE_B40M_EQ30,OFFICIAL,CONSERVATIVE,40000000.0,0.3,b5b9ee069be3eb2712d0c56c15a8759c984feb56cbc1e7033b4d9f8446311d66,OFFICIAL_CONSERVATIVE_b5b9ee069be3eb2712d0c56c15a8759c984feb56cbc1e7033b4d9f8446311d66,False,False,HCC036,LaSalle,TRT_002,Road Diet (4-to-3 Lane Conversion),CONSERVATIVE,104040.0,11228530.7869,11124490.7869,107.925133,False,UNKNOWN,DOCUMENTED_CMF_SCENARIO,42,OFFICIAL_BUDGET_SCENARIO; PROVISIONAL_PORTFOLIO_SCENARIO; ENGINEERING_REVIEW_REQUIRED
PORT_OFF_CONSERVATIVE_B40M_EQ30,OFFICIAL,CONSERVATIVE,40000000.0,0.3,b5b9ee069be3eb2712d0c56c15a8759c984feb56cbc1e7033b4d9f8446311d66,OFFICIAL_CONSERVATIVE_b5b9ee069be3eb2712d0c56c15a8759c984feb56cbc1e7033b4d9f8446311d66,False,False,HCC019,Lake Shore Drive,TRT_001,Pedestrian Refuge Islands & Medians,CONSERVATIVE,54000.0,6518599.9198,6464599.9198,120.714813,False,UNKNOWN,DOCUMENTED_CMF_SCENARIO,43,OFFICIAL_BUDGET_SCENARIO; PROVISIONAL_PORTFOLIO_SCENARIO; ENGINEERING_REVIEW_REQUIRED
PORT_OFF_CONSERVATIVE_B40M_EQ40,OFFICIAL,CONSERVATIVE,40000000.0,0.4,b5b9ee069be3eb2712d0c56c15a8759c984feb56cbc1e7033b4d9f8446311d66,OFFICIAL_CONSERVATIVE_b5b9ee069be3eb2712d0c56c15a8759c984feb56cbc1e7033b4d9f8446311d66,False,False,HCC006,Fullerton,TRT_002,Road Diet (4-to-3 Lane Conversion),CONSERVATIVE,998856.0,143471128.2349,142472272.2349,143.635447,False,UNKNOWN,DOCUMENTED_CMF_SCENARIO,1,OFFICIAL_BUDGET_SCENARIO; PROVISIONAL_PORTFOLIO_SCENARIO; ENGINEERING_REVIEW_REQUIRED
PORT_OFF_CONSERVATIVE_B40M_EQ40,OFFICIAL,CONSERVATIVE,40000000.0,0.4,b5b9ee069be3eb2712d0c56c15a8759c984feb56cbc1e7033b4d9f8446311d66,OFFICIAL_CONSERVATIVE_b5b9ee069be3eb2712d0c56c15a8759c984feb56cbc1e7033b4d9f8446311d66,False,False,HCC017,Pulaski,TRT_002,Road Diet (4-to-3 Lane Conversion),CONSERVATIVE,604752.0,137031196.2622,136426444.2622,226.590729,True,UNKNOWN,DOCUMENTED_CMF_SCENARIO,2,OFFICIAL_BUDGET_SCENARIO; PROVISIONAL_PORTFOLIO_SCENARIO; ENGINEERING_REVIEW_REQUIRED
PORT_OFF_CONSERVATIVE_B40M_EQ40,OFFICIAL,CONSERVATIVE,40000000.0,0.4,b5b9ee069be3eb2712d0c56c15a8759c984feb56cbc1e7033b4d9f8446311d66,OFFICIAL_CONSERVATIVE_b5b9ee069be3eb2712d0c56c15a8759c984feb56cbc1e7033b4d9f8446311d66,False,False,HCC016,Cicero,TRT_002,Road Diet (4-to-3 Lane Conversion),CONSERVATIVE,421968.0,128820366.5386,128398398.5386,305.284682,True,UNKNOWN,DOCUMENTED_CMF_SCENARIO,3,OFFICIAL_BUDGET_SCENARIO; PROVISIONAL_PORTFOLIO_SCENARIO; ENGINEERING_REVIEW_REQUIRED
PORT_OFF_CONSERVATIVE_B40M_EQ40,OFFICIAL,CONSERVATIVE,40000000.0,0.4,b5b9ee069be3eb2712d0c56c15a8759c984feb56cbc1e7033b4d9f8446311d66,OFFICIAL_CONSERVATIVE_b5b9ee069be3eb2712d0c56c15a8759c984feb56cbc1e7033b4d9f8446311d66,False,False,HCC032,Michigan,TRT_002,Road Diet (4-to-3 Lane Conversion),CONSERVATIVE,553560.0,127835714.7387,127282154.7387,230.933801,False,UNKNOWN,DOCUMENTED_CMF_SCENARIO,4,OFFICIAL_BUDGET_SCENARIO; PROVISIONAL_PORTFOLIO_SCENARIO; ENGINEERING_REVIEW_REQUIRED
PORT_OFF_CONSERVATIVE_B40M_EQ40,OFFICIAL,CONSERVATIVE,40000000.0,0.4,b5b9ee069be3eb2712d0c56c15a8759c984feb56cbc1e7033b4d9f8446311d66,OFFICIAL_CONSERVATIVE_b5b9ee069be3eb2712d0c56c15a8759c984feb56cbc1e7033b4d9f8446311d66,False,False,HCC025,Stony Island,TRT_002,Road Diet (4-to-3 Lane Conversion),CONSERVATIVE,482664.0,116245697.0159,115763033.0159,240.841863,True,UNKNOWN,DOCUMENTED_CMF_SCENARIO,5,OFFICIAL_BUDGET_SCENARIO; PROVISIONAL_PORTFOLIO_SCENARIO; ENGINEERING_REVIEW_REQUIRED
PORT_OFF_CONSERVATIVE_B40M_EQ40,OFFICIAL,CONSERVATIVE,40000000.0,0.4,b5b9ee069be3eb2712d0c56c15a8759c984feb56cbc1e7033b4d9f8446311d66,OFFICIAL_CONSERVATIVE_b5b9ee069be3eb2712d0c56c15a8759c984feb56cbc1e7033b4d9f8446311d66,False,False,HCC021,Pulaski,TRT_002,Road Diet (4-to-3 Lane Conversion),CONSERVATIVE,633168.0,114525552.1758,113892384.1758,180.877038,True,UNKNOWN,DOCUMENTED_CMF_SCENARIO,6,OFFICIAL_BUDGET_SCENARIO; PROVISIONAL_PORTFOLIO_SCENARIO; ENGINEERING_REVIEW_REQUIRED
PORT_OFF_CONSERVATIVE_B40M_EQ40,OFFICIAL,CONSERVATIVE,40000000.0,0.4,b5b9ee069be3eb2712d0c56c15a8759c984feb56cbc1e7033b4d9f8446311d66,OFFICIAL_CONSERVATIVE_b5b9ee069be3eb2712d0c56c15a8759c984feb56cbc1e7033b4d9f8446311d66,False,False,HCC015,Lake,TRT_002,Road Diet (4-to-3 Lane Conversion),CONSERVATIVE,457464.0,108144660.3326,107687196.3326,236.400373,True,UNKNOWN,DOCUMENTED_CMF_SCENARIO,7,OFFICIAL_BUDGET_SCENARIO; PROVISIONAL_PORTFOLIO_SCENARIO; ENGINEERING_REVIEW_REQUIRED
PORT_OFF_CONSERVATIVE_B40M_EQ40,OFFICIAL,CONSERVATIVE,40000000.0,0.4,b5b9ee069be3eb2712d0c56c15a8759c984feb56cbc1e7033b4d9f8446311d66,OFFICIAL_CONSERVATIVE_b5b9ee069be3eb2712d0c56c15a8759c984feb56cbc1e7033b4d9f8446311d66,False,False,HCC008,Milwaukee,TRT_002,Road Diet (4-to-3 Lane Conversion),CONSERVATIVE,849696.0,100973795.4974,100124099.4974,118.835202,False,UNKNOWN,DOCUMENTED_CMF_SCENARIO,8,OFFICIAL_BUDGET_SCENARIO; PROVISIONAL_PORTFOLIO_SCENARIO; ENGINEERING_REVIEW_REQUIRED
PORT_OFF_CONSERVATIVE_B40M_EQ40,OFFICIAL,CONSERVATIVE,40000000.0,0.4,b5b9ee069be3eb2712d0c56c15a8759c984feb56cbc1e7033b4d9f8446311d66,OFFICIAL_CONSERVATIVE_b5b9ee069be3eb2712d0c56c15a8759c984feb56cbc1e7033b4d9f8446311d66,False,False,HCC010,Ashland,TRT_002,Road Diet (4-to-3 Lane Conversion),CONSERVATIVE,810000.0,99159592.6817,98349592.6817,122.41925,False,UNKNOWN,DOCUMENTED_CMF_SCENARIO,9,OFFICIAL_BUDGET_SCENARIO; PROVISIONAL_PORTFOLIO_SCENARIO; ENGINEERING_REVIEW_REQUIRED
PORT_OFF_CONSERVATIVE_B40M_EQ40,OFFICIAL,CONSERVATIVE,40000000.0,0.4,b5b9ee069be3eb2712d0c56c15a8759c984feb56cbc1e7033b4d9f8446311d66,OFFICIAL_CONSERVATIVE_b5b9ee069be3eb2712d0c56c15a8759c984feb56cbc1e7033b4d9f8446311d66,False,False,HCC023,Ashland,TRT_002,Road Diet (4-to-3 Lane Conversion),CONSERVATIVE,301440.0,83722707.6501,83421267.6501,277.742528,True,UNKNOWN,DOCUMENTED_CMF_SCENARIO,10,OFFICIAL_BUDGET_SCENARIO; PROVISIONAL_PORTFOLIO_SCENARIO; ENGINEERING_REVIEW_REQUIRED
PORT_OFF_CONSERVATIVE_B40M_EQ40,OFFICIAL,CONSERVATIVE,40000000.0,0.4,b5b9ee069be3eb2712d0c56c15a8759c984feb56cbc1e7033b4d9f8446311d66,OFFICIAL_CONSERVATIVE_b5b9ee069be3eb2712d0c56c15a8759c984feb56cbc1e7033b4d9f8446311d66,False,False,HCC007,Western,TRT_002,Road Diet (4-to-3 Lane Conversion),CONSERVATIVE,630336.0,79807722.9712,79177386.9712,126.611399,False,UNKNOWN,DOCUMENTED_CMF_SCENARIO,11,OFFICIAL_BUDGET_SCENARIO; PROVISIONAL_PORTFOLIO_SCENARIO; ENGINEERING_REVIEW_REQUIRED
PORT_OFF_CONSERVATIVE_B40M_EQ40,OFFICIAL,CONSERVATIVE,40000000.0,0.4,b5b9ee069be3eb2712d0c56c15a8759c984feb56cbc1e7033b4d9f8446311d66,OFFICIAL_CONSERVATIVE_b5b9ee069be3eb2712d0c56c15a8759c984feb56cbc1e7033b4d9f8446311d66,False,False,HCC039,Wacker,TRT_002,Road Diet (4-to-3 Lane Conversion),CONSERVATIVE,423120.0,76902037.7481,76478917.7481,181.749947,False,UNKNOWN,DOCUMENTED_CMF_SCENARIO,12,OFFICIAL_BUDGET_SCENARIO; PROVISIONAL_PORTFOLIO_SCENARIO; ENGINEERING_REVIEW_REQUIRED
PORT_OFF_CONSERVATIVE_B40M_EQ40,OFFICIAL,CONSERVATIVE,40000000.0,0.4,b5b9ee069be3eb2712d0c56c15a8759c984feb56cbc1e7033b4d9f8446311d66,OFFICIAL_CONSERVATIVE_b5b9ee069be3eb2712d0c56c15a8759c984feb56cbc1e7033b4d9f8446311d66,False,False,HCC018,Roosevelt,TRT_002,Road Diet (4-to-3 Lane Conversion),CONSERVATIVE,282192.0,75102294.7988,74820102.7988,266.138993,False,UNKNOWN,DOCUMENTED_CMF_SCENARIO,13,OFFICIAL_BUDGET_SCENARIO; PROVISIONAL_PORTFOLIO_SCENARIO; ENGINEERING_REVIEW_REQUIRED
PORT_OFF_CONSERVATIVE_B40M_EQ40,OFFICIAL,CONSERVATIVE,40000000.0,0.4,b5b9ee069be3eb2712d0c56c15a8759c984feb56cbc1e7033b4d9f8446311d66,OFFICIAL_CONSERVATIVE_b5b9ee069be3eb2712d0c56c15a8759c984feb56cbc1e7033b4d9f8446311d66,False,False,HCC001,Devon,TRT_002,Road Diet (4-to-3 Lane Conversion),CONSERVATIVE,359064.0,72105573.5706,71746509.5706,200.81538,True,UNKNOWN,DOCUMENTED_CMF_SCENARIO,14,OFFICIAL_BUDGET_SCENARIO; PROVISIONAL_PORTFOLIO_SCENARIO; ENGINEERING_REVIEW_REQUIRED
PORT_OFF_CONSERVATIVE_B40M_EQ40,OFFICIAL,CONSERVATIVE,40000000.0,0.4,b5b9ee069be3eb2712d0c56c15a8759c984feb56cbc1e7033b4d9f8446311d66,OFFICIAL_CONSERVATIVE_b5b9ee069be3eb2712d0c56c15a8759c984feb56cbc1e7033b4d9f8446311d66,False,False,HCC024,Western,TRT_002,Road Diet (4-to-3 Lane Conversion),CONSERVATIVE,331080.0,68479394.4626,68148314.4626,206.836397,True,UNKNOWN,DOCUMENTED_CMF_SCENARIO,15,OFFICIAL_BUDGET_SCENARIO; PROVISIONAL_PORTFOLIO_SCENARIO; ENGINEERING_REVIEW_REQUIRED
PORT_OFF_CONSERVATIVE_B40M_EQ40,OFFICIAL,CONSERVATIVE,40000000.0,0.4,b5b9ee069be3eb2712d0c56c15a8759c984feb56cbc1e7033b4d9f8446311d66,OFFICIAL_CONSERVATIVE_b5b9ee069be3eb2712d0c56c15a8759c984feb56cbc1e7033b4d9f8446311d66,False,False,HCC014,Chicago,TRT_002,Road Diet (4-to-3 Lane Conversion),CONSERVATIVE,514104.0,66266766.6299,65752662.6299,128.89759,False,UNKNOWN,DOCUMENTED_CMF_SCENARIO,16,OFFICIAL_BUDGET_SCENARIO; PROVISIONAL_PORTFOLIO_SCENARIO; ENGINEERING_REVIEW_REQUIRED
PORT_OFF_CONSERVATIVE_B40M_EQ40,OFFICIAL,CONSERVATIVE,40000000.0,0.4,b5b9ee069be3eb2712d0c56c15a8759c984feb56cbc1e7033b4d9f8446311d66,OFFICIAL_CONSERVATIVE_b5b9ee069be3eb2712d0c56c15a8759c984feb56cbc1e7033b4d9f8446311d66,False,False,HCC030,87th,TRT_002,Road Diet (4-to-3 Lane Conversion),CONSERVATIVE,361896.0,65396692.6743,65034796.6743,180.705763,True,UNKNOWN,DOCUMENTED_CMF_SCENARIO,17,OFFICIAL_BUDGET_SCENARIO; PROVISIONAL_PORTFOLIO_SCENARIO; ENGINEERING_REVIEW_REQUIRED
PORT_OFF_CONSERVATIVE_B40M_EQ40,OFFICIAL,CONSERVATIVE,40000000.0,0.4,b5b9ee069be3eb2712d0c56c15a8759c984feb56cbc1e7033b4d9f8446311d66,OFFICIAL_CONSERVATIVE_b5b9ee069be3eb2712d0c56c15a8759c984feb56cbc1e7033b4d9f8446311d66,False,False,HCC005,Clark,TRT_002,Road Diet (4-to-3 Lane Conversion),CONSERVATIVE,765168.0,64898113.8257,64132945.8257,84.81551,False,UNKNOWN,DOCUMENTED_CMF_SCENARIO,18,OFFICIAL_BUDGET_SCENARIO; PROVISIONAL_PORTFOLIO_SCENARIO; ENGINEERING_REVIEW_REQUIRED
PORT_OFF_CONSERVATIVE_B40M_EQ40,OFFICIAL,CONSERVATIVE,40000000.0,0.4,b5b9ee069be3eb2712d0c56c15a8759c984feb56cbc1e7033b4d9f8446311d66,OFFICIAL_CONSERVATIVE_b5b9ee069be3eb2712d0c56c15a8759c984feb56cbc1e7033b4d9f8446311d66,False,False,HCC027,Cottage Grove,TRT_002,Road Diet (4-to-3 Lane Conversion),CONSERVATIVE,363384.0,64851745.2289,64488361.2289,178.466155,True,UNKNOWN,DOCUMENTED_CMF_SCENARIO,19,OFFICIAL_BUDGET_SCENARIO; PROVISIONAL_PORTFOLIO_SCENARIO; ENGINEERING_REVIEW_REQUIRED
PORT_OFF_CONSERVATIVE_B40M_EQ40,OFFICIAL,CONSERVATIVE,40000000.0,0.4,b5b9ee069be3eb2712d0c56c15a8759c984feb56cbc1e7033b4d9f8446311d66,OFFICIAL_CONSERVATIVE_b5b9ee069be3eb2712d0c56c15a8759c984feb56cbc1e7033b4d9f8446311d66,False,False,HCC031,Stony Island,TRT_002,Road Diet (4-to-3 Lane Conversion),CONSERVATIVE,242184.0,64546738.3063,64304554.3063,266.519416,False,UNKNOWN,DOCUMENTED_CMF_SCENARIO,20,OFFICIAL_BUDGET_SCENARIO; PROVISIONAL_PORTFOLIO_SCENARIO; ENGINEERING_REVIEW_REQUIRED
PORT_OFF_CONSERVATIVE_B40M_EQ40,OFFICIAL,CONSERVATIVE,40000000.0,0.4,b5b9ee069be3eb2712d0c56c15a8759c984feb56cbc1e7033b4d9f8446311d66,OFFICIAL_CONSERVATIVE_b5b9ee069be3eb2712d0c56c15a8759c984feb56cbc1e7033b4d9f8446311d66,False,False,HCC026,Halsted,TRT_002,Road Diet (4-to-3 Lane Conversion),CONSERVATIVE,361656.0,59770079.9322,59408423.9322,165.267768,True,UNKNOWN,DOCUMENTED_CMF_SCENARIO,21,OFFICIAL_BUDGET_SCENARIO; PROVISIONAL_PORTFOLIO_SCENARIO; ENGINEERING_REVIEW_REQUIRED
PORT_OFF_CONSERVATIVE_B40M_EQ40,OFFICIAL,CONSERVATIVE,40000000.0,0.4,b5b9ee069be3eb2712d0c56c15a8759c984feb56cbc1e7033b4d9f8446311d66,OFFICIAL_CONSERVATIVE_b5b9ee069be3eb2712d0c56c15a8759c984feb56cbc1e7033b4d9f8446311d66,False,False,HCC009,Damen,TRT_002,Road Diet (4-to-3 Lane Conversion),CONSERVATIVE,498504.0,59587821.0217,59089317.0217,119.533286,False,UNKNOWN,DOCUMENTED_CMF_SCENARIO,22,OFFICIAL_BUDGET_SCENARIO; PROVISIONAL_PORTFOLIO_SCENARIO; ENGINEERING_REVIEW_REQUIRED
PORT_OFF_CONSERVATIVE_B40M_EQ40,OFFICIAL,CONSERVATIVE,40000000.0,0.4,b5b9ee069be3eb2712d0c56c15a8759c984feb56cbc1e7033b4d9f8446311d66,OFFICIAL_CONSERVATIVE_b5b9ee069be3eb2712d0c56c15a8759c984feb56cbc1e7033b4d9f8446311d66,False,False,HCC020,Western Ave/Blvd,TRT_002,Road Diet (4-to-3 Lane Conversion),CONSERVATIVE,587112.0,54380115.8695,53793003.8695,92.62307,True,UNKNOWN,DOCUMENTED_CMF_SCENARIO,23,OFFICIAL_BUDGET_SCENARIO; PROVISIONAL_PORTFOLIO_SCENARIO; ENGINEERING_REVIEW_REQUIRED
PORT_OFF_CONSERVATIVE_B40M_EQ40,OFFICIAL,CONSERVATIVE,40000000.0,0.4,b5b9ee069be3eb2712d0c56c15a8759c984feb56cbc1e7033b4d9f8446311d66,OFFICIAL_CONSERVATIVE_b5b9ee069be3eb2712d0c56c15a8759c984feb56cbc1e7033b4d9f8446311d66,False,False,HCC011,North,TRT_002,Road Diet (4-to-3 Lane Conversion),CONSERVATIVE,245064.0,49867391.3229,49622327.3229,203.487217,True,UNKNOWN,DOCUMENTED_CMF_SCENARIO,24,OFFICIAL_BUDGET_SCENARIO; PROVISIONAL_PORTFOLIO_SCENARIO; ENGINEERING_REVIEW_REQUIRED
PORT_OFF_CONSERVATIVE_B40M_EQ40,OFFICIAL,CONSERVATIVE,40000000.0,0.4,b5b9ee069be3eb2712d0c56c15a8759c984feb56cbc1e7033b4d9f8446311d66,OFFICIAL_CONSERVATIVE_b5b9ee069be3eb2712d0c56c15a8759c984feb56cbc1e7033b4d9f8446311d66,False,False,HCC013,Chicago,TRT_002,Road Diet (4-to-3 Lane Conversion),CONSERVATIVE,241656.0,49382547.9344,49140891.9344,204.350597,True,UNKNOWN,DOCUMENTED_CMF_SCENARIO,25,OFFICIAL_BUDGET_SCENARIO; PROVISIONAL_PORTFOLIO_SCENARIO; ENGINEERING_REVIEW_REQUIRED
PORT_OFF_CONSERVATIVE_B40M_EQ40,OFFICIAL,CONSERVATIVE,40000000.0,0.4,b5b9ee069be3eb2712d0c56c15a8759c984feb56cbc1e7033b4d9f8446311d66,OFFICIAL_CONSERVATIVE_b5b9ee069be3eb2712d0c56c15a8759c984feb56cbc1e7033b4d9f8446311d66,False,False,HCC037,State,TRT_002,Road Diet (4-to-3 Lane Conversion),CONSERVATIVE,366768.0,48796384.0579,48429616.0579,133.044279,False,UNKNOWN,DOCUMENTED_CMF_SCENARIO,26,OFFICIAL_BUDGET_SCENARIO; PROVISIONAL_PORTFOLIO_SCENARIO; ENGINEERING_REVIEW_REQUIRED
PORT_OFF_CONSERVATIVE_B40M_EQ40,OFFICIAL,CONSERVATIVE,40000000.0,0.4,b5b9ee069be3eb2712d0c56c15a8759c984feb56cbc1e7033b4d9f8446311d66,OFFICIAL_CONSERVATIVE_b5b9ee069be3eb2712d0c56c15a8759c984feb56cbc1e7033b4d9f8446311d66,False,False,HCC029,79th,TRT_002,Road Diet (4-to-3 Lane Conversion),CONSERVATIVE,270336.0,46679967.8343,46409631.8343,172.673887,True,UNKNOWN,DOCUMENTED_CMF_SCENARIO,27,OFFICIAL_BUDGET_SCENARIO; PROVISIONAL_PORTFOLIO_SCENARIO; ENGINEERING_REVIEW_REQUIRED
PORT_OFF_CONSERVATIVE_B40M_EQ40,OFFICIAL,CONSERVATIVE,40000000.0,0.4,b5b9ee069be3eb2712d0c56c15a8759c984feb56cbc1e7033b4d9f8446311d66,OFFICIAL_CONSERVATIVE_b5b9ee069be3eb2712d0c56c15a8759c984feb56cbc1e7033b4d9f8446311d66,False,False,HCC012,Chicago,TRT_002,Road Diet (4-to-3 Lane Conversion),CONSERVATIVE,242448.0,44962953.278,44720505.278,185.454008,True,UNKNOWN,DOCUMENTED_CMF_SCENARIO,28,OFFICIAL_BUDGET_SCENARIO; PROVISIONAL_PORTFOLIO_SCENARIO; ENGINEERING_REVIEW_REQUIRED
PORT_OFF_CONSERVATIVE_B40M_EQ40,OFFICIAL,CONSERVATIVE,40000000.0,0.4,b5b9ee069be3eb2712d0c56c15a8759c984feb56cbc1e7033b4d9f8446311d66,OFFICIAL_CONSERVATIVE_b5b9ee069be3eb2712d0c56c15a8759c984feb56cbc1e7033b4d9f8446311d66,False,False,HCC022,Garfield,TRT_002,Road Diet (4-to-3 Lane Conversion),CONSERVATIVE,361800.0,44917412.6438,44555612.6438,124.149841,True,UNKNOWN,DOCUMENTED_CMF_SCENARIO,29,OFFICIAL_BUDGET_SCENARIO; PROVISIONAL_PORTFOLIO_SCENARIO; ENGINEERING_REVIEW_REQUIRED
PORT_OFF_CONSERVATIVE_B40M_EQ40,OFFICIAL,CONSERVATIVE,40000000.0,0.4,b5b9ee069be3eb2712d0c56c15a8759c984feb56cbc1e7033b4d9f8446311d66,OFFICIAL_CONSERVATIVE_b5b9ee069be3eb2712d0c56c15a8759c984feb56cbc1e7033b4d9f8446311d66,False,False,HCC035,Ohio,TRT_002,Road Diet (4-to-3 Lane Conversion),CONSERVATIVE,208056.0,43936122.6261,43728066.6261,211.174504,False,UNKNOWN,DOCUMENTED_CMF_SCENARIO,30,OFFICIAL_BUDGET_SCENARIO; PROVISIONAL_PORTFOLIO_SCENARIO; ENGINEERING_REVIEW_REQUIRED
PORT_OFF_CONSERVATIVE_B40M_EQ40,OFFICIAL,CONSERVATIVE,40000000.0,0.4,b5b9ee069be3eb2712d0c56c15a8759c984feb56cbc1e7033b4d9f8446311d66,OFFICIAL_CONSERVATIVE_b5b9ee069be3eb2712d0c56c15a8759c984feb56cbc1e7033b4d9f8446311d66,False,False,HCC002,Broadway,TRT_002,Road Diet (4-to-3 Lane Conversion),CONSERVATIVE,444144.0,43875684.2087,43431540.2087,98.78707,False,UNKNOWN,DOCUMENTED_CMF_SCENARIO,31,OFFICIAL_BUDGET_SCENARIO; PROVISIONAL_PORTFOLIO_SCENARIO; ENGINEERING_REVIEW_REQUIRED
PORT_OFF_CONSERVATIVE_B40M_EQ40,OFFICIAL,CONSERVATIVE,40000000.0,0.4,b5b9ee069be3eb2712d0c56c15a8759c984feb56cbc1e7033b4d9f8446311d66,OFFICIAL_CONSERVATIVE_b5b9ee069be3eb2712d0c56c15a8759c984feb56cbc1e7033b4d9f8446311d66,False,False,HCC004,Belmont,TRT_002,Road Diet (4-to-3 Lane Conversion),CONSERVATIVE,241056.0,43121638.4554,42880582.4554,178.886393,False,UNKNOWN,DOCUMENTED_CMF_SCENARIO,32,OFFICIAL_BUDGET_SCENARIO; PROVISIONAL_PORTFOLIO_SCENARIO; ENGINEERING_REVIEW_REQUIRED
PORT_OFF_CONSERVATIVE_B40M_EQ40,OFFICIAL,CONSERVATIVE,40000000.0,0.4,b5b9ee069be3eb2712d0c56c15a8759c984feb56cbc1e7033b4d9f8446311d66,OFFICIAL_CONSERVATIVE_b5b9ee069be3eb2712d0c56c15a8759c984feb56cbc1e7033b4d9f8446311d66,False,False,HCC034,Ontario,TRT_002,Road Diet (4-to-3 Lane Conversion),CONSERVATIVE,208008.0,35265888.4006,35057880.4006,169.54102,False,UNKNOWN,DOCUMENTED_CMF_SCENARIO,33,OFFICIAL_BUDGET_SCENARIO; PROVISIONAL_PORTFOLIO_SCENARIO; ENGINEERING_REVIEW_REQUIRED
PORT_OFF_CONSERVATIVE_B40M_EQ40,OFFICIAL,CONSERVATIVE,40000000.0,0.4,b5b9ee069be3eb2712d0c56c15a8759c984feb56cbc1e7033b4d9f8446311d66,OFFICIAL_CONSERVATIVE_b5b9ee069be3eb2712d0c56c15a8759c984feb56cbc1e7033b4d9f8446311d66,False,False,HCC043,Congress,TRT_002,Road Diet (4-to-3 Lane Conversion),CONSERVATIVE,116376.0,32737848.7511,32621472.7511,281.310998,False,UNKNOWN,DOCUMENTED_CMF_SCENARIO,34,OFFICIAL_BUDGET_SCENARIO; PROVISIONAL_PORTFOLIO_SCENARIO; ENGINEERING_REVIEW_REQUIRED
PORT_OFF_CONSERVATIVE_B40M_EQ40,OFFICIAL,CONSERVATIVE,40000000.0,0.4,b5b9ee069be3eb2712d0c56c15a8759c984feb56cbc1e7033b4d9f8446311d66,OFFICIAL_CONSERVATIVE_b5b9ee069be3eb2712d0c56c15a8759c984feb56cbc1e7033b4d9f8446311d66,False,False,HCC003,Western,TRT_002,Road Diet (4-to-3 Lane Conversion),CONSERVATIVE,241944.0,32487939.9866,32245995.9866,134.278759,False,UNKNOWN,DOCUMENTED_CMF_SCENARIO,35,OFFICIAL_BUDGET_SCENARIO; PROVISIONAL_PORTFOLIO_SCENARIO; ENGINEERING_REVIEW_REQUIRED
PORT_OFF_CONSERVATIVE_B40M_EQ40,OFFICIAL,CONSERVATIVE,40000000.0,0.4,b5b9ee069be3eb2712d0c56c15a8759c984feb56cbc1e7033b4d9f8446311d66,OFFICIAL_CONSERVATIVE_b5b9ee069be3eb2712d0c56c15a8759c984feb56cbc1e7033b4d9f8446311d66,False,False,HCC028,Ashland,TRT_002,Road Diet (4-to-3 Lane Conversion),CONSERVATIVE,271440.0,31970612.114,31699172.114,117.781506,True,UNKNOWN,DOCUMENTED_CMF_SCENARIO,36,OFFICIAL_BUDGET_SCENARIO; PROVISIONAL_PORTFOLIO_SCENARIO; ENGINEERING_REVIEW_REQUIRED
PORT_OFF_CONSERVATIVE_B40M_EQ40,OFFICIAL,CONSERVATIVE,40000000.0,0.4,b5b9ee069be3eb2712d0c56c15a8759c984feb56cbc1e7033b4d9f8446311d66,OFFICIAL_CONSERVATIVE_b5b9ee069be3eb2712d0c56c15a8759c984feb56cbc1e7033b4d9f8446311d66,False,False,HCC040,Washington,TRT_002,Road Diet (4-to-3 Lane Conversion),CONSERVATIVE,153432.0,29188600.4453,29035168.4453,190.238024,False,UNKNOWN,DOCUMENTED_CMF_SCENARIO,37,OFFICIAL_BUDGET_SCENARIO; PROVISIONAL_PORTFOLIO_SCENARIO; ENGINEERING_REVIEW_REQUIRED
PORT_OFF_CONSERVATIVE_B40M_EQ40,OFFICIAL,CONSERVATIVE,40000000.0,0.4,b5b9ee069be3eb2712d0c56c15a8759c984feb56cbc1e7033b4d9f8446311d66,OFFICIAL_CONSERVATIVE_b5b9ee069be3eb2712d0c56c15a8759c984feb56cbc1e7033b4d9f8446311d66,False,False,HCC038,Fairbanks,TRT_002,Road Diet (4-to-3 Lane Conversion),CONSERVATIVE,90336.0,17654847.9568,17564511.9568,195.435352,False,UNKNOWN,DOCUMENTED_CMF_SCENARIO,38,OFFICIAL_BUDGET_SCENARIO; PROVISIONAL_PORTFOLIO_SCENARIO; ENGINEERING_REVIEW_REQUIRED
PORT_OFF_CONSERVATIVE_B40M_EQ40,OFFICIAL,CONSERVATIVE,40000000.0,0.4,b5b9ee069be3eb2712d0c56c15a8759c984feb56cbc1e7033b4d9f8446311d66,OFFICIAL_CONSERVATIVE_b5b9ee069be3eb2712d0c56c15a8759c984feb56cbc1e7033b4d9f8446311d66,False,False,HCC041,Randolph,TRT_002,Road Diet (4-to-3 Lane Conversion),CONSERVATIVE,80280.0,13682288.5476,13602008.5476,170.432095,False,UNKNOWN,DOCUMENTED_CMF_SCENARIO,39,OFFICIAL_BUDGET_SCENARIO; PROVISIONAL_PORTFOLIO_SCENARIO; ENGINEERING_REVIEW_REQUIRED
PORT_OFF_CONSERVATIVE_B40M_EQ40,OFFICIAL,CONSERVATIVE,40000000.0,0.4,b5b9ee069be3eb2712d0c56c15a8759c984feb56cbc1e7033b4d9f8446311d66,OFFICIAL_CONSERVATIVE_b5b9ee069be3eb2712d0c56c15a8759c984feb56cbc1e7033b4d9f8446311d66,False,False,HCC042,Dearborn,TRT_002,Road Diet (4-to-3 Lane Conversion),CONSERVATIVE,83280.0,13330968.381,13247688.381,160.074068,False,UNKNOWN,DOCUMENTED_CMF_SCENARIO,40,OFFICIAL_BUDGET_SCENARIO; PROVISIONAL_PORTFOLIO_SCENARIO; ENGINEERING_REVIEW_REQUIRED
PORT_OFF_CONSERVATIVE_B40M_EQ40,OFFICIAL,CONSERVATIVE,40000000.0,0.4,b5b9ee069be3eb2712d0c56c15a8759c984feb56cbc1e7033b4d9f8446311d66,OFFICIAL_CONSERVATIVE_b5b9ee069be3eb2712d0c56c15a8759c984feb56cbc1e7033b4d9f8446311d66,False,False,HCC033,Orleans,TRT_002,Road Diet (4-to-3 Lane Conversion),CONSERVATIVE,69192.0,12172152.3866,12102960.3866,175.918493,False,UNKNOWN,DOCUMENTED_CMF_SCENARIO,41,OFFICIAL_BUDGET_SCENARIO; PROVISIONAL_PORTFOLIO_SCENARIO; ENGINEERING_REVIEW_REQUIRED
PORT_OFF_CONSERVATIVE_B40M_EQ40,OFFICIAL,CONSERVATIVE,40000000.0,0.4,b5b9ee069be3eb2712d0c56c15a8759c984feb56cbc1e7033b4d9f8446311d66,OFFICIAL_CONSERVATIVE_b5b9ee069be3eb2712d0c56c15a8759c984feb56cbc1e7033b4d9f8446311d66,False,False,HCC036,LaSalle,TRT_002,Road Diet (4-to-3 Lane Conversion),CONSERVATIVE,104040.0,11228530.7869,11124490.7869,107.925133,False,UNKNOWN,DOCUMENTED_CMF_SCENARIO,42,OFFICIAL_BUDGET_SCENARIO; PROVISIONAL_PORTFOLIO_SCENARIO; ENGINEERING_REVIEW_REQUIRED
PORT_OFF_CONSERVATIVE_B40M_EQ40,OFFICIAL,CONSERVATIVE,40000000.0,0.4,b5b9ee069be3eb2712d0c56c15a8759c984feb56cbc1e7033b4d9f8446311d66,OFFICIAL_CONSERVATIVE_b5b9ee069be3eb2712d0c56c15a8759c984feb56cbc1e7033b4d9f8446311d66,False,False,HCC019,Lake Shore Drive,TRT_001,Pedestrian Refuge Islands & Medians,CONSERVATIVE,54000.0,6518599.9198,6464599.9198,120.714813,False,UNKNOWN,DOCUMENTED_CMF_SCENARIO,43,OFFICIAL_BUDGET_SCENARIO; PROVISIONAL_PORTFOLIO_SCENARIO; ENGINEERING_REVIEW_REQUIRED
PORT_OFF_BASE_B15M_EQ20,OFFICIAL,BASE,15000000.0,0.2,855ec72b33750080e931adfebdc0da8f6bee7d0327dfd5ae2c9b81485e439f2e,OFFICIAL_BASE_855ec72b33750080e931adfebdc0da8f6bee7d0327dfd5ae2c9b81485e439f2e,True,True,HCC006,Fullerton,TRT_002,Road Diet (4-to-3 Lane Conversion),BASE,1248570.0,261085762.9777,259837192.9777,209.10783,False,UNKNOWN,DOCUMENTED_CMF_SCENARIO,1,OFFICIAL_BUDGET_SCENARIO; PROVISIONAL_PORTFOLIO_SCENARIO; ENGINEERING_REVIEW_REQUIRED
PORT_OFF_BASE_B15M_EQ20,OFFICIAL,BASE,15000000.0,0.2,855ec72b33750080e931adfebdc0da8f6bee7d0327dfd5ae2c9b81485e439f2e,OFFICIAL_BASE_855ec72b33750080e931adfebdc0da8f6bee7d0327dfd5ae2c9b81485e439f2e,True,True,HCC017,Pulaski,TRT_002,Road Diet (4-to-3 Lane Conversion),BASE,755940.0,249366509.2623,248610569.2623,329.876061,True,UNKNOWN,DOCUMENTED_CMF_SCENARIO,2,OFFICIAL_BUDGET_SCENARIO; PROVISIONAL_PORTFOLIO_SCENARIO; ENGINEERING_REVIEW_REQUIRED
PORT_OFF_BASE_B15M_EQ20,OFFICIAL,BASE,15000000.0,0.2,855ec72b33750080e931adfebdc0da8f6bee7d0327dfd5ae2c9b81485e439f2e,OFFICIAL_BASE_855ec72b33750080e931adfebdc0da8f6bee7d0327dfd5ae2c9b81485e439f2e,True,True,HCC016,Cicero,TRT_002,Road Diet (4-to-3 Lane Conversion),BASE,527460.0,234424612.8023,233897152.8023,444.440551,True,UNKNOWN,DOCUMENTED_CMF_SCENARIO,3,OFFICIAL_BUDGET_SCENARIO; PROVISIONAL_PORTFOLIO_SCENARIO; ENGINEERING_REVIEW_REQUIRED
PORT_OFF_BASE_B15M_EQ20,OFFICIAL,BASE,15000000.0,0.2,855ec72b33750080e931adfebdc0da8f6bee7d0327dfd5ae2c9b81485e439f2e,OFFICIAL_BASE_855ec72b33750080e931adfebdc0da8f6bee7d0327dfd5ae2c9b81485e439f2e,True,True,HCC032,Michigan,TRT_002,Road Diet (4-to-3 Lane Conversion),BASE,691950.0,232632764.02,231940814.02,336.198806,False,UNKNOWN,DOCUMENTED_CMF_SCENARIO,4,OFFICIAL_BUDGET_SCENARIO; PROVISIONAL_PORTFOLIO_SCENARIO; ENGINEERING_REVIEW_REQUIRED
PORT_OFF_BASE_B15M_EQ20,OFFICIAL,BASE,15000000.0,0.2,855ec72b33750080e931adfebdc0da8f6bee7d0327dfd5ae2c9b81485e439f2e,OFFICIAL_BASE_855ec72b33750080e931adfebdc0da8f6bee7d0327dfd5ae2c9b81485e439f2e,True,True,HCC025,Stony Island,TRT_002,Road Diet (4-to-3 Lane Conversion),BASE,603330.0,211541491.8085,210938161.8085,350.623194,True,UNKNOWN,DOCUMENTED_CMF_SCENARIO,5,OFFICIAL_BUDGET_SCENARIO; PROVISIONAL_PORTFOLIO_SCENARIO; ENGINEERING_REVIEW_REQUIRED
PORT_OFF_BASE_B15M_EQ20,OFFICIAL,BASE,15000000.0,0.2,855ec72b33750080e931adfebdc0da8f6bee7d0327dfd5ae2c9b81485e439f2e,OFFICIAL_BASE_855ec72b33750080e931adfebdc0da8f6bee7d0327dfd5ae2c9b81485e439f2e,True,True,HCC021,Pulaski,TRT_002,Road Diet (4-to-3 Lane Conversion),BASE,791460.0,208411208.1513,207619748.1513,263.325005,True,UNKNOWN,DOCUMENTED_CMF_SCENARIO,6,OFFICIAL_BUDGET_SCENARIO; PROVISIONAL_PORTFOLIO_SCENARIO; ENGINEERING_REVIEW_REQUIRED
PORT_OFF_BASE_B15M_EQ20,OFFICIAL,BASE,15000000.0,0.2,855ec72b33750080e931adfebdc0da8f6bee7d0327dfd5ae2c9b81485e439f2e,OFFICIAL_BASE_855ec72b33750080e931adfebdc0da8f6bee7d0327dfd5ae2c9b81485e439f2e,True,True,HCC015,Lake,TRT_002,Road Diet (4-to-3 Lane Conversion),BASE,571830.0,196799394.4306,196227564.4306,344.15717,True,UNKNOWN,DOCUMENTED_CMF_SCENARIO,7,OFFICIAL_BUDGET_SCENARIO; PROVISIONAL_PORTFOLIO_SCENARIO; ENGINEERING_REVIEW_REQUIRED
PORT_OFF_BASE_B15M_EQ20,OFFICIAL,BASE,15000000.0,0.2,855ec72b33750080e931adfebdc0da8f6bee7d0327dfd5ae2c9b81485e439f2e,OFFICIAL_BASE_855ec72b33750080e931adfebdc0da8f6bee7d0327dfd5ae2c9b81485e439f2e,True,True,HCC010,Ashland,TRT_002,Road Diet (4-to-3 Lane Conversion),BASE,1012500.0,180448555.9594,179436055.9594,178.220796,False,UNKNOWN,DOCUMENTED_CMF_SCENARIO,8,OFFICIAL_BUDGET_SCENARIO; PROVISIONAL_PORTFOLIO_SCENARIO; ENGINEERING_REVIEW_REQUIRED
PORT_OFF_BASE_B15M_EQ20,OFFICIAL,BASE,15000000.0,0.2,855ec72b33750080e931adfebdc0da8f6bee7d0327dfd5ae2c9b81485e439f2e,OFFICIAL_BASE_855ec72b33750080e931adfebdc0da8f6bee7d0327dfd5ae2c9b81485e439f2e,True,True,HCC023,Ashland,TRT_002,Road Diet (4-to-3 Lane Conversion),BASE,376800.0,152356834.9555,151980034.9555,404.344042,True,UNKNOWN,DOCUMENTED_CMF_SCENARIO,9,OFFICIAL_BUDGET_SCENARIO; PROVISIONAL_PORTFOLIO_SCENARIO; ENGINEERING_REVIEW_REQUIRED
PORT_OFF_BASE_B15M_EQ20,OFFICIAL,BASE,15000000.0,0.2,855ec72b33750080e931adfebdc0da8f6bee7d0327dfd5ae2c9b81485e439f2e,OFFICIAL_BASE_855ec72b33750080e931adfebdc0da8f6bee7d0327dfd5ae2c9b81485e439f2e,True,True,HCC007,Western,TRT_002,Road Diet (4-to-3 Lane Conversion),BASE,787920.0,145232427.5956,144444507.5956,184.323824,False,UNKNOWN,DOCUMENTED_CMF_SCENARIO,10,OFFICIAL_BUDGET_SCENARIO; PROVISIONAL_PORTFOLIO_SCENARIO; ENGINEERING_REVIEW_REQUIRED
PORT_OFF_BASE_B15M_EQ20,OFFICIAL,BASE,15000000.0,0.2,855ec72b33750080e931adfebdc0da8f6bee7d0327dfd5ae2c9b81485e439f2e,OFFICIAL_BASE_855ec72b33750080e931adfebdc0da8f6bee7d0327dfd5ae2c9b81485e439f2e,True,True,HCC039,Wacker,TRT_002,Road Diet (4-to-3 Lane Conversion),BASE,528900.0,139944722.3077,139415822.3077,264.595807,False,UNKNOWN,DOCUMENTED_CMF_SCENARIO,11,OFFICIAL_BUDGET_SCENARIO; PROVISIONAL_PORTFOLIO_SCENARIO; ENGINEERING_REVIEW_REQUIRED
PORT_OFF_BASE_B15M_EQ20,OFFICIAL,BASE,15000000.0,0.2,855ec72b33750080e931adfebdc0da8f6bee7d0327dfd5ae2c9b81485e439f2e,OFFICIAL_BASE_855ec72b33750080e931adfebdc0da8f6bee7d0327dfd5ae2c9b81485e439f2e,True,True,HCC018,Roosevelt,TRT_002,Road Diet (4-to-3 Lane Conversion),BASE,352740.0,136669587.6734,136316847.6734,387.451346,False,UNKNOWN,DOCUMENTED_CMF_SCENARIO,12,OFFICIAL_BUDGET_SCENARIO; PROVISIONAL_PORTFOLIO_SCENARIO; ENGINEERING_REVIEW_REQUIRED
PORT_OFF_BASE_B15M_EQ20,OFFICIAL,BASE,15000000.0,0.2,855ec72b33750080e931adfebdc0da8f6bee7d0327dfd5ae2c9b81485e439f2e,OFFICIAL_BASE_855ec72b33750080e931adfebdc0da8f6bee7d0327dfd5ae2c9b81485e439f2e,True,True,HCC001,Devon,TRT_002,Road Diet (4-to-3 Lane Conversion),BASE,448830.0,131216216.9645,130767386.9645,292.351708,True,UNKNOWN,DOCUMENTED_CMF_SCENARIO,13,OFFICIAL_BUDGET_SCENARIO; PROVISIONAL_PORTFOLIO_SCENARIO; ENGINEERING_REVIEW_REQUIRED
PORT_OFF_BASE_B15M_EQ20,OFFICIAL,BASE,15000000.0,0.2,855ec72b33750080e931adfebdc0da8f6bee7d0327dfd5ae2c9b81485e439f2e,OFFICIAL_BASE_855ec72b33750080e931adfebdc0da8f6bee7d0327dfd5ae2c9b81485e439f2e,True,True,HCC024,Western,TRT_002,Road Diet (4-to-3 Lane Conversion),BASE,413850.0,124617371.9512,124203521.9512,301.117245,True,UNKNOWN,DOCUMENTED_CMF_SCENARIO,14,OFFICIAL_BUDGET_SCENARIO; PROVISIONAL_PORTFOLIO_SCENARIO; ENGINEERING_REVIEW_REQUIRED
PORT_OFF_BASE_B15M_EQ20,OFFICIAL,BASE,15000000.0,0.2,855ec72b33750080e931adfebdc0da8f6bee7d0327dfd5ae2c9b81485e439f2e,OFFICIAL_BASE_855ec72b33750080e931adfebdc0da8f6bee7d0327dfd5ae2c9b81485e439f2e,True,True,HCC030,87th,TRT_002,Road Diet (4-to-3 Lane Conversion),BASE,452370.0,119007535.6147,118555165.6147,263.075658,True,UNKNOWN,DOCUMENTED_CMF_SCENARIO,15,OFFICIAL_BUDGET_SCENARIO; PROVISIONAL_PORTFOLIO_SCENARIO; ENGINEERING_REVIEW_REQUIRED
PORT_OFF_BASE_B15M_EQ20,OFFICIAL,BASE,15000000.0,0.2,855ec72b33750080e931adfebdc0da8f6bee7d0327dfd5ae2c9b81485e439f2e,OFFICIAL_BASE_855ec72b33750080e931adfebdc0da8f6bee7d0327dfd5ae2c9b81485e439f2e,True,True,HCC027,Cottage Grove,TRT_002,Road Diet (4-to-3 Lane Conversion),BASE,454230.0,118015851.6338,117561621.6338,259.815185,True,UNKNOWN,DOCUMENTED_CMF_SCENARIO,16,OFFICIAL_BUDGET_SCENARIO; PROVISIONAL_PORTFOLIO_SCENARIO; ENGINEERING_REVIEW_REQUIRED
PORT_OFF_BASE_B15M_EQ20,OFFICIAL,BASE,15000000.0,0.2,855ec72b33750080e931adfebdc0da8f6bee7d0327dfd5ae2c9b81485e439f2e,OFFICIAL_BASE_855ec72b33750080e931adfebdc0da8f6bee7d0327dfd5ae2c9b81485e439f2e,True,True,HCC031,Stony Island,TRT_002,Road Diet (4-to-3 Lane Conversion),BASE,302730.0,117460806.4058,117158076.4058,388.005174,False,UNKNOWN,DOCUMENTED_CMF_SCENARIO,17,OFFICIAL_BUDGET_SCENARIO; PROVISIONAL_PORTFOLIO_SCENARIO; ENGINEERING_REVIEW_REQUIRED
PORT_OFF_BASE_B15M_EQ20,OFFICIAL,BASE,15000000.0,0.2,855ec72b33750080e931adfebdc0da8f6bee7d0327dfd5ae2c9b81485e439f2e,OFFICIAL_BASE_855ec72b33750080e931adfebdc0da8f6bee7d0327dfd5ae2c9b81485e439f2e,True,True,HCC026,Halsted,TRT_002,Road Diet (4-to-3 Lane Conversion),BASE,452070.0,108768343.2502,108316273.2502,240.600666,True,UNKNOWN,DOCUMENTED_CMF_SCENARIO,18,OFFICIAL_BUDGET_SCENARIO; PROVISIONAL_PORTFOLIO_SCENARIO; ENGINEERING_REVIEW_REQUIRED
PORT_OFF_BASE_B15M_EQ20,OFFICIAL,BASE,15000000.0,0.2,855ec72b33750080e931adfebdc0da8f6bee7d0327dfd5ae2c9b81485e439f2e,OFFICIAL_BASE_855ec72b33750080e931adfebdc0da8f6bee7d0327dfd5ae2c9b81485e439f2e,True,True,HCC011,North,TRT_002,Road Diet (4-to-3 Lane Conversion),BASE,306330.0,90747637.322,90441307.322,296.24143,True,UNKNOWN,DOCUMENTED_CMF_SCENARIO,19,OFFICIAL_BUDGET_SCENARIO; PROVISIONAL_PORTFOLIO_SCENARIO; ENGINEERING_REVIEW_REQUIRED
PORT_OFF_BASE_B15M_EQ20,OFFICIAL,BASE,15000000.0,0.2,855ec72b33750080e931adfebdc0da8f6bee7d0327dfd5ae2c9b81485e439f2e,OFFICIAL_BASE_855ec72b33750080e931adfebdc0da8f6bee7d0327dfd5ae2c9b81485e439f2e,True,True,HCC013,Chicago,TRT_002,Road Diet (4-to-3 Lane Conversion),BASE,302070.0,89865329.449,89563259.449,297.498359,True,UNKNOWN,DOCUMENTED_CMF_SCENARIO,20,OFFICIAL_BUDGET_SCENARIO; PROVISIONAL_PORTFOLIO_SCENARIO; ENGINEERING_REVIEW_REQUIRED
PORT_OFF_BASE_B15M_EQ20,OFFICIAL,BASE,15000000.0,0.2,855ec72b33750080e931adfebdc0da8f6bee7d0327dfd5ae2c9b81485e439f2e,OFFICIAL_BASE_855ec72b33750080e931adfebdc0da8f6bee7d0327dfd5ae2c9b81485e439f2e,True,True,HCC029,79th,TRT_002,Road Diet (4-to-3 Lane Conversion),BASE,337920.0,84947230.6221,84609310.6221,251.382666,True,UNKNOWN,DOCUMENTED_CMF_SCENARIO,21,OFFICIAL_BUDGET_SCENARIO; PROVISIONAL_PORTFOLIO_SCENARIO; ENGINEERING_REVIEW_REQUIRED
PORT_OFF_BASE_B15M_EQ20,OFFICIAL,BASE,15000000.0,0.2,855ec72b33750080e931adfebdc0da8f6bee7d0327dfd5ae2c9b81485e439f2e,OFFICIAL_BASE_855ec72b33750080e931adfebdc0da8f6bee7d0327dfd5ae2c9b81485e439f2e,True,True,HCC012,Chicago,TRT_002,Road Diet (4-to-3 Lane Conversion),BASE,303060.0,81822643.3899,81519583.3899,269.988264,True,UNKNOWN,DOCUMENTED_CMF_SCENARIO,22,OFFICIAL_BUDGET_SCENARIO; PROVISIONAL_PORTFOLIO_SCENARIO; ENGINEERING_REVIEW_REQUIRED
PORT_OFF_BASE_B15M_EQ20,OFFICIAL,BASE,15000000.0,0.2,855ec72b33750080e931adfebdc0da8f6bee7d0327dfd5ae2c9b81485e439f2e,OFFICIAL_BASE_855ec72b33750080e931adfebdc0da8f6bee7d0327dfd5ae2c9b81485e439f2e,True,True,HCC022,Garfield,TRT_002,Road Diet (4-to-3 Lane Conversion),BASE,452250.0,81739769.4948,81287519.4948,180.740231,True,UNKNOWN,DOCUMENTED_CMF_SCENARIO,23,OFFICIAL_BUDGET_SCENARIO; PROVISIONAL_PORTFOLIO_SCENARIO; ENGINEERING_REVIEW_REQUIRED
PORT_OFF_BASE_B15M_EQ20,OFFICIAL,BASE,15000000.0,0.2,855ec72b33750080e931adfebdc0da8f6bee7d0327dfd5ae2c9b81485e439f2e,OFFICIAL_BASE_855ec72b33750080e931adfebdc0da8f6bee7d0327dfd5ae2c9b81485e439f2e,True,True,HCC035,Ohio,TRT_002,Road Diet (4-to-3 Lane Conversion),BASE,260070.0,79954038.4135,79693968.4135,307.432762,False,UNKNOWN,DOCUMENTED_CMF_SCENARIO,24,OFFICIAL_BUDGET_SCENARIO; PROVISIONAL_PORTFOLIO_SCENARIO; ENGINEERING_REVIEW_REQUIRED
PORT_OFF_BASE_B15M_EQ20,OFFICIAL,BASE,15000000.0,0.2,855ec72b33750080e931adfebdc0da8f6bee7d0327dfd5ae2c9b81485e439f2e,OFFICIAL_BASE_855ec72b33750080e931adfebdc0da8f6bee7d0327dfd5ae2c9b81485e439f2e,True,True,HCC004,Belmont,TRT_002,Road Diet (4-to-3 Lane Conversion),BASE,301320.0,78471857.129,78170537.129,260.426978,False,UNKNOWN,DOCUMENTED_CMF_SCENARIO,25,OFFICIAL_BUDGET_SCENARIO; PROVISIONAL_PORTFOLIO_SCENARIO; ENGINEERING_REVIEW_REQUIRED
PORT_OFF_BASE_B15M_EQ20,OFFICIAL,BASE,15000000.0,0.2,855ec72b33750080e931adfebdc0da8f6bee7d0327dfd5ae2c9b81485e439f2e,OFFICIAL_BASE_855ec72b33750080e931adfebdc0da8f6bee7d0327dfd5ae2c9b81485e439f2e,True,True,HCC034,Ontario,TRT_002,Road Diet (4-to-3 Lane Conversion),BASE,260010.0,64176127.2349,63916117.2349,246.821765,False,UNKNOWN,DOCUMENTED_CMF_SCENARIO,26,OFFICIAL_BUDGET_SCENARIO; PROVISIONAL_PORTFOLIO_SCENARIO; ENGINEERING_REVIEW_REQUIRED
PORT_OFF_BASE_B15M_EQ20,OFFICIAL,BASE,15000000.0,0.2,855ec72b33750080e931adfebdc0da8f6bee7d0327dfd5ae2c9b81485e439f2e,OFFICIAL_BASE_855ec72b33750080e931adfebdc0da8f6bee7d0327dfd5ae2c9b81485e439f2e,True,True,HCC043,Congress,TRT_002,Road Diet (4-to-3 Lane Conversion),BASE,145470.0,59575653.4753,59430183.4753,409.539104,False,UNKNOWN,DOCUMENTED_CMF_SCENARIO,27,OFFICIAL_BUDGET_SCENARIO; PROVISIONAL_PORTFOLIO_SCENARIO; ENGINEERING_REVIEW_REQUIRED
PORT_OFF_BASE_B15M_EQ20,OFFICIAL,BASE,15000000.0,0.2,855ec72b33750080e931adfebdc0da8f6bee7d0327dfd5ae2c9b81485e439f2e,OFFICIAL_BASE_855ec72b33750080e931adfebdc0da8f6bee7d0327dfd5ae2c9b81485e439f2e,True,True,HCC003,Western,TRT_002,Road Diet (4-to-3 Lane Conversion),BASE,302430.0,59120874.7246,58818444.7246,195.486145,False,UNKNOWN,DOCUMENTED_CMF_SCENARIO,28,OFFICIAL_BUDGET_SCENARIO; PROVISIONAL_PORTFOLIO_SCENARIO; ENGINEERING_REVIEW_REQUIRED
PORT_OFF_BASE_B15M_EQ20,OFFICIAL,BASE,15000000.0,0.2,855ec72b33750080e931adfebdc0da8f6bee7d0327dfd5ae2c9b81485e439f2e,OFFICIAL_BASE_855ec72b33750080e931adfebdc0da8f6bee7d0327dfd5ae2c9b81485e439f2e,True,True,HCC040,Washington,TRT_002,Road Diet (4-to-3 Lane Conversion),BASE,191790.0,53116805.5292,52925015.5292,276.952946,False,UNKNOWN,DOCUMENTED_CMF_SCENARIO,29,OFFICIAL_BUDGET_SCENARIO; PROVISIONAL_PORTFOLIO_SCENARIO; ENGINEERING_REVIEW_REQUIRED
PORT_OFF_BASE_B15M_EQ20,OFFICIAL,BASE,15000000.0,0.2,855ec72b33750080e931adfebdc0da8f6bee7d0327dfd5ae2c9b81485e439f2e,OFFICIAL_BASE_855ec72b33750080e931adfebdc0da8f6bee7d0327dfd5ae2c9b81485e439f2e,True,True,HCC038,Fairbanks,TRT_002,Road Diet (4-to-3 Lane Conversion),BASE,112920.0,32127923.6162,32015003.6162,284.519338,False,UNKNOWN,DOCUMENTED_CMF_SCENARIO,30,OFFICIAL_BUDGET_SCENARIO; PROVISIONAL_PORTFOLIO_SCENARIO; ENGINEERING_REVIEW_REQUIRED
PORT_OFF_BASE_B15M_EQ20,OFFICIAL,BASE,15000000.0,0.2,855ec72b33750080e931adfebdc0da8f6bee7d0327dfd5ae2c9b81485e439f2e,OFFICIAL_BASE_855ec72b33750080e931adfebdc0da8f6bee7d0327dfd5ae2c9b81485e439f2e,True,True,HCC037,State,TRT_001,Pedestrian Refuge Islands & Medians,BASE,60000.0,25195602.2815,25135602.2815,419.926705,False,UNKNOWN,DOCUMENTED_CMF_SCENARIO,31,OFFICIAL_BUDGET_SCENARIO; PROVISIONAL_PORTFOLIO_SCENARIO; ENGINEERING_REVIEW_REQUIRED
PORT_OFF_BASE_B15M_EQ20,OFFICIAL,BASE,15000000.0,0.2,855ec72b33750080e931adfebdc0da8f6bee7d0327dfd5ae2c9b81485e439f2e,OFFICIAL_BASE_855ec72b33750080e931adfebdc0da8f6bee7d0327dfd5ae2c9b81485e439f2e,True,True,HCC041,Randolph,TRT_002,Road Diet (4-to-3 Lane Conversion),BASE,100350.0,24898742.9643,24798392.9643,248.119013,False,UNKNOWN,DOCUMENTED_CMF_SCENARIO,32,OFFICIAL_BUDGET_SCENARIO; PROVISIONAL_PORTFOLIO_SCENARIO; ENGINEERING_REVIEW_REQUIRED
PORT_OFF_BASE_B15M_EQ20,OFFICIAL,BASE,15000000.0,0.2,855ec72b33750080e931adfebdc0da8f6bee7d0327dfd5ae2c9b81485e439f2e,OFFICIAL_BASE_855ec72b33750080e931adfebdc0da8f6bee7d0327dfd5ae2c9b81485e439f2e,True,True,HCC042,Dearborn,TRT_002,Road Diet (4-to-3 Lane Conversion),BASE,104100.0,24259417.862,24155317.862,233.039557,False,UNKNOWN,DOCUMENTED_CMF_SCENARIO,33,OFFICIAL_BUDGET_SCENARIO; PROVISIONAL_PORTFOLIO_SCENARIO; ENGINEERING_REVIEW_REQUIRED
PORT_OFF_BASE_B15M_EQ20,OFFICIAL,BASE,15000000.0,0.2,855ec72b33750080e931adfebdc0da8f6bee7d0327dfd5ae2c9b81485e439f2e,OFFICIAL_BASE_855ec72b33750080e931adfebdc0da8f6bee7d0327dfd5ae2c9b81485e439f2e,True,True,HCC008,Milwaukee,TRT_001,Pedestrian Refuge Islands & Medians,BASE,120000.0,23441859.5801,23321859.5801,195.34883,False,UNKNOWN,DOCUMENTED_CMF_SCENARIO,34,OFFICIAL_BUDGET_SCENARIO; PROVISIONAL_PORTFOLIO_SCENARIO; ENGINEERING_REVIEW_REQUIRED
PORT_OFF_BASE_B15M_EQ20,OFFICIAL,BASE,15000000.0,0.2,855ec72b33750080e931adfebdc0da8f6bee7d0327dfd5ae2c9b81485e439f2e,OFFICIAL_BASE_855ec72b33750080e931adfebdc0da8f6bee7d0327dfd5ae2c9b81485e439f2e,True,True,HCC005,Clark,TRT_001,Pedestrian Refuge Islands & Medians,BASE,105000.0,22649593.807,22544593.807,215.710417,False,UNKNOWN,DOCUMENTED_CMF_SCENARIO,35,OFFICIAL_BUDGET_SCENARIO; PROVISIONAL_PORTFOLIO_SCENARIO; ENGINEERING_REVIEW_REQUIRED
PORT_OFF_BASE_B15M_EQ20,OFFICIAL,BASE,15000000.0,0.2,855ec72b33750080e931adfebdc0da8f6bee7d0327dfd5ae2c9b81485e439f2e,OFFICIAL_BASE_855ec72b33750080e931adfebdc0da8f6bee7d0327dfd5ae2c9b81485e439f2e,True,True,HCC033,Orleans,TRT_002,Road Diet (4-to-3 Lane Conversion),BASE,86490.0,22150628.7156,22064138.7156,256.10624,False,UNKNOWN,DOCUMENTED_CMF_SCENARIO,36,OFFICIAL_BUDGET_SCENARIO; PROVISIONAL_PORTFOLIO_SCENARIO; ENGINEERING_REVIEW_REQUIRED
PORT_OFF_BASE_B15M_EQ20,OFFICIAL,BASE,15000000.0,0.2,855ec72b33750080e931adfebdc0da8f6bee7d0327dfd5ae2c9b81485e439f2e,OFFICIAL_BASE_855ec72b33750080e931adfebdc0da8f6bee7d0327dfd5ae2c9b81485e439f2e,True,True,HCC014,Chicago,TRT_001,Pedestrian Refuge Islands & Medians,BASE,75000.0,20707246.8513,20632246.8513,276.096625,False,UNKNOWN,DOCUMENTED_CMF_SCENARIO,37,OFFICIAL_BUDGET_SCENARIO; PROVISIONAL_PORTFOLIO_SCENARIO; ENGINEERING_REVIEW_REQUIRED
PORT_OFF_BASE_B15M_EQ20,OFFICIAL,BASE,15000000.0,0.2,855ec72b33750080e931adfebdc0da8f6bee7d0327dfd5ae2c9b81485e439f2e,OFFICIAL_BASE_855ec72b33750080e931adfebdc0da8f6bee7d0327dfd5ae2c9b81485e439f2e,True,True,HCC019,Lake Shore Drive,TRT_001,Pedestrian Refuge Islands & Medians,BASE,90000.0,16594685.5556,16504685.5556,184.385395,False,UNKNOWN,DOCUMENTED_CMF_SCENARIO,38,OFFICIAL_BUDGET_SCENARIO; PROVISIONAL_PORTFOLIO_SCENARIO; ENGINEERING_REVIEW_REQUIRED
PORT_OFF_BASE_B15M_EQ20,OFFICIAL,BASE,15000000.0,0.2,855ec72b33750080e931adfebdc0da8f6bee7d0327dfd5ae2c9b81485e439f2e,OFFICIAL_BASE_855ec72b33750080e931adfebdc0da8f6bee7d0327dfd5ae2c9b81485e439f2e,True,True,HCC002,Broadway,TRT_001,Pedestrian Refuge Islands & Medians,BASE,60000.0,14810191.0164,14750191.0164,246.836517,False,UNKNOWN,DOCUMENTED_CMF_SCENARIO,39,OFFICIAL_BUDGET_SCENARIO; PROVISIONAL_PORTFOLIO_SCENARIO; ENGINEERING_REVIEW_REQUIRED
PORT_OFF_BASE_B15M_EQ20,OFFICIAL,BASE,15000000.0,0.2,855ec72b33750080e931adfebdc0da8f6bee7d0327dfd5ae2c9b81485e439f2e,OFFICIAL_BASE_855ec72b33750080e931adfebdc0da8f6bee7d0327dfd5ae2c9b81485e439f2e,True,True,HCC009,Damen,TRT_001,Pedestrian Refuge Islands & Medians,BASE,75000.0,12494963.011,12419963.011,166.599507,False,UNKNOWN,DOCUMENTED_CMF_SCENARIO,40,OFFICIAL_BUDGET_SCENARIO; PROVISIONAL_PORTFOLIO_SCENARIO; ENGINEERING_REVIEW_REQUIRED
PORT_OFF_BASE_B15M_EQ20,OFFICIAL,BASE,15000000.0,0.2,855ec72b33750080e931adfebdc0da8f6bee7d0327dfd5ae2c9b81485e439f2e,OFFICIAL_BASE_855ec72b33750080e931adfebdc0da8f6bee7d0327dfd5ae2c9b81485e439f2e,True,True,HCC028,Ashland,TRT_001,Pedestrian Refuge Islands & Medians,BASE,45000.0,12295676.7747,12250676.7747,273.237262,True,UNKNOWN,DOCUMENTED_CMF_SCENARIO,41,OFFICIAL_BUDGET_SCENARIO; PROVISIONAL_PORTFOLIO_SCENARIO; ENGINEERING_REVIEW_REQUIRED
PORT_OFF_BASE_B15M_EQ20,OFFICIAL,BASE,15000000.0,0.2,855ec72b33750080e931adfebdc0da8f6bee7d0327dfd5ae2c9b81485e439f2e,OFFICIAL_BASE_855ec72b33750080e931adfebdc0da8f6bee7d0327dfd5ae2c9b81485e439f2e,True,True,HCC036,LaSalle,TRT_001,Pedestrian Refuge Islands & Medians,BASE,15000.0,3948318.6544,3933318.6544,263.221244,False,UNKNOWN,DOCUMENTED_CMF_SCENARIO,42,OFFICIAL_BUDGET_SCENARIO; PROVISIONAL_PORTFOLIO_SCENARIO; ENGINEERING_REVIEW_REQUIRED
PORT_OFF_BASE_B15M_EQ30,OFFICIAL,BASE,15000000.0,0.3,855ec72b33750080e931adfebdc0da8f6bee7d0327dfd5ae2c9b81485e439f2e,OFFICIAL_BASE_855ec72b33750080e931adfebdc0da8f6bee7d0327dfd5ae2c9b81485e439f2e,False,False,HCC006,Fullerton,TRT_002,Road Diet (4-to-3 Lane Conversion),BASE,1248570.0,261085762.9777,259837192.9777,209.10783,False,UNKNOWN,DOCUMENTED_CMF_SCENARIO,1,OFFICIAL_BUDGET_SCENARIO; PROVISIONAL_PORTFOLIO_SCENARIO; ENGINEERING_REVIEW_REQUIRED
PORT_OFF_BASE_B15M_EQ30,OFFICIAL,BASE,15000000.0,0.3,855ec72b33750080e931adfebdc0da8f6bee7d0327dfd5ae2c9b81485e439f2e,OFFICIAL_BASE_855ec72b33750080e931adfebdc0da8f6bee7d0327dfd5ae2c9b81485e439f2e,False,False,HCC017,Pulaski,TRT_002,Road Diet (4-to-3 Lane Conversion),BASE,755940.0,249366509.2623,248610569.2623,329.876061,True,UNKNOWN,DOCUMENTED_CMF_SCENARIO,2,OFFICIAL_BUDGET_SCENARIO; PROVISIONAL_PORTFOLIO_SCENARIO; ENGINEERING_REVIEW_REQUIRED
PORT_OFF_BASE_B15M_EQ30,OFFICIAL,BASE,15000000.0,0.3,855ec72b33750080e931adfebdc0da8f6bee7d0327dfd5ae2c9b81485e439f2e,OFFICIAL_BASE_855ec72b33750080e931adfebdc0da8f6bee7d0327dfd5ae2c9b81485e439f2e,False,False,HCC016,Cicero,TRT_002,Road Diet (4-to-3 Lane Conversion),BASE,527460.0,234424612.8023,233897152.8023,444.440551,True,UNKNOWN,DOCUMENTED_CMF_SCENARIO,3,OFFICIAL_BUDGET_SCENARIO; PROVISIONAL_PORTFOLIO_SCENARIO; ENGINEERING_REVIEW_REQUIRED
PORT_OFF_BASE_B15M_EQ30,OFFICIAL,BASE,15000000.0,0.3,855ec72b33750080e931adfebdc0da8f6bee7d0327dfd5ae2c9b81485e439f2e,OFFICIAL_BASE_855ec72b33750080e931adfebdc0da8f6bee7d0327dfd5ae2c9b81485e439f2e,False,False,HCC032,Michigan,TRT_002,Road Diet (4-to-3 Lane Conversion),BASE,691950.0,232632764.02,231940814.02,336.198806,False,UNKNOWN,DOCUMENTED_CMF_SCENARIO,4,OFFICIAL_BUDGET_SCENARIO; PROVISIONAL_PORTFOLIO_SCENARIO; ENGINEERING_REVIEW_REQUIRED
PORT_OFF_BASE_B15M_EQ30,OFFICIAL,BASE,15000000.0,0.3,855ec72b33750080e931adfebdc0da8f6bee7d0327dfd5ae2c9b81485e439f2e,OFFICIAL_BASE_855ec72b33750080e931adfebdc0da8f6bee7d0327dfd5ae2c9b81485e439f2e,False,False,HCC025,Stony Island,TRT_002,Road Diet (4-to-3 Lane Conversion),BASE,603330.0,211541491.8085,210938161.8085,350.623194,True,UNKNOWN,DOCUMENTED_CMF_SCENARIO,5,OFFICIAL_BUDGET_SCENARIO; PROVISIONAL_PORTFOLIO_SCENARIO; ENGINEERING_REVIEW_REQUIRED
PORT_OFF_BASE_B15M_EQ30,OFFICIAL,BASE,15000000.0,0.3,855ec72b33750080e931adfebdc0da8f6bee7d0327dfd5ae2c9b81485e439f2e,OFFICIAL_BASE_855ec72b33750080e931adfebdc0da8f6bee7d0327dfd5ae2c9b81485e439f2e,False,False,HCC021,Pulaski,TRT_002,Road Diet (4-to-3 Lane Conversion),BASE,791460.0,208411208.1513,207619748.1513,263.325005,True,UNKNOWN,DOCUMENTED_CMF_SCENARIO,6,OFFICIAL_BUDGET_SCENARIO; PROVISIONAL_PORTFOLIO_SCENARIO; ENGINEERING_REVIEW_REQUIRED
PORT_OFF_BASE_B15M_EQ30,OFFICIAL,BASE,15000000.0,0.3,855ec72b33750080e931adfebdc0da8f6bee7d0327dfd5ae2c9b81485e439f2e,OFFICIAL_BASE_855ec72b33750080e931adfebdc0da8f6bee7d0327dfd5ae2c9b81485e439f2e,False,False,HCC015,Lake,TRT_002,Road Diet (4-to-3 Lane Conversion),BASE,571830.0,196799394.4306,196227564.4306,344.15717,True,UNKNOWN,DOCUMENTED_CMF_SCENARIO,7,OFFICIAL_BUDGET_SCENARIO; PROVISIONAL_PORTFOLIO_SCENARIO; ENGINEERING_REVIEW_REQUIRED
PORT_OFF_BASE_B15M_EQ30,OFFICIAL,BASE,15000000.0,0.3,855ec72b33750080e931adfebdc0da8f6bee7d0327dfd5ae2c9b81485e439f2e,OFFICIAL_BASE_855ec72b33750080e931adfebdc0da8f6bee7d0327dfd5ae2c9b81485e439f2e,False,False,HCC010,Ashland,TRT_002,Road Diet (4-to-3 Lane Conversion),BASE,1012500.0,180448555.9594,179436055.9594,178.220796,False,UNKNOWN,DOCUMENTED_CMF_SCENARIO,8,OFFICIAL_BUDGET_SCENARIO; PROVISIONAL_PORTFOLIO_SCENARIO; ENGINEERING_REVIEW_REQUIRED
PORT_OFF_BASE_B15M_EQ30,OFFICIAL,BASE,15000000.0,0.3,855ec72b33750080e931adfebdc0da8f6bee7d0327dfd5ae2c9b81485e439f2e,OFFICIAL_BASE_855ec72b33750080e931adfebdc0da8f6bee7d0327dfd5ae2c9b81485e439f2e,False,False,HCC023,Ashland,TRT_002,Road Diet (4-to-3 Lane Conversion),BASE,376800.0,152356834.9555,151980034.9555,404.344042,True,UNKNOWN,DOCUMENTED_CMF_SCENARIO,9,OFFICIAL_BUDGET_SCENARIO; PROVISIONAL_PORTFOLIO_SCENARIO; ENGINEERING_REVIEW_REQUIRED
PORT_OFF_BASE_B15M_EQ30,OFFICIAL,BASE,15000000.0,0.3,855ec72b33750080e931adfebdc0da8f6bee7d0327dfd5ae2c9b81485e439f2e,OFFICIAL_BASE_855ec72b33750080e931adfebdc0da8f6bee7d0327dfd5ae2c9b81485e439f2e,False,False,HCC007,Western,TRT_002,Road Diet (4-to-3 Lane Conversion),BASE,787920.0,145232427.5956,144444507.5956,184.323824,False,UNKNOWN,DOCUMENTED_CMF_SCENARIO,10,OFFICIAL_BUDGET_SCENARIO; PROVISIONAL_PORTFOLIO_SCENARIO; ENGINEERING_REVIEW_REQUIRED
PORT_OFF_BASE_B15M_EQ30,OFFICIAL,BASE,15000000.0,0.3,855ec72b33750080e931adfebdc0da8f6bee7d0327dfd5ae2c9b81485e439f2e,OFFICIAL_BASE_855ec72b33750080e931adfebdc0da8f6bee7d0327dfd5ae2c9b81485e439f2e,False,False,HCC039,Wacker,TRT_002,Road Diet (4-to-3 Lane Conversion),BASE,528900.0,139944722.3077,139415822.3077,264.595807,False,UNKNOWN,DOCUMENTED_CMF_SCENARIO,11,OFFICIAL_BUDGET_SCENARIO; PROVISIONAL_PORTFOLIO_SCENARIO; ENGINEERING_REVIEW_REQUIRED
PORT_OFF_BASE_B15M_EQ30,OFFICIAL,BASE,15000000.0,0.3,855ec72b33750080e931adfebdc0da8f6bee7d0327dfd5ae2c9b81485e439f2e,OFFICIAL_BASE_855ec72b33750080e931adfebdc0da8f6bee7d0327dfd5ae2c9b81485e439f2e,False,False,HCC018,Roosevelt,TRT_002,Road Diet (4-to-3 Lane Conversion),BASE,352740.0,136669587.6734,136316847.6734,387.451346,False,UNKNOWN,DOCUMENTED_CMF_SCENARIO,12,OFFICIAL_BUDGET_SCENARIO; PROVISIONAL_PORTFOLIO_SCENARIO; ENGINEERING_REVIEW_REQUIRED
PORT_OFF_BASE_B15M_EQ30,OFFICIAL,BASE,15000000.0,0.3,855ec72b33750080e931adfebdc0da8f6bee7d0327dfd5ae2c9b81485e439f2e,OFFICIAL_BASE_855ec72b33750080e931adfebdc0da8f6bee7d0327dfd5ae2c9b81485e439f2e,False,False,HCC001,Devon,TRT_002,Road Diet (4-to-3 Lane Conversion),BASE,448830.0,131216216.9645,130767386.9645,292.351708,True,UNKNOWN,DOCUMENTED_CMF_SCENARIO,13,OFFICIAL_BUDGET_SCENARIO; PROVISIONAL_PORTFOLIO_SCENARIO; ENGINEERING_REVIEW_REQUIRED
PORT_OFF_BASE_B15M_EQ30,OFFICIAL,BASE,15000000.0,0.3,855ec72b33750080e931adfebdc0da8f6bee7d0327dfd5ae2c9b81485e439f2e,OFFICIAL_BASE_855ec72b33750080e931adfebdc0da8f6bee7d0327dfd5ae2c9b81485e439f2e,False,False,HCC024,Western,TRT_002,Road Diet (4-to-3 Lane Conversion),BASE,413850.0,124617371.9512,124203521.9512,301.117245,True,UNKNOWN,DOCUMENTED_CMF_SCENARIO,14,OFFICIAL_BUDGET_SCENARIO; PROVISIONAL_PORTFOLIO_SCENARIO; ENGINEERING_REVIEW_REQUIRED
PORT_OFF_BASE_B15M_EQ30,OFFICIAL,BASE,15000000.0,0.3,855ec72b33750080e931adfebdc0da8f6bee7d0327dfd5ae2c9b81485e439f2e,OFFICIAL_BASE_855ec72b33750080e931adfebdc0da8f6bee7d0327dfd5ae2c9b81485e439f2e,False,False,HCC030,87th,TRT_002,Road Diet (4-to-3 Lane Conversion),BASE,452370.0,119007535.6147,118555165.6147,263.075658,True,UNKNOWN,DOCUMENTED_CMF_SCENARIO,15,OFFICIAL_BUDGET_SCENARIO; PROVISIONAL_PORTFOLIO_SCENARIO; ENGINEERING_REVIEW_REQUIRED
PORT_OFF_BASE_B15M_EQ30,OFFICIAL,BASE,15000000.0,0.3,855ec72b33750080e931adfebdc0da8f6bee7d0327dfd5ae2c9b81485e439f2e,OFFICIAL_BASE_855ec72b33750080e931adfebdc0da8f6bee7d0327dfd5ae2c9b81485e439f2e,False,False,HCC027,Cottage Grove,TRT_002,Road Diet (4-to-3 Lane Conversion),BASE,454230.0,118015851.6338,117561621.6338,259.815185,True,UNKNOWN,DOCUMENTED_CMF_SCENARIO,16,OFFICIAL_BUDGET_SCENARIO; PROVISIONAL_PORTFOLIO_SCENARIO; ENGINEERING_REVIEW_REQUIRED
PORT_OFF_BASE_B15M_EQ30,OFFICIAL,BASE,15000000.0,0.3,855ec72b33750080e931adfebdc0da8f6bee7d0327dfd5ae2c9b81485e439f2e,OFFICIAL_BASE_855ec72b33750080e931adfebdc0da8f6bee7d0327dfd5ae2c9b81485e439f2e,False,False,HCC031,Stony Island,TRT_002,Road Diet (4-to-3 Lane Conversion),BASE,302730.0,117460806.4058,117158076.4058,388.005174,False,UNKNOWN,DOCUMENTED_CMF_SCENARIO,17,OFFICIAL_BUDGET_SCENARIO; PROVISIONAL_PORTFOLIO_SCENARIO; ENGINEERING_REVIEW_REQUIRED
PORT_OFF_BASE_B15M_EQ30,OFFICIAL,BASE,15000000.0,0.3,855ec72b33750080e931adfebdc0da8f6bee7d0327dfd5ae2c9b81485e439f2e,OFFICIAL_BASE_855ec72b33750080e931adfebdc0da8f6bee7d0327dfd5ae2c9b81485e439f2e,False,False,HCC026,Halsted,TRT_002,Road Diet (4-to-3 Lane Conversion),BASE,452070.0,108768343.2502,108316273.2502,240.600666,True,UNKNOWN,DOCUMENTED_CMF_SCENARIO,18,OFFICIAL_BUDGET_SCENARIO; PROVISIONAL_PORTFOLIO_SCENARIO; ENGINEERING_REVIEW_REQUIRED
PORT_OFF_BASE_B15M_EQ30,OFFICIAL,BASE,15000000.0,0.3,855ec72b33750080e931adfebdc0da8f6bee7d0327dfd5ae2c9b81485e439f2e,OFFICIAL_BASE_855ec72b33750080e931adfebdc0da8f6bee7d0327dfd5ae2c9b81485e439f2e,False,False,HCC011,North,TRT_002,Road Diet (4-to-3 Lane Conversion),BASE,306330.0,90747637.322,90441307.322,296.24143,True,UNKNOWN,DOCUMENTED_CMF_SCENARIO,19,OFFICIAL_BUDGET_SCENARIO; PROVISIONAL_PORTFOLIO_SCENARIO; ENGINEERING_REVIEW_REQUIRED
PORT_OFF_BASE_B15M_EQ30,OFFICIAL,BASE,15000000.0,0.3,855ec72b33750080e931adfebdc0da8f6bee7d0327dfd5ae2c9b81485e439f2e,OFFICIAL_BASE_855ec72b33750080e931adfebdc0da8f6bee7d0327dfd5ae2c9b81485e439f2e,False,False,HCC013,Chicago,TRT_002,Road Diet (4-to-3 Lane Conversion),BASE,302070.0,89865329.449,89563259.449,297.498359,True,UNKNOWN,DOCUMENTED_CMF_SCENARIO,20,OFFICIAL_BUDGET_SCENARIO; PROVISIONAL_PORTFOLIO_SCENARIO; ENGINEERING_REVIEW_REQUIRED
PORT_OFF_BASE_B15M_EQ30,OFFICIAL,BASE,15000000.0,0.3,855ec72b33750080e931adfebdc0da8f6bee7d0327dfd5ae2c9b81485e439f2e,OFFICIAL_BASE_855ec72b33750080e931adfebdc0da8f6bee7d0327dfd5ae2c9b81485e439f2e,False,False,HCC029,79th,TRT_002,Road Diet (4-to-3 Lane Conversion),BASE,337920.0,84947230.6221,84609310.6221,251.382666,True,UNKNOWN,DOCUMENTED_CMF_SCENARIO,21,OFFICIAL_BUDGET_SCENARIO; PROVISIONAL_PORTFOLIO_SCENARIO; ENGINEERING_REVIEW_REQUIRED
PORT_OFF_BASE_B15M_EQ30,OFFICIAL,BASE,15000000.0,0.3,855ec72b33750080e931adfebdc0da8f6bee7d0327dfd5ae2c9b81485e439f2e,OFFICIAL_BASE_855ec72b33750080e931adfebdc0da8f6bee7d0327dfd5ae2c9b81485e439f2e,False,False,HCC012,Chicago,TRT_002,Road Diet (4-to-3 Lane Conversion),BASE,303060.0,81822643.3899,81519583.3899,269.988264,True,UNKNOWN,DOCUMENTED_CMF_SCENARIO,22,OFFICIAL_BUDGET_SCENARIO; PROVISIONAL_PORTFOLIO_SCENARIO; ENGINEERING_REVIEW_REQUIRED
PORT_OFF_BASE_B15M_EQ30,OFFICIAL,BASE,15000000.0,0.3,855ec72b33750080e931adfebdc0da8f6bee7d0327dfd5ae2c9b81485e439f2e,OFFICIAL_BASE_855ec72b33750080e931adfebdc0da8f6bee7d0327dfd5ae2c9b81485e439f2e,False,False,HCC022,Garfield,TRT_002,Road Diet (4-to-3 Lane Conversion),BASE,452250.0,81739769.4948,81287519.4948,180.740231,True,UNKNOWN,DOCUMENTED_CMF_SCENARIO,23,OFFICIAL_BUDGET_SCENARIO; PROVISIONAL_PORTFOLIO_SCENARIO; ENGINEERING_REVIEW_REQUIRED
PORT_OFF_BASE_B15M_EQ30,OFFICIAL,BASE,15000000.0,0.3,855ec72b33750080e931adfebdc0da8f6bee7d0327dfd5ae2c9b81485e439f2e,OFFICIAL_BASE_855ec72b33750080e931adfebdc0da8f6bee7d0327dfd5ae2c9b81485e439f2e,False,False,HCC035,Ohio,TRT_002,Road Diet (4-to-3 Lane Conversion),BASE,260070.0,79954038.4135,79693968.4135,307.432762,False,UNKNOWN,DOCUMENTED_CMF_SCENARIO,24,OFFICIAL_BUDGET_SCENARIO; PROVISIONAL_PORTFOLIO_SCENARIO; ENGINEERING_REVIEW_REQUIRED
PORT_OFF_BASE_B15M_EQ30,OFFICIAL,BASE,15000000.0,0.3,855ec72b33750080e931adfebdc0da8f6bee7d0327dfd5ae2c9b81485e439f2e,OFFICIAL_BASE_855ec72b33750080e931adfebdc0da8f6bee7d0327dfd5ae2c9b81485e439f2e,False,False,HCC004,Belmont,TRT_002,Road Diet (4-to-3 Lane Conversion),BASE,301320.0,78471857.129,78170537.129,260.426978,False,UNKNOWN,DOCUMENTED_CMF_SCENARIO,25,OFFICIAL_BUDGET_SCENARIO; PROVISIONAL_PORTFOLIO_SCENARIO; ENGINEERING_REVIEW_REQUIRED
PORT_OFF_BASE_B15M_EQ30,OFFICIAL,BASE,15000000.0,0.3,855ec72b33750080e931adfebdc0da8f6bee7d0327dfd5ae2c9b81485e439f2e,OFFICIAL_BASE_855ec72b33750080e931adfebdc0da8f6bee7d0327dfd5ae2c9b81485e439f2e,False,False,HCC034,Ontario,TRT_002,Road Diet (4-to-3 Lane Conversion),BASE,260010.0,64176127.2349,63916117.2349,246.821765,False,UNKNOWN,DOCUMENTED_CMF_SCENARIO,26,OFFICIAL_BUDGET_SCENARIO; PROVISIONAL_PORTFOLIO_SCENARIO; ENGINEERING_REVIEW_REQUIRED
PORT_OFF_BASE_B15M_EQ30,OFFICIAL,BASE,15000000.0,0.3,855ec72b33750080e931adfebdc0da8f6bee7d0327dfd5ae2c9b81485e439f2e,OFFICIAL_BASE_855ec72b33750080e931adfebdc0da8f6bee7d0327dfd5ae2c9b81485e439f2e,False,False,HCC043,Congress,TRT_002,Road Diet (4-to-3 Lane Conversion),BASE,145470.0,59575653.4753,59430183.4753,409.539104,False,UNKNOWN,DOCUMENTED_CMF_SCENARIO,27,OFFICIAL_BUDGET_SCENARIO; PROVISIONAL_PORTFOLIO_SCENARIO; ENGINEERING_REVIEW_REQUIRED
PORT_OFF_BASE_B15M_EQ30,OFFICIAL,BASE,15000000.0,0.3,855ec72b33750080e931adfebdc0da8f6bee7d0327dfd5ae2c9b81485e439f2e,OFFICIAL_BASE_855ec72b33750080e931adfebdc0da8f6bee7d0327dfd5ae2c9b81485e439f2e,False,False,HCC003,Western,TRT_002,Road Diet (4-to-3 Lane Conversion),BASE,302430.0,59120874.7246,58818444.7246,195.486145,False,UNKNOWN,DOCUMENTED_CMF_SCENARIO,28,OFFICIAL_BUDGET_SCENARIO; PROVISIONAL_PORTFOLIO_SCENARIO; ENGINEERING_REVIEW_REQUIRED
PORT_OFF_BASE_B15M_EQ30,OFFICIAL,BASE,15000000.0,0.3,855ec72b33750080e931adfebdc0da8f6bee7d0327dfd5ae2c9b81485e439f2e,OFFICIAL_BASE_855ec72b33750080e931adfebdc0da8f6bee7d0327dfd5ae2c9b81485e439f2e,False,False,HCC040,Washington,TRT_002,Road Diet (4-to-3 Lane Conversion),BASE,191790.0,53116805.5292,52925015.5292,276.952946,False,UNKNOWN,DOCUMENTED_CMF_SCENARIO,29,OFFICIAL_BUDGET_SCENARIO; PROVISIONAL_PORTFOLIO_SCENARIO; ENGINEERING_REVIEW_REQUIRED
PORT_OFF_BASE_B15M_EQ30,OFFICIAL,BASE,15000000.0,0.3,855ec72b33750080e931adfebdc0da8f6bee7d0327dfd5ae2c9b81485e439f2e,OFFICIAL_BASE_855ec72b33750080e931adfebdc0da8f6bee7d0327dfd5ae2c9b81485e439f2e,False,False,HCC038,Fairbanks,TRT_002,Road Diet (4-to-3 Lane Conversion),BASE,112920.0,32127923.6162,32015003.6162,284.519338,False,UNKNOWN,DOCUMENTED_CMF_SCENARIO,30,OFFICIAL_BUDGET_SCENARIO; PROVISIONAL_PORTFOLIO_SCENARIO; ENGINEERING_REVIEW_REQUIRED
PORT_OFF_BASE_B15M_EQ30,OFFICIAL,BASE,15000000.0,0.3,855ec72b33750080e931adfebdc0da8f6bee7d0327dfd5ae2c9b81485e439f2e,OFFICIAL_BASE_855ec72b33750080e931adfebdc0da8f6bee7d0327dfd5ae2c9b81485e439f2e,False,False,HCC037,State,TRT_001,Pedestrian Refuge Islands & Medians,BASE,60000.0,25195602.2815,25135602.2815,419.926705,False,UNKNOWN,DOCUMENTED_CMF_SCENARIO,31,OFFICIAL_BUDGET_SCENARIO; PROVISIONAL_PORTFOLIO_SCENARIO; ENGINEERING_REVIEW_REQUIRED
PORT_OFF_BASE_B15M_EQ30,OFFICIAL,BASE,15000000.0,0.3,855ec72b33750080e931adfebdc0da8f6bee7d0327dfd5ae2c9b81485e439f2e,OFFICIAL_BASE_855ec72b33750080e931adfebdc0da8f6bee7d0327dfd5ae2c9b81485e439f2e,False,False,HCC041,Randolph,TRT_002,Road Diet (4-to-3 Lane Conversion),BASE,100350.0,24898742.9643,24798392.9643,248.119013,False,UNKNOWN,DOCUMENTED_CMF_SCENARIO,32,OFFICIAL_BUDGET_SCENARIO; PROVISIONAL_PORTFOLIO_SCENARIO; ENGINEERING_REVIEW_REQUIRED
PORT_OFF_BASE_B15M_EQ30,OFFICIAL,BASE,15000000.0,0.3,855ec72b33750080e931adfebdc0da8f6bee7d0327dfd5ae2c9b81485e439f2e,OFFICIAL_BASE_855ec72b33750080e931adfebdc0da8f6bee7d0327dfd5ae2c9b81485e439f2e,False,False,HCC042,Dearborn,TRT_002,Road Diet (4-to-3 Lane Conversion),BASE,104100.0,24259417.862,24155317.862,233.039557,False,UNKNOWN,DOCUMENTED_CMF_SCENARIO,33,OFFICIAL_BUDGET_SCENARIO; PROVISIONAL_PORTFOLIO_SCENARIO; ENGINEERING_REVIEW_REQUIRED
PORT_OFF_BASE_B15M_EQ30,OFFICIAL,BASE,15000000.0,0.3,855ec72b33750080e931adfebdc0da8f6bee7d0327dfd5ae2c9b81485e439f2e,OFFICIAL_BASE_855ec72b33750080e931adfebdc0da8f6bee7d0327dfd5ae2c9b81485e439f2e,False,False,HCC008,Milwaukee,TRT_001,Pedestrian Refuge Islands & Medians,BASE,120000.0,23441859.5801,23321859.5801,195.34883,False,UNKNOWN,DOCUMENTED_CMF_SCENARIO,34,OFFICIAL_BUDGET_SCENARIO; PROVISIONAL_PORTFOLIO_SCENARIO; ENGINEERING_REVIEW_REQUIRED
PORT_OFF_BASE_B15M_EQ30,OFFICIAL,BASE,15000000.0,0.3,855ec72b33750080e931adfebdc0da8f6bee7d0327dfd5ae2c9b81485e439f2e,OFFICIAL_BASE_855ec72b33750080e931adfebdc0da8f6bee7d0327dfd5ae2c9b81485e439f2e,False,False,HCC005,Clark,TRT_001,Pedestrian Refuge Islands & Medians,BASE,105000.0,22649593.807,22544593.807,215.710417,False,UNKNOWN,DOCUMENTED_CMF_SCENARIO,35,OFFICIAL_BUDGET_SCENARIO; PROVISIONAL_PORTFOLIO_SCENARIO; ENGINEERING_REVIEW_REQUIRED
PORT_OFF_BASE_B15M_EQ30,OFFICIAL,BASE,15000000.0,0.3,855ec72b33750080e931adfebdc0da8f6bee7d0327dfd5ae2c9b81485e439f2e,OFFICIAL_BASE_855ec72b33750080e931adfebdc0da8f6bee7d0327dfd5ae2c9b81485e439f2e,False,False,HCC033,Orleans,TRT_002,Road Diet (4-to-3 Lane Conversion),BASE,86490.0,22150628.7156,22064138.7156,256.10624,False,UNKNOWN,DOCUMENTED_CMF_SCENARIO,36,OFFICIAL_BUDGET_SCENARIO; PROVISIONAL_PORTFOLIO_SCENARIO; ENGINEERING_REVIEW_REQUIRED
PORT_OFF_BASE_B15M_EQ30,OFFICIAL,BASE,15000000.0,0.3,855ec72b33750080e931adfebdc0da8f6bee7d0327dfd5ae2c9b81485e439f2e,OFFICIAL_BASE_855ec72b33750080e931adfebdc0da8f6bee7d0327dfd5ae2c9b81485e439f2e,False,False,HCC014,Chicago,TRT_001,Pedestrian Refuge Islands & Medians,BASE,75000.0,20707246.8513,20632246.8513,276.096625,False,UNKNOWN,DOCUMENTED_CMF_SCENARIO,37,OFFICIAL_BUDGET_SCENARIO; PROVISIONAL_PORTFOLIO_SCENARIO; ENGINEERING_REVIEW_REQUIRED
PORT_OFF_BASE_B15M_EQ30,OFFICIAL,BASE,15000000.0,0.3,855ec72b33750080e931adfebdc0da8f6bee7d0327dfd5ae2c9b81485e439f2e,OFFICIAL_BASE_855ec72b33750080e931adfebdc0da8f6bee7d0327dfd5ae2c9b81485e439f2e,False,False,HCC019,Lake Shore Drive,TRT_001,Pedestrian Refuge Islands & Medians,BASE,90000.0,16594685.5556,16504685.5556,184.385395,False,UNKNOWN,DOCUMENTED_CMF_SCENARIO,38,OFFICIAL_BUDGET_SCENARIO; PROVISIONAL_PORTFOLIO_SCENARIO; ENGINEERING_REVIEW_REQUIRED
PORT_OFF_BASE_B15M_EQ30,OFFICIAL,BASE,15000000.0,0.3,855ec72b33750080e931adfebdc0da8f6bee7d0327dfd5ae2c9b81485e439f2e,OFFICIAL_BASE_855ec72b33750080e931adfebdc0da8f6bee7d0327dfd5ae2c9b81485e439f2e,False,False,HCC002,Broadway,TRT_001,Pedestrian Refuge Islands & Medians,BASE,60000.0,14810191.0164,14750191.0164,246.836517,False,UNKNOWN,DOCUMENTED_CMF_SCENARIO,39,OFFICIAL_BUDGET_SCENARIO; PROVISIONAL_PORTFOLIO_SCENARIO; ENGINEERING_REVIEW_REQUIRED
PORT_OFF_BASE_B15M_EQ30,OFFICIAL,BASE,15000000.0,0.3,855ec72b33750080e931adfebdc0da8f6bee7d0327dfd5ae2c9b81485e439f2e,OFFICIAL_BASE_855ec72b33750080e931adfebdc0da8f6bee7d0327dfd5ae2c9b81485e439f2e,False,False,HCC009,Damen,TRT_001,Pedestrian Refuge Islands & Medians,BASE,75000.0,12494963.011,12419963.011,166.599507,False,UNKNOWN,DOCUMENTED_CMF_SCENARIO,40,OFFICIAL_BUDGET_SCENARIO; PROVISIONAL_PORTFOLIO_SCENARIO; ENGINEERING_REVIEW_REQUIRED
PORT_OFF_BASE_B15M_EQ30,OFFICIAL,BASE,15000000.0,0.3,855ec72b33750080e931adfebdc0da8f6bee7d0327dfd5ae2c9b81485e439f2e,OFFICIAL_BASE_855ec72b33750080e931adfebdc0da8f6bee7d0327dfd5ae2c9b81485e439f2e,False,False,HCC028,Ashland,TRT_001,Pedestrian Refuge Islands & Medians,BASE,45000.0,12295676.7747,12250676.7747,273.237262,True,UNKNOWN,DOCUMENTED_CMF_SCENARIO,41,OFFICIAL_BUDGET_SCENARIO; PROVISIONAL_PORTFOLIO_SCENARIO; ENGINEERING_REVIEW_REQUIRED
PORT_OFF_BASE_B15M_EQ30,OFFICIAL,BASE,15000000.0,0.3,855ec72b33750080e931adfebdc0da8f6bee7d0327dfd5ae2c9b81485e439f2e,OFFICIAL_BASE_855ec72b33750080e931adfebdc0da8f6bee7d0327dfd5ae2c9b81485e439f2e,False,False,HCC036,LaSalle,TRT_001,Pedestrian Refuge Islands & Medians,BASE,15000.0,3948318.6544,3933318.6544,263.221244,False,UNKNOWN,DOCUMENTED_CMF_SCENARIO,42,OFFICIAL_BUDGET_SCENARIO; PROVISIONAL_PORTFOLIO_SCENARIO; ENGINEERING_REVIEW_REQUIRED
PORT_OFF_BASE_B15M_EQ40,OFFICIAL,BASE,15000000.0,0.4,855ec72b33750080e931adfebdc0da8f6bee7d0327dfd5ae2c9b81485e439f2e,OFFICIAL_BASE_855ec72b33750080e931adfebdc0da8f6bee7d0327dfd5ae2c9b81485e439f2e,False,False,HCC006,Fullerton,TRT_002,Road Diet (4-to-3 Lane Conversion),BASE,1248570.0,261085762.9777,259837192.9777,209.10783,False,UNKNOWN,DOCUMENTED_CMF_SCENARIO,1,OFFICIAL_BUDGET_SCENARIO; PROVISIONAL_PORTFOLIO_SCENARIO; ENGINEERING_REVIEW_REQUIRED
PORT_OFF_BASE_B15M_EQ40,OFFICIAL,BASE,15000000.0,0.4,855ec72b33750080e931adfebdc0da8f6bee7d0327dfd5ae2c9b81485e439f2e,OFFICIAL_BASE_855ec72b33750080e931adfebdc0da8f6bee7d0327dfd5ae2c9b81485e439f2e,False,False,HCC017,Pulaski,TRT_002,Road Diet (4-to-3 Lane Conversion),BASE,755940.0,249366509.2623,248610569.2623,329.876061,True,UNKNOWN,DOCUMENTED_CMF_SCENARIO,2,OFFICIAL_BUDGET_SCENARIO; PROVISIONAL_PORTFOLIO_SCENARIO; ENGINEERING_REVIEW_REQUIRED
PORT_OFF_BASE_B15M_EQ40,OFFICIAL,BASE,15000000.0,0.4,855ec72b33750080e931adfebdc0da8f6bee7d0327dfd5ae2c9b81485e439f2e,OFFICIAL_BASE_855ec72b33750080e931adfebdc0da8f6bee7d0327dfd5ae2c9b81485e439f2e,False,False,HCC016,Cicero,TRT_002,Road Diet (4-to-3 Lane Conversion),BASE,527460.0,234424612.8023,233897152.8023,444.440551,True,UNKNOWN,DOCUMENTED_CMF_SCENARIO,3,OFFICIAL_BUDGET_SCENARIO; PROVISIONAL_PORTFOLIO_SCENARIO; ENGINEERING_REVIEW_REQUIRED
PORT_OFF_BASE_B15M_EQ40,OFFICIAL,BASE,15000000.0,0.4,855ec72b33750080e931adfebdc0da8f6bee7d0327dfd5ae2c9b81485e439f2e,OFFICIAL_BASE_855ec72b33750080e931adfebdc0da8f6bee7d0327dfd5ae2c9b81485e439f2e,False,False,HCC032,Michigan,TRT_002,Road Diet (4-to-3 Lane Conversion),BASE,691950.0,232632764.02,231940814.02,336.198806,False,UNKNOWN,DOCUMENTED_CMF_SCENARIO,4,OFFICIAL_BUDGET_SCENARIO; PROVISIONAL_PORTFOLIO_SCENARIO; ENGINEERING_REVIEW_REQUIRED
PORT_OFF_BASE_B15M_EQ40,OFFICIAL,BASE,15000000.0,0.4,855ec72b33750080e931adfebdc0da8f6bee7d0327dfd5ae2c9b81485e439f2e,OFFICIAL_BASE_855ec72b33750080e931adfebdc0da8f6bee7d0327dfd5ae2c9b81485e439f2e,False,False,HCC025,Stony Island,TRT_002,Road Diet (4-to-3 Lane Conversion),BASE,603330.0,211541491.8085,210938161.8085,350.623194,True,UNKNOWN,DOCUMENTED_CMF_SCENARIO,5,OFFICIAL_BUDGET_SCENARIO; PROVISIONAL_PORTFOLIO_SCENARIO; ENGINEERING_REVIEW_REQUIRED
PORT_OFF_BASE_B15M_EQ40,OFFICIAL,BASE,15000000.0,0.4,855ec72b33750080e931adfebdc0da8f6bee7d0327dfd5ae2c9b81485e439f2e,OFFICIAL_BASE_855ec72b33750080e931adfebdc0da8f6bee7d0327dfd5ae2c9b81485e439f2e,False,False,HCC021,Pulaski,TRT_002,Road Diet (4-to-3 Lane Conversion),BASE,791460.0,208411208.1513,207619748.1513,263.325005,True,UNKNOWN,DOCUMENTED_CMF_SCENARIO,6,OFFICIAL_BUDGET_SCENARIO; PROVISIONAL_PORTFOLIO_SCENARIO; ENGINEERING_REVIEW_REQUIRED
PORT_OFF_BASE_B15M_EQ40,OFFICIAL,BASE,15000000.0,0.4,855ec72b33750080e931adfebdc0da8f6bee7d0327dfd5ae2c9b81485e439f2e,OFFICIAL_BASE_855ec72b33750080e931adfebdc0da8f6bee7d0327dfd5ae2c9b81485e439f2e,False,False,HCC015,Lake,TRT_002,Road Diet (4-to-3 Lane Conversion),BASE,571830.0,196799394.4306,196227564.4306,344.15717,True,UNKNOWN,DOCUMENTED_CMF_SCENARIO,7,OFFICIAL_BUDGET_SCENARIO; PROVISIONAL_PORTFOLIO_SCENARIO; ENGINEERING_REVIEW_REQUIRED
PORT_OFF_BASE_B15M_EQ40,OFFICIAL,BASE,15000000.0,0.4,855ec72b33750080e931adfebdc0da8f6bee7d0327dfd5ae2c9b81485e439f2e,OFFICIAL_BASE_855ec72b33750080e931adfebdc0da8f6bee7d0327dfd5ae2c9b81485e439f2e,False,False,HCC010,Ashland,TRT_002,Road Diet (4-to-3 Lane Conversion),BASE,1012500.0,180448555.9594,179436055.9594,178.220796,False,UNKNOWN,DOCUMENTED_CMF_SCENARIO,8,OFFICIAL_BUDGET_SCENARIO; PROVISIONAL_PORTFOLIO_SCENARIO; ENGINEERING_REVIEW_REQUIRED
PORT_OFF_BASE_B15M_EQ40,OFFICIAL,BASE,15000000.0,0.4,855ec72b33750080e931adfebdc0da8f6bee7d0327dfd5ae2c9b81485e439f2e,OFFICIAL_BASE_855ec72b33750080e931adfebdc0da8f6bee7d0327dfd5ae2c9b81485e439f2e,False,False,HCC023,Ashland,TRT_002,Road Diet (4-to-3 Lane Conversion),BASE,376800.0,152356834.9555,151980034.9555,404.344042,True,UNKNOWN,DOCUMENTED_CMF_SCENARIO,9,OFFICIAL_BUDGET_SCENARIO; PROVISIONAL_PORTFOLIO_SCENARIO; ENGINEERING_REVIEW_REQUIRED
PORT_OFF_BASE_B15M_EQ40,OFFICIAL,BASE,15000000.0,0.4,855ec72b33750080e931adfebdc0da8f6bee7d0327dfd5ae2c9b81485e439f2e,OFFICIAL_BASE_855ec72b33750080e931adfebdc0da8f6bee7d0327dfd5ae2c9b81485e439f2e,False,False,HCC007,Western,TRT_002,Road Diet (4-to-3 Lane Conversion),BASE,787920.0,145232427.5956,144444507.5956,184.323824,False,UNKNOWN,DOCUMENTED_CMF_SCENARIO,10,OFFICIAL_BUDGET_SCENARIO; PROVISIONAL_PORTFOLIO_SCENARIO; ENGINEERING_REVIEW_REQUIRED
PORT_OFF_BASE_B15M_EQ40,OFFICIAL,BASE,15000000.0,0.4,855ec72b33750080e931adfebdc0da8f6bee7d0327dfd5ae2c9b81485e439f2e,OFFICIAL_BASE_855ec72b33750080e931adfebdc0da8f6bee7d0327dfd5ae2c9b81485e439f2e,False,False,HCC039,Wacker,TRT_002,Road Diet (4-to-3 Lane Conversion),BASE,528900.0,139944722.3077,139415822.3077,264.595807,False,UNKNOWN,DOCUMENTED_CMF_SCENARIO,11,OFFICIAL_BUDGET_SCENARIO; PROVISIONAL_PORTFOLIO_SCENARIO; ENGINEERING_REVIEW_REQUIRED
PORT_OFF_BASE_B15M_EQ40,OFFICIAL,BASE,15000000.0,0.4,855ec72b33750080e931adfebdc0da8f6bee7d0327dfd5ae2c9b81485e439f2e,OFFICIAL_BASE_855ec72b33750080e931adfebdc0da8f6bee7d0327dfd5ae2c9b81485e439f2e,False,False,HCC018,Roosevelt,TRT_002,Road Diet (4-to-3 Lane Conversion),BASE,352740.0,136669587.6734,136316847.6734,387.451346,False,UNKNOWN,DOCUMENTED_CMF_SCENARIO,12,OFFICIAL_BUDGET_SCENARIO; PROVISIONAL_PORTFOLIO_SCENARIO; ENGINEERING_REVIEW_REQUIRED
PORT_OFF_BASE_B15M_EQ40,OFFICIAL,BASE,15000000.0,0.4,855ec72b33750080e931adfebdc0da8f6bee7d0327dfd5ae2c9b81485e439f2e,OFFICIAL_BASE_855ec72b33750080e931adfebdc0da8f6bee7d0327dfd5ae2c9b81485e439f2e,False,False,HCC001,Devon,TRT_002,Road Diet (4-to-3 Lane Conversion),BASE,448830.0,131216216.9645,130767386.9645,292.351708,True,UNKNOWN,DOCUMENTED_CMF_SCENARIO,13,OFFICIAL_BUDGET_SCENARIO; PROVISIONAL_PORTFOLIO_SCENARIO; ENGINEERING_REVIEW_REQUIRED
PORT_OFF_BASE_B15M_EQ40,OFFICIAL,BASE,15000000.0,0.4,855ec72b33750080e931adfebdc0da8f6bee7d0327dfd5ae2c9b81485e439f2e,OFFICIAL_BASE_855ec72b33750080e931adfebdc0da8f6bee7d0327dfd5ae2c9b81485e439f2e,False,False,HCC024,Western,TRT_002,Road Diet (4-to-3 Lane Conversion),BASE,413850.0,124617371.9512,124203521.9512,301.117245,True,UNKNOWN,DOCUMENTED_CMF_SCENARIO,14,OFFICIAL_BUDGET_SCENARIO; PROVISIONAL_PORTFOLIO_SCENARIO; ENGINEERING_REVIEW_REQUIRED
PORT_OFF_BASE_B15M_EQ40,OFFICIAL,BASE,15000000.0,0.4,855ec72b33750080e931adfebdc0da8f6bee7d0327dfd5ae2c9b81485e439f2e,OFFICIAL_BASE_855ec72b33750080e931adfebdc0da8f6bee7d0327dfd5ae2c9b81485e439f2e,False,False,HCC030,87th,TRT_002,Road Diet (4-to-3 Lane Conversion),BASE,452370.0,119007535.6147,118555165.6147,263.075658,True,UNKNOWN,DOCUMENTED_CMF_SCENARIO,15,OFFICIAL_BUDGET_SCENARIO; PROVISIONAL_PORTFOLIO_SCENARIO; ENGINEERING_REVIEW_REQUIRED
PORT_OFF_BASE_B15M_EQ40,OFFICIAL,BASE,15000000.0,0.4,855ec72b33750080e931adfebdc0da8f6bee7d0327dfd5ae2c9b81485e439f2e,OFFICIAL_BASE_855ec72b33750080e931adfebdc0da8f6bee7d0327dfd5ae2c9b81485e439f2e,False,False,HCC027,Cottage Grove,TRT_002,Road Diet (4-to-3 Lane Conversion),BASE,454230.0,118015851.6338,117561621.6338,259.815185,True,UNKNOWN,DOCUMENTED_CMF_SCENARIO,16,OFFICIAL_BUDGET_SCENARIO; PROVISIONAL_PORTFOLIO_SCENARIO; ENGINEERING_REVIEW_REQUIRED
PORT_OFF_BASE_B15M_EQ40,OFFICIAL,BASE,15000000.0,0.4,855ec72b33750080e931adfebdc0da8f6bee7d0327dfd5ae2c9b81485e439f2e,OFFICIAL_BASE_855ec72b33750080e931adfebdc0da8f6bee7d0327dfd5ae2c9b81485e439f2e,False,False,HCC031,Stony Island,TRT_002,Road Diet (4-to-3 Lane Conversion),BASE,302730.0,117460806.4058,117158076.4058,388.005174,False,UNKNOWN,DOCUMENTED_CMF_SCENARIO,17,OFFICIAL_BUDGET_SCENARIO; PROVISIONAL_PORTFOLIO_SCENARIO; ENGINEERING_REVIEW_REQUIRED
PORT_OFF_BASE_B15M_EQ40,OFFICIAL,BASE,15000000.0,0.4,855ec72b33750080e931adfebdc0da8f6bee7d0327dfd5ae2c9b81485e439f2e,OFFICIAL_BASE_855ec72b33750080e931adfebdc0da8f6bee7d0327dfd5ae2c9b81485e439f2e,False,False,HCC026,Halsted,TRT_002,Road Diet (4-to-3 Lane Conversion),BASE,452070.0,108768343.2502,108316273.2502,240.600666,True,UNKNOWN,DOCUMENTED_CMF_SCENARIO,18,OFFICIAL_BUDGET_SCENARIO; PROVISIONAL_PORTFOLIO_SCENARIO; ENGINEERING_REVIEW_REQUIRED
PORT_OFF_BASE_B15M_EQ40,OFFICIAL,BASE,15000000.0,0.4,855ec72b33750080e931adfebdc0da8f6bee7d0327dfd5ae2c9b81485e439f2e,OFFICIAL_BASE_855ec72b33750080e931adfebdc0da8f6bee7d0327dfd5ae2c9b81485e439f2e,False,False,HCC011,North,TRT_002,Road Diet (4-to-3 Lane Conversion),BASE,306330.0,90747637.322,90441307.322,296.24143,True,UNKNOWN,DOCUMENTED_CMF_SCENARIO,19,OFFICIAL_BUDGET_SCENARIO; PROVISIONAL_PORTFOLIO_SCENARIO; ENGINEERING_REVIEW_REQUIRED
PORT_OFF_BASE_B15M_EQ40,OFFICIAL,BASE,15000000.0,0.4,855ec72b33750080e931adfebdc0da8f6bee7d0327dfd5ae2c9b81485e439f2e,OFFICIAL_BASE_855ec72b33750080e931adfebdc0da8f6bee7d0327dfd5ae2c9b81485e439f2e,False,False,HCC013,Chicago,TRT_002,Road Diet (4-to-3 Lane Conversion),BASE,302070.0,89865329.449,89563259.449,297.498359,True,UNKNOWN,DOCUMENTED_CMF_SCENARIO,20,OFFICIAL_BUDGET_SCENARIO; PROVISIONAL_PORTFOLIO_SCENARIO; ENGINEERING_REVIEW_REQUIRED
PORT_OFF_BASE_B15M_EQ40,OFFICIAL,BASE,15000000.0,0.4,855ec72b33750080e931adfebdc0da8f6bee7d0327dfd5ae2c9b81485e439f2e,OFFICIAL_BASE_855ec72b33750080e931adfebdc0da8f6bee7d0327dfd5ae2c9b81485e439f2e,False,False,HCC029,79th,TRT_002,Road Diet (4-to-3 Lane Conversion),BASE,337920.0,84947230.6221,84609310.6221,251.382666,True,UNKNOWN,DOCUMENTED_CMF_SCENARIO,21,OFFICIAL_BUDGET_SCENARIO; PROVISIONAL_PORTFOLIO_SCENARIO; ENGINEERING_REVIEW_REQUIRED
PORT_OFF_BASE_B15M_EQ40,OFFICIAL,BASE,15000000.0,0.4,855ec72b33750080e931adfebdc0da8f6bee7d0327dfd5ae2c9b81485e439f2e,OFFICIAL_BASE_855ec72b33750080e931adfebdc0da8f6bee7d0327dfd5ae2c9b81485e439f2e,False,False,HCC012,Chicago,TRT_002,Road Diet (4-to-3 Lane Conversion),BASE,303060.0,81822643.3899,81519583.3899,269.988264,True,UNKNOWN,DOCUMENTED_CMF_SCENARIO,22,OFFICIAL_BUDGET_SCENARIO; PROVISIONAL_PORTFOLIO_SCENARIO; ENGINEERING_REVIEW_REQUIRED
PORT_OFF_BASE_B15M_EQ40,OFFICIAL,BASE,15000000.0,0.4,855ec72b33750080e931adfebdc0da8f6bee7d0327dfd5ae2c9b81485e439f2e,OFFICIAL_BASE_855ec72b33750080e931adfebdc0da8f6bee7d0327dfd5ae2c9b81485e439f2e,False,False,HCC022,Garfield,TRT_002,Road Diet (4-to-3 Lane Conversion),BASE,452250.0,81739769.4948,81287519.4948,180.740231,True,UNKNOWN,DOCUMENTED_CMF_SCENARIO,23,OFFICIAL_BUDGET_SCENARIO; PROVISIONAL_PORTFOLIO_SCENARIO; ENGINEERING_REVIEW_REQUIRED
PORT_OFF_BASE_B15M_EQ40,OFFICIAL,BASE,15000000.0,0.4,855ec72b33750080e931adfebdc0da8f6bee7d0327dfd5ae2c9b81485e439f2e,OFFICIAL_BASE_855ec72b33750080e931adfebdc0da8f6bee7d0327dfd5ae2c9b81485e439f2e,False,False,HCC035,Ohio,TRT_002,Road Diet (4-to-3 Lane Conversion),BASE,260070.0,79954038.4135,79693968.4135,307.432762,False,UNKNOWN,DOCUMENTED_CMF_SCENARIO,24,OFFICIAL_BUDGET_SCENARIO; PROVISIONAL_PORTFOLIO_SCENARIO; ENGINEERING_REVIEW_REQUIRED
PORT_OFF_BASE_B15M_EQ40,OFFICIAL,BASE,15000000.0,0.4,855ec72b33750080e931adfebdc0da8f6bee7d0327dfd5ae2c9b81485e439f2e,OFFICIAL_BASE_855ec72b33750080e931adfebdc0da8f6bee7d0327dfd5ae2c9b81485e439f2e,False,False,HCC004,Belmont,TRT_002,Road Diet (4-to-3 Lane Conversion),BASE,301320.0,78471857.129,78170537.129,260.426978,False,UNKNOWN,DOCUMENTED_CMF_SCENARIO,25,OFFICIAL_BUDGET_SCENARIO; PROVISIONAL_PORTFOLIO_SCENARIO; ENGINEERING_REVIEW_REQUIRED
PORT_OFF_BASE_B15M_EQ40,OFFICIAL,BASE,15000000.0,0.4,855ec72b33750080e931adfebdc0da8f6bee7d0327dfd5ae2c9b81485e439f2e,OFFICIAL_BASE_855ec72b33750080e931adfebdc0da8f6bee7d0327dfd5ae2c9b81485e439f2e,False,False,HCC034,Ontario,TRT_002,Road Diet (4-to-3 Lane Conversion),BASE,260010.0,64176127.2349,63916117.2349,246.821765,False,UNKNOWN,DOCUMENTED_CMF_SCENARIO,26,OFFICIAL_BUDGET_SCENARIO; PROVISIONAL_PORTFOLIO_SCENARIO; ENGINEERING_REVIEW_REQUIRED
PORT_OFF_BASE_B15M_EQ40,OFFICIAL,BASE,15000000.0,0.4,855ec72b33750080e931adfebdc0da8f6bee7d0327dfd5ae2c9b81485e439f2e,OFFICIAL_BASE_855ec72b33750080e931adfebdc0da8f6bee7d0327dfd5ae2c9b81485e439f2e,False,False,HCC043,Congress,TRT_002,Road Diet (4-to-3 Lane Conversion),BASE,145470.0,59575653.4753,59430183.4753,409.539104,False,UNKNOWN,DOCUMENTED_CMF_SCENARIO,27,OFFICIAL_BUDGET_SCENARIO; PROVISIONAL_PORTFOLIO_SCENARIO; ENGINEERING_REVIEW_REQUIRED
PORT_OFF_BASE_B15M_EQ40,OFFICIAL,BASE,15000000.0,0.4,855ec72b33750080e931adfebdc0da8f6bee7d0327dfd5ae2c9b81485e439f2e,OFFICIAL_BASE_855ec72b33750080e931adfebdc0da8f6bee7d0327dfd5ae2c9b81485e439f2e,False,False,HCC003,Western,TRT_002,Road Diet (4-to-3 Lane Conversion),BASE,302430.0,59120874.7246,58818444.7246,195.486145,False,UNKNOWN,DOCUMENTED_CMF_SCENARIO,28,OFFICIAL_BUDGET_SCENARIO; PROVISIONAL_PORTFOLIO_SCENARIO; ENGINEERING_REVIEW_REQUIRED
PORT_OFF_BASE_B15M_EQ40,OFFICIAL,BASE,15000000.0,0.4,855ec72b33750080e931adfebdc0da8f6bee7d0327dfd5ae2c9b81485e439f2e,OFFICIAL_BASE_855ec72b33750080e931adfebdc0da8f6bee7d0327dfd5ae2c9b81485e439f2e,False,False,HCC040,Washington,TRT_002,Road Diet (4-to-3 Lane Conversion),BASE,191790.0,53116805.5292,52925015.5292,276.952946,False,UNKNOWN,DOCUMENTED_CMF_SCENARIO,29,OFFICIAL_BUDGET_SCENARIO; PROVISIONAL_PORTFOLIO_SCENARIO; ENGINEERING_REVIEW_REQUIRED
PORT_OFF_BASE_B15M_EQ40,OFFICIAL,BASE,15000000.0,0.4,855ec72b33750080e931adfebdc0da8f6bee7d0327dfd5ae2c9b81485e439f2e,OFFICIAL_BASE_855ec72b33750080e931adfebdc0da8f6bee7d0327dfd5ae2c9b81485e439f2e,False,False,HCC038,Fairbanks,TRT_002,Road Diet (4-to-3 Lane Conversion),BASE,112920.0,32127923.6162,32015003.6162,284.519338,False,UNKNOWN,DOCUMENTED_CMF_SCENARIO,30,OFFICIAL_BUDGET_SCENARIO; PROVISIONAL_PORTFOLIO_SCENARIO; ENGINEERING_REVIEW_REQUIRED
PORT_OFF_BASE_B15M_EQ40,OFFICIAL,BASE,15000000.0,0.4,855ec72b33750080e931adfebdc0da8f6bee7d0327dfd5ae2c9b81485e439f2e,OFFICIAL_BASE_855ec72b33750080e931adfebdc0da8f6bee7d0327dfd5ae2c9b81485e439f2e,False,False,HCC037,State,TRT_001,Pedestrian Refuge Islands & Medians,BASE,60000.0,25195602.2815,25135602.2815,419.926705,False,UNKNOWN,DOCUMENTED_CMF_SCENARIO,31,OFFICIAL_BUDGET_SCENARIO; PROVISIONAL_PORTFOLIO_SCENARIO; ENGINEERING_REVIEW_REQUIRED
PORT_OFF_BASE_B15M_EQ40,OFFICIAL,BASE,15000000.0,0.4,855ec72b33750080e931adfebdc0da8f6bee7d0327dfd5ae2c9b81485e439f2e,OFFICIAL_BASE_855ec72b33750080e931adfebdc0da8f6bee7d0327dfd5ae2c9b81485e439f2e,False,False,HCC041,Randolph,TRT_002,Road Diet (4-to-3 Lane Conversion),BASE,100350.0,24898742.9643,24798392.9643,248.119013,False,UNKNOWN,DOCUMENTED_CMF_SCENARIO,32,OFFICIAL_BUDGET_SCENARIO; PROVISIONAL_PORTFOLIO_SCENARIO; ENGINEERING_REVIEW_REQUIRED
PORT_OFF_BASE_B15M_EQ40,OFFICIAL,BASE,15000000.0,0.4,855ec72b33750080e931adfebdc0da8f6bee7d0327dfd5ae2c9b81485e439f2e,OFFICIAL_BASE_855ec72b33750080e931adfebdc0da8f6bee7d0327dfd5ae2c9b81485e439f2e,False,False,HCC042,Dearborn,TRT_002,Road Diet (4-to-3 Lane Conversion),BASE,104100.0,24259417.862,24155317.862,233.039557,False,UNKNOWN,DOCUMENTED_CMF_SCENARIO,33,OFFICIAL_BUDGET_SCENARIO; PROVISIONAL_PORTFOLIO_SCENARIO; ENGINEERING_REVIEW_REQUIRED
PORT_OFF_BASE_B15M_EQ40,OFFICIAL,BASE,15000000.0,0.4,855ec72b33750080e931adfebdc0da8f6bee7d0327dfd5ae2c9b81485e439f2e,OFFICIAL_BASE_855ec72b33750080e931adfebdc0da8f6bee7d0327dfd5ae2c9b81485e439f2e,False,False,HCC008,Milwaukee,TRT_001,Pedestrian Refuge Islands & Medians,BASE,120000.0,23441859.5801,23321859.5801,195.34883,False,UNKNOWN,DOCUMENTED_CMF_SCENARIO,34,OFFICIAL_BUDGET_SCENARIO; PROVISIONAL_PORTFOLIO_SCENARIO; ENGINEERING_REVIEW_REQUIRED
PORT_OFF_BASE_B15M_EQ40,OFFICIAL,BASE,15000000.0,0.4,855ec72b33750080e931adfebdc0da8f6bee7d0327dfd5ae2c9b81485e439f2e,OFFICIAL_BASE_855ec72b33750080e931adfebdc0da8f6bee7d0327dfd5ae2c9b81485e439f2e,False,False,HCC005,Clark,TRT_001,Pedestrian Refuge Islands & Medians,BASE,105000.0,22649593.807,22544593.807,215.710417,False,UNKNOWN,DOCUMENTED_CMF_SCENARIO,35,OFFICIAL_BUDGET_SCENARIO; PROVISIONAL_PORTFOLIO_SCENARIO; ENGINEERING_REVIEW_REQUIRED
PORT_OFF_BASE_B15M_EQ40,OFFICIAL,BASE,15000000.0,0.4,855ec72b33750080e931adfebdc0da8f6bee7d0327dfd5ae2c9b81485e439f2e,OFFICIAL_BASE_855ec72b33750080e931adfebdc0da8f6bee7d0327dfd5ae2c9b81485e439f2e,False,False,HCC033,Orleans,TRT_002,Road Diet (4-to-3 Lane Conversion),BASE,86490.0,22150628.7156,22064138.7156,256.10624,False,UNKNOWN,DOCUMENTED_CMF_SCENARIO,36,OFFICIAL_BUDGET_SCENARIO; PROVISIONAL_PORTFOLIO_SCENARIO; ENGINEERING_REVIEW_REQUIRED
PORT_OFF_BASE_B15M_EQ40,OFFICIAL,BASE,15000000.0,0.4,855ec72b33750080e931adfebdc0da8f6bee7d0327dfd5ae2c9b81485e439f2e,OFFICIAL_BASE_855ec72b33750080e931adfebdc0da8f6bee7d0327dfd5ae2c9b81485e439f2e,False,False,HCC014,Chicago,TRT_001,Pedestrian Refuge Islands & Medians,BASE,75000.0,20707246.8513,20632246.8513,276.096625,False,UNKNOWN,DOCUMENTED_CMF_SCENARIO,37,OFFICIAL_BUDGET_SCENARIO; PROVISIONAL_PORTFOLIO_SCENARIO; ENGINEERING_REVIEW_REQUIRED
PORT_OFF_BASE_B15M_EQ40,OFFICIAL,BASE,15000000.0,0.4,855ec72b33750080e931adfebdc0da8f6bee7d0327dfd5ae2c9b81485e439f2e,OFFICIAL_BASE_855ec72b33750080e931adfebdc0da8f6bee7d0327dfd5ae2c9b81485e439f2e,False,False,HCC019,Lake Shore Drive,TRT_001,Pedestrian Refuge Islands & Medians,BASE,90000.0,16594685.5556,16504685.5556,184.385395,False,UNKNOWN,DOCUMENTED_CMF_SCENARIO,38,OFFICIAL_BUDGET_SCENARIO; PROVISIONAL_PORTFOLIO_SCENARIO; ENGINEERING_REVIEW_REQUIRED
PORT_OFF_BASE_B15M_EQ40,OFFICIAL,BASE,15000000.0,0.4,855ec72b33750080e931adfebdc0da8f6bee7d0327dfd5ae2c9b81485e439f2e,OFFICIAL_BASE_855ec72b33750080e931adfebdc0da8f6bee7d0327dfd5ae2c9b81485e439f2e,False,False,HCC002,Broadway,TRT_001,Pedestrian Refuge Islands & Medians,BASE,60000.0,14810191.0164,14750191.0164,246.836517,False,UNKNOWN,DOCUMENTED_CMF_SCENARIO,39,OFFICIAL_BUDGET_SCENARIO; PROVISIONAL_PORTFOLIO_SCENARIO; ENGINEERING_REVIEW_REQUIRED
PORT_OFF_BASE_B15M_EQ40,OFFICIAL,BASE,15000000.0,0.4,855ec72b33750080e931adfebdc0da8f6bee7d0327dfd5ae2c9b81485e439f2e,OFFICIAL_BASE_855ec72b33750080e931adfebdc0da8f6bee7d0327dfd5ae2c9b81485e439f2e,False,False,HCC009,Damen,TRT_001,Pedestrian Refuge Islands & Medians,BASE,75000.0,12494963.011,12419963.011,166.599507,False,UNKNOWN,DOCUMENTED_CMF_SCENARIO,40,OFFICIAL_BUDGET_SCENARIO; PROVISIONAL_PORTFOLIO_SCENARIO; ENGINEERING_REVIEW_REQUIRED
PORT_OFF_BASE_B15M_EQ40,OFFICIAL,BASE,15000000.0,0.4,855ec72b33750080e931adfebdc0da8f6bee7d0327dfd5ae2c9b81485e439f2e,OFFICIAL_BASE_855ec72b33750080e931adfebdc0da8f6bee7d0327dfd5ae2c9b81485e439f2e,False,False,HCC028,Ashland,TRT_001,Pedestrian Refuge Islands & Medians,BASE,45000.0,12295676.7747,12250676.7747,273.237262,True,UNKNOWN,DOCUMENTED_CMF_SCENARIO,41,OFFICIAL_BUDGET_SCENARIO; PROVISIONAL_PORTFOLIO_SCENARIO; ENGINEERING_REVIEW_REQUIRED
PORT_OFF_BASE_B15M_EQ40,OFFICIAL,BASE,15000000.0,0.4,855ec72b33750080e931adfebdc0da8f6bee7d0327dfd5ae2c9b81485e439f2e,OFFICIAL_BASE_855ec72b33750080e931adfebdc0da8f6bee7d0327dfd5ae2c9b81485e439f2e,False,False,HCC036,LaSalle,TRT_001,Pedestrian Refuge Islands & Medians,BASE,15000.0,3948318.6544,3933318.6544,263.221244,False,UNKNOWN,DOCUMENTED_CMF_SCENARIO,42,OFFICIAL_BUDGET_SCENARIO; PROVISIONAL_PORTFOLIO_SCENARIO; ENGINEERING_REVIEW_REQUIRED
PORT_OFF_BASE_B25M_EQ20,OFFICIAL,BASE,25000000.0,0.2,b5b9ee069be3eb2712d0c56c15a8759c984feb56cbc1e7033b4d9f8446311d66,OFFICIAL_BASE_b5b9ee069be3eb2712d0c56c15a8759c984feb56cbc1e7033b4d9f8446311d66,False,False,HCC006,Fullerton,TRT_002,Road Diet (4-to-3 Lane Conversion),BASE,1248570.0,261085762.9777,259837192.9777,209.10783,False,UNKNOWN,DOCUMENTED_CMF_SCENARIO,1,OFFICIAL_BUDGET_SCENARIO; PROVISIONAL_PORTFOLIO_SCENARIO; ENGINEERING_REVIEW_REQUIRED
PORT_OFF_BASE_B25M_EQ20,OFFICIAL,BASE,25000000.0,0.2,b5b9ee069be3eb2712d0c56c15a8759c984feb56cbc1e7033b4d9f8446311d66,OFFICIAL_BASE_b5b9ee069be3eb2712d0c56c15a8759c984feb56cbc1e7033b4d9f8446311d66,False,False,HCC017,Pulaski,TRT_002,Road Diet (4-to-3 Lane Conversion),BASE,755940.0,249366509.2623,248610569.2623,329.876061,True,UNKNOWN,DOCUMENTED_CMF_SCENARIO,2,OFFICIAL_BUDGET_SCENARIO; PROVISIONAL_PORTFOLIO_SCENARIO; ENGINEERING_REVIEW_REQUIRED
PORT_OFF_BASE_B25M_EQ20,OFFICIAL,BASE,25000000.0,0.2,b5b9ee069be3eb2712d0c56c15a8759c984feb56cbc1e7033b4d9f8446311d66,OFFICIAL_BASE_b5b9ee069be3eb2712d0c56c15a8759c984feb56cbc1e7033b4d9f8446311d66,False,False,HCC016,Cicero,TRT_002,Road Diet (4-to-3 Lane Conversion),BASE,527460.0,234424612.8023,233897152.8023,444.440551,True,UNKNOWN,DOCUMENTED_CMF_SCENARIO,3,OFFICIAL_BUDGET_SCENARIO; PROVISIONAL_PORTFOLIO_SCENARIO; ENGINEERING_REVIEW_REQUIRED
PORT_OFF_BASE_B25M_EQ20,OFFICIAL,BASE,25000000.0,0.2,b5b9ee069be3eb2712d0c56c15a8759c984feb56cbc1e7033b4d9f8446311d66,OFFICIAL_BASE_b5b9ee069be3eb2712d0c56c15a8759c984feb56cbc1e7033b4d9f8446311d66,False,False,HCC032,Michigan,TRT_002,Road Diet (4-to-3 Lane Conversion),BASE,691950.0,232632764.02,231940814.02,336.198806,False,UNKNOWN,DOCUMENTED_CMF_SCENARIO,4,OFFICIAL_BUDGET_SCENARIO; PROVISIONAL_PORTFOLIO_SCENARIO; ENGINEERING_REVIEW_REQUIRED
PORT_OFF_BASE_B25M_EQ20,OFFICIAL,BASE,25000000.0,0.2,b5b9ee069be3eb2712d0c56c15a8759c984feb56cbc1e7033b4d9f8446311d66,OFFICIAL_BASE_b5b9ee069be3eb2712d0c56c15a8759c984feb56cbc1e7033b4d9f8446311d66,False,False,HCC025,Stony Island,TRT_002,Road Diet (4-to-3 Lane Conversion),BASE,603330.0,211541491.8085,210938161.8085,350.623194,True,UNKNOWN,DOCUMENTED_CMF_SCENARIO,5,OFFICIAL_BUDGET_SCENARIO; PROVISIONAL_PORTFOLIO_SCENARIO; ENGINEERING_REVIEW_REQUIRED
PORT_OFF_BASE_B25M_EQ20,OFFICIAL,BASE,25000000.0,0.2,b5b9ee069be3eb2712d0c56c15a8759c984feb56cbc1e7033b4d9f8446311d66,OFFICIAL_BASE_b5b9ee069be3eb2712d0c56c15a8759c984feb56cbc1e7033b4d9f8446311d66,False,False,HCC021,Pulaski,TRT_002,Road Diet (4-to-3 Lane Conversion),BASE,791460.0,208411208.1513,207619748.1513,263.325005,True,UNKNOWN,DOCUMENTED_CMF_SCENARIO,6,OFFICIAL_BUDGET_SCENARIO; PROVISIONAL_PORTFOLIO_SCENARIO; ENGINEERING_REVIEW_REQUIRED
PORT_OFF_BASE_B25M_EQ20,OFFICIAL,BASE,25000000.0,0.2,b5b9ee069be3eb2712d0c56c15a8759c984feb56cbc1e7033b4d9f8446311d66,OFFICIAL_BASE_b5b9ee069be3eb2712d0c56c15a8759c984feb56cbc1e7033b4d9f8446311d66,False,False,HCC015,Lake,TRT_002,Road Diet (4-to-3 Lane Conversion),BASE,571830.0,196799394.4306,196227564.4306,344.15717,True,UNKNOWN,DOCUMENTED_CMF_SCENARIO,7,OFFICIAL_BUDGET_SCENARIO; PROVISIONAL_PORTFOLIO_SCENARIO; ENGINEERING_REVIEW_REQUIRED
PORT_OFF_BASE_B25M_EQ20,OFFICIAL,BASE,25000000.0,0.2,b5b9ee069be3eb2712d0c56c15a8759c984feb56cbc1e7033b4d9f8446311d66,OFFICIAL_BASE_b5b9ee069be3eb2712d0c56c15a8759c984feb56cbc1e7033b4d9f8446311d66,False,False,HCC008,Milwaukee,TRT_002,Road Diet (4-to-3 Lane Conversion),BASE,1062120.0,183750004.3565,182687884.3565,173.003055,False,UNKNOWN,DOCUMENTED_CMF_SCENARIO,8,OFFICIAL_BUDGET_SCENARIO; PROVISIONAL_PORTFOLIO_SCENARIO; ENGINEERING_REVIEW_REQUIRED
PORT_OFF_BASE_B25M_EQ20,OFFICIAL,BASE,25000000.0,0.2,b5b9ee069be3eb2712d0c56c15a8759c984feb56cbc1e7033b4d9f8446311d66,OFFICIAL_BASE_b5b9ee069be3eb2712d0c56c15a8759c984feb56cbc1e7033b4d9f8446311d66,False,False,HCC010,Ashland,TRT_002,Road Diet (4-to-3 Lane Conversion),BASE,1012500.0,180448555.9594,179436055.9594,178.220796,False,UNKNOWN,DOCUMENTED_CMF_SCENARIO,9,OFFICIAL_BUDGET_SCENARIO; PROVISIONAL_PORTFOLIO_SCENARIO; ENGINEERING_REVIEW_REQUIRED
PORT_OFF_BASE_B25M_EQ20,OFFICIAL,BASE,25000000.0,0.2,b5b9ee069be3eb2712d0c56c15a8759c984feb56cbc1e7033b4d9f8446311d66,OFFICIAL_BASE_b5b9ee069be3eb2712d0c56c15a8759c984feb56cbc1e7033b4d9f8446311d66,False,False,HCC023,Ashland,TRT_002,Road Diet (4-to-3 Lane Conversion),BASE,376800.0,152356834.9555,151980034.9555,404.344042,True,UNKNOWN,DOCUMENTED_CMF_SCENARIO,10,OFFICIAL_BUDGET_SCENARIO; PROVISIONAL_PORTFOLIO_SCENARIO; ENGINEERING_REVIEW_REQUIRED
PORT_OFF_BASE_B25M_EQ20,OFFICIAL,BASE,25000000.0,0.2,b5b9ee069be3eb2712d0c56c15a8759c984feb56cbc1e7033b4d9f8446311d66,OFFICIAL_BASE_b5b9ee069be3eb2712d0c56c15a8759c984feb56cbc1e7033b4d9f8446311d66,False,False,HCC007,Western,TRT_002,Road Diet (4-to-3 Lane Conversion),BASE,787920.0,145232427.5956,144444507.5956,184.323824,False,UNKNOWN,DOCUMENTED_CMF_SCENARIO,11,OFFICIAL_BUDGET_SCENARIO; PROVISIONAL_PORTFOLIO_SCENARIO; ENGINEERING_REVIEW_REQUIRED
PORT_OFF_BASE_B25M_EQ20,OFFICIAL,BASE,25000000.0,0.2,b5b9ee069be3eb2712d0c56c15a8759c984feb56cbc1e7033b4d9f8446311d66,OFFICIAL_BASE_b5b9ee069be3eb2712d0c56c15a8759c984feb56cbc1e7033b4d9f8446311d66,False,False,HCC039,Wacker,TRT_002,Road Diet (4-to-3 Lane Conversion),BASE,528900.0,139944722.3077,139415822.3077,264.595807,False,UNKNOWN,DOCUMENTED_CMF_SCENARIO,12,OFFICIAL_BUDGET_SCENARIO; PROVISIONAL_PORTFOLIO_SCENARIO; ENGINEERING_REVIEW_REQUIRED
PORT_OFF_BASE_B25M_EQ20,OFFICIAL,BASE,25000000.0,0.2,b5b9ee069be3eb2712d0c56c15a8759c984feb56cbc1e7033b4d9f8446311d66,OFFICIAL_BASE_b5b9ee069be3eb2712d0c56c15a8759c984feb56cbc1e7033b4d9f8446311d66,False,False,HCC018,Roosevelt,TRT_002,Road Diet (4-to-3 Lane Conversion),BASE,352740.0,136669587.6734,136316847.6734,387.451346,False,UNKNOWN,DOCUMENTED_CMF_SCENARIO,13,OFFICIAL_BUDGET_SCENARIO; PROVISIONAL_PORTFOLIO_SCENARIO; ENGINEERING_REVIEW_REQUIRED
PORT_OFF_BASE_B25M_EQ20,OFFICIAL,BASE,25000000.0,0.2,b5b9ee069be3eb2712d0c56c15a8759c984feb56cbc1e7033b4d9f8446311d66,OFFICIAL_BASE_b5b9ee069be3eb2712d0c56c15a8759c984feb56cbc1e7033b4d9f8446311d66,False,False,HCC001,Devon,TRT_002,Road Diet (4-to-3 Lane Conversion),BASE,448830.0,131216216.9645,130767386.9645,292.351708,True,UNKNOWN,DOCUMENTED_CMF_SCENARIO,14,OFFICIAL_BUDGET_SCENARIO; PROVISIONAL_PORTFOLIO_SCENARIO; ENGINEERING_REVIEW_REQUIRED
PORT_OFF_BASE_B25M_EQ20,OFFICIAL,BASE,25000000.0,0.2,b5b9ee069be3eb2712d0c56c15a8759c984feb56cbc1e7033b4d9f8446311d66,OFFICIAL_BASE_b5b9ee069be3eb2712d0c56c15a8759c984feb56cbc1e7033b4d9f8446311d66,False,False,HCC024,Western,TRT_002,Road Diet (4-to-3 Lane Conversion),BASE,413850.0,124617371.9512,124203521.9512,301.117245,True,UNKNOWN,DOCUMENTED_CMF_SCENARIO,15,OFFICIAL_BUDGET_SCENARIO; PROVISIONAL_PORTFOLIO_SCENARIO; ENGINEERING_REVIEW_REQUIRED
PORT_OFF_BASE_B25M_EQ20,OFFICIAL,BASE,25000000.0,0.2,b5b9ee069be3eb2712d0c56c15a8759c984feb56cbc1e7033b4d9f8446311d66,OFFICIAL_BASE_b5b9ee069be3eb2712d0c56c15a8759c984feb56cbc1e7033b4d9f8446311d66,False,False,HCC014,Chicago,TRT_002,Road Diet (4-to-3 Lane Conversion),BASE,642630.0,120590878.0288,119948248.0288,187.652114,False,UNKNOWN,DOCUMENTED_CMF_SCENARIO,16,OFFICIAL_BUDGET_SCENARIO; PROVISIONAL_PORTFOLIO_SCENARIO; ENGINEERING_REVIEW_REQUIRED
PORT_OFF_BASE_B25M_EQ20,OFFICIAL,BASE,25000000.0,0.2,b5b9ee069be3eb2712d0c56c15a8759c984feb56cbc1e7033b4d9f8446311d66,OFFICIAL_BASE_b5b9ee069be3eb2712d0c56c15a8759c984feb56cbc1e7033b4d9f8446311d66,False,False,HCC030,87th,TRT_002,Road Diet (4-to-3 Lane Conversion),BASE,452370.0,119007535.6147,118555165.6147,263.075658,True,UNKNOWN,DOCUMENTED_CMF_SCENARIO,17,OFFICIAL_BUDGET_SCENARIO; PROVISIONAL_PORTFOLIO_SCENARIO; ENGINEERING_REVIEW_REQUIRED
PORT_OFF_BASE_B25M_EQ20,OFFICIAL,BASE,25000000.0,0.2,b5b9ee069be3eb2712d0c56c15a8759c984feb56cbc1e7033b4d9f8446311d66,OFFICIAL_BASE_b5b9ee069be3eb2712d0c56c15a8759c984feb56cbc1e7033b4d9f8446311d66,False,False,HCC005,Clark,TRT_002,Road Diet (4-to-3 Lane Conversion),BASE,956460.0,118100232.238,117143772.238,123.476394,False,UNKNOWN,DOCUMENTED_CMF_SCENARIO,18,OFFICIAL_BUDGET_SCENARIO; PROVISIONAL_PORTFOLIO_SCENARIO; ENGINEERING_REVIEW_REQUIRED
PORT_OFF_BASE_B25M_EQ20,OFFICIAL,BASE,25000000.0,0.2,b5b9ee069be3eb2712d0c56c15a8759c984feb56cbc1e7033b4d9f8446311d66,OFFICIAL_BASE_b5b9ee069be3eb2712d0c56c15a8759c984feb56cbc1e7033b4d9f8446311d66,False,False,HCC027,Cottage Grove,TRT_002,Road Diet (4-to-3 Lane Conversion),BASE,454230.0,118015851.6338,117561621.6338,259.815185,True,UNKNOWN,DOCUMENTED_CMF_SCENARIO,19,OFFICIAL_BUDGET_SCENARIO; PROVISIONAL_PORTFOLIO_SCENARIO; ENGINEERING_REVIEW_REQUIRED
PORT_OFF_BASE_B25M_EQ20,OFFICIAL,BASE,25000000.0,0.2,b5b9ee069be3eb2712d0c56c15a8759c984feb56cbc1e7033b4d9f8446311d66,OFFICIAL_BASE_b5b9ee069be3eb2712d0c56c15a8759c984feb56cbc1e7033b4d9f8446311d66,False,False,HCC031,Stony Island,TRT_002,Road Diet (4-to-3 Lane Conversion),BASE,302730.0,117460806.4058,117158076.4058,388.005174,False,UNKNOWN,DOCUMENTED_CMF_SCENARIO,20,OFFICIAL_BUDGET_SCENARIO; PROVISIONAL_PORTFOLIO_SCENARIO; ENGINEERING_REVIEW_REQUIRED
PORT_OFF_BASE_B25M_EQ20,OFFICIAL,BASE,25000000.0,0.2,b5b9ee069be3eb2712d0c56c15a8759c984feb56cbc1e7033b4d9f8446311d66,OFFICIAL_BASE_b5b9ee069be3eb2712d0c56c15a8759c984feb56cbc1e7033b4d9f8446311d66,False,False,HCC026,Halsted,TRT_002,Road Diet (4-to-3 Lane Conversion),BASE,452070.0,108768343.2502,108316273.2502,240.600666,True,UNKNOWN,DOCUMENTED_CMF_SCENARIO,21,OFFICIAL_BUDGET_SCENARIO; PROVISIONAL_PORTFOLIO_SCENARIO; ENGINEERING_REVIEW_REQUIRED
PORT_OFF_BASE_B25M_EQ20,OFFICIAL,BASE,25000000.0,0.2,b5b9ee069be3eb2712d0c56c15a8759c984feb56cbc1e7033b4d9f8446311d66,OFFICIAL_BASE_b5b9ee069be3eb2712d0c56c15a8759c984feb56cbc1e7033b4d9f8446311d66,False,False,HCC009,Damen,TRT_002,Road Diet (4-to-3 Lane Conversion),BASE,623130.0,108436672.291,107813542.291,174.019342,False,UNKNOWN,DOCUMENTED_CMF_SCENARIO,22,OFFICIAL_BUDGET_SCENARIO; PROVISIONAL_PORTFOLIO_SCENARIO; ENGINEERING_REVIEW_REQUIRED
PORT_OFF_BASE_B25M_EQ20,OFFICIAL,BASE,25000000.0,0.2,b5b9ee069be3eb2712d0c56c15a8759c984feb56cbc1e7033b4d9f8446311d66,OFFICIAL_BASE_b5b9ee069be3eb2712d0c56c15a8759c984feb56cbc1e7033b4d9f8446311d66,False,False,HCC020,Western Ave/Blvd,TRT_002,Road Diet (4-to-3 Lane Conversion),BASE,733890.0,98959799.2104,98225909.2104,134.842823,True,UNKNOWN,DOCUMENTED_CMF_SCENARIO,23,OFFICIAL_BUDGET_SCENARIO; PROVISIONAL_PORTFOLIO_SCENARIO; ENGINEERING_REVIEW_REQUIRED
PORT_OFF_BASE_B25M_EQ20,OFFICIAL,BASE,25000000.0,0.2,b5b9ee069be3eb2712d0c56c15a8759c984feb56cbc1e7033b4d9f8446311d66,OFFICIAL_BASE_b5b9ee069be3eb2712d0c56c15a8759c984feb56cbc1e7033b4d9f8446311d66,False,False,HCC011,North,TRT_002,Road Diet (4-to-3 Lane Conversion),BASE,306330.0,90747637.322,90441307.322,296.24143,True,UNKNOWN,DOCUMENTED_CMF_SCENARIO,24,OFFICIAL_BUDGET_SCENARIO; PROVISIONAL_PORTFOLIO_SCENARIO; ENGINEERING_REVIEW_REQUIRED
PORT_OFF_BASE_B25M_EQ20,OFFICIAL,BASE,25000000.0,0.2,b5b9ee069be3eb2712d0c56c15a8759c984feb56cbc1e7033b4d9f8446311d66,OFFICIAL_BASE_b5b9ee069be3eb2712d0c56c15a8759c984feb56cbc1e7033b4d9f8446311d66,False,False,HCC013,Chicago,TRT_002,Road Diet (4-to-3 Lane Conversion),BASE,302070.0,89865329.449,89563259.449,297.498359,True,UNKNOWN,DOCUMENTED_CMF_SCENARIO,25,OFFICIAL_BUDGET_SCENARIO; PROVISIONAL_PORTFOLIO_SCENARIO; ENGINEERING_REVIEW_REQUIRED
PORT_OFF_BASE_B25M_EQ20,OFFICIAL,BASE,25000000.0,0.2,b5b9ee069be3eb2712d0c56c15a8759c984feb56cbc1e7033b4d9f8446311d66,OFFICIAL_BASE_b5b9ee069be3eb2712d0c56c15a8759c984feb56cbc1e7033b4d9f8446311d66,False,False,HCC037,State,TRT_002,Road Diet (4-to-3 Lane Conversion),BASE,458460.0,88798640.6676,88340180.6676,193.68896,False,UNKNOWN,DOCUMENTED_CMF_SCENARIO,26,OFFICIAL_BUDGET_SCENARIO; PROVISIONAL_PORTFOLIO_SCENARIO; ENGINEERING_REVIEW_REQUIRED
PORT_OFF_BASE_B25M_EQ20,OFFICIAL,BASE,25000000.0,0.2,b5b9ee069be3eb2712d0c56c15a8759c984feb56cbc1e7033b4d9f8446311d66,OFFICIAL_BASE_b5b9ee069be3eb2712d0c56c15a8759c984feb56cbc1e7033b4d9f8446311d66,False,False,HCC029,79th,TRT_002,Road Diet (4-to-3 Lane Conversion),BASE,337920.0,84947230.6221,84609310.6221,251.382666,True,UNKNOWN,DOCUMENTED_CMF_SCENARIO,27,OFFICIAL_BUDGET_SCENARIO; PROVISIONAL_PORTFOLIO_SCENARIO; ENGINEERING_REVIEW_REQUIRED
PORT_OFF_BASE_B25M_EQ20,OFFICIAL,BASE,25000000.0,0.2,b5b9ee069be3eb2712d0c56c15a8759c984feb56cbc1e7033b4d9f8446311d66,OFFICIAL_BASE_b5b9ee069be3eb2712d0c56c15a8759c984feb56cbc1e7033b4d9f8446311d66,False,False,HCC012,Chicago,TRT_002,Road Diet (4-to-3 Lane Conversion),BASE,303060.0,81822643.3899,81519583.3899,269.988264,True,UNKNOWN,DOCUMENTED_CMF_SCENARIO,28,OFFICIAL_BUDGET_SCENARIO; PROVISIONAL_PORTFOLIO_SCENARIO; ENGINEERING_REVIEW_REQUIRED
PORT_OFF_BASE_B25M_EQ20,OFFICIAL,BASE,25000000.0,0.2,b5b9ee069be3eb2712d0c56c15a8759c984feb56cbc1e7033b4d9f8446311d66,OFFICIAL_BASE_b5b9ee069be3eb2712d0c56c15a8759c984feb56cbc1e7033b4d9f8446311d66,False,False,HCC022,Garfield,TRT_002,Road Diet (4-to-3 Lane Conversion),BASE,452250.0,81739769.4948,81287519.4948,180.740231,True,UNKNOWN,DOCUMENTED_CMF_SCENARIO,29,OFFICIAL_BUDGET_SCENARIO; PROVISIONAL_PORTFOLIO_SCENARIO; ENGINEERING_REVIEW_REQUIRED
PORT_OFF_BASE_B25M_EQ20,OFFICIAL,BASE,25000000.0,0.2,b5b9ee069be3eb2712d0c56c15a8759c984feb56cbc1e7033b4d9f8446311d66,OFFICIAL_BASE_b5b9ee069be3eb2712d0c56c15a8759c984feb56cbc1e7033b4d9f8446311d66,False,False,HCC035,Ohio,TRT_002,Road Diet (4-to-3 Lane Conversion),BASE,260070.0,79954038.4135,79693968.4135,307.432762,False,UNKNOWN,DOCUMENTED_CMF_SCENARIO,30,OFFICIAL_BUDGET_SCENARIO; PROVISIONAL_PORTFOLIO_SCENARIO; ENGINEERING_REVIEW_REQUIRED
PORT_OFF_BASE_B25M_EQ20,OFFICIAL,BASE,25000000.0,0.2,b5b9ee069be3eb2712d0c56c15a8759c984feb56cbc1e7033b4d9f8446311d66,OFFICIAL_BASE_b5b9ee069be3eb2712d0c56c15a8759c984feb56cbc1e7033b4d9f8446311d66,False,False,HCC002,Broadway,TRT_002,Road Diet (4-to-3 Lane Conversion),BASE,555180.0,79844053.8437,79288873.8437,143.816517,False,UNKNOWN,DOCUMENTED_CMF_SCENARIO,31,OFFICIAL_BUDGET_SCENARIO; PROVISIONAL_PORTFOLIO_SCENARIO; ENGINEERING_REVIEW_REQUIRED
PORT_OFF_BASE_B25M_EQ20,OFFICIAL,BASE,25000000.0,0.2,b5b9ee069be3eb2712d0c56c15a8759c984feb56cbc1e7033b4d9f8446311d66,OFFICIAL_BASE_b5b9ee069be3eb2712d0c56c15a8759c984feb56cbc1e7033b4d9f8446311d66,False,False,HCC004,Belmont,TRT_002,Road Diet (4-to-3 Lane Conversion),BASE,301320.0,78471857.129,78170537.129,260.426978,False,UNKNOWN,DOCUMENTED_CMF_SCENARIO,32,OFFICIAL_BUDGET_SCENARIO; PROVISIONAL_PORTFOLIO_SCENARIO; ENGINEERING_REVIEW_REQUIRED
PORT_OFF_BASE_B25M_EQ20,OFFICIAL,BASE,25000000.0,0.2,b5b9ee069be3eb2712d0c56c15a8759c984feb56cbc1e7033b4d9f8446311d66,OFFICIAL_BASE_b5b9ee069be3eb2712d0c56c15a8759c984feb56cbc1e7033b4d9f8446311d66,False,False,HCC034,Ontario,TRT_002,Road Diet (4-to-3 Lane Conversion),BASE,260010.0,64176127.2349,63916117.2349,246.821765,False,UNKNOWN,DOCUMENTED_CMF_SCENARIO,33,OFFICIAL_BUDGET_SCENARIO; PROVISIONAL_PORTFOLIO_SCENARIO; ENGINEERING_REVIEW_REQUIRED
PORT_OFF_BASE_B25M_EQ20,OFFICIAL,BASE,25000000.0,0.2,b5b9ee069be3eb2712d0c56c15a8759c984feb56cbc1e7033b4d9f8446311d66,OFFICIAL_BASE_b5b9ee069be3eb2712d0c56c15a8759c984feb56cbc1e7033b4d9f8446311d66,False,False,HCC043,Congress,TRT_002,Road Diet (4-to-3 Lane Conversion),BASE,145470.0,59575653.4753,59430183.4753,409.539104,False,UNKNOWN,DOCUMENTED_CMF_SCENARIO,34,OFFICIAL_BUDGET_SCENARIO; PROVISIONAL_PORTFOLIO_SCENARIO; ENGINEERING_REVIEW_REQUIRED
PORT_OFF_BASE_B25M_EQ20,OFFICIAL,BASE,25000000.0,0.2,b5b9ee069be3eb2712d0c56c15a8759c984feb56cbc1e7033b4d9f8446311d66,OFFICIAL_BASE_b5b9ee069be3eb2712d0c56c15a8759c984feb56cbc1e7033b4d9f8446311d66,False,False,HCC003,Western,TRT_002,Road Diet (4-to-3 Lane Conversion),BASE,302430.0,59120874.7246,58818444.7246,195.486145,False,UNKNOWN,DOCUMENTED_CMF_SCENARIO,35,OFFICIAL_BUDGET_SCENARIO; PROVISIONAL_PORTFOLIO_SCENARIO; ENGINEERING_REVIEW_REQUIRED
PORT_OFF_BASE_B25M_EQ20,OFFICIAL,BASE,25000000.0,0.2,b5b9ee069be3eb2712d0c56c15a8759c984feb56cbc1e7033b4d9f8446311d66,OFFICIAL_BASE_b5b9ee069be3eb2712d0c56c15a8759c984feb56cbc1e7033b4d9f8446311d66,False,False,HCC028,Ashland,TRT_002,Road Diet (4-to-3 Lane Conversion),BASE,339300.0,58179452.2656,57840152.2656,171.469061,True,UNKNOWN,DOCUMENTED_CMF_SCENARIO,36,OFFICIAL_BUDGET_SCENARIO; PROVISIONAL_PORTFOLIO_SCENARIO; ENGINEERING_REVIEW_REQUIRED
PORT_OFF_BASE_B25M_EQ20,OFFICIAL,BASE,25000000.0,0.2,b5b9ee069be3eb2712d0c56c15a8759c984feb56cbc1e7033b4d9f8446311d66,OFFICIAL_BASE_b5b9ee069be3eb2712d0c56c15a8759c984feb56cbc1e7033b4d9f8446311d66,False,False,HCC040,Washington,TRT_002,Road Diet (4-to-3 Lane Conversion),BASE,191790.0,53116805.5292,52925015.5292,276.952946,False,UNKNOWN,DOCUMENTED_CMF_SCENARIO,37,OFFICIAL_BUDGET_SCENARIO; PROVISIONAL_PORTFOLIO_SCENARIO; ENGINEERING_REVIEW_REQUIRED
PORT_OFF_BASE_B25M_EQ20,OFFICIAL,BASE,25000000.0,0.2,b5b9ee069be3eb2712d0c56c15a8759c984feb56cbc1e7033b4d9f8446311d66,OFFICIAL_BASE_b5b9ee069be3eb2712d0c56c15a8759c984feb56cbc1e7033b4d9f8446311d66,False,False,HCC038,Fairbanks,TRT_002,Road Diet (4-to-3 Lane Conversion),BASE,112920.0,32127923.6162,32015003.6162,284.519338,False,UNKNOWN,DOCUMENTED_CMF_SCENARIO,38,OFFICIAL_BUDGET_SCENARIO; PROVISIONAL_PORTFOLIO_SCENARIO; ENGINEERING_REVIEW_REQUIRED
PORT_OFF_BASE_B25M_EQ20,OFFICIAL,BASE,25000000.0,0.2,b5b9ee069be3eb2712d0c56c15a8759c984feb56cbc1e7033b4d9f8446311d66,OFFICIAL_BASE_b5b9ee069be3eb2712d0c56c15a8759c984feb56cbc1e7033b4d9f8446311d66,False,False,HCC041,Randolph,TRT_002,Road Diet (4-to-3 Lane Conversion),BASE,100350.0,24898742.9643,24798392.9643,248.119013,False,UNKNOWN,DOCUMENTED_CMF_SCENARIO,39,OFFICIAL_BUDGET_SCENARIO; PROVISIONAL_PORTFOLIO_SCENARIO; ENGINEERING_REVIEW_REQUIRED
PORT_OFF_BASE_B25M_EQ20,OFFICIAL,BASE,25000000.0,0.2,b5b9ee069be3eb2712d0c56c15a8759c984feb56cbc1e7033b4d9f8446311d66,OFFICIAL_BASE_b5b9ee069be3eb2712d0c56c15a8759c984feb56cbc1e7033b4d9f8446311d66,False,False,HCC042,Dearborn,TRT_002,Road Diet (4-to-3 Lane Conversion),BASE,104100.0,24259417.862,24155317.862,233.039557,False,UNKNOWN,DOCUMENTED_CMF_SCENARIO,40,OFFICIAL_BUDGET_SCENARIO; PROVISIONAL_PORTFOLIO_SCENARIO; ENGINEERING_REVIEW_REQUIRED
PORT_OFF_BASE_B25M_EQ20,OFFICIAL,BASE,25000000.0,0.2,b5b9ee069be3eb2712d0c56c15a8759c984feb56cbc1e7033b4d9f8446311d66,OFFICIAL_BASE_b5b9ee069be3eb2712d0c56c15a8759c984feb56cbc1e7033b4d9f8446311d66,False,False,HCC033,Orleans,TRT_002,Road Diet (4-to-3 Lane Conversion),BASE,86490.0,22150628.7156,22064138.7156,256.10624,False,UNKNOWN,DOCUMENTED_CMF_SCENARIO,41,OFFICIAL_BUDGET_SCENARIO; PROVISIONAL_PORTFOLIO_SCENARIO; ENGINEERING_REVIEW_REQUIRED
PORT_OFF_BASE_B25M_EQ20,OFFICIAL,BASE,25000000.0,0.2,b5b9ee069be3eb2712d0c56c15a8759c984feb56cbc1e7033b4d9f8446311d66,OFFICIAL_BASE_b5b9ee069be3eb2712d0c56c15a8759c984feb56cbc1e7033b4d9f8446311d66,False,False,HCC036,LaSalle,TRT_002,Road Diet (4-to-3 Lane Conversion),BASE,130050.0,20433445.8346,20303395.8346,157.119922,False,UNKNOWN,DOCUMENTED_CMF_SCENARIO,42,OFFICIAL_BUDGET_SCENARIO; PROVISIONAL_PORTFOLIO_SCENARIO; ENGINEERING_REVIEW_REQUIRED
PORT_OFF_BASE_B25M_EQ20,OFFICIAL,BASE,25000000.0,0.2,b5b9ee069be3eb2712d0c56c15a8759c984feb56cbc1e7033b4d9f8446311d66,OFFICIAL_BASE_b5b9ee069be3eb2712d0c56c15a8759c984feb56cbc1e7033b4d9f8446311d66,False,False,HCC019,Lake Shore Drive,TRT_001,Pedestrian Refuge Islands & Medians,BASE,90000.0,16594685.5556,16504685.5556,184.385395,False,UNKNOWN,DOCUMENTED_CMF_SCENARIO,43,OFFICIAL_BUDGET_SCENARIO; PROVISIONAL_PORTFOLIO_SCENARIO; ENGINEERING_REVIEW_REQUIRED
PORT_OFF_BASE_B25M_EQ30,OFFICIAL,BASE,25000000.0,0.3,b5b9ee069be3eb2712d0c56c15a8759c984feb56cbc1e7033b4d9f8446311d66,OFFICIAL_BASE_b5b9ee069be3eb2712d0c56c15a8759c984feb56cbc1e7033b4d9f8446311d66,False,False,HCC006,Fullerton,TRT_002,Road Diet (4-to-3 Lane Conversion),BASE,1248570.0,261085762.9777,259837192.9777,209.10783,False,UNKNOWN,DOCUMENTED_CMF_SCENARIO,1,OFFICIAL_BUDGET_SCENARIO; PROVISIONAL_PORTFOLIO_SCENARIO; ENGINEERING_REVIEW_REQUIRED
PORT_OFF_BASE_B25M_EQ30,OFFICIAL,BASE,25000000.0,0.3,b5b9ee069be3eb2712d0c56c15a8759c984feb56cbc1e7033b4d9f8446311d66,OFFICIAL_BASE_b5b9ee069be3eb2712d0c56c15a8759c984feb56cbc1e7033b4d9f8446311d66,False,False,HCC017,Pulaski,TRT_002,Road Diet (4-to-3 Lane Conversion),BASE,755940.0,249366509.2623,248610569.2623,329.876061,True,UNKNOWN,DOCUMENTED_CMF_SCENARIO,2,OFFICIAL_BUDGET_SCENARIO; PROVISIONAL_PORTFOLIO_SCENARIO; ENGINEERING_REVIEW_REQUIRED
PORT_OFF_BASE_B25M_EQ30,OFFICIAL,BASE,25000000.0,0.3,b5b9ee069be3eb2712d0c56c15a8759c984feb56cbc1e7033b4d9f8446311d66,OFFICIAL_BASE_b5b9ee069be3eb2712d0c56c15a8759c984feb56cbc1e7033b4d9f8446311d66,False,False,HCC016,Cicero,TRT_002,Road Diet (4-to-3 Lane Conversion),BASE,527460.0,234424612.8023,233897152.8023,444.440551,True,UNKNOWN,DOCUMENTED_CMF_SCENARIO,3,OFFICIAL_BUDGET_SCENARIO; PROVISIONAL_PORTFOLIO_SCENARIO; ENGINEERING_REVIEW_REQUIRED
PORT_OFF_BASE_B25M_EQ30,OFFICIAL,BASE,25000000.0,0.3,b5b9ee069be3eb2712d0c56c15a8759c984feb56cbc1e7033b4d9f8446311d66,OFFICIAL_BASE_b5b9ee069be3eb2712d0c56c15a8759c984feb56cbc1e7033b4d9f8446311d66,False,False,HCC032,Michigan,TRT_002,Road Diet (4-to-3 Lane Conversion),BASE,691950.0,232632764.02,231940814.02,336.198806,False,UNKNOWN,DOCUMENTED_CMF_SCENARIO,4,OFFICIAL_BUDGET_SCENARIO; PROVISIONAL_PORTFOLIO_SCENARIO; ENGINEERING_REVIEW_REQUIRED
PORT_OFF_BASE_B25M_EQ30,OFFICIAL,BASE,25000000.0,0.3,b5b9ee069be3eb2712d0c56c15a8759c984feb56cbc1e7033b4d9f8446311d66,OFFICIAL_BASE_b5b9ee069be3eb2712d0c56c15a8759c984feb56cbc1e7033b4d9f8446311d66,False,False,HCC025,Stony Island,TRT_002,Road Diet (4-to-3 Lane Conversion),BASE,603330.0,211541491.8085,210938161.8085,350.623194,True,UNKNOWN,DOCUMENTED_CMF_SCENARIO,5,OFFICIAL_BUDGET_SCENARIO; PROVISIONAL_PORTFOLIO_SCENARIO; ENGINEERING_REVIEW_REQUIRED
PORT_OFF_BASE_B25M_EQ30,OFFICIAL,BASE,25000000.0,0.3,b5b9ee069be3eb2712d0c56c15a8759c984feb56cbc1e7033b4d9f8446311d66,OFFICIAL_BASE_b5b9ee069be3eb2712d0c56c15a8759c984feb56cbc1e7033b4d9f8446311d66,False,False,HCC021,Pulaski,TRT_002,Road Diet (4-to-3 Lane Conversion),BASE,791460.0,208411208.1513,207619748.1513,263.325005,True,UNKNOWN,DOCUMENTED_CMF_SCENARIO,6,OFFICIAL_BUDGET_SCENARIO; PROVISIONAL_PORTFOLIO_SCENARIO; ENGINEERING_REVIEW_REQUIRED
PORT_OFF_BASE_B25M_EQ30,OFFICIAL,BASE,25000000.0,0.3,b5b9ee069be3eb2712d0c56c15a8759c984feb56cbc1e7033b4d9f8446311d66,OFFICIAL_BASE_b5b9ee069be3eb2712d0c56c15a8759c984feb56cbc1e7033b4d9f8446311d66,False,False,HCC015,Lake,TRT_002,Road Diet (4-to-3 Lane Conversion),BASE,571830.0,196799394.4306,196227564.4306,344.15717,True,UNKNOWN,DOCUMENTED_CMF_SCENARIO,7,OFFICIAL_BUDGET_SCENARIO; PROVISIONAL_PORTFOLIO_SCENARIO; ENGINEERING_REVIEW_REQUIRED
PORT_OFF_BASE_B25M_EQ30,OFFICIAL,BASE,25000000.0,0.3,b5b9ee069be3eb2712d0c56c15a8759c984feb56cbc1e7033b4d9f8446311d66,OFFICIAL_BASE_b5b9ee069be3eb2712d0c56c15a8759c984feb56cbc1e7033b4d9f8446311d66,False,False,HCC008,Milwaukee,TRT_002,Road Diet (4-to-3 Lane Conversion),BASE,1062120.0,183750004.3565,182687884.3565,173.003055,False,UNKNOWN,DOCUMENTED_CMF_SCENARIO,8,OFFICIAL_BUDGET_SCENARIO; PROVISIONAL_PORTFOLIO_SCENARIO; ENGINEERING_REVIEW_REQUIRED
PORT_OFF_BASE_B25M_EQ30,OFFICIAL,BASE,25000000.0,0.3,b5b9ee069be3eb2712d0c56c15a8759c984feb56cbc1e7033b4d9f8446311d66,OFFICIAL_BASE_b5b9ee069be3eb2712d0c56c15a8759c984feb56cbc1e7033b4d9f8446311d66,False,False,HCC010,Ashland,TRT_002,Road Diet (4-to-3 Lane Conversion),BASE,1012500.0,180448555.9594,179436055.9594,178.220796,False,UNKNOWN,DOCUMENTED_CMF_SCENARIO,9,OFFICIAL_BUDGET_SCENARIO; PROVISIONAL_PORTFOLIO_SCENARIO; ENGINEERING_REVIEW_REQUIRED
PORT_OFF_BASE_B25M_EQ30,OFFICIAL,BASE,25000000.0,0.3,b5b9ee069be3eb2712d0c56c15a8759c984feb56cbc1e7033b4d9f8446311d66,OFFICIAL_BASE_b5b9ee069be3eb2712d0c56c15a8759c984feb56cbc1e7033b4d9f8446311d66,False,False,HCC023,Ashland,TRT_002,Road Diet (4-to-3 Lane Conversion),BASE,376800.0,152356834.9555,151980034.9555,404.344042,True,UNKNOWN,DOCUMENTED_CMF_SCENARIO,10,OFFICIAL_BUDGET_SCENARIO; PROVISIONAL_PORTFOLIO_SCENARIO; ENGINEERING_REVIEW_REQUIRED
PORT_OFF_BASE_B25M_EQ30,OFFICIAL,BASE,25000000.0,0.3,b5b9ee069be3eb2712d0c56c15a8759c984feb56cbc1e7033b4d9f8446311d66,OFFICIAL_BASE_b5b9ee069be3eb2712d0c56c15a8759c984feb56cbc1e7033b4d9f8446311d66,False,False,HCC007,Western,TRT_002,Road Diet (4-to-3 Lane Conversion),BASE,787920.0,145232427.5956,144444507.5956,184.323824,False,UNKNOWN,DOCUMENTED_CMF_SCENARIO,11,OFFICIAL_BUDGET_SCENARIO; PROVISIONAL_PORTFOLIO_SCENARIO; ENGINEERING_REVIEW_REQUIRED
PORT_OFF_BASE_B25M_EQ30,OFFICIAL,BASE,25000000.0,0.3,b5b9ee069be3eb2712d0c56c15a8759c984feb56cbc1e7033b4d9f8446311d66,OFFICIAL_BASE_b5b9ee069be3eb2712d0c56c15a8759c984feb56cbc1e7033b4d9f8446311d66,False,False,HCC039,Wacker,TRT_002,Road Diet (4-to-3 Lane Conversion),BASE,528900.0,139944722.3077,139415822.3077,264.595807,False,UNKNOWN,DOCUMENTED_CMF_SCENARIO,12,OFFICIAL_BUDGET_SCENARIO; PROVISIONAL_PORTFOLIO_SCENARIO; ENGINEERING_REVIEW_REQUIRED
PORT_OFF_BASE_B25M_EQ30,OFFICIAL,BASE,25000000.0,0.3,b5b9ee069be3eb2712d0c56c15a8759c984feb56cbc1e7033b4d9f8446311d66,OFFICIAL_BASE_b5b9ee069be3eb2712d0c56c15a8759c984feb56cbc1e7033b4d9f8446311d66,False,False,HCC018,Roosevelt,TRT_002,Road Diet (4-to-3 Lane Conversion),BASE,352740.0,136669587.6734,136316847.6734,387.451346,False,UNKNOWN,DOCUMENTED_CMF_SCENARIO,13,OFFICIAL_BUDGET_SCENARIO; PROVISIONAL_PORTFOLIO_SCENARIO; ENGINEERING_REVIEW_REQUIRED
PORT_OFF_BASE_B25M_EQ30,OFFICIAL,BASE,25000000.0,0.3,b5b9ee069be3eb2712d0c56c15a8759c984feb56cbc1e7033b4d9f8446311d66,OFFICIAL_BASE_b5b9ee069be3eb2712d0c56c15a8759c984feb56cbc1e7033b4d9f8446311d66,False,False,HCC001,Devon,TRT_002,Road Diet (4-to-3 Lane Conversion),BASE,448830.0,131216216.9645,130767386.9645,292.351708,True,UNKNOWN,DOCUMENTED_CMF_SCENARIO,14,OFFICIAL_BUDGET_SCENARIO; PROVISIONAL_PORTFOLIO_SCENARIO; ENGINEERING_REVIEW_REQUIRED
PORT_OFF_BASE_B25M_EQ30,OFFICIAL,BASE,25000000.0,0.3,b5b9ee069be3eb2712d0c56c15a8759c984feb56cbc1e7033b4d9f8446311d66,OFFICIAL_BASE_b5b9ee069be3eb2712d0c56c15a8759c984feb56cbc1e7033b4d9f8446311d66,False,False,HCC024,Western,TRT_002,Road Diet (4-to-3 Lane Conversion),BASE,413850.0,124617371.9512,124203521.9512,301.117245,True,UNKNOWN,DOCUMENTED_CMF_SCENARIO,15,OFFICIAL_BUDGET_SCENARIO; PROVISIONAL_PORTFOLIO_SCENARIO; ENGINEERING_REVIEW_REQUIRED
PORT_OFF_BASE_B25M_EQ30,OFFICIAL,BASE,25000000.0,0.3,b5b9ee069be3eb2712d0c56c15a8759c984feb56cbc1e7033b4d9f8446311d66,OFFICIAL_BASE_b5b9ee069be3eb2712d0c56c15a8759c984feb56cbc1e7033b4d9f8446311d66,False,False,HCC014,Chicago,TRT_002,Road Diet (4-to-3 Lane Conversion),BASE,642630.0,120590878.0288,119948248.0288,187.652114,False,UNKNOWN,DOCUMENTED_CMF_SCENARIO,16,OFFICIAL_BUDGET_SCENARIO; PROVISIONAL_PORTFOLIO_SCENARIO; ENGINEERING_REVIEW_REQUIRED
PORT_OFF_BASE_B25M_EQ30,OFFICIAL,BASE,25000000.0,0.3,b5b9ee069be3eb2712d0c56c15a8759c984feb56cbc1e7033b4d9f8446311d66,OFFICIAL_BASE_b5b9ee069be3eb2712d0c56c15a8759c984feb56cbc1e7033b4d9f8446311d66,False,False,HCC030,87th,TRT_002,Road Diet (4-to-3 Lane Conversion),BASE,452370.0,119007535.6147,118555165.6147,263.075658,True,UNKNOWN,DOCUMENTED_CMF_SCENARIO,17,OFFICIAL_BUDGET_SCENARIO; PROVISIONAL_PORTFOLIO_SCENARIO; ENGINEERING_REVIEW_REQUIRED
PORT_OFF_BASE_B25M_EQ30,OFFICIAL,BASE,25000000.0,0.3,b5b9ee069be3eb2712d0c56c15a8759c984feb56cbc1e7033b4d9f8446311d66,OFFICIAL_BASE_b5b9ee069be3eb2712d0c56c15a8759c984feb56cbc1e7033b4d9f8446311d66,False,False,HCC005,Clark,TRT_002,Road Diet (4-to-3 Lane Conversion),BASE,956460.0,118100232.238,117143772.238,123.476394,False,UNKNOWN,DOCUMENTED_CMF_SCENARIO,18,OFFICIAL_BUDGET_SCENARIO; PROVISIONAL_PORTFOLIO_SCENARIO; ENGINEERING_REVIEW_REQUIRED
PORT_OFF_BASE_B25M_EQ30,OFFICIAL,BASE,25000000.0,0.3,b5b9ee069be3eb2712d0c56c15a8759c984feb56cbc1e7033b4d9f8446311d66,OFFICIAL_BASE_b5b9ee069be3eb2712d0c56c15a8759c984feb56cbc1e7033b4d9f8446311d66,False,False,HCC027,Cottage Grove,TRT_002,Road Diet (4-to-3 Lane Conversion),BASE,454230.0,118015851.6338,117561621.6338,259.815185,True,UNKNOWN,DOCUMENTED_CMF_SCENARIO,19,OFFICIAL_BUDGET_SCENARIO; PROVISIONAL_PORTFOLIO_SCENARIO; ENGINEERING_REVIEW_REQUIRED
PORT_OFF_BASE_B25M_EQ30,OFFICIAL,BASE,25000000.0,0.3,b5b9ee069be3eb2712d0c56c15a8759c984feb56cbc1e7033b4d9f8446311d66,OFFICIAL_BASE_b5b9ee069be3eb2712d0c56c15a8759c984feb56cbc1e7033b4d9f8446311d66,False,False,HCC031,Stony Island,TRT_002,Road Diet (4-to-3 Lane Conversion),BASE,302730.0,117460806.4058,117158076.4058,388.005174,False,UNKNOWN,DOCUMENTED_CMF_SCENARIO,20,OFFICIAL_BUDGET_SCENARIO; PROVISIONAL_PORTFOLIO_SCENARIO; ENGINEERING_REVIEW_REQUIRED
PORT_OFF_BASE_B25M_EQ30,OFFICIAL,BASE,25000000.0,0.3,b5b9ee069be3eb2712d0c56c15a8759c984feb56cbc1e7033b4d9f8446311d66,OFFICIAL_BASE_b5b9ee069be3eb2712d0c56c15a8759c984feb56cbc1e7033b4d9f8446311d66,False,False,HCC026,Halsted,TRT_002,Road Diet (4-to-3 Lane Conversion),BASE,452070.0,108768343.2502,108316273.2502,240.600666,True,UNKNOWN,DOCUMENTED_CMF_SCENARIO,21,OFFICIAL_BUDGET_SCENARIO; PROVISIONAL_PORTFOLIO_SCENARIO; ENGINEERING_REVIEW_REQUIRED
PORT_OFF_BASE_B25M_EQ30,OFFICIAL,BASE,25000000.0,0.3,b5b9ee069be3eb2712d0c56c15a8759c984feb56cbc1e7033b4d9f8446311d66,OFFICIAL_BASE_b5b9ee069be3eb2712d0c56c15a8759c984feb56cbc1e7033b4d9f8446311d66,False,False,HCC009,Damen,TRT_002,Road Diet (4-to-3 Lane Conversion),BASE,623130.0,108436672.291,107813542.291,174.019342,False,UNKNOWN,DOCUMENTED_CMF_SCENARIO,22,OFFICIAL_BUDGET_SCENARIO; PROVISIONAL_PORTFOLIO_SCENARIO; ENGINEERING_REVIEW_REQUIRED
PORT_OFF_BASE_B25M_EQ30,OFFICIAL,BASE,25000000.0,0.3,b5b9ee069be3eb2712d0c56c15a8759c984feb56cbc1e7033b4d9f8446311d66,OFFICIAL_BASE_b5b9ee069be3eb2712d0c56c15a8759c984feb56cbc1e7033b4d9f8446311d66,False,False,HCC020,Western Ave/Blvd,TRT_002,Road Diet (4-to-3 Lane Conversion),BASE,733890.0,98959799.2104,98225909.2104,134.842823,True,UNKNOWN,DOCUMENTED_CMF_SCENARIO,23,OFFICIAL_BUDGET_SCENARIO; PROVISIONAL_PORTFOLIO_SCENARIO; ENGINEERING_REVIEW_REQUIRED
PORT_OFF_BASE_B25M_EQ30,OFFICIAL,BASE,25000000.0,0.3,b5b9ee069be3eb2712d0c56c15a8759c984feb56cbc1e7033b4d9f8446311d66,OFFICIAL_BASE_b5b9ee069be3eb2712d0c56c15a8759c984feb56cbc1e7033b4d9f8446311d66,False,False,HCC011,North,TRT_002,Road Diet (4-to-3 Lane Conversion),BASE,306330.0,90747637.322,90441307.322,296.24143,True,UNKNOWN,DOCUMENTED_CMF_SCENARIO,24,OFFICIAL_BUDGET_SCENARIO; PROVISIONAL_PORTFOLIO_SCENARIO; ENGINEERING_REVIEW_REQUIRED
PORT_OFF_BASE_B25M_EQ30,OFFICIAL,BASE,25000000.0,0.3,b5b9ee069be3eb2712d0c56c15a8759c984feb56cbc1e7033b4d9f8446311d66,OFFICIAL_BASE_b5b9ee069be3eb2712d0c56c15a8759c984feb56cbc1e7033b4d9f8446311d66,False,False,HCC013,Chicago,TRT_002,Road Diet (4-to-3 Lane Conversion),BASE,302070.0,89865329.449,89563259.449,297.498359,True,UNKNOWN,DOCUMENTED_CMF_SCENARIO,25,OFFICIAL_BUDGET_SCENARIO; PROVISIONAL_PORTFOLIO_SCENARIO; ENGINEERING_REVIEW_REQUIRED
PORT_OFF_BASE_B25M_EQ30,OFFICIAL,BASE,25000000.0,0.3,b5b9ee069be3eb2712d0c56c15a8759c984feb56cbc1e7033b4d9f8446311d66,OFFICIAL_BASE_b5b9ee069be3eb2712d0c56c15a8759c984feb56cbc1e7033b4d9f8446311d66,False,False,HCC037,State,TRT_002,Road Diet (4-to-3 Lane Conversion),BASE,458460.0,88798640.6676,88340180.6676,193.68896,False,UNKNOWN,DOCUMENTED_CMF_SCENARIO,26,OFFICIAL_BUDGET_SCENARIO; PROVISIONAL_PORTFOLIO_SCENARIO; ENGINEERING_REVIEW_REQUIRED
PORT_OFF_BASE_B25M_EQ30,OFFICIAL,BASE,25000000.0,0.3,b5b9ee069be3eb2712d0c56c15a8759c984feb56cbc1e7033b4d9f8446311d66,OFFICIAL_BASE_b5b9ee069be3eb2712d0c56c15a8759c984feb56cbc1e7033b4d9f8446311d66,False,False,HCC029,79th,TRT_002,Road Diet (4-to-3 Lane Conversion),BASE,337920.0,84947230.6221,84609310.6221,251.382666,True,UNKNOWN,DOCUMENTED_CMF_SCENARIO,27,OFFICIAL_BUDGET_SCENARIO; PROVISIONAL_PORTFOLIO_SCENARIO; ENGINEERING_REVIEW_REQUIRED
PORT_OFF_BASE_B25M_EQ30,OFFICIAL,BASE,25000000.0,0.3,b5b9ee069be3eb2712d0c56c15a8759c984feb56cbc1e7033b4d9f8446311d66,OFFICIAL_BASE_b5b9ee069be3eb2712d0c56c15a8759c984feb56cbc1e7033b4d9f8446311d66,False,False,HCC012,Chicago,TRT_002,Road Diet (4-to-3 Lane Conversion),BASE,303060.0,81822643.3899,81519583.3899,269.988264,True,UNKNOWN,DOCUMENTED_CMF_SCENARIO,28,OFFICIAL_BUDGET_SCENARIO; PROVISIONAL_PORTFOLIO_SCENARIO; ENGINEERING_REVIEW_REQUIRED
PORT_OFF_BASE_B25M_EQ30,OFFICIAL,BASE,25000000.0,0.3,b5b9ee069be3eb2712d0c56c15a8759c984feb56cbc1e7033b4d9f8446311d66,OFFICIAL_BASE_b5b9ee069be3eb2712d0c56c15a8759c984feb56cbc1e7033b4d9f8446311d66,False,False,HCC022,Garfield,TRT_002,Road Diet (4-to-3 Lane Conversion),BASE,452250.0,81739769.4948,81287519.4948,180.740231,True,UNKNOWN,DOCUMENTED_CMF_SCENARIO,29,OFFICIAL_BUDGET_SCENARIO; PROVISIONAL_PORTFOLIO_SCENARIO; ENGINEERING_REVIEW_REQUIRED
PORT_OFF_BASE_B25M_EQ30,OFFICIAL,BASE,25000000.0,0.3,b5b9ee069be3eb2712d0c56c15a8759c984feb56cbc1e7033b4d9f8446311d66,OFFICIAL_BASE_b5b9ee069be3eb2712d0c56c15a8759c984feb56cbc1e7033b4d9f8446311d66,False,False,HCC035,Ohio,TRT_002,Road Diet (4-to-3 Lane Conversion),BASE,260070.0,79954038.4135,79693968.4135,307.432762,False,UNKNOWN,DOCUMENTED_CMF_SCENARIO,30,OFFICIAL_BUDGET_SCENARIO; PROVISIONAL_PORTFOLIO_SCENARIO; ENGINEERING_REVIEW_REQUIRED
PORT_OFF_BASE_B25M_EQ30,OFFICIAL,BASE,25000000.0,0.3,b5b9ee069be3eb2712d0c56c15a8759c984feb56cbc1e7033b4d9f8446311d66,OFFICIAL_BASE_b5b9ee069be3eb2712d0c56c15a8759c984feb56cbc1e7033b4d9f8446311d66,False,False,HCC002,Broadway,TRT_002,Road Diet (4-to-3 Lane Conversion),BASE,555180.0,79844053.8437,79288873.8437,143.816517,False,UNKNOWN,DOCUMENTED_CMF_SCENARIO,31,OFFICIAL_BUDGET_SCENARIO; PROVISIONAL_PORTFOLIO_SCENARIO; ENGINEERING_REVIEW_REQUIRED
PORT_OFF_BASE_B25M_EQ30,OFFICIAL,BASE,25000000.0,0.3,b5b9ee069be3eb2712d0c56c15a8759c984feb56cbc1e7033b4d9f8446311d66,OFFICIAL_BASE_b5b9ee069be3eb2712d0c56c15a8759c984feb56cbc1e7033b4d9f8446311d66,False,False,HCC004,Belmont,TRT_002,Road Diet (4-to-3 Lane Conversion),BASE,301320.0,78471857.129,78170537.129,260.426978,False,UNKNOWN,DOCUMENTED_CMF_SCENARIO,32,OFFICIAL_BUDGET_SCENARIO; PROVISIONAL_PORTFOLIO_SCENARIO; ENGINEERING_REVIEW_REQUIRED
PORT_OFF_BASE_B25M_EQ30,OFFICIAL,BASE,25000000.0,0.3,b5b9ee069be3eb2712d0c56c15a8759c984feb56cbc1e7033b4d9f8446311d66,OFFICIAL_BASE_b5b9ee069be3eb2712d0c56c15a8759c984feb56cbc1e7033b4d9f8446311d66,False,False,HCC034,Ontario,TRT_002,Road Diet (4-to-3 Lane Conversion),BASE,260010.0,64176127.2349,63916117.2349,246.821765,False,UNKNOWN,DOCUMENTED_CMF_SCENARIO,33,OFFICIAL_BUDGET_SCENARIO; PROVISIONAL_PORTFOLIO_SCENARIO; ENGINEERING_REVIEW_REQUIRED
PORT_OFF_BASE_B25M_EQ30,OFFICIAL,BASE,25000000.0,0.3,b5b9ee069be3eb2712d0c56c15a8759c984feb56cbc1e7033b4d9f8446311d66,OFFICIAL_BASE_b5b9ee069be3eb2712d0c56c15a8759c984feb56cbc1e7033b4d9f8446311d66,False,False,HCC043,Congress,TRT_002,Road Diet (4-to-3 Lane Conversion),BASE,145470.0,59575653.4753,59430183.4753,409.539104,False,UNKNOWN,DOCUMENTED_CMF_SCENARIO,34,OFFICIAL_BUDGET_SCENARIO; PROVISIONAL_PORTFOLIO_SCENARIO; ENGINEERING_REVIEW_REQUIRED
PORT_OFF_BASE_B25M_EQ30,OFFICIAL,BASE,25000000.0,0.3,b5b9ee069be3eb2712d0c56c15a8759c984feb56cbc1e7033b4d9f8446311d66,OFFICIAL_BASE_b5b9ee069be3eb2712d0c56c15a8759c984feb56cbc1e7033b4d9f8446311d66,False,False,HCC003,Western,TRT_002,Road Diet (4-to-3 Lane Conversion),BASE,302430.0,59120874.7246,58818444.7246,195.486145,False,UNKNOWN,DOCUMENTED_CMF_SCENARIO,35,OFFICIAL_BUDGET_SCENARIO; PROVISIONAL_PORTFOLIO_SCENARIO; ENGINEERING_REVIEW_REQUIRED
PORT_OFF_BASE_B25M_EQ30,OFFICIAL,BASE,25000000.0,0.3,b5b9ee069be3eb2712d0c56c15a8759c984feb56cbc1e7033b4d9f8446311d66,OFFICIAL_BASE_b5b9ee069be3eb2712d0c56c15a8759c984feb56cbc1e7033b4d9f8446311d66,False,False,HCC028,Ashland,TRT_002,Road Diet (4-to-3 Lane Conversion),BASE,339300.0,58179452.2656,57840152.2656,171.469061,True,UNKNOWN,DOCUMENTED_CMF_SCENARIO,36,OFFICIAL_BUDGET_SCENARIO; PROVISIONAL_PORTFOLIO_SCENARIO; ENGINEERING_REVIEW_REQUIRED
PORT_OFF_BASE_B25M_EQ30,OFFICIAL,BASE,25000000.0,0.3,b5b9ee069be3eb2712d0c56c15a8759c984feb56cbc1e7033b4d9f8446311d66,OFFICIAL_BASE_b5b9ee069be3eb2712d0c56c15a8759c984feb56cbc1e7033b4d9f8446311d66,False,False,HCC040,Washington,TRT_002,Road Diet (4-to-3 Lane Conversion),BASE,191790.0,53116805.5292,52925015.5292,276.952946,False,UNKNOWN,DOCUMENTED_CMF_SCENARIO,37,OFFICIAL_BUDGET_SCENARIO; PROVISIONAL_PORTFOLIO_SCENARIO; ENGINEERING_REVIEW_REQUIRED
PORT_OFF_BASE_B25M_EQ30,OFFICIAL,BASE,25000000.0,0.3,b5b9ee069be3eb2712d0c56c15a8759c984feb56cbc1e7033b4d9f8446311d66,OFFICIAL_BASE_b5b9ee069be3eb2712d0c56c15a8759c984feb56cbc1e7033b4d9f8446311d66,False,False,HCC038,Fairbanks,TRT_002,Road Diet (4-to-3 Lane Conversion),BASE,112920.0,32127923.6162,32015003.6162,284.519338,False,UNKNOWN,DOCUMENTED_CMF_SCENARIO,38,OFFICIAL_BUDGET_SCENARIO; PROVISIONAL_PORTFOLIO_SCENARIO; ENGINEERING_REVIEW_REQUIRED
PORT_OFF_BASE_B25M_EQ30,OFFICIAL,BASE,25000000.0,0.3,b5b9ee069be3eb2712d0c56c15a8759c984feb56cbc1e7033b4d9f8446311d66,OFFICIAL_BASE_b5b9ee069be3eb2712d0c56c15a8759c984feb56cbc1e7033b4d9f8446311d66,False,False,HCC041,Randolph,TRT_002,Road Diet (4-to-3 Lane Conversion),BASE,100350.0,24898742.9643,24798392.9643,248.119013,False,UNKNOWN,DOCUMENTED_CMF_SCENARIO,39,OFFICIAL_BUDGET_SCENARIO; PROVISIONAL_PORTFOLIO_SCENARIO; ENGINEERING_REVIEW_REQUIRED
PORT_OFF_BASE_B25M_EQ30,OFFICIAL,BASE,25000000.0,0.3,b5b9ee069be3eb2712d0c56c15a8759c984feb56cbc1e7033b4d9f8446311d66,OFFICIAL_BASE_b5b9ee069be3eb2712d0c56c15a8759c984feb56cbc1e7033b4d9f8446311d66,False,False,HCC042,Dearborn,TRT_002,Road Diet (4-to-3 Lane Conversion),BASE,104100.0,24259417.862,24155317.862,233.039557,False,UNKNOWN,DOCUMENTED_CMF_SCENARIO,40,OFFICIAL_BUDGET_SCENARIO; PROVISIONAL_PORTFOLIO_SCENARIO; ENGINEERING_REVIEW_REQUIRED
PORT_OFF_BASE_B25M_EQ30,OFFICIAL,BASE,25000000.0,0.3,b5b9ee069be3eb2712d0c56c15a8759c984feb56cbc1e7033b4d9f8446311d66,OFFICIAL_BASE_b5b9ee069be3eb2712d0c56c15a8759c984feb56cbc1e7033b4d9f8446311d66,False,False,HCC033,Orleans,TRT_002,Road Diet (4-to-3 Lane Conversion),BASE,86490.0,22150628.7156,22064138.7156,256.10624,False,UNKNOWN,DOCUMENTED_CMF_SCENARIO,41,OFFICIAL_BUDGET_SCENARIO; PROVISIONAL_PORTFOLIO_SCENARIO; ENGINEERING_REVIEW_REQUIRED
PORT_OFF_BASE_B25M_EQ30,OFFICIAL,BASE,25000000.0,0.3,b5b9ee069be3eb2712d0c56c15a8759c984feb56cbc1e7033b4d9f8446311d66,OFFICIAL_BASE_b5b9ee069be3eb2712d0c56c15a8759c984feb56cbc1e7033b4d9f8446311d66,False,False,HCC036,LaSalle,TRT_002,Road Diet (4-to-3 Lane Conversion),BASE,130050.0,20433445.8346,20303395.8346,157.119922,False,UNKNOWN,DOCUMENTED_CMF_SCENARIO,42,OFFICIAL_BUDGET_SCENARIO; PROVISIONAL_PORTFOLIO_SCENARIO; ENGINEERING_REVIEW_REQUIRED
PORT_OFF_BASE_B25M_EQ30,OFFICIAL,BASE,25000000.0,0.3,b5b9ee069be3eb2712d0c56c15a8759c984feb56cbc1e7033b4d9f8446311d66,OFFICIAL_BASE_b5b9ee069be3eb2712d0c56c15a8759c984feb56cbc1e7033b4d9f8446311d66,False,False,HCC019,Lake Shore Drive,TRT_001,Pedestrian Refuge Islands & Medians,BASE,90000.0,16594685.5556,16504685.5556,184.385395,False,UNKNOWN,DOCUMENTED_CMF_SCENARIO,43,OFFICIAL_BUDGET_SCENARIO; PROVISIONAL_PORTFOLIO_SCENARIO; ENGINEERING_REVIEW_REQUIRED
PORT_OFF_BASE_B25M_EQ40,OFFICIAL,BASE,25000000.0,0.4,b5b9ee069be3eb2712d0c56c15a8759c984feb56cbc1e7033b4d9f8446311d66,OFFICIAL_BASE_b5b9ee069be3eb2712d0c56c15a8759c984feb56cbc1e7033b4d9f8446311d66,False,False,HCC006,Fullerton,TRT_002,Road Diet (4-to-3 Lane Conversion),BASE,1248570.0,261085762.9777,259837192.9777,209.10783,False,UNKNOWN,DOCUMENTED_CMF_SCENARIO,1,OFFICIAL_BUDGET_SCENARIO; PROVISIONAL_PORTFOLIO_SCENARIO; ENGINEERING_REVIEW_REQUIRED
PORT_OFF_BASE_B25M_EQ40,OFFICIAL,BASE,25000000.0,0.4,b5b9ee069be3eb2712d0c56c15a8759c984feb56cbc1e7033b4d9f8446311d66,OFFICIAL_BASE_b5b9ee069be3eb2712d0c56c15a8759c984feb56cbc1e7033b4d9f8446311d66,False,False,HCC017,Pulaski,TRT_002,Road Diet (4-to-3 Lane Conversion),BASE,755940.0,249366509.2623,248610569.2623,329.876061,True,UNKNOWN,DOCUMENTED_CMF_SCENARIO,2,OFFICIAL_BUDGET_SCENARIO; PROVISIONAL_PORTFOLIO_SCENARIO; ENGINEERING_REVIEW_REQUIRED
PORT_OFF_BASE_B25M_EQ40,OFFICIAL,BASE,25000000.0,0.4,b5b9ee069be3eb2712d0c56c15a8759c984feb56cbc1e7033b4d9f8446311d66,OFFICIAL_BASE_b5b9ee069be3eb2712d0c56c15a8759c984feb56cbc1e7033b4d9f8446311d66,False,False,HCC016,Cicero,TRT_002,Road Diet (4-to-3 Lane Conversion),BASE,527460.0,234424612.8023,233897152.8023,444.440551,True,UNKNOWN,DOCUMENTED_CMF_SCENARIO,3,OFFICIAL_BUDGET_SCENARIO; PROVISIONAL_PORTFOLIO_SCENARIO; ENGINEERING_REVIEW_REQUIRED
PORT_OFF_BASE_B25M_EQ40,OFFICIAL,BASE,25000000.0,0.4,b5b9ee069be3eb2712d0c56c15a8759c984feb56cbc1e7033b4d9f8446311d66,OFFICIAL_BASE_b5b9ee069be3eb2712d0c56c15a8759c984feb56cbc1e7033b4d9f8446311d66,False,False,HCC032,Michigan,TRT_002,Road Diet (4-to-3 Lane Conversion),BASE,691950.0,232632764.02,231940814.02,336.198806,False,UNKNOWN,DOCUMENTED_CMF_SCENARIO,4,OFFICIAL_BUDGET_SCENARIO; PROVISIONAL_PORTFOLIO_SCENARIO; ENGINEERING_REVIEW_REQUIRED
PORT_OFF_BASE_B25M_EQ40,OFFICIAL,BASE,25000000.0,0.4,b5b9ee069be3eb2712d0c56c15a8759c984feb56cbc1e7033b4d9f8446311d66,OFFICIAL_BASE_b5b9ee069be3eb2712d0c56c15a8759c984feb56cbc1e7033b4d9f8446311d66,False,False,HCC025,Stony Island,TRT_002,Road Diet (4-to-3 Lane Conversion),BASE,603330.0,211541491.8085,210938161.8085,350.623194,True,UNKNOWN,DOCUMENTED_CMF_SCENARIO,5,OFFICIAL_BUDGET_SCENARIO; PROVISIONAL_PORTFOLIO_SCENARIO; ENGINEERING_REVIEW_REQUIRED
PORT_OFF_BASE_B25M_EQ40,OFFICIAL,BASE,25000000.0,0.4,b5b9ee069be3eb2712d0c56c15a8759c984feb56cbc1e7033b4d9f8446311d66,OFFICIAL_BASE_b5b9ee069be3eb2712d0c56c15a8759c984feb56cbc1e7033b4d9f8446311d66,False,False,HCC021,Pulaski,TRT_002,Road Diet (4-to-3 Lane Conversion),BASE,791460.0,208411208.1513,207619748.1513,263.325005,True,UNKNOWN,DOCUMENTED_CMF_SCENARIO,6,OFFICIAL_BUDGET_SCENARIO; PROVISIONAL_PORTFOLIO_SCENARIO; ENGINEERING_REVIEW_REQUIRED
PORT_OFF_BASE_B25M_EQ40,OFFICIAL,BASE,25000000.0,0.4,b5b9ee069be3eb2712d0c56c15a8759c984feb56cbc1e7033b4d9f8446311d66,OFFICIAL_BASE_b5b9ee069be3eb2712d0c56c15a8759c984feb56cbc1e7033b4d9f8446311d66,False,False,HCC015,Lake,TRT_002,Road Diet (4-to-3 Lane Conversion),BASE,571830.0,196799394.4306,196227564.4306,344.15717,True,UNKNOWN,DOCUMENTED_CMF_SCENARIO,7,OFFICIAL_BUDGET_SCENARIO; PROVISIONAL_PORTFOLIO_SCENARIO; ENGINEERING_REVIEW_REQUIRED
PORT_OFF_BASE_B25M_EQ40,OFFICIAL,BASE,25000000.0,0.4,b5b9ee069be3eb2712d0c56c15a8759c984feb56cbc1e7033b4d9f8446311d66,OFFICIAL_BASE_b5b9ee069be3eb2712d0c56c15a8759c984feb56cbc1e7033b4d9f8446311d66,False,False,HCC008,Milwaukee,TRT_002,Road Diet (4-to-3 Lane Conversion),BASE,1062120.0,183750004.3565,182687884.3565,173.003055,False,UNKNOWN,DOCUMENTED_CMF_SCENARIO,8,OFFICIAL_BUDGET_SCENARIO; PROVISIONAL_PORTFOLIO_SCENARIO; ENGINEERING_REVIEW_REQUIRED
PORT_OFF_BASE_B25M_EQ40,OFFICIAL,BASE,25000000.0,0.4,b5b9ee069be3eb2712d0c56c15a8759c984feb56cbc1e7033b4d9f8446311d66,OFFICIAL_BASE_b5b9ee069be3eb2712d0c56c15a8759c984feb56cbc1e7033b4d9f8446311d66,False,False,HCC010,Ashland,TRT_002,Road Diet (4-to-3 Lane Conversion),BASE,1012500.0,180448555.9594,179436055.9594,178.220796,False,UNKNOWN,DOCUMENTED_CMF_SCENARIO,9,OFFICIAL_BUDGET_SCENARIO; PROVISIONAL_PORTFOLIO_SCENARIO; ENGINEERING_REVIEW_REQUIRED
PORT_OFF_BASE_B25M_EQ40,OFFICIAL,BASE,25000000.0,0.4,b5b9ee069be3eb2712d0c56c15a8759c984feb56cbc1e7033b4d9f8446311d66,OFFICIAL_BASE_b5b9ee069be3eb2712d0c56c15a8759c984feb56cbc1e7033b4d9f8446311d66,False,False,HCC023,Ashland,TRT_002,Road Diet (4-to-3 Lane Conversion),BASE,376800.0,152356834.9555,151980034.9555,404.344042,True,UNKNOWN,DOCUMENTED_CMF_SCENARIO,10,OFFICIAL_BUDGET_SCENARIO; PROVISIONAL_PORTFOLIO_SCENARIO; ENGINEERING_REVIEW_REQUIRED
PORT_OFF_BASE_B25M_EQ40,OFFICIAL,BASE,25000000.0,0.4,b5b9ee069be3eb2712d0c56c15a8759c984feb56cbc1e7033b4d9f8446311d66,OFFICIAL_BASE_b5b9ee069be3eb2712d0c56c15a8759c984feb56cbc1e7033b4d9f8446311d66,False,False,HCC007,Western,TRT_002,Road Diet (4-to-3 Lane Conversion),BASE,787920.0,145232427.5956,144444507.5956,184.323824,False,UNKNOWN,DOCUMENTED_CMF_SCENARIO,11,OFFICIAL_BUDGET_SCENARIO; PROVISIONAL_PORTFOLIO_SCENARIO; ENGINEERING_REVIEW_REQUIRED
PORT_OFF_BASE_B25M_EQ40,OFFICIAL,BASE,25000000.0,0.4,b5b9ee069be3eb2712d0c56c15a8759c984feb56cbc1e7033b4d9f8446311d66,OFFICIAL_BASE_b5b9ee069be3eb2712d0c56c15a8759c984feb56cbc1e7033b4d9f8446311d66,False,False,HCC039,Wacker,TRT_002,Road Diet (4-to-3 Lane Conversion),BASE,528900.0,139944722.3077,139415822.3077,264.595807,False,UNKNOWN,DOCUMENTED_CMF_SCENARIO,12,OFFICIAL_BUDGET_SCENARIO; PROVISIONAL_PORTFOLIO_SCENARIO; ENGINEERING_REVIEW_REQUIRED
PORT_OFF_BASE_B25M_EQ40,OFFICIAL,BASE,25000000.0,0.4,b5b9ee069be3eb2712d0c56c15a8759c984feb56cbc1e7033b4d9f8446311d66,OFFICIAL_BASE_b5b9ee069be3eb2712d0c56c15a8759c984feb56cbc1e7033b4d9f8446311d66,False,False,HCC018,Roosevelt,TRT_002,Road Diet (4-to-3 Lane Conversion),BASE,352740.0,136669587.6734,136316847.6734,387.451346,False,UNKNOWN,DOCUMENTED_CMF_SCENARIO,13,OFFICIAL_BUDGET_SCENARIO; PROVISIONAL_PORTFOLIO_SCENARIO; ENGINEERING_REVIEW_REQUIRED
PORT_OFF_BASE_B25M_EQ40,OFFICIAL,BASE,25000000.0,0.4,b5b9ee069be3eb2712d0c56c15a8759c984feb56cbc1e7033b4d9f8446311d66,OFFICIAL_BASE_b5b9ee069be3eb2712d0c56c15a8759c984feb56cbc1e7033b4d9f8446311d66,False,False,HCC001,Devon,TRT_002,Road Diet (4-to-3 Lane Conversion),BASE,448830.0,131216216.9645,130767386.9645,292.351708,True,UNKNOWN,DOCUMENTED_CMF_SCENARIO,14,OFFICIAL_BUDGET_SCENARIO; PROVISIONAL_PORTFOLIO_SCENARIO; ENGINEERING_REVIEW_REQUIRED
PORT_OFF_BASE_B25M_EQ40,OFFICIAL,BASE,25000000.0,0.4,b5b9ee069be3eb2712d0c56c15a8759c984feb56cbc1e7033b4d9f8446311d66,OFFICIAL_BASE_b5b9ee069be3eb2712d0c56c15a8759c984feb56cbc1e7033b4d9f8446311d66,False,False,HCC024,Western,TRT_002,Road Diet (4-to-3 Lane Conversion),BASE,413850.0,124617371.9512,124203521.9512,301.117245,True,UNKNOWN,DOCUMENTED_CMF_SCENARIO,15,OFFICIAL_BUDGET_SCENARIO; PROVISIONAL_PORTFOLIO_SCENARIO; ENGINEERING_REVIEW_REQUIRED
PORT_OFF_BASE_B25M_EQ40,OFFICIAL,BASE,25000000.0,0.4,b5b9ee069be3eb2712d0c56c15a8759c984feb56cbc1e7033b4d9f8446311d66,OFFICIAL_BASE_b5b9ee069be3eb2712d0c56c15a8759c984feb56cbc1e7033b4d9f8446311d66,False,False,HCC014,Chicago,TRT_002,Road Diet (4-to-3 Lane Conversion),BASE,642630.0,120590878.0288,119948248.0288,187.652114,False,UNKNOWN,DOCUMENTED_CMF_SCENARIO,16,OFFICIAL_BUDGET_SCENARIO; PROVISIONAL_PORTFOLIO_SCENARIO; ENGINEERING_REVIEW_REQUIRED
PORT_OFF_BASE_B25M_EQ40,OFFICIAL,BASE,25000000.0,0.4,b5b9ee069be3eb2712d0c56c15a8759c984feb56cbc1e7033b4d9f8446311d66,OFFICIAL_BASE_b5b9ee069be3eb2712d0c56c15a8759c984feb56cbc1e7033b4d9f8446311d66,False,False,HCC030,87th,TRT_002,Road Diet (4-to-3 Lane Conversion),BASE,452370.0,119007535.6147,118555165.6147,263.075658,True,UNKNOWN,DOCUMENTED_CMF_SCENARIO,17,OFFICIAL_BUDGET_SCENARIO; PROVISIONAL_PORTFOLIO_SCENARIO; ENGINEERING_REVIEW_REQUIRED
PORT_OFF_BASE_B25M_EQ40,OFFICIAL,BASE,25000000.0,0.4,b5b9ee069be3eb2712d0c56c15a8759c984feb56cbc1e7033b4d9f8446311d66,OFFICIAL_BASE_b5b9ee069be3eb2712d0c56c15a8759c984feb56cbc1e7033b4d9f8446311d66,False,False,HCC005,Clark,TRT_002,Road Diet (4-to-3 Lane Conversion),BASE,956460.0,118100232.238,117143772.238,123.476394,False,UNKNOWN,DOCUMENTED_CMF_SCENARIO,18,OFFICIAL_BUDGET_SCENARIO; PROVISIONAL_PORTFOLIO_SCENARIO; ENGINEERING_REVIEW_REQUIRED
PORT_OFF_BASE_B25M_EQ40,OFFICIAL,BASE,25000000.0,0.4,b5b9ee069be3eb2712d0c56c15a8759c984feb56cbc1e7033b4d9f8446311d66,OFFICIAL_BASE_b5b9ee069be3eb2712d0c56c15a8759c984feb56cbc1e7033b4d9f8446311d66,False,False,HCC027,Cottage Grove,TRT_002,Road Diet (4-to-3 Lane Conversion),BASE,454230.0,118015851.6338,117561621.6338,259.815185,True,UNKNOWN,DOCUMENTED_CMF_SCENARIO,19,OFFICIAL_BUDGET_SCENARIO; PROVISIONAL_PORTFOLIO_SCENARIO; ENGINEERING_REVIEW_REQUIRED
PORT_OFF_BASE_B25M_EQ40,OFFICIAL,BASE,25000000.0,0.4,b5b9ee069be3eb2712d0c56c15a8759c984feb56cbc1e7033b4d9f8446311d66,OFFICIAL_BASE_b5b9ee069be3eb2712d0c56c15a8759c984feb56cbc1e7033b4d9f8446311d66,False,False,HCC031,Stony Island,TRT_002,Road Diet (4-to-3 Lane Conversion),BASE,302730.0,117460806.4058,117158076.4058,388.005174,False,UNKNOWN,DOCUMENTED_CMF_SCENARIO,20,OFFICIAL_BUDGET_SCENARIO; PROVISIONAL_PORTFOLIO_SCENARIO; ENGINEERING_REVIEW_REQUIRED
PORT_OFF_BASE_B25M_EQ40,OFFICIAL,BASE,25000000.0,0.4,b5b9ee069be3eb2712d0c56c15a8759c984feb56cbc1e7033b4d9f8446311d66,OFFICIAL_BASE_b5b9ee069be3eb2712d0c56c15a8759c984feb56cbc1e7033b4d9f8446311d66,False,False,HCC026,Halsted,TRT_002,Road Diet (4-to-3 Lane Conversion),BASE,452070.0,108768343.2502,108316273.2502,240.600666,True,UNKNOWN,DOCUMENTED_CMF_SCENARIO,21,OFFICIAL_BUDGET_SCENARIO; PROVISIONAL_PORTFOLIO_SCENARIO; ENGINEERING_REVIEW_REQUIRED
PORT_OFF_BASE_B25M_EQ40,OFFICIAL,BASE,25000000.0,0.4,b5b9ee069be3eb2712d0c56c15a8759c984feb56cbc1e7033b4d9f8446311d66,OFFICIAL_BASE_b5b9ee069be3eb2712d0c56c15a8759c984feb56cbc1e7033b4d9f8446311d66,False,False,HCC009,Damen,TRT_002,Road Diet (4-to-3 Lane Conversion),BASE,623130.0,108436672.291,107813542.291,174.019342,False,UNKNOWN,DOCUMENTED_CMF_SCENARIO,22,OFFICIAL_BUDGET_SCENARIO; PROVISIONAL_PORTFOLIO_SCENARIO; ENGINEERING_REVIEW_REQUIRED
PORT_OFF_BASE_B25M_EQ40,OFFICIAL,BASE,25000000.0,0.4,b5b9ee069be3eb2712d0c56c15a8759c984feb56cbc1e7033b4d9f8446311d66,OFFICIAL_BASE_b5b9ee069be3eb2712d0c56c15a8759c984feb56cbc1e7033b4d9f8446311d66,False,False,HCC020,Western Ave/Blvd,TRT_002,Road Diet (4-to-3 Lane Conversion),BASE,733890.0,98959799.2104,98225909.2104,134.842823,True,UNKNOWN,DOCUMENTED_CMF_SCENARIO,23,OFFICIAL_BUDGET_SCENARIO; PROVISIONAL_PORTFOLIO_SCENARIO; ENGINEERING_REVIEW_REQUIRED
PORT_OFF_BASE_B25M_EQ40,OFFICIAL,BASE,25000000.0,0.4,b5b9ee069be3eb2712d0c56c15a8759c984feb56cbc1e7033b4d9f8446311d66,OFFICIAL_BASE_b5b9ee069be3eb2712d0c56c15a8759c984feb56cbc1e7033b4d9f8446311d66,False,False,HCC011,North,TRT_002,Road Diet (4-to-3 Lane Conversion),BASE,306330.0,90747637.322,90441307.322,296.24143,True,UNKNOWN,DOCUMENTED_CMF_SCENARIO,24,OFFICIAL_BUDGET_SCENARIO; PROVISIONAL_PORTFOLIO_SCENARIO; ENGINEERING_REVIEW_REQUIRED
PORT_OFF_BASE_B25M_EQ40,OFFICIAL,BASE,25000000.0,0.4,b5b9ee069be3eb2712d0c56c15a8759c984feb56cbc1e7033b4d9f8446311d66,OFFICIAL_BASE_b5b9ee069be3eb2712d0c56c15a8759c984feb56cbc1e7033b4d9f8446311d66,False,False,HCC013,Chicago,TRT_002,Road Diet (4-to-3 Lane Conversion),BASE,302070.0,89865329.449,89563259.449,297.498359,True,UNKNOWN,DOCUMENTED_CMF_SCENARIO,25,OFFICIAL_BUDGET_SCENARIO; PROVISIONAL_PORTFOLIO_SCENARIO; ENGINEERING_REVIEW_REQUIRED
PORT_OFF_BASE_B25M_EQ40,OFFICIAL,BASE,25000000.0,0.4,b5b9ee069be3eb2712d0c56c15a8759c984feb56cbc1e7033b4d9f8446311d66,OFFICIAL_BASE_b5b9ee069be3eb2712d0c56c15a8759c984feb56cbc1e7033b4d9f8446311d66,False,False,HCC037,State,TRT_002,Road Diet (4-to-3 Lane Conversion),BASE,458460.0,88798640.6676,88340180.6676,193.68896,False,UNKNOWN,DOCUMENTED_CMF_SCENARIO,26,OFFICIAL_BUDGET_SCENARIO; PROVISIONAL_PORTFOLIO_SCENARIO; ENGINEERING_REVIEW_REQUIRED
PORT_OFF_BASE_B25M_EQ40,OFFICIAL,BASE,25000000.0,0.4,b5b9ee069be3eb2712d0c56c15a8759c984feb56cbc1e7033b4d9f8446311d66,OFFICIAL_BASE_b5b9ee069be3eb2712d0c56c15a8759c984feb56cbc1e7033b4d9f8446311d66,False,False,HCC029,79th,TRT_002,Road Diet (4-to-3 Lane Conversion),BASE,337920.0,84947230.6221,84609310.6221,251.382666,True,UNKNOWN,DOCUMENTED_CMF_SCENARIO,27,OFFICIAL_BUDGET_SCENARIO; PROVISIONAL_PORTFOLIO_SCENARIO; ENGINEERING_REVIEW_REQUIRED
PORT_OFF_BASE_B25M_EQ40,OFFICIAL,BASE,25000000.0,0.4,b5b9ee069be3eb2712d0c56c15a8759c984feb56cbc1e7033b4d9f8446311d66,OFFICIAL_BASE_b5b9ee069be3eb2712d0c56c15a8759c984feb56cbc1e7033b4d9f8446311d66,False,False,HCC012,Chicago,TRT_002,Road Diet (4-to-3 Lane Conversion),BASE,303060.0,81822643.3899,81519583.3899,269.988264,True,UNKNOWN,DOCUMENTED_CMF_SCENARIO,28,OFFICIAL_BUDGET_SCENARIO; PROVISIONAL_PORTFOLIO_SCENARIO; ENGINEERING_REVIEW_REQUIRED
PORT_OFF_BASE_B25M_EQ40,OFFICIAL,BASE,25000000.0,0.4,b5b9ee069be3eb2712d0c56c15a8759c984feb56cbc1e7033b4d9f8446311d66,OFFICIAL_BASE_b5b9ee069be3eb2712d0c56c15a8759c984feb56cbc1e7033b4d9f8446311d66,False,False,HCC022,Garfield,TRT_002,Road Diet (4-to-3 Lane Conversion),BASE,452250.0,81739769.4948,81287519.4948,180.740231,True,UNKNOWN,DOCUMENTED_CMF_SCENARIO,29,OFFICIAL_BUDGET_SCENARIO; PROVISIONAL_PORTFOLIO_SCENARIO; ENGINEERING_REVIEW_REQUIRED
PORT_OFF_BASE_B25M_EQ40,OFFICIAL,BASE,25000000.0,0.4,b5b9ee069be3eb2712d0c56c15a8759c984feb56cbc1e7033b4d9f8446311d66,OFFICIAL_BASE_b5b9ee069be3eb2712d0c56c15a8759c984feb56cbc1e7033b4d9f8446311d66,False,False,HCC035,Ohio,TRT_002,Road Diet (4-to-3 Lane Conversion),BASE,260070.0,79954038.4135,79693968.4135,307.432762,False,UNKNOWN,DOCUMENTED_CMF_SCENARIO,30,OFFICIAL_BUDGET_SCENARIO; PROVISIONAL_PORTFOLIO_SCENARIO; ENGINEERING_REVIEW_REQUIRED
PORT_OFF_BASE_B25M_EQ40,OFFICIAL,BASE,25000000.0,0.4,b5b9ee069be3eb2712d0c56c15a8759c984feb56cbc1e7033b4d9f8446311d66,OFFICIAL_BASE_b5b9ee069be3eb2712d0c56c15a8759c984feb56cbc1e7033b4d9f8446311d66,False,False,HCC002,Broadway,TRT_002,Road Diet (4-to-3 Lane Conversion),BASE,555180.0,79844053.8437,79288873.8437,143.816517,False,UNKNOWN,DOCUMENTED_CMF_SCENARIO,31,OFFICIAL_BUDGET_SCENARIO; PROVISIONAL_PORTFOLIO_SCENARIO; ENGINEERING_REVIEW_REQUIRED
PORT_OFF_BASE_B25M_EQ40,OFFICIAL,BASE,25000000.0,0.4,b5b9ee069be3eb2712d0c56c15a8759c984feb56cbc1e7033b4d9f8446311d66,OFFICIAL_BASE_b5b9ee069be3eb2712d0c56c15a8759c984feb56cbc1e7033b4d9f8446311d66,False,False,HCC004,Belmont,TRT_002,Road Diet (4-to-3 Lane Conversion),BASE,301320.0,78471857.129,78170537.129,260.426978,False,UNKNOWN,DOCUMENTED_CMF_SCENARIO,32,OFFICIAL_BUDGET_SCENARIO; PROVISIONAL_PORTFOLIO_SCENARIO; ENGINEERING_REVIEW_REQUIRED
PORT_OFF_BASE_B25M_EQ40,OFFICIAL,BASE,25000000.0,0.4,b5b9ee069be3eb2712d0c56c15a8759c984feb56cbc1e7033b4d9f8446311d66,OFFICIAL_BASE_b5b9ee069be3eb2712d0c56c15a8759c984feb56cbc1e7033b4d9f8446311d66,False,False,HCC034,Ontario,TRT_002,Road Diet (4-to-3 Lane Conversion),BASE,260010.0,64176127.2349,63916117.2349,246.821765,False,UNKNOWN,DOCUMENTED_CMF_SCENARIO,33,OFFICIAL_BUDGET_SCENARIO; PROVISIONAL_PORTFOLIO_SCENARIO; ENGINEERING_REVIEW_REQUIRED
PORT_OFF_BASE_B25M_EQ40,OFFICIAL,BASE,25000000.0,0.4,b5b9ee069be3eb2712d0c56c15a8759c984feb56cbc1e7033b4d9f8446311d66,OFFICIAL_BASE_b5b9ee069be3eb2712d0c56c15a8759c984feb56cbc1e7033b4d9f8446311d66,False,False,HCC043,Congress,TRT_002,Road Diet (4-to-3 Lane Conversion),BASE,145470.0,59575653.4753,59430183.4753,409.539104,False,UNKNOWN,DOCUMENTED_CMF_SCENARIO,34,OFFICIAL_BUDGET_SCENARIO; PROVISIONAL_PORTFOLIO_SCENARIO; ENGINEERING_REVIEW_REQUIRED
PORT_OFF_BASE_B25M_EQ40,OFFICIAL,BASE,25000000.0,0.4,b5b9ee069be3eb2712d0c56c15a8759c984feb56cbc1e7033b4d9f8446311d66,OFFICIAL_BASE_b5b9ee069be3eb2712d0c56c15a8759c984feb56cbc1e7033b4d9f8446311d66,False,False,HCC003,Western,TRT_002,Road Diet (4-to-3 Lane Conversion),BASE,302430.0,59120874.7246,58818444.7246,195.486145,False,UNKNOWN,DOCUMENTED_CMF_SCENARIO,35,OFFICIAL_BUDGET_SCENARIO; PROVISIONAL_PORTFOLIO_SCENARIO; ENGINEERING_REVIEW_REQUIRED
PORT_OFF_BASE_B25M_EQ40,OFFICIAL,BASE,25000000.0,0.4,b5b9ee069be3eb2712d0c56c15a8759c984feb56cbc1e7033b4d9f8446311d66,OFFICIAL_BASE_b5b9ee069be3eb2712d0c56c15a8759c984feb56cbc1e7033b4d9f8446311d66,False,False,HCC028,Ashland,TRT_002,Road Diet (4-to-3 Lane Conversion),BASE,339300.0,58179452.2656,57840152.2656,171.469061,True,UNKNOWN,DOCUMENTED_CMF_SCENARIO,36,OFFICIAL_BUDGET_SCENARIO; PROVISIONAL_PORTFOLIO_SCENARIO; ENGINEERING_REVIEW_REQUIRED
PORT_OFF_BASE_B25M_EQ40,OFFICIAL,BASE,25000000.0,0.4,b5b9ee069be3eb2712d0c56c15a8759c984feb56cbc1e7033b4d9f8446311d66,OFFICIAL_BASE_b5b9ee069be3eb2712d0c56c15a8759c984feb56cbc1e7033b4d9f8446311d66,False,False,HCC040,Washington,TRT_002,Road Diet (4-to-3 Lane Conversion),BASE,191790.0,53116805.5292,52925015.5292,276.952946,False,UNKNOWN,DOCUMENTED_CMF_SCENARIO,37,OFFICIAL_BUDGET_SCENARIO; PROVISIONAL_PORTFOLIO_SCENARIO; ENGINEERING_REVIEW_REQUIRED
PORT_OFF_BASE_B25M_EQ40,OFFICIAL,BASE,25000000.0,0.4,b5b9ee069be3eb2712d0c56c15a8759c984feb56cbc1e7033b4d9f8446311d66,OFFICIAL_BASE_b5b9ee069be3eb2712d0c56c15a8759c984feb56cbc1e7033b4d9f8446311d66,False,False,HCC038,Fairbanks,TRT_002,Road Diet (4-to-3 Lane Conversion),BASE,112920.0,32127923.6162,32015003.6162,284.519338,False,UNKNOWN,DOCUMENTED_CMF_SCENARIO,38,OFFICIAL_BUDGET_SCENARIO; PROVISIONAL_PORTFOLIO_SCENARIO; ENGINEERING_REVIEW_REQUIRED
PORT_OFF_BASE_B25M_EQ40,OFFICIAL,BASE,25000000.0,0.4,b5b9ee069be3eb2712d0c56c15a8759c984feb56cbc1e7033b4d9f8446311d66,OFFICIAL_BASE_b5b9ee069be3eb2712d0c56c15a8759c984feb56cbc1e7033b4d9f8446311d66,False,False,HCC041,Randolph,TRT_002,Road Diet (4-to-3 Lane Conversion),BASE,100350.0,24898742.9643,24798392.9643,248.119013,False,UNKNOWN,DOCUMENTED_CMF_SCENARIO,39,OFFICIAL_BUDGET_SCENARIO; PROVISIONAL_PORTFOLIO_SCENARIO; ENGINEERING_REVIEW_REQUIRED
PORT_OFF_BASE_B25M_EQ40,OFFICIAL,BASE,25000000.0,0.4,b5b9ee069be3eb2712d0c56c15a8759c984feb56cbc1e7033b4d9f8446311d66,OFFICIAL_BASE_b5b9ee069be3eb2712d0c56c15a8759c984feb56cbc1e7033b4d9f8446311d66,False,False,HCC042,Dearborn,TRT_002,Road Diet (4-to-3 Lane Conversion),BASE,104100.0,24259417.862,24155317.862,233.039557,False,UNKNOWN,DOCUMENTED_CMF_SCENARIO,40,OFFICIAL_BUDGET_SCENARIO; PROVISIONAL_PORTFOLIO_SCENARIO; ENGINEERING_REVIEW_REQUIRED
PORT_OFF_BASE_B25M_EQ40,OFFICIAL,BASE,25000000.0,0.4,b5b9ee069be3eb2712d0c56c15a8759c984feb56cbc1e7033b4d9f8446311d66,OFFICIAL_BASE_b5b9ee069be3eb2712d0c56c15a8759c984feb56cbc1e7033b4d9f8446311d66,False,False,HCC033,Orleans,TRT_002,Road Diet (4-to-3 Lane Conversion),BASE,86490.0,22150628.7156,22064138.7156,256.10624,False,UNKNOWN,DOCUMENTED_CMF_SCENARIO,41,OFFICIAL_BUDGET_SCENARIO; PROVISIONAL_PORTFOLIO_SCENARIO; ENGINEERING_REVIEW_REQUIRED
PORT_OFF_BASE_B25M_EQ40,OFFICIAL,BASE,25000000.0,0.4,b5b9ee069be3eb2712d0c56c15a8759c984feb56cbc1e7033b4d9f8446311d66,OFFICIAL_BASE_b5b9ee069be3eb2712d0c56c15a8759c984feb56cbc1e7033b4d9f8446311d66,False,False,HCC036,LaSalle,TRT_002,Road Diet (4-to-3 Lane Conversion),BASE,130050.0,20433445.8346,20303395.8346,157.119922,False,UNKNOWN,DOCUMENTED_CMF_SCENARIO,42,OFFICIAL_BUDGET_SCENARIO; PROVISIONAL_PORTFOLIO_SCENARIO; ENGINEERING_REVIEW_REQUIRED
PORT_OFF_BASE_B25M_EQ40,OFFICIAL,BASE,25000000.0,0.4,b5b9ee069be3eb2712d0c56c15a8759c984feb56cbc1e7033b4d9f8446311d66,OFFICIAL_BASE_b5b9ee069be3eb2712d0c56c15a8759c984feb56cbc1e7033b4d9f8446311d66,False,False,HCC019,Lake Shore Drive,TRT_001,Pedestrian Refuge Islands & Medians,BASE,90000.0,16594685.5556,16504685.5556,184.385395,False,UNKNOWN,DOCUMENTED_CMF_SCENARIO,43,OFFICIAL_BUDGET_SCENARIO; PROVISIONAL_PORTFOLIO_SCENARIO; ENGINEERING_REVIEW_REQUIRED
PORT_OFF_BASE_B40M_EQ20,OFFICIAL,BASE,40000000.0,0.2,b5b9ee069be3eb2712d0c56c15a8759c984feb56cbc1e7033b4d9f8446311d66,OFFICIAL_BASE_b5b9ee069be3eb2712d0c56c15a8759c984feb56cbc1e7033b4d9f8446311d66,False,False,HCC006,Fullerton,TRT_002,Road Diet (4-to-3 Lane Conversion),BASE,1248570.0,261085762.9777,259837192.9777,209.10783,False,UNKNOWN,DOCUMENTED_CMF_SCENARIO,1,OFFICIAL_BUDGET_SCENARIO; PROVISIONAL_PORTFOLIO_SCENARIO; ENGINEERING_REVIEW_REQUIRED
PORT_OFF_BASE_B40M_EQ20,OFFICIAL,BASE,40000000.0,0.2,b5b9ee069be3eb2712d0c56c15a8759c984feb56cbc1e7033b4d9f8446311d66,OFFICIAL_BASE_b5b9ee069be3eb2712d0c56c15a8759c984feb56cbc1e7033b4d9f8446311d66,False,False,HCC017,Pulaski,TRT_002,Road Diet (4-to-3 Lane Conversion),BASE,755940.0,249366509.2623,248610569.2623,329.876061,True,UNKNOWN,DOCUMENTED_CMF_SCENARIO,2,OFFICIAL_BUDGET_SCENARIO; PROVISIONAL_PORTFOLIO_SCENARIO; ENGINEERING_REVIEW_REQUIRED
PORT_OFF_BASE_B40M_EQ20,OFFICIAL,BASE,40000000.0,0.2,b5b9ee069be3eb2712d0c56c15a8759c984feb56cbc1e7033b4d9f8446311d66,OFFICIAL_BASE_b5b9ee069be3eb2712d0c56c15a8759c984feb56cbc1e7033b4d9f8446311d66,False,False,HCC016,Cicero,TRT_002,Road Diet (4-to-3 Lane Conversion),BASE,527460.0,234424612.8023,233897152.8023,444.440551,True,UNKNOWN,DOCUMENTED_CMF_SCENARIO,3,OFFICIAL_BUDGET_SCENARIO; PROVISIONAL_PORTFOLIO_SCENARIO; ENGINEERING_REVIEW_REQUIRED
PORT_OFF_BASE_B40M_EQ20,OFFICIAL,BASE,40000000.0,0.2,b5b9ee069be3eb2712d0c56c15a8759c984feb56cbc1e7033b4d9f8446311d66,OFFICIAL_BASE_b5b9ee069be3eb2712d0c56c15a8759c984feb56cbc1e7033b4d9f8446311d66,False,False,HCC032,Michigan,TRT_002,Road Diet (4-to-3 Lane Conversion),BASE,691950.0,232632764.02,231940814.02,336.198806,False,UNKNOWN,DOCUMENTED_CMF_SCENARIO,4,OFFICIAL_BUDGET_SCENARIO; PROVISIONAL_PORTFOLIO_SCENARIO; ENGINEERING_REVIEW_REQUIRED
PORT_OFF_BASE_B40M_EQ20,OFFICIAL,BASE,40000000.0,0.2,b5b9ee069be3eb2712d0c56c15a8759c984feb56cbc1e7033b4d9f8446311d66,OFFICIAL_BASE_b5b9ee069be3eb2712d0c56c15a8759c984feb56cbc1e7033b4d9f8446311d66,False,False,HCC025,Stony Island,TRT_002,Road Diet (4-to-3 Lane Conversion),BASE,603330.0,211541491.8085,210938161.8085,350.623194,True,UNKNOWN,DOCUMENTED_CMF_SCENARIO,5,OFFICIAL_BUDGET_SCENARIO; PROVISIONAL_PORTFOLIO_SCENARIO; ENGINEERING_REVIEW_REQUIRED
PORT_OFF_BASE_B40M_EQ20,OFFICIAL,BASE,40000000.0,0.2,b5b9ee069be3eb2712d0c56c15a8759c984feb56cbc1e7033b4d9f8446311d66,OFFICIAL_BASE_b5b9ee069be3eb2712d0c56c15a8759c984feb56cbc1e7033b4d9f8446311d66,False,False,HCC021,Pulaski,TRT_002,Road Diet (4-to-3 Lane Conversion),BASE,791460.0,208411208.1513,207619748.1513,263.325005,True,UNKNOWN,DOCUMENTED_CMF_SCENARIO,6,OFFICIAL_BUDGET_SCENARIO; PROVISIONAL_PORTFOLIO_SCENARIO; ENGINEERING_REVIEW_REQUIRED
PORT_OFF_BASE_B40M_EQ20,OFFICIAL,BASE,40000000.0,0.2,b5b9ee069be3eb2712d0c56c15a8759c984feb56cbc1e7033b4d9f8446311d66,OFFICIAL_BASE_b5b9ee069be3eb2712d0c56c15a8759c984feb56cbc1e7033b4d9f8446311d66,False,False,HCC015,Lake,TRT_002,Road Diet (4-to-3 Lane Conversion),BASE,571830.0,196799394.4306,196227564.4306,344.15717,True,UNKNOWN,DOCUMENTED_CMF_SCENARIO,7,OFFICIAL_BUDGET_SCENARIO; PROVISIONAL_PORTFOLIO_SCENARIO; ENGINEERING_REVIEW_REQUIRED
PORT_OFF_BASE_B40M_EQ20,OFFICIAL,BASE,40000000.0,0.2,b5b9ee069be3eb2712d0c56c15a8759c984feb56cbc1e7033b4d9f8446311d66,OFFICIAL_BASE_b5b9ee069be3eb2712d0c56c15a8759c984feb56cbc1e7033b4d9f8446311d66,False,False,HCC008,Milwaukee,TRT_002,Road Diet (4-to-3 Lane Conversion),BASE,1062120.0,183750004.3565,182687884.3565,173.003055,False,UNKNOWN,DOCUMENTED_CMF_SCENARIO,8,OFFICIAL_BUDGET_SCENARIO; PROVISIONAL_PORTFOLIO_SCENARIO; ENGINEERING_REVIEW_REQUIRED
PORT_OFF_BASE_B40M_EQ20,OFFICIAL,BASE,40000000.0,0.2,b5b9ee069be3eb2712d0c56c15a8759c984feb56cbc1e7033b4d9f8446311d66,OFFICIAL_BASE_b5b9ee069be3eb2712d0c56c15a8759c984feb56cbc1e7033b4d9f8446311d66,False,False,HCC010,Ashland,TRT_002,Road Diet (4-to-3 Lane Conversion),BASE,1012500.0,180448555.9594,179436055.9594,178.220796,False,UNKNOWN,DOCUMENTED_CMF_SCENARIO,9,OFFICIAL_BUDGET_SCENARIO; PROVISIONAL_PORTFOLIO_SCENARIO; ENGINEERING_REVIEW_REQUIRED
PORT_OFF_BASE_B40M_EQ20,OFFICIAL,BASE,40000000.0,0.2,b5b9ee069be3eb2712d0c56c15a8759c984feb56cbc1e7033b4d9f8446311d66,OFFICIAL_BASE_b5b9ee069be3eb2712d0c56c15a8759c984feb56cbc1e7033b4d9f8446311d66,False,False,HCC023,Ashland,TRT_002,Road Diet (4-to-3 Lane Conversion),BASE,376800.0,152356834.9555,151980034.9555,404.344042,True,UNKNOWN,DOCUMENTED_CMF_SCENARIO,10,OFFICIAL_BUDGET_SCENARIO; PROVISIONAL_PORTFOLIO_SCENARIO; ENGINEERING_REVIEW_REQUIRED
PORT_OFF_BASE_B40M_EQ20,OFFICIAL,BASE,40000000.0,0.2,b5b9ee069be3eb2712d0c56c15a8759c984feb56cbc1e7033b4d9f8446311d66,OFFICIAL_BASE_b5b9ee069be3eb2712d0c56c15a8759c984feb56cbc1e7033b4d9f8446311d66,False,False,HCC007,Western,TRT_002,Road Diet (4-to-3 Lane Conversion),BASE,787920.0,145232427.5956,144444507.5956,184.323824,False,UNKNOWN,DOCUMENTED_CMF_SCENARIO,11,OFFICIAL_BUDGET_SCENARIO; PROVISIONAL_PORTFOLIO_SCENARIO; ENGINEERING_REVIEW_REQUIRED
PORT_OFF_BASE_B40M_EQ20,OFFICIAL,BASE,40000000.0,0.2,b5b9ee069be3eb2712d0c56c15a8759c984feb56cbc1e7033b4d9f8446311d66,OFFICIAL_BASE_b5b9ee069be3eb2712d0c56c15a8759c984feb56cbc1e7033b4d9f8446311d66,False,False,HCC039,Wacker,TRT_002,Road Diet (4-to-3 Lane Conversion),BASE,528900.0,139944722.3077,139415822.3077,264.595807,False,UNKNOWN,DOCUMENTED_CMF_SCENARIO,12,OFFICIAL_BUDGET_SCENARIO; PROVISIONAL_PORTFOLIO_SCENARIO; ENGINEERING_REVIEW_REQUIRED
PORT_OFF_BASE_B40M_EQ20,OFFICIAL,BASE,40000000.0,0.2,b5b9ee069be3eb2712d0c56c15a8759c984feb56cbc1e7033b4d9f8446311d66,OFFICIAL_BASE_b5b9ee069be3eb2712d0c56c15a8759c984feb56cbc1e7033b4d9f8446311d66,False,False,HCC018,Roosevelt,TRT_002,Road Diet (4-to-3 Lane Conversion),BASE,352740.0,136669587.6734,136316847.6734,387.451346,False,UNKNOWN,DOCUMENTED_CMF_SCENARIO,13,OFFICIAL_BUDGET_SCENARIO; PROVISIONAL_PORTFOLIO_SCENARIO; ENGINEERING_REVIEW_REQUIRED
PORT_OFF_BASE_B40M_EQ20,OFFICIAL,BASE,40000000.0,0.2,b5b9ee069be3eb2712d0c56c15a8759c984feb56cbc1e7033b4d9f8446311d66,OFFICIAL_BASE_b5b9ee069be3eb2712d0c56c15a8759c984feb56cbc1e7033b4d9f8446311d66,False,False,HCC001,Devon,TRT_002,Road Diet (4-to-3 Lane Conversion),BASE,448830.0,131216216.9645,130767386.9645,292.351708,True,UNKNOWN,DOCUMENTED_CMF_SCENARIO,14,OFFICIAL_BUDGET_SCENARIO; PROVISIONAL_PORTFOLIO_SCENARIO; ENGINEERING_REVIEW_REQUIRED
PORT_OFF_BASE_B40M_EQ20,OFFICIAL,BASE,40000000.0,0.2,b5b9ee069be3eb2712d0c56c15a8759c984feb56cbc1e7033b4d9f8446311d66,OFFICIAL_BASE_b5b9ee069be3eb2712d0c56c15a8759c984feb56cbc1e7033b4d9f8446311d66,False,False,HCC024,Western,TRT_002,Road Diet (4-to-3 Lane Conversion),BASE,413850.0,124617371.9512,124203521.9512,301.117245,True,UNKNOWN,DOCUMENTED_CMF_SCENARIO,15,OFFICIAL_BUDGET_SCENARIO; PROVISIONAL_PORTFOLIO_SCENARIO; ENGINEERING_REVIEW_REQUIRED
PORT_OFF_BASE_B40M_EQ20,OFFICIAL,BASE,40000000.0,0.2,b5b9ee069be3eb2712d0c56c15a8759c984feb56cbc1e7033b4d9f8446311d66,OFFICIAL_BASE_b5b9ee069be3eb2712d0c56c15a8759c984feb56cbc1e7033b4d9f8446311d66,False,False,HCC014,Chicago,TRT_002,Road Diet (4-to-3 Lane Conversion),BASE,642630.0,120590878.0288,119948248.0288,187.652114,False,UNKNOWN,DOCUMENTED_CMF_SCENARIO,16,OFFICIAL_BUDGET_SCENARIO; PROVISIONAL_PORTFOLIO_SCENARIO; ENGINEERING_REVIEW_REQUIRED
PORT_OFF_BASE_B40M_EQ20,OFFICIAL,BASE,40000000.0,0.2,b5b9ee069be3eb2712d0c56c15a8759c984feb56cbc1e7033b4d9f8446311d66,OFFICIAL_BASE_b5b9ee069be3eb2712d0c56c15a8759c984feb56cbc1e7033b4d9f8446311d66,False,False,HCC030,87th,TRT_002,Road Diet (4-to-3 Lane Conversion),BASE,452370.0,119007535.6147,118555165.6147,263.075658,True,UNKNOWN,DOCUMENTED_CMF_SCENARIO,17,OFFICIAL_BUDGET_SCENARIO; PROVISIONAL_PORTFOLIO_SCENARIO; ENGINEERING_REVIEW_REQUIRED
PORT_OFF_BASE_B40M_EQ20,OFFICIAL,BASE,40000000.0,0.2,b5b9ee069be3eb2712d0c56c15a8759c984feb56cbc1e7033b4d9f8446311d66,OFFICIAL_BASE_b5b9ee069be3eb2712d0c56c15a8759c984feb56cbc1e7033b4d9f8446311d66,False,False,HCC005,Clark,TRT_002,Road Diet (4-to-3 Lane Conversion),BASE,956460.0,118100232.238,117143772.238,123.476394,False,UNKNOWN,DOCUMENTED_CMF_SCENARIO,18,OFFICIAL_BUDGET_SCENARIO; PROVISIONAL_PORTFOLIO_SCENARIO; ENGINEERING_REVIEW_REQUIRED
PORT_OFF_BASE_B40M_EQ20,OFFICIAL,BASE,40000000.0,0.2,b5b9ee069be3eb2712d0c56c15a8759c984feb56cbc1e7033b4d9f8446311d66,OFFICIAL_BASE_b5b9ee069be3eb2712d0c56c15a8759c984feb56cbc1e7033b4d9f8446311d66,False,False,HCC027,Cottage Grove,TRT_002,Road Diet (4-to-3 Lane Conversion),BASE,454230.0,118015851.6338,117561621.6338,259.815185,True,UNKNOWN,DOCUMENTED_CMF_SCENARIO,19,OFFICIAL_BUDGET_SCENARIO; PROVISIONAL_PORTFOLIO_SCENARIO; ENGINEERING_REVIEW_REQUIRED
PORT_OFF_BASE_B40M_EQ20,OFFICIAL,BASE,40000000.0,0.2,b5b9ee069be3eb2712d0c56c15a8759c984feb56cbc1e7033b4d9f8446311d66,OFFICIAL_BASE_b5b9ee069be3eb2712d0c56c15a8759c984feb56cbc1e7033b4d9f8446311d66,False,False,HCC031,Stony Island,TRT_002,Road Diet (4-to-3 Lane Conversion),BASE,302730.0,117460806.4058,117158076.4058,388.005174,False,UNKNOWN,DOCUMENTED_CMF_SCENARIO,20,OFFICIAL_BUDGET_SCENARIO; PROVISIONAL_PORTFOLIO_SCENARIO; ENGINEERING_REVIEW_REQUIRED
PORT_OFF_BASE_B40M_EQ20,OFFICIAL,BASE,40000000.0,0.2,b5b9ee069be3eb2712d0c56c15a8759c984feb56cbc1e7033b4d9f8446311d66,OFFICIAL_BASE_b5b9ee069be3eb2712d0c56c15a8759c984feb56cbc1e7033b4d9f8446311d66,False,False,HCC026,Halsted,TRT_002,Road Diet (4-to-3 Lane Conversion),BASE,452070.0,108768343.2502,108316273.2502,240.600666,True,UNKNOWN,DOCUMENTED_CMF_SCENARIO,21,OFFICIAL_BUDGET_SCENARIO; PROVISIONAL_PORTFOLIO_SCENARIO; ENGINEERING_REVIEW_REQUIRED
PORT_OFF_BASE_B40M_EQ20,OFFICIAL,BASE,40000000.0,0.2,b5b9ee069be3eb2712d0c56c15a8759c984feb56cbc1e7033b4d9f8446311d66,OFFICIAL_BASE_b5b9ee069be3eb2712d0c56c15a8759c984feb56cbc1e7033b4d9f8446311d66,False,False,HCC009,Damen,TRT_002,Road Diet (4-to-3 Lane Conversion),BASE,623130.0,108436672.291,107813542.291,174.019342,False,UNKNOWN,DOCUMENTED_CMF_SCENARIO,22,OFFICIAL_BUDGET_SCENARIO; PROVISIONAL_PORTFOLIO_SCENARIO; ENGINEERING_REVIEW_REQUIRED
PORT_OFF_BASE_B40M_EQ20,OFFICIAL,BASE,40000000.0,0.2,b5b9ee069be3eb2712d0c56c15a8759c984feb56cbc1e7033b4d9f8446311d66,OFFICIAL_BASE_b5b9ee069be3eb2712d0c56c15a8759c984feb56cbc1e7033b4d9f8446311d66,False,False,HCC020,Western Ave/Blvd,TRT_002,Road Diet (4-to-3 Lane Conversion),BASE,733890.0,98959799.2104,98225909.2104,134.842823,True,UNKNOWN,DOCUMENTED_CMF_SCENARIO,23,OFFICIAL_BUDGET_SCENARIO; PROVISIONAL_PORTFOLIO_SCENARIO; ENGINEERING_REVIEW_REQUIRED
PORT_OFF_BASE_B40M_EQ20,OFFICIAL,BASE,40000000.0,0.2,b5b9ee069be3eb2712d0c56c15a8759c984feb56cbc1e7033b4d9f8446311d66,OFFICIAL_BASE_b5b9ee069be3eb2712d0c56c15a8759c984feb56cbc1e7033b4d9f8446311d66,False,False,HCC011,North,TRT_002,Road Diet (4-to-3 Lane Conversion),BASE,306330.0,90747637.322,90441307.322,296.24143,True,UNKNOWN,DOCUMENTED_CMF_SCENARIO,24,OFFICIAL_BUDGET_SCENARIO; PROVISIONAL_PORTFOLIO_SCENARIO; ENGINEERING_REVIEW_REQUIRED
PORT_OFF_BASE_B40M_EQ20,OFFICIAL,BASE,40000000.0,0.2,b5b9ee069be3eb2712d0c56c15a8759c984feb56cbc1e7033b4d9f8446311d66,OFFICIAL_BASE_b5b9ee069be3eb2712d0c56c15a8759c984feb56cbc1e7033b4d9f8446311d66,False,False,HCC013,Chicago,TRT_002,Road Diet (4-to-3 Lane Conversion),BASE,302070.0,89865329.449,89563259.449,297.498359,True,UNKNOWN,DOCUMENTED_CMF_SCENARIO,25,OFFICIAL_BUDGET_SCENARIO; PROVISIONAL_PORTFOLIO_SCENARIO; ENGINEERING_REVIEW_REQUIRED
PORT_OFF_BASE_B40M_EQ20,OFFICIAL,BASE,40000000.0,0.2,b5b9ee069be3eb2712d0c56c15a8759c984feb56cbc1e7033b4d9f8446311d66,OFFICIAL_BASE_b5b9ee069be3eb2712d0c56c15a8759c984feb56cbc1e7033b4d9f8446311d66,False,False,HCC037,State,TRT_002,Road Diet (4-to-3 Lane Conversion),BASE,458460.0,88798640.6676,88340180.6676,193.68896,False,UNKNOWN,DOCUMENTED_CMF_SCENARIO,26,OFFICIAL_BUDGET_SCENARIO; PROVISIONAL_PORTFOLIO_SCENARIO; ENGINEERING_REVIEW_REQUIRED
PORT_OFF_BASE_B40M_EQ20,OFFICIAL,BASE,40000000.0,0.2,b5b9ee069be3eb2712d0c56c15a8759c984feb56cbc1e7033b4d9f8446311d66,OFFICIAL_BASE_b5b9ee069be3eb2712d0c56c15a8759c984feb56cbc1e7033b4d9f8446311d66,False,False,HCC029,79th,TRT_002,Road Diet (4-to-3 Lane Conversion),BASE,337920.0,84947230.6221,84609310.6221,251.382666,True,UNKNOWN,DOCUMENTED_CMF_SCENARIO,27,OFFICIAL_BUDGET_SCENARIO; PROVISIONAL_PORTFOLIO_SCENARIO; ENGINEERING_REVIEW_REQUIRED
PORT_OFF_BASE_B40M_EQ20,OFFICIAL,BASE,40000000.0,0.2,b5b9ee069be3eb2712d0c56c15a8759c984feb56cbc1e7033b4d9f8446311d66,OFFICIAL_BASE_b5b9ee069be3eb2712d0c56c15a8759c984feb56cbc1e7033b4d9f8446311d66,False,False,HCC012,Chicago,TRT_002,Road Diet (4-to-3 Lane Conversion),BASE,303060.0,81822643.3899,81519583.3899,269.988264,True,UNKNOWN,DOCUMENTED_CMF_SCENARIO,28,OFFICIAL_BUDGET_SCENARIO; PROVISIONAL_PORTFOLIO_SCENARIO; ENGINEERING_REVIEW_REQUIRED
PORT_OFF_BASE_B40M_EQ20,OFFICIAL,BASE,40000000.0,0.2,b5b9ee069be3eb2712d0c56c15a8759c984feb56cbc1e7033b4d9f8446311d66,OFFICIAL_BASE_b5b9ee069be3eb2712d0c56c15a8759c984feb56cbc1e7033b4d9f8446311d66,False,False,HCC022,Garfield,TRT_002,Road Diet (4-to-3 Lane Conversion),BASE,452250.0,81739769.4948,81287519.4948,180.740231,True,UNKNOWN,DOCUMENTED_CMF_SCENARIO,29,OFFICIAL_BUDGET_SCENARIO; PROVISIONAL_PORTFOLIO_SCENARIO; ENGINEERING_REVIEW_REQUIRED
PORT_OFF_BASE_B40M_EQ20,OFFICIAL,BASE,40000000.0,0.2,b5b9ee069be3eb2712d0c56c15a8759c984feb56cbc1e7033b4d9f8446311d66,OFFICIAL_BASE_b5b9ee069be3eb2712d0c56c15a8759c984feb56cbc1e7033b4d9f8446311d66,False,False,HCC035,Ohio,TRT_002,Road Diet (4-to-3 Lane Conversion),BASE,260070.0,79954038.4135,79693968.4135,307.432762,False,UNKNOWN,DOCUMENTED_CMF_SCENARIO,30,OFFICIAL_BUDGET_SCENARIO; PROVISIONAL_PORTFOLIO_SCENARIO; ENGINEERING_REVIEW_REQUIRED
PORT_OFF_BASE_B40M_EQ20,OFFICIAL,BASE,40000000.0,0.2,b5b9ee069be3eb2712d0c56c15a8759c984feb56cbc1e7033b4d9f8446311d66,OFFICIAL_BASE_b5b9ee069be3eb2712d0c56c15a8759c984feb56cbc1e7033b4d9f8446311d66,False,False,HCC002,Broadway,TRT_002,Road Diet (4-to-3 Lane Conversion),BASE,555180.0,79844053.8437,79288873.8437,143.816517,False,UNKNOWN,DOCUMENTED_CMF_SCENARIO,31,OFFICIAL_BUDGET_SCENARIO; PROVISIONAL_PORTFOLIO_SCENARIO; ENGINEERING_REVIEW_REQUIRED
PORT_OFF_BASE_B40M_EQ20,OFFICIAL,BASE,40000000.0,0.2,b5b9ee069be3eb2712d0c56c15a8759c984feb56cbc1e7033b4d9f8446311d66,OFFICIAL_BASE_b5b9ee069be3eb2712d0c56c15a8759c984feb56cbc1e7033b4d9f8446311d66,False,False,HCC004,Belmont,TRT_002,Road Diet (4-to-3 Lane Conversion),BASE,301320.0,78471857.129,78170537.129,260.426978,False,UNKNOWN,DOCUMENTED_CMF_SCENARIO,32,OFFICIAL_BUDGET_SCENARIO; PROVISIONAL_PORTFOLIO_SCENARIO; ENGINEERING_REVIEW_REQUIRED
PORT_OFF_BASE_B40M_EQ20,OFFICIAL,BASE,40000000.0,0.2,b5b9ee069be3eb2712d0c56c15a8759c984feb56cbc1e7033b4d9f8446311d66,OFFICIAL_BASE_b5b9ee069be3eb2712d0c56c15a8759c984feb56cbc1e7033b4d9f8446311d66,False,False,HCC034,Ontario,TRT_002,Road Diet (4-to-3 Lane Conversion),BASE,260010.0,64176127.2349,63916117.2349,246.821765,False,UNKNOWN,DOCUMENTED_CMF_SCENARIO,33,OFFICIAL_BUDGET_SCENARIO; PROVISIONAL_PORTFOLIO_SCENARIO; ENGINEERING_REVIEW_REQUIRED
PORT_OFF_BASE_B40M_EQ20,OFFICIAL,BASE,40000000.0,0.2,b5b9ee069be3eb2712d0c56c15a8759c984feb56cbc1e7033b4d9f8446311d66,OFFICIAL_BASE_b5b9ee069be3eb2712d0c56c15a8759c984feb56cbc1e7033b4d9f8446311d66,False,False,HCC043,Congress,TRT_002,Road Diet (4-to-3 Lane Conversion),BASE,145470.0,59575653.4753,59430183.4753,409.539104,False,UNKNOWN,DOCUMENTED_CMF_SCENARIO,34,OFFICIAL_BUDGET_SCENARIO; PROVISIONAL_PORTFOLIO_SCENARIO; ENGINEERING_REVIEW_REQUIRED
PORT_OFF_BASE_B40M_EQ20,OFFICIAL,BASE,40000000.0,0.2,b5b9ee069be3eb2712d0c56c15a8759c984feb56cbc1e7033b4d9f8446311d66,OFFICIAL_BASE_b5b9ee069be3eb2712d0c56c15a8759c984feb56cbc1e7033b4d9f8446311d66,False,False,HCC003,Western,TRT_002,Road Diet (4-to-3 Lane Conversion),BASE,302430.0,59120874.7246,58818444.7246,195.486145,False,UNKNOWN,DOCUMENTED_CMF_SCENARIO,35,OFFICIAL_BUDGET_SCENARIO; PROVISIONAL_PORTFOLIO_SCENARIO; ENGINEERING_REVIEW_REQUIRED
PORT_OFF_BASE_B40M_EQ20,OFFICIAL,BASE,40000000.0,0.2,b5b9ee069be3eb2712d0c56c15a8759c984feb56cbc1e7033b4d9f8446311d66,OFFICIAL_BASE_b5b9ee069be3eb2712d0c56c15a8759c984feb56cbc1e7033b4d9f8446311d66,False,False,HCC028,Ashland,TRT_002,Road Diet (4-to-3 Lane Conversion),BASE,339300.0,58179452.2656,57840152.2656,171.469061,True,UNKNOWN,DOCUMENTED_CMF_SCENARIO,36,OFFICIAL_BUDGET_SCENARIO; PROVISIONAL_PORTFOLIO_SCENARIO; ENGINEERING_REVIEW_REQUIRED
PORT_OFF_BASE_B40M_EQ20,OFFICIAL,BASE,40000000.0,0.2,b5b9ee069be3eb2712d0c56c15a8759c984feb56cbc1e7033b4d9f8446311d66,OFFICIAL_BASE_b5b9ee069be3eb2712d0c56c15a8759c984feb56cbc1e7033b4d9f8446311d66,False,False,HCC040,Washington,TRT_002,Road Diet (4-to-3 Lane Conversion),BASE,191790.0,53116805.5292,52925015.5292,276.952946,False,UNKNOWN,DOCUMENTED_CMF_SCENARIO,37,OFFICIAL_BUDGET_SCENARIO; PROVISIONAL_PORTFOLIO_SCENARIO; ENGINEERING_REVIEW_REQUIRED
PORT_OFF_BASE_B40M_EQ20,OFFICIAL,BASE,40000000.0,0.2,b5b9ee069be3eb2712d0c56c15a8759c984feb56cbc1e7033b4d9f8446311d66,OFFICIAL_BASE_b5b9ee069be3eb2712d0c56c15a8759c984feb56cbc1e7033b4d9f8446311d66,False,False,HCC038,Fairbanks,TRT_002,Road Diet (4-to-3 Lane Conversion),BASE,112920.0,32127923.6162,32015003.6162,284.519338,False,UNKNOWN,DOCUMENTED_CMF_SCENARIO,38,OFFICIAL_BUDGET_SCENARIO; PROVISIONAL_PORTFOLIO_SCENARIO; ENGINEERING_REVIEW_REQUIRED
PORT_OFF_BASE_B40M_EQ20,OFFICIAL,BASE,40000000.0,0.2,b5b9ee069be3eb2712d0c56c15a8759c984feb56cbc1e7033b4d9f8446311d66,OFFICIAL_BASE_b5b9ee069be3eb2712d0c56c15a8759c984feb56cbc1e7033b4d9f8446311d66,False,False,HCC041,Randolph,TRT_002,Road Diet (4-to-3 Lane Conversion),BASE,100350.0,24898742.9643,24798392.9643,248.119013,False,UNKNOWN,DOCUMENTED_CMF_SCENARIO,39,OFFICIAL_BUDGET_SCENARIO; PROVISIONAL_PORTFOLIO_SCENARIO; ENGINEERING_REVIEW_REQUIRED
PORT_OFF_BASE_B40M_EQ20,OFFICIAL,BASE,40000000.0,0.2,b5b9ee069be3eb2712d0c56c15a8759c984feb56cbc1e7033b4d9f8446311d66,OFFICIAL_BASE_b5b9ee069be3eb2712d0c56c15a8759c984feb56cbc1e7033b4d9f8446311d66,False,False,HCC042,Dearborn,TRT_002,Road Diet (4-to-3 Lane Conversion),BASE,104100.0,24259417.862,24155317.862,233.039557,False,UNKNOWN,DOCUMENTED_CMF_SCENARIO,40,OFFICIAL_BUDGET_SCENARIO; PROVISIONAL_PORTFOLIO_SCENARIO; ENGINEERING_REVIEW_REQUIRED
PORT_OFF_BASE_B40M_EQ20,OFFICIAL,BASE,40000000.0,0.2,b5b9ee069be3eb2712d0c56c15a8759c984feb56cbc1e7033b4d9f8446311d66,OFFICIAL_BASE_b5b9ee069be3eb2712d0c56c15a8759c984feb56cbc1e7033b4d9f8446311d66,False,False,HCC033,Orleans,TRT_002,Road Diet (4-to-3 Lane Conversion),BASE,86490.0,22150628.7156,22064138.7156,256.10624,False,UNKNOWN,DOCUMENTED_CMF_SCENARIO,41,OFFICIAL_BUDGET_SCENARIO; PROVISIONAL_PORTFOLIO_SCENARIO; ENGINEERING_REVIEW_REQUIRED
PORT_OFF_BASE_B40M_EQ20,OFFICIAL,BASE,40000000.0,0.2,b5b9ee069be3eb2712d0c56c15a8759c984feb56cbc1e7033b4d9f8446311d66,OFFICIAL_BASE_b5b9ee069be3eb2712d0c56c15a8759c984feb56cbc1e7033b4d9f8446311d66,False,False,HCC036,LaSalle,TRT_002,Road Diet (4-to-3 Lane Conversion),BASE,130050.0,20433445.8346,20303395.8346,157.119922,False,UNKNOWN,DOCUMENTED_CMF_SCENARIO,42,OFFICIAL_BUDGET_SCENARIO; PROVISIONAL_PORTFOLIO_SCENARIO; ENGINEERING_REVIEW_REQUIRED
PORT_OFF_BASE_B40M_EQ20,OFFICIAL,BASE,40000000.0,0.2,b5b9ee069be3eb2712d0c56c15a8759c984feb56cbc1e7033b4d9f8446311d66,OFFICIAL_BASE_b5b9ee069be3eb2712d0c56c15a8759c984feb56cbc1e7033b4d9f8446311d66,False,False,HCC019,Lake Shore Drive,TRT_001,Pedestrian Refuge Islands & Medians,BASE,90000.0,16594685.5556,16504685.5556,184.385395,False,UNKNOWN,DOCUMENTED_CMF_SCENARIO,43,OFFICIAL_BUDGET_SCENARIO; PROVISIONAL_PORTFOLIO_SCENARIO; ENGINEERING_REVIEW_REQUIRED
PORT_OFF_BASE_B40M_EQ30,OFFICIAL,BASE,40000000.0,0.3,b5b9ee069be3eb2712d0c56c15a8759c984feb56cbc1e7033b4d9f8446311d66,OFFICIAL_BASE_b5b9ee069be3eb2712d0c56c15a8759c984feb56cbc1e7033b4d9f8446311d66,False,False,HCC006,Fullerton,TRT_002,Road Diet (4-to-3 Lane Conversion),BASE,1248570.0,261085762.9777,259837192.9777,209.10783,False,UNKNOWN,DOCUMENTED_CMF_SCENARIO,1,OFFICIAL_BUDGET_SCENARIO; PROVISIONAL_PORTFOLIO_SCENARIO; ENGINEERING_REVIEW_REQUIRED
PORT_OFF_BASE_B40M_EQ30,OFFICIAL,BASE,40000000.0,0.3,b5b9ee069be3eb2712d0c56c15a8759c984feb56cbc1e7033b4d9f8446311d66,OFFICIAL_BASE_b5b9ee069be3eb2712d0c56c15a8759c984feb56cbc1e7033b4d9f8446311d66,False,False,HCC017,Pulaski,TRT_002,Road Diet (4-to-3 Lane Conversion),BASE,755940.0,249366509.2623,248610569.2623,329.876061,True,UNKNOWN,DOCUMENTED_CMF_SCENARIO,2,OFFICIAL_BUDGET_SCENARIO; PROVISIONAL_PORTFOLIO_SCENARIO; ENGINEERING_REVIEW_REQUIRED
PORT_OFF_BASE_B40M_EQ30,OFFICIAL,BASE,40000000.0,0.3,b5b9ee069be3eb2712d0c56c15a8759c984feb56cbc1e7033b4d9f8446311d66,OFFICIAL_BASE_b5b9ee069be3eb2712d0c56c15a8759c984feb56cbc1e7033b4d9f8446311d66,False,False,HCC016,Cicero,TRT_002,Road Diet (4-to-3 Lane Conversion),BASE,527460.0,234424612.8023,233897152.8023,444.440551,True,UNKNOWN,DOCUMENTED_CMF_SCENARIO,3,OFFICIAL_BUDGET_SCENARIO; PROVISIONAL_PORTFOLIO_SCENARIO; ENGINEERING_REVIEW_REQUIRED
PORT_OFF_BASE_B40M_EQ30,OFFICIAL,BASE,40000000.0,0.3,b5b9ee069be3eb2712d0c56c15a8759c984feb56cbc1e7033b4d9f8446311d66,OFFICIAL_BASE_b5b9ee069be3eb2712d0c56c15a8759c984feb56cbc1e7033b4d9f8446311d66,False,False,HCC032,Michigan,TRT_002,Road Diet (4-to-3 Lane Conversion),BASE,691950.0,232632764.02,231940814.02,336.198806,False,UNKNOWN,DOCUMENTED_CMF_SCENARIO,4,OFFICIAL_BUDGET_SCENARIO; PROVISIONAL_PORTFOLIO_SCENARIO; ENGINEERING_REVIEW_REQUIRED
PORT_OFF_BASE_B40M_EQ30,OFFICIAL,BASE,40000000.0,0.3,b5b9ee069be3eb2712d0c56c15a8759c984feb56cbc1e7033b4d9f8446311d66,OFFICIAL_BASE_b5b9ee069be3eb2712d0c56c15a8759c984feb56cbc1e7033b4d9f8446311d66,False,False,HCC025,Stony Island,TRT_002,Road Diet (4-to-3 Lane Conversion),BASE,603330.0,211541491.8085,210938161.8085,350.623194,True,UNKNOWN,DOCUMENTED_CMF_SCENARIO,5,OFFICIAL_BUDGET_SCENARIO; PROVISIONAL_PORTFOLIO_SCENARIO; ENGINEERING_REVIEW_REQUIRED
PORT_OFF_BASE_B40M_EQ30,OFFICIAL,BASE,40000000.0,0.3,b5b9ee069be3eb2712d0c56c15a8759c984feb56cbc1e7033b4d9f8446311d66,OFFICIAL_BASE_b5b9ee069be3eb2712d0c56c15a8759c984feb56cbc1e7033b4d9f8446311d66,False,False,HCC021,Pulaski,TRT_002,Road Diet (4-to-3 Lane Conversion),BASE,791460.0,208411208.1513,207619748.1513,263.325005,True,UNKNOWN,DOCUMENTED_CMF_SCENARIO,6,OFFICIAL_BUDGET_SCENARIO; PROVISIONAL_PORTFOLIO_SCENARIO; ENGINEERING_REVIEW_REQUIRED
PORT_OFF_BASE_B40M_EQ30,OFFICIAL,BASE,40000000.0,0.3,b5b9ee069be3eb2712d0c56c15a8759c984feb56cbc1e7033b4d9f8446311d66,OFFICIAL_BASE_b5b9ee069be3eb2712d0c56c15a8759c984feb56cbc1e7033b4d9f8446311d66,False,False,HCC015,Lake,TRT_002,Road Diet (4-to-3 Lane Conversion),BASE,571830.0,196799394.4306,196227564.4306,344.15717,True,UNKNOWN,DOCUMENTED_CMF_SCENARIO,7,OFFICIAL_BUDGET_SCENARIO; PROVISIONAL_PORTFOLIO_SCENARIO; ENGINEERING_REVIEW_REQUIRED
PORT_OFF_BASE_B40M_EQ30,OFFICIAL,BASE,40000000.0,0.3,b5b9ee069be3eb2712d0c56c15a8759c984feb56cbc1e7033b4d9f8446311d66,OFFICIAL_BASE_b5b9ee069be3eb2712d0c56c15a8759c984feb56cbc1e7033b4d9f8446311d66,False,False,HCC008,Milwaukee,TRT_002,Road Diet (4-to-3 Lane Conversion),BASE,1062120.0,183750004.3565,182687884.3565,173.003055,False,UNKNOWN,DOCUMENTED_CMF_SCENARIO,8,OFFICIAL_BUDGET_SCENARIO; PROVISIONAL_PORTFOLIO_SCENARIO; ENGINEERING_REVIEW_REQUIRED
PORT_OFF_BASE_B40M_EQ30,OFFICIAL,BASE,40000000.0,0.3,b5b9ee069be3eb2712d0c56c15a8759c984feb56cbc1e7033b4d9f8446311d66,OFFICIAL_BASE_b5b9ee069be3eb2712d0c56c15a8759c984feb56cbc1e7033b4d9f8446311d66,False,False,HCC010,Ashland,TRT_002,Road Diet (4-to-3 Lane Conversion),BASE,1012500.0,180448555.9594,179436055.9594,178.220796,False,UNKNOWN,DOCUMENTED_CMF_SCENARIO,9,OFFICIAL_BUDGET_SCENARIO; PROVISIONAL_PORTFOLIO_SCENARIO; ENGINEERING_REVIEW_REQUIRED
PORT_OFF_BASE_B40M_EQ30,OFFICIAL,BASE,40000000.0,0.3,b5b9ee069be3eb2712d0c56c15a8759c984feb56cbc1e7033b4d9f8446311d66,OFFICIAL_BASE_b5b9ee069be3eb2712d0c56c15a8759c984feb56cbc1e7033b4d9f8446311d66,False,False,HCC023,Ashland,TRT_002,Road Diet (4-to-3 Lane Conversion),BASE,376800.0,152356834.9555,151980034.9555,404.344042,True,UNKNOWN,DOCUMENTED_CMF_SCENARIO,10,OFFICIAL_BUDGET_SCENARIO; PROVISIONAL_PORTFOLIO_SCENARIO; ENGINEERING_REVIEW_REQUIRED
PORT_OFF_BASE_B40M_EQ30,OFFICIAL,BASE,40000000.0,0.3,b5b9ee069be3eb2712d0c56c15a8759c984feb56cbc1e7033b4d9f8446311d66,OFFICIAL_BASE_b5b9ee069be3eb2712d0c56c15a8759c984feb56cbc1e7033b4d9f8446311d66,False,False,HCC007,Western,TRT_002,Road Diet (4-to-3 Lane Conversion),BASE,787920.0,145232427.5956,144444507.5956,184.323824,False,UNKNOWN,DOCUMENTED_CMF_SCENARIO,11,OFFICIAL_BUDGET_SCENARIO; PROVISIONAL_PORTFOLIO_SCENARIO; ENGINEERING_REVIEW_REQUIRED
PORT_OFF_BASE_B40M_EQ30,OFFICIAL,BASE,40000000.0,0.3,b5b9ee069be3eb2712d0c56c15a8759c984feb56cbc1e7033b4d9f8446311d66,OFFICIAL_BASE_b5b9ee069be3eb2712d0c56c15a8759c984feb56cbc1e7033b4d9f8446311d66,False,False,HCC039,Wacker,TRT_002,Road Diet (4-to-3 Lane Conversion),BASE,528900.0,139944722.3077,139415822.3077,264.595807,False,UNKNOWN,DOCUMENTED_CMF_SCENARIO,12,OFFICIAL_BUDGET_SCENARIO; PROVISIONAL_PORTFOLIO_SCENARIO; ENGINEERING_REVIEW_REQUIRED
PORT_OFF_BASE_B40M_EQ30,OFFICIAL,BASE,40000000.0,0.3,b5b9ee069be3eb2712d0c56c15a8759c984feb56cbc1e7033b4d9f8446311d66,OFFICIAL_BASE_b5b9ee069be3eb2712d0c56c15a8759c984feb56cbc1e7033b4d9f8446311d66,False,False,HCC018,Roosevelt,TRT_002,Road Diet (4-to-3 Lane Conversion),BASE,352740.0,136669587.6734,136316847.6734,387.451346,False,UNKNOWN,DOCUMENTED_CMF_SCENARIO,13,OFFICIAL_BUDGET_SCENARIO; PROVISIONAL_PORTFOLIO_SCENARIO; ENGINEERING_REVIEW_REQUIRED
PORT_OFF_BASE_B40M_EQ30,OFFICIAL,BASE,40000000.0,0.3,b5b9ee069be3eb2712d0c56c15a8759c984feb56cbc1e7033b4d9f8446311d66,OFFICIAL_BASE_b5b9ee069be3eb2712d0c56c15a8759c984feb56cbc1e7033b4d9f8446311d66,False,False,HCC001,Devon,TRT_002,Road Diet (4-to-3 Lane Conversion),BASE,448830.0,131216216.9645,130767386.9645,292.351708,True,UNKNOWN,DOCUMENTED_CMF_SCENARIO,14,OFFICIAL_BUDGET_SCENARIO; PROVISIONAL_PORTFOLIO_SCENARIO; ENGINEERING_REVIEW_REQUIRED
PORT_OFF_BASE_B40M_EQ30,OFFICIAL,BASE,40000000.0,0.3,b5b9ee069be3eb2712d0c56c15a8759c984feb56cbc1e7033b4d9f8446311d66,OFFICIAL_BASE_b5b9ee069be3eb2712d0c56c15a8759c984feb56cbc1e7033b4d9f8446311d66,False,False,HCC024,Western,TRT_002,Road Diet (4-to-3 Lane Conversion),BASE,413850.0,124617371.9512,124203521.9512,301.117245,True,UNKNOWN,DOCUMENTED_CMF_SCENARIO,15,OFFICIAL_BUDGET_SCENARIO; PROVISIONAL_PORTFOLIO_SCENARIO; ENGINEERING_REVIEW_REQUIRED
PORT_OFF_BASE_B40M_EQ30,OFFICIAL,BASE,40000000.0,0.3,b5b9ee069be3eb2712d0c56c15a8759c984feb56cbc1e7033b4d9f8446311d66,OFFICIAL_BASE_b5b9ee069be3eb2712d0c56c15a8759c984feb56cbc1e7033b4d9f8446311d66,False,False,HCC014,Chicago,TRT_002,Road Diet (4-to-3 Lane Conversion),BASE,642630.0,120590878.0288,119948248.0288,187.652114,False,UNKNOWN,DOCUMENTED_CMF_SCENARIO,16,OFFICIAL_BUDGET_SCENARIO; PROVISIONAL_PORTFOLIO_SCENARIO; ENGINEERING_REVIEW_REQUIRED
PORT_OFF_BASE_B40M_EQ30,OFFICIAL,BASE,40000000.0,0.3,b5b9ee069be3eb2712d0c56c15a8759c984feb56cbc1e7033b4d9f8446311d66,OFFICIAL_BASE_b5b9ee069be3eb2712d0c56c15a8759c984feb56cbc1e7033b4d9f8446311d66,False,False,HCC030,87th,TRT_002,Road Diet (4-to-3 Lane Conversion),BASE,452370.0,119007535.6147,118555165.6147,263.075658,True,UNKNOWN,DOCUMENTED_CMF_SCENARIO,17,OFFICIAL_BUDGET_SCENARIO; PROVISIONAL_PORTFOLIO_SCENARIO; ENGINEERING_REVIEW_REQUIRED
PORT_OFF_BASE_B40M_EQ30,OFFICIAL,BASE,40000000.0,0.3,b5b9ee069be3eb2712d0c56c15a8759c984feb56cbc1e7033b4d9f8446311d66,OFFICIAL_BASE_b5b9ee069be3eb2712d0c56c15a8759c984feb56cbc1e7033b4d9f8446311d66,False,False,HCC005,Clark,TRT_002,Road Diet (4-to-3 Lane Conversion),BASE,956460.0,118100232.238,117143772.238,123.476394,False,UNKNOWN,DOCUMENTED_CMF_SCENARIO,18,OFFICIAL_BUDGET_SCENARIO; PROVISIONAL_PORTFOLIO_SCENARIO; ENGINEERING_REVIEW_REQUIRED
PORT_OFF_BASE_B40M_EQ30,OFFICIAL,BASE,40000000.0,0.3,b5b9ee069be3eb2712d0c56c15a8759c984feb56cbc1e7033b4d9f8446311d66,OFFICIAL_BASE_b5b9ee069be3eb2712d0c56c15a8759c984feb56cbc1e7033b4d9f8446311d66,False,False,HCC027,Cottage Grove,TRT_002,Road Diet (4-to-3 Lane Conversion),BASE,454230.0,118015851.6338,117561621.6338,259.815185,True,UNKNOWN,DOCUMENTED_CMF_SCENARIO,19,OFFICIAL_BUDGET_SCENARIO; PROVISIONAL_PORTFOLIO_SCENARIO; ENGINEERING_REVIEW_REQUIRED
PORT_OFF_BASE_B40M_EQ30,OFFICIAL,BASE,40000000.0,0.3,b5b9ee069be3eb2712d0c56c15a8759c984feb56cbc1e7033b4d9f8446311d66,OFFICIAL_BASE_b5b9ee069be3eb2712d0c56c15a8759c984feb56cbc1e7033b4d9f8446311d66,False,False,HCC031,Stony Island,TRT_002,Road Diet (4-to-3 Lane Conversion),BASE,302730.0,117460806.4058,117158076.4058,388.005174,False,UNKNOWN,DOCUMENTED_CMF_SCENARIO,20,OFFICIAL_BUDGET_SCENARIO; PROVISIONAL_PORTFOLIO_SCENARIO; ENGINEERING_REVIEW_REQUIRED
PORT_OFF_BASE_B40M_EQ30,OFFICIAL,BASE,40000000.0,0.3,b5b9ee069be3eb2712d0c56c15a8759c984feb56cbc1e7033b4d9f8446311d66,OFFICIAL_BASE_b5b9ee069be3eb2712d0c56c15a8759c984feb56cbc1e7033b4d9f8446311d66,False,False,HCC026,Halsted,TRT_002,Road Diet (4-to-3 Lane Conversion),BASE,452070.0,108768343.2502,108316273.2502,240.600666,True,UNKNOWN,DOCUMENTED_CMF_SCENARIO,21,OFFICIAL_BUDGET_SCENARIO; PROVISIONAL_PORTFOLIO_SCENARIO; ENGINEERING_REVIEW_REQUIRED
PORT_OFF_BASE_B40M_EQ30,OFFICIAL,BASE,40000000.0,0.3,b5b9ee069be3eb2712d0c56c15a8759c984feb56cbc1e7033b4d9f8446311d66,OFFICIAL_BASE_b5b9ee069be3eb2712d0c56c15a8759c984feb56cbc1e7033b4d9f8446311d66,False,False,HCC009,Damen,TRT_002,Road Diet (4-to-3 Lane Conversion),BASE,623130.0,108436672.291,107813542.291,174.019342,False,UNKNOWN,DOCUMENTED_CMF_SCENARIO,22,OFFICIAL_BUDGET_SCENARIO; PROVISIONAL_PORTFOLIO_SCENARIO; ENGINEERING_REVIEW_REQUIRED
PORT_OFF_BASE_B40M_EQ30,OFFICIAL,BASE,40000000.0,0.3,b5b9ee069be3eb2712d0c56c15a8759c984feb56cbc1e7033b4d9f8446311d66,OFFICIAL_BASE_b5b9ee069be3eb2712d0c56c15a8759c984feb56cbc1e7033b4d9f8446311d66,False,False,HCC020,Western Ave/Blvd,TRT_002,Road Diet (4-to-3 Lane Conversion),BASE,733890.0,98959799.2104,98225909.2104,134.842823,True,UNKNOWN,DOCUMENTED_CMF_SCENARIO,23,OFFICIAL_BUDGET_SCENARIO; PROVISIONAL_PORTFOLIO_SCENARIO; ENGINEERING_REVIEW_REQUIRED
PORT_OFF_BASE_B40M_EQ30,OFFICIAL,BASE,40000000.0,0.3,b5b9ee069be3eb2712d0c56c15a8759c984feb56cbc1e7033b4d9f8446311d66,OFFICIAL_BASE_b5b9ee069be3eb2712d0c56c15a8759c984feb56cbc1e7033b4d9f8446311d66,False,False,HCC011,North,TRT_002,Road Diet (4-to-3 Lane Conversion),BASE,306330.0,90747637.322,90441307.322,296.24143,True,UNKNOWN,DOCUMENTED_CMF_SCENARIO,24,OFFICIAL_BUDGET_SCENARIO; PROVISIONAL_PORTFOLIO_SCENARIO; ENGINEERING_REVIEW_REQUIRED
PORT_OFF_BASE_B40M_EQ30,OFFICIAL,BASE,40000000.0,0.3,b5b9ee069be3eb2712d0c56c15a8759c984feb56cbc1e7033b4d9f8446311d66,OFFICIAL_BASE_b5b9ee069be3eb2712d0c56c15a8759c984feb56cbc1e7033b4d9f8446311d66,False,False,HCC013,Chicago,TRT_002,Road Diet (4-to-3 Lane Conversion),BASE,302070.0,89865329.449,89563259.449,297.498359,True,UNKNOWN,DOCUMENTED_CMF_SCENARIO,25,OFFICIAL_BUDGET_SCENARIO; PROVISIONAL_PORTFOLIO_SCENARIO; ENGINEERING_REVIEW_REQUIRED
PORT_OFF_BASE_B40M_EQ30,OFFICIAL,BASE,40000000.0,0.3,b5b9ee069be3eb2712d0c56c15a8759c984feb56cbc1e7033b4d9f8446311d66,OFFICIAL_BASE_b5b9ee069be3eb2712d0c56c15a8759c984feb56cbc1e7033b4d9f8446311d66,False,False,HCC037,State,TRT_002,Road Diet (4-to-3 Lane Conversion),BASE,458460.0,88798640.6676,88340180.6676,193.68896,False,UNKNOWN,DOCUMENTED_CMF_SCENARIO,26,OFFICIAL_BUDGET_SCENARIO; PROVISIONAL_PORTFOLIO_SCENARIO; ENGINEERING_REVIEW_REQUIRED
PORT_OFF_BASE_B40M_EQ30,OFFICIAL,BASE,40000000.0,0.3,b5b9ee069be3eb2712d0c56c15a8759c984feb56cbc1e7033b4d9f8446311d66,OFFICIAL_BASE_b5b9ee069be3eb2712d0c56c15a8759c984feb56cbc1e7033b4d9f8446311d66,False,False,HCC029,79th,TRT_002,Road Diet (4-to-3 Lane Conversion),BASE,337920.0,84947230.6221,84609310.6221,251.382666,True,UNKNOWN,DOCUMENTED_CMF_SCENARIO,27,OFFICIAL_BUDGET_SCENARIO; PROVISIONAL_PORTFOLIO_SCENARIO; ENGINEERING_REVIEW_REQUIRED
PORT_OFF_BASE_B40M_EQ30,OFFICIAL,BASE,40000000.0,0.3,b5b9ee069be3eb2712d0c56c15a8759c984feb56cbc1e7033b4d9f8446311d66,OFFICIAL_BASE_b5b9ee069be3eb2712d0c56c15a8759c984feb56cbc1e7033b4d9f8446311d66,False,False,HCC012,Chicago,TRT_002,Road Diet (4-to-3 Lane Conversion),BASE,303060.0,81822643.3899,81519583.3899,269.988264,True,UNKNOWN,DOCUMENTED_CMF_SCENARIO,28,OFFICIAL_BUDGET_SCENARIO; PROVISIONAL_PORTFOLIO_SCENARIO; ENGINEERING_REVIEW_REQUIRED
PORT_OFF_BASE_B40M_EQ30,OFFICIAL,BASE,40000000.0,0.3,b5b9ee069be3eb2712d0c56c15a8759c984feb56cbc1e7033b4d9f8446311d66,OFFICIAL_BASE_b5b9ee069be3eb2712d0c56c15a8759c984feb56cbc1e7033b4d9f8446311d66,False,False,HCC022,Garfield,TRT_002,Road Diet (4-to-3 Lane Conversion),BASE,452250.0,81739769.4948,81287519.4948,180.740231,True,UNKNOWN,DOCUMENTED_CMF_SCENARIO,29,OFFICIAL_BUDGET_SCENARIO; PROVISIONAL_PORTFOLIO_SCENARIO; ENGINEERING_REVIEW_REQUIRED
PORT_OFF_BASE_B40M_EQ30,OFFICIAL,BASE,40000000.0,0.3,b5b9ee069be3eb2712d0c56c15a8759c984feb56cbc1e7033b4d9f8446311d66,OFFICIAL_BASE_b5b9ee069be3eb2712d0c56c15a8759c984feb56cbc1e7033b4d9f8446311d66,False,False,HCC035,Ohio,TRT_002,Road Diet (4-to-3 Lane Conversion),BASE,260070.0,79954038.4135,79693968.4135,307.432762,False,UNKNOWN,DOCUMENTED_CMF_SCENARIO,30,OFFICIAL_BUDGET_SCENARIO; PROVISIONAL_PORTFOLIO_SCENARIO; ENGINEERING_REVIEW_REQUIRED
PORT_OFF_BASE_B40M_EQ30,OFFICIAL,BASE,40000000.0,0.3,b5b9ee069be3eb2712d0c56c15a8759c984feb56cbc1e7033b4d9f8446311d66,OFFICIAL_BASE_b5b9ee069be3eb2712d0c56c15a8759c984feb56cbc1e7033b4d9f8446311d66,False,False,HCC002,Broadway,TRT_002,Road Diet (4-to-3 Lane Conversion),BASE,555180.0,79844053.8437,79288873.8437,143.816517,False,UNKNOWN,DOCUMENTED_CMF_SCENARIO,31,OFFICIAL_BUDGET_SCENARIO; PROVISIONAL_PORTFOLIO_SCENARIO; ENGINEERING_REVIEW_REQUIRED
PORT_OFF_BASE_B40M_EQ30,OFFICIAL,BASE,40000000.0,0.3,b5b9ee069be3eb2712d0c56c15a8759c984feb56cbc1e7033b4d9f8446311d66,OFFICIAL_BASE_b5b9ee069be3eb2712d0c56c15a8759c984feb56cbc1e7033b4d9f8446311d66,False,False,HCC004,Belmont,TRT_002,Road Diet (4-to-3 Lane Conversion),BASE,301320.0,78471857.129,78170537.129,260.426978,False,UNKNOWN,DOCUMENTED_CMF_SCENARIO,32,OFFICIAL_BUDGET_SCENARIO; PROVISIONAL_PORTFOLIO_SCENARIO; ENGINEERING_REVIEW_REQUIRED
PORT_OFF_BASE_B40M_EQ30,OFFICIAL,BASE,40000000.0,0.3,b5b9ee069be3eb2712d0c56c15a8759c984feb56cbc1e7033b4d9f8446311d66,OFFICIAL_BASE_b5b9ee069be3eb2712d0c56c15a8759c984feb56cbc1e7033b4d9f8446311d66,False,False,HCC034,Ontario,TRT_002,Road Diet (4-to-3 Lane Conversion),BASE,260010.0,64176127.2349,63916117.2349,246.821765,False,UNKNOWN,DOCUMENTED_CMF_SCENARIO,33,OFFICIAL_BUDGET_SCENARIO; PROVISIONAL_PORTFOLIO_SCENARIO; ENGINEERING_REVIEW_REQUIRED
PORT_OFF_BASE_B40M_EQ30,OFFICIAL,BASE,40000000.0,0.3,b5b9ee069be3eb2712d0c56c15a8759c984feb56cbc1e7033b4d9f8446311d66,OFFICIAL_BASE_b5b9ee069be3eb2712d0c56c15a8759c984feb56cbc1e7033b4d9f8446311d66,False,False,HCC043,Congress,TRT_002,Road Diet (4-to-3 Lane Conversion),BASE,145470.0,59575653.4753,59430183.4753,409.539104,False,UNKNOWN,DOCUMENTED_CMF_SCENARIO,34,OFFICIAL_BUDGET_SCENARIO; PROVISIONAL_PORTFOLIO_SCENARIO; ENGINEERING_REVIEW_REQUIRED
PORT_OFF_BASE_B40M_EQ30,OFFICIAL,BASE,40000000.0,0.3,b5b9ee069be3eb2712d0c56c15a8759c984feb56cbc1e7033b4d9f8446311d66,OFFICIAL_BASE_b5b9ee069be3eb2712d0c56c15a8759c984feb56cbc1e7033b4d9f8446311d66,False,False,HCC003,Western,TRT_002,Road Diet (4-to-3 Lane Conversion),BASE,302430.0,59120874.7246,58818444.7246,195.486145,False,UNKNOWN,DOCUMENTED_CMF_SCENARIO,35,OFFICIAL_BUDGET_SCENARIO; PROVISIONAL_PORTFOLIO_SCENARIO; ENGINEERING_REVIEW_REQUIRED
PORT_OFF_BASE_B40M_EQ30,OFFICIAL,BASE,40000000.0,0.3,b5b9ee069be3eb2712d0c56c15a8759c984feb56cbc1e7033b4d9f8446311d66,OFFICIAL_BASE_b5b9ee069be3eb2712d0c56c15a8759c984feb56cbc1e7033b4d9f8446311d66,False,False,HCC028,Ashland,TRT_002,Road Diet (4-to-3 Lane Conversion),BASE,339300.0,58179452.2656,57840152.2656,171.469061,True,UNKNOWN,DOCUMENTED_CMF_SCENARIO,36,OFFICIAL_BUDGET_SCENARIO; PROVISIONAL_PORTFOLIO_SCENARIO; ENGINEERING_REVIEW_REQUIRED
PORT_OFF_BASE_B40M_EQ30,OFFICIAL,BASE,40000000.0,0.3,b5b9ee069be3eb2712d0c56c15a8759c984feb56cbc1e7033b4d9f8446311d66,OFFICIAL_BASE_b5b9ee069be3eb2712d0c56c15a8759c984feb56cbc1e7033b4d9f8446311d66,False,False,HCC040,Washington,TRT_002,Road Diet (4-to-3 Lane Conversion),BASE,191790.0,53116805.5292,52925015.5292,276.952946,False,UNKNOWN,DOCUMENTED_CMF_SCENARIO,37,OFFICIAL_BUDGET_SCENARIO; PROVISIONAL_PORTFOLIO_SCENARIO; ENGINEERING_REVIEW_REQUIRED
PORT_OFF_BASE_B40M_EQ30,OFFICIAL,BASE,40000000.0,0.3,b5b9ee069be3eb2712d0c56c15a8759c984feb56cbc1e7033b4d9f8446311d66,OFFICIAL_BASE_b5b9ee069be3eb2712d0c56c15a8759c984feb56cbc1e7033b4d9f8446311d66,False,False,HCC038,Fairbanks,TRT_002,Road Diet (4-to-3 Lane Conversion),BASE,112920.0,32127923.6162,32015003.6162,284.519338,False,UNKNOWN,DOCUMENTED_CMF_SCENARIO,38,OFFICIAL_BUDGET_SCENARIO; PROVISIONAL_PORTFOLIO_SCENARIO; ENGINEERING_REVIEW_REQUIRED
PORT_OFF_BASE_B40M_EQ30,OFFICIAL,BASE,40000000.0,0.3,b5b9ee069be3eb2712d0c56c15a8759c984feb56cbc1e7033b4d9f8446311d66,OFFICIAL_BASE_b5b9ee069be3eb2712d0c56c15a8759c984feb56cbc1e7033b4d9f8446311d66,False,False,HCC041,Randolph,TRT_002,Road Diet (4-to-3 Lane Conversion),BASE,100350.0,24898742.9643,24798392.9643,248.119013,False,UNKNOWN,DOCUMENTED_CMF_SCENARIO,39,OFFICIAL_BUDGET_SCENARIO; PROVISIONAL_PORTFOLIO_SCENARIO; ENGINEERING_REVIEW_REQUIRED
PORT_OFF_BASE_B40M_EQ30,OFFICIAL,BASE,40000000.0,0.3,b5b9ee069be3eb2712d0c56c15a8759c984feb56cbc1e7033b4d9f8446311d66,OFFICIAL_BASE_b5b9ee069be3eb2712d0c56c15a8759c984feb56cbc1e7033b4d9f8446311d66,False,False,HCC042,Dearborn,TRT_002,Road Diet (4-to-3 Lane Conversion),BASE,104100.0,24259417.862,24155317.862,233.039557,False,UNKNOWN,DOCUMENTED_CMF_SCENARIO,40,OFFICIAL_BUDGET_SCENARIO; PROVISIONAL_PORTFOLIO_SCENARIO; ENGINEERING_REVIEW_REQUIRED
PORT_OFF_BASE_B40M_EQ30,OFFICIAL,BASE,40000000.0,0.3,b5b9ee069be3eb2712d0c56c15a8759c984feb56cbc1e7033b4d9f8446311d66,OFFICIAL_BASE_b5b9ee069be3eb2712d0c56c15a8759c984feb56cbc1e7033b4d9f8446311d66,False,False,HCC033,Orleans,TRT_002,Road Diet (4-to-3 Lane Conversion),BASE,86490.0,22150628.7156,22064138.7156,256.10624,False,UNKNOWN,DOCUMENTED_CMF_SCENARIO,41,OFFICIAL_BUDGET_SCENARIO; PROVISIONAL_PORTFOLIO_SCENARIO; ENGINEERING_REVIEW_REQUIRED
PORT_OFF_BASE_B40M_EQ30,OFFICIAL,BASE,40000000.0,0.3,b5b9ee069be3eb2712d0c56c15a8759c984feb56cbc1e7033b4d9f8446311d66,OFFICIAL_BASE_b5b9ee069be3eb2712d0c56c15a8759c984feb56cbc1e7033b4d9f8446311d66,False,False,HCC036,LaSalle,TRT_002,Road Diet (4-to-3 Lane Conversion),BASE,130050.0,20433445.8346,20303395.8346,157.119922,False,UNKNOWN,DOCUMENTED_CMF_SCENARIO,42,OFFICIAL_BUDGET_SCENARIO; PROVISIONAL_PORTFOLIO_SCENARIO; ENGINEERING_REVIEW_REQUIRED
PORT_OFF_BASE_B40M_EQ30,OFFICIAL,BASE,40000000.0,0.3,b5b9ee069be3eb2712d0c56c15a8759c984feb56cbc1e7033b4d9f8446311d66,OFFICIAL_BASE_b5b9ee069be3eb2712d0c56c15a8759c984feb56cbc1e7033b4d9f8446311d66,False,False,HCC019,Lake Shore Drive,TRT_001,Pedestrian Refuge Islands & Medians,BASE,90000.0,16594685.5556,16504685.5556,184.385395,False,UNKNOWN,DOCUMENTED_CMF_SCENARIO,43,OFFICIAL_BUDGET_SCENARIO; PROVISIONAL_PORTFOLIO_SCENARIO; ENGINEERING_REVIEW_REQUIRED
PORT_OFF_BASE_B40M_EQ40,OFFICIAL,BASE,40000000.0,0.4,b5b9ee069be3eb2712d0c56c15a8759c984feb56cbc1e7033b4d9f8446311d66,OFFICIAL_BASE_b5b9ee069be3eb2712d0c56c15a8759c984feb56cbc1e7033b4d9f8446311d66,False,False,HCC006,Fullerton,TRT_002,Road Diet (4-to-3 Lane Conversion),BASE,1248570.0,261085762.9777,259837192.9777,209.10783,False,UNKNOWN,DOCUMENTED_CMF_SCENARIO,1,OFFICIAL_BUDGET_SCENARIO; PROVISIONAL_PORTFOLIO_SCENARIO; ENGINEERING_REVIEW_REQUIRED
PORT_OFF_BASE_B40M_EQ40,OFFICIAL,BASE,40000000.0,0.4,b5b9ee069be3eb2712d0c56c15a8759c984feb56cbc1e7033b4d9f8446311d66,OFFICIAL_BASE_b5b9ee069be3eb2712d0c56c15a8759c984feb56cbc1e7033b4d9f8446311d66,False,False,HCC017,Pulaski,TRT_002,Road Diet (4-to-3 Lane Conversion),BASE,755940.0,249366509.2623,248610569.2623,329.876061,True,UNKNOWN,DOCUMENTED_CMF_SCENARIO,2,OFFICIAL_BUDGET_SCENARIO; PROVISIONAL_PORTFOLIO_SCENARIO; ENGINEERING_REVIEW_REQUIRED
PORT_OFF_BASE_B40M_EQ40,OFFICIAL,BASE,40000000.0,0.4,b5b9ee069be3eb2712d0c56c15a8759c984feb56cbc1e7033b4d9f8446311d66,OFFICIAL_BASE_b5b9ee069be3eb2712d0c56c15a8759c984feb56cbc1e7033b4d9f8446311d66,False,False,HCC016,Cicero,TRT_002,Road Diet (4-to-3 Lane Conversion),BASE,527460.0,234424612.8023,233897152.8023,444.440551,True,UNKNOWN,DOCUMENTED_CMF_SCENARIO,3,OFFICIAL_BUDGET_SCENARIO; PROVISIONAL_PORTFOLIO_SCENARIO; ENGINEERING_REVIEW_REQUIRED
PORT_OFF_BASE_B40M_EQ40,OFFICIAL,BASE,40000000.0,0.4,b5b9ee069be3eb2712d0c56c15a8759c984feb56cbc1e7033b4d9f8446311d66,OFFICIAL_BASE_b5b9ee069be3eb2712d0c56c15a8759c984feb56cbc1e7033b4d9f8446311d66,False,False,HCC032,Michigan,TRT_002,Road Diet (4-to-3 Lane Conversion),BASE,691950.0,232632764.02,231940814.02,336.198806,False,UNKNOWN,DOCUMENTED_CMF_SCENARIO,4,OFFICIAL_BUDGET_SCENARIO; PROVISIONAL_PORTFOLIO_SCENARIO; ENGINEERING_REVIEW_REQUIRED
PORT_OFF_BASE_B40M_EQ40,OFFICIAL,BASE,40000000.0,0.4,b5b9ee069be3eb2712d0c56c15a8759c984feb56cbc1e7033b4d9f8446311d66,OFFICIAL_BASE_b5b9ee069be3eb2712d0c56c15a8759c984feb56cbc1e7033b4d9f8446311d66,False,False,HCC025,Stony Island,TRT_002,Road Diet (4-to-3 Lane Conversion),BASE,603330.0,211541491.8085,210938161.8085,350.623194,True,UNKNOWN,DOCUMENTED_CMF_SCENARIO,5,OFFICIAL_BUDGET_SCENARIO; PROVISIONAL_PORTFOLIO_SCENARIO; ENGINEERING_REVIEW_REQUIRED
PORT_OFF_BASE_B40M_EQ40,OFFICIAL,BASE,40000000.0,0.4,b5b9ee069be3eb2712d0c56c15a8759c984feb56cbc1e7033b4d9f8446311d66,OFFICIAL_BASE_b5b9ee069be3eb2712d0c56c15a8759c984feb56cbc1e7033b4d9f8446311d66,False,False,HCC021,Pulaski,TRT_002,Road Diet (4-to-3 Lane Conversion),BASE,791460.0,208411208.1513,207619748.1513,263.325005,True,UNKNOWN,DOCUMENTED_CMF_SCENARIO,6,OFFICIAL_BUDGET_SCENARIO; PROVISIONAL_PORTFOLIO_SCENARIO; ENGINEERING_REVIEW_REQUIRED
PORT_OFF_BASE_B40M_EQ40,OFFICIAL,BASE,40000000.0,0.4,b5b9ee069be3eb2712d0c56c15a8759c984feb56cbc1e7033b4d9f8446311d66,OFFICIAL_BASE_b5b9ee069be3eb2712d0c56c15a8759c984feb56cbc1e7033b4d9f8446311d66,False,False,HCC015,Lake,TRT_002,Road Diet (4-to-3 Lane Conversion),BASE,571830.0,196799394.4306,196227564.4306,344.15717,True,UNKNOWN,DOCUMENTED_CMF_SCENARIO,7,OFFICIAL_BUDGET_SCENARIO; PROVISIONAL_PORTFOLIO_SCENARIO; ENGINEERING_REVIEW_REQUIRED
PORT_OFF_BASE_B40M_EQ40,OFFICIAL,BASE,40000000.0,0.4,b5b9ee069be3eb2712d0c56c15a8759c984feb56cbc1e7033b4d9f8446311d66,OFFICIAL_BASE_b5b9ee069be3eb2712d0c56c15a8759c984feb56cbc1e7033b4d9f8446311d66,False,False,HCC008,Milwaukee,TRT_002,Road Diet (4-to-3 Lane Conversion),BASE,1062120.0,183750004.3565,182687884.3565,173.003055,False,UNKNOWN,DOCUMENTED_CMF_SCENARIO,8,OFFICIAL_BUDGET_SCENARIO; PROVISIONAL_PORTFOLIO_SCENARIO; ENGINEERING_REVIEW_REQUIRED
PORT_OFF_BASE_B40M_EQ40,OFFICIAL,BASE,40000000.0,0.4,b5b9ee069be3eb2712d0c56c15a8759c984feb56cbc1e7033b4d9f8446311d66,OFFICIAL_BASE_b5b9ee069be3eb2712d0c56c15a8759c984feb56cbc1e7033b4d9f8446311d66,False,False,HCC010,Ashland,TRT_002,Road Diet (4-to-3 Lane Conversion),BASE,1012500.0,180448555.9594,179436055.9594,178.220796,False,UNKNOWN,DOCUMENTED_CMF_SCENARIO,9,OFFICIAL_BUDGET_SCENARIO; PROVISIONAL_PORTFOLIO_SCENARIO; ENGINEERING_REVIEW_REQUIRED
PORT_OFF_BASE_B40M_EQ40,OFFICIAL,BASE,40000000.0,0.4,b5b9ee069be3eb2712d0c56c15a8759c984feb56cbc1e7033b4d9f8446311d66,OFFICIAL_BASE_b5b9ee069be3eb2712d0c56c15a8759c984feb56cbc1e7033b4d9f8446311d66,False,False,HCC023,Ashland,TRT_002,Road Diet (4-to-3 Lane Conversion),BASE,376800.0,152356834.9555,151980034.9555,404.344042,True,UNKNOWN,DOCUMENTED_CMF_SCENARIO,10,OFFICIAL_BUDGET_SCENARIO; PROVISIONAL_PORTFOLIO_SCENARIO; ENGINEERING_REVIEW_REQUIRED
PORT_OFF_BASE_B40M_EQ40,OFFICIAL,BASE,40000000.0,0.4,b5b9ee069be3eb2712d0c56c15a8759c984feb56cbc1e7033b4d9f8446311d66,OFFICIAL_BASE_b5b9ee069be3eb2712d0c56c15a8759c984feb56cbc1e7033b4d9f8446311d66,False,False,HCC007,Western,TRT_002,Road Diet (4-to-3 Lane Conversion),BASE,787920.0,145232427.5956,144444507.5956,184.323824,False,UNKNOWN,DOCUMENTED_CMF_SCENARIO,11,OFFICIAL_BUDGET_SCENARIO; PROVISIONAL_PORTFOLIO_SCENARIO; ENGINEERING_REVIEW_REQUIRED
PORT_OFF_BASE_B40M_EQ40,OFFICIAL,BASE,40000000.0,0.4,b5b9ee069be3eb2712d0c56c15a8759c984feb56cbc1e7033b4d9f8446311d66,OFFICIAL_BASE_b5b9ee069be3eb2712d0c56c15a8759c984feb56cbc1e7033b4d9f8446311d66,False,False,HCC039,Wacker,TRT_002,Road Diet (4-to-3 Lane Conversion),BASE,528900.0,139944722.3077,139415822.3077,264.595807,False,UNKNOWN,DOCUMENTED_CMF_SCENARIO,12,OFFICIAL_BUDGET_SCENARIO; PROVISIONAL_PORTFOLIO_SCENARIO; ENGINEERING_REVIEW_REQUIRED
PORT_OFF_BASE_B40M_EQ40,OFFICIAL,BASE,40000000.0,0.4,b5b9ee069be3eb2712d0c56c15a8759c984feb56cbc1e7033b4d9f8446311d66,OFFICIAL_BASE_b5b9ee069be3eb2712d0c56c15a8759c984feb56cbc1e7033b4d9f8446311d66,False,False,HCC018,Roosevelt,TRT_002,Road Diet (4-to-3 Lane Conversion),BASE,352740.0,136669587.6734,136316847.6734,387.451346,False,UNKNOWN,DOCUMENTED_CMF_SCENARIO,13,OFFICIAL_BUDGET_SCENARIO; PROVISIONAL_PORTFOLIO_SCENARIO; ENGINEERING_REVIEW_REQUIRED
PORT_OFF_BASE_B40M_EQ40,OFFICIAL,BASE,40000000.0,0.4,b5b9ee069be3eb2712d0c56c15a8759c984feb56cbc1e7033b4d9f8446311d66,OFFICIAL_BASE_b5b9ee069be3eb2712d0c56c15a8759c984feb56cbc1e7033b4d9f8446311d66,False,False,HCC001,Devon,TRT_002,Road Diet (4-to-3 Lane Conversion),BASE,448830.0,131216216.9645,130767386.9645,292.351708,True,UNKNOWN,DOCUMENTED_CMF_SCENARIO,14,OFFICIAL_BUDGET_SCENARIO; PROVISIONAL_PORTFOLIO_SCENARIO; ENGINEERING_REVIEW_REQUIRED
PORT_OFF_BASE_B40M_EQ40,OFFICIAL,BASE,40000000.0,0.4,b5b9ee069be3eb2712d0c56c15a8759c984feb56cbc1e7033b4d9f8446311d66,OFFICIAL_BASE_b5b9ee069be3eb2712d0c56c15a8759c984feb56cbc1e7033b4d9f8446311d66,False,False,HCC024,Western,TRT_002,Road Diet (4-to-3 Lane Conversion),BASE,413850.0,124617371.9512,124203521.9512,301.117245,True,UNKNOWN,DOCUMENTED_CMF_SCENARIO,15,OFFICIAL_BUDGET_SCENARIO; PROVISIONAL_PORTFOLIO_SCENARIO; ENGINEERING_REVIEW_REQUIRED
PORT_OFF_BASE_B40M_EQ40,OFFICIAL,BASE,40000000.0,0.4,b5b9ee069be3eb2712d0c56c15a8759c984feb56cbc1e7033b4d9f8446311d66,OFFICIAL_BASE_b5b9ee069be3eb2712d0c56c15a8759c984feb56cbc1e7033b4d9f8446311d66,False,False,HCC014,Chicago,TRT_002,Road Diet (4-to-3 Lane Conversion),BASE,642630.0,120590878.0288,119948248.0288,187.652114,False,UNKNOWN,DOCUMENTED_CMF_SCENARIO,16,OFFICIAL_BUDGET_SCENARIO; PROVISIONAL_PORTFOLIO_SCENARIO; ENGINEERING_REVIEW_REQUIRED
PORT_OFF_BASE_B40M_EQ40,OFFICIAL,BASE,40000000.0,0.4,b5b9ee069be3eb2712d0c56c15a8759c984feb56cbc1e7033b4d9f8446311d66,OFFICIAL_BASE_b5b9ee069be3eb2712d0c56c15a8759c984feb56cbc1e7033b4d9f8446311d66,False,False,HCC030,87th,TRT_002,Road Diet (4-to-3 Lane Conversion),BASE,452370.0,119007535.6147,118555165.6147,263.075658,True,UNKNOWN,DOCUMENTED_CMF_SCENARIO,17,OFFICIAL_BUDGET_SCENARIO; PROVISIONAL_PORTFOLIO_SCENARIO; ENGINEERING_REVIEW_REQUIRED
PORT_OFF_BASE_B40M_EQ40,OFFICIAL,BASE,40000000.0,0.4,b5b9ee069be3eb2712d0c56c15a8759c984feb56cbc1e7033b4d9f8446311d66,OFFICIAL_BASE_b5b9ee069be3eb2712d0c56c15a8759c984feb56cbc1e7033b4d9f8446311d66,False,False,HCC005,Clark,TRT_002,Road Diet (4-to-3 Lane Conversion),BASE,956460.0,118100232.238,117143772.238,123.476394,False,UNKNOWN,DOCUMENTED_CMF_SCENARIO,18,OFFICIAL_BUDGET_SCENARIO; PROVISIONAL_PORTFOLIO_SCENARIO; ENGINEERING_REVIEW_REQUIRED
PORT_OFF_BASE_B40M_EQ40,OFFICIAL,BASE,40000000.0,0.4,b5b9ee069be3eb2712d0c56c15a8759c984feb56cbc1e7033b4d9f8446311d66,OFFICIAL_BASE_b5b9ee069be3eb2712d0c56c15a8759c984feb56cbc1e7033b4d9f8446311d66,False,False,HCC027,Cottage Grove,TRT_002,Road Diet (4-to-3 Lane Conversion),BASE,454230.0,118015851.6338,117561621.6338,259.815185,True,UNKNOWN,DOCUMENTED_CMF_SCENARIO,19,OFFICIAL_BUDGET_SCENARIO; PROVISIONAL_PORTFOLIO_SCENARIO; ENGINEERING_REVIEW_REQUIRED
PORT_OFF_BASE_B40M_EQ40,OFFICIAL,BASE,40000000.0,0.4,b5b9ee069be3eb2712d0c56c15a8759c984feb56cbc1e7033b4d9f8446311d66,OFFICIAL_BASE_b5b9ee069be3eb2712d0c56c15a8759c984feb56cbc1e7033b4d9f8446311d66,False,False,HCC031,Stony Island,TRT_002,Road Diet (4-to-3 Lane Conversion),BASE,302730.0,117460806.4058,117158076.4058,388.005174,False,UNKNOWN,DOCUMENTED_CMF_SCENARIO,20,OFFICIAL_BUDGET_SCENARIO; PROVISIONAL_PORTFOLIO_SCENARIO; ENGINEERING_REVIEW_REQUIRED
PORT_OFF_BASE_B40M_EQ40,OFFICIAL,BASE,40000000.0,0.4,b5b9ee069be3eb2712d0c56c15a8759c984feb56cbc1e7033b4d9f8446311d66,OFFICIAL_BASE_b5b9ee069be3eb2712d0c56c15a8759c984feb56cbc1e7033b4d9f8446311d66,False,False,HCC026,Halsted,TRT_002,Road Diet (4-to-3 Lane Conversion),BASE,452070.0,108768343.2502,108316273.2502,240.600666,True,UNKNOWN,DOCUMENTED_CMF_SCENARIO,21,OFFICIAL_BUDGET_SCENARIO; PROVISIONAL_PORTFOLIO_SCENARIO; ENGINEERING_REVIEW_REQUIRED
PORT_OFF_BASE_B40M_EQ40,OFFICIAL,BASE,40000000.0,0.4,b5b9ee069be3eb2712d0c56c15a8759c984feb56cbc1e7033b4d9f8446311d66,OFFICIAL_BASE_b5b9ee069be3eb2712d0c56c15a8759c984feb56cbc1e7033b4d9f8446311d66,False,False,HCC009,Damen,TRT_002,Road Diet (4-to-3 Lane Conversion),BASE,623130.0,108436672.291,107813542.291,174.019342,False,UNKNOWN,DOCUMENTED_CMF_SCENARIO,22,OFFICIAL_BUDGET_SCENARIO; PROVISIONAL_PORTFOLIO_SCENARIO; ENGINEERING_REVIEW_REQUIRED
PORT_OFF_BASE_B40M_EQ40,OFFICIAL,BASE,40000000.0,0.4,b5b9ee069be3eb2712d0c56c15a8759c984feb56cbc1e7033b4d9f8446311d66,OFFICIAL_BASE_b5b9ee069be3eb2712d0c56c15a8759c984feb56cbc1e7033b4d9f8446311d66,False,False,HCC020,Western Ave/Blvd,TRT_002,Road Diet (4-to-3 Lane Conversion),BASE,733890.0,98959799.2104,98225909.2104,134.842823,True,UNKNOWN,DOCUMENTED_CMF_SCENARIO,23,OFFICIAL_BUDGET_SCENARIO; PROVISIONAL_PORTFOLIO_SCENARIO; ENGINEERING_REVIEW_REQUIRED
PORT_OFF_BASE_B40M_EQ40,OFFICIAL,BASE,40000000.0,0.4,b5b9ee069be3eb2712d0c56c15a8759c984feb56cbc1e7033b4d9f8446311d66,OFFICIAL_BASE_b5b9ee069be3eb2712d0c56c15a8759c984feb56cbc1e7033b4d9f8446311d66,False,False,HCC011,North,TRT_002,Road Diet (4-to-3 Lane Conversion),BASE,306330.0,90747637.322,90441307.322,296.24143,True,UNKNOWN,DOCUMENTED_CMF_SCENARIO,24,OFFICIAL_BUDGET_SCENARIO; PROVISIONAL_PORTFOLIO_SCENARIO; ENGINEERING_REVIEW_REQUIRED
PORT_OFF_BASE_B40M_EQ40,OFFICIAL,BASE,40000000.0,0.4,b5b9ee069be3eb2712d0c56c15a8759c984feb56cbc1e7033b4d9f8446311d66,OFFICIAL_BASE_b5b9ee069be3eb2712d0c56c15a8759c984feb56cbc1e7033b4d9f8446311d66,False,False,HCC013,Chicago,TRT_002,Road Diet (4-to-3 Lane Conversion),BASE,302070.0,89865329.449,89563259.449,297.498359,True,UNKNOWN,DOCUMENTED_CMF_SCENARIO,25,OFFICIAL_BUDGET_SCENARIO; PROVISIONAL_PORTFOLIO_SCENARIO; ENGINEERING_REVIEW_REQUIRED
PORT_OFF_BASE_B40M_EQ40,OFFICIAL,BASE,40000000.0,0.4,b5b9ee069be3eb2712d0c56c15a8759c984feb56cbc1e7033b4d9f8446311d66,OFFICIAL_BASE_b5b9ee069be3eb2712d0c56c15a8759c984feb56cbc1e7033b4d9f8446311d66,False,False,HCC037,State,TRT_002,Road Diet (4-to-3 Lane Conversion),BASE,458460.0,88798640.6676,88340180.6676,193.68896,False,UNKNOWN,DOCUMENTED_CMF_SCENARIO,26,OFFICIAL_BUDGET_SCENARIO; PROVISIONAL_PORTFOLIO_SCENARIO; ENGINEERING_REVIEW_REQUIRED
PORT_OFF_BASE_B40M_EQ40,OFFICIAL,BASE,40000000.0,0.4,b5b9ee069be3eb2712d0c56c15a8759c984feb56cbc1e7033b4d9f8446311d66,OFFICIAL_BASE_b5b9ee069be3eb2712d0c56c15a8759c984feb56cbc1e7033b4d9f8446311d66,False,False,HCC029,79th,TRT_002,Road Diet (4-to-3 Lane Conversion),BASE,337920.0,84947230.6221,84609310.6221,251.382666,True,UNKNOWN,DOCUMENTED_CMF_SCENARIO,27,OFFICIAL_BUDGET_SCENARIO; PROVISIONAL_PORTFOLIO_SCENARIO; ENGINEERING_REVIEW_REQUIRED
PORT_OFF_BASE_B40M_EQ40,OFFICIAL,BASE,40000000.0,0.4,b5b9ee069be3eb2712d0c56c15a8759c984feb56cbc1e7033b4d9f8446311d66,OFFICIAL_BASE_b5b9ee069be3eb2712d0c56c15a8759c984feb56cbc1e7033b4d9f8446311d66,False,False,HCC012,Chicago,TRT_002,Road Diet (4-to-3 Lane Conversion),BASE,303060.0,81822643.3899,81519583.3899,269.988264,True,UNKNOWN,DOCUMENTED_CMF_SCENARIO,28,OFFICIAL_BUDGET_SCENARIO; PROVISIONAL_PORTFOLIO_SCENARIO; ENGINEERING_REVIEW_REQUIRED
PORT_OFF_BASE_B40M_EQ40,OFFICIAL,BASE,40000000.0,0.4,b5b9ee069be3eb2712d0c56c15a8759c984feb56cbc1e7033b4d9f8446311d66,OFFICIAL_BASE_b5b9ee069be3eb2712d0c56c15a8759c984feb56cbc1e7033b4d9f8446311d66,False,False,HCC022,Garfield,TRT_002,Road Diet (4-to-3 Lane Conversion),BASE,452250.0,81739769.4948,81287519.4948,180.740231,True,UNKNOWN,DOCUMENTED_CMF_SCENARIO,29,OFFICIAL_BUDGET_SCENARIO; PROVISIONAL_PORTFOLIO_SCENARIO; ENGINEERING_REVIEW_REQUIRED
PORT_OFF_BASE_B40M_EQ40,OFFICIAL,BASE,40000000.0,0.4,b5b9ee069be3eb2712d0c56c15a8759c984feb56cbc1e7033b4d9f8446311d66,OFFICIAL_BASE_b5b9ee069be3eb2712d0c56c15a8759c984feb56cbc1e7033b4d9f8446311d66,False,False,HCC035,Ohio,TRT_002,Road Diet (4-to-3 Lane Conversion),BASE,260070.0,79954038.4135,79693968.4135,307.432762,False,UNKNOWN,DOCUMENTED_CMF_SCENARIO,30,OFFICIAL_BUDGET_SCENARIO; PROVISIONAL_PORTFOLIO_SCENARIO; ENGINEERING_REVIEW_REQUIRED
PORT_OFF_BASE_B40M_EQ40,OFFICIAL,BASE,40000000.0,0.4,b5b9ee069be3eb2712d0c56c15a8759c984feb56cbc1e7033b4d9f8446311d66,OFFICIAL_BASE_b5b9ee069be3eb2712d0c56c15a8759c984feb56cbc1e7033b4d9f8446311d66,False,False,HCC002,Broadway,TRT_002,Road Diet (4-to-3 Lane Conversion),BASE,555180.0,79844053.8437,79288873.8437,143.816517,False,UNKNOWN,DOCUMENTED_CMF_SCENARIO,31,OFFICIAL_BUDGET_SCENARIO; PROVISIONAL_PORTFOLIO_SCENARIO; ENGINEERING_REVIEW_REQUIRED
PORT_OFF_BASE_B40M_EQ40,OFFICIAL,BASE,40000000.0,0.4,b5b9ee069be3eb2712d0c56c15a8759c984feb56cbc1e7033b4d9f8446311d66,OFFICIAL_BASE_b5b9ee069be3eb2712d0c56c15a8759c984feb56cbc1e7033b4d9f8446311d66,False,False,HCC004,Belmont,TRT_002,Road Diet (4-to-3 Lane Conversion),BASE,301320.0,78471857.129,78170537.129,260.426978,False,UNKNOWN,DOCUMENTED_CMF_SCENARIO,32,OFFICIAL_BUDGET_SCENARIO; PROVISIONAL_PORTFOLIO_SCENARIO; ENGINEERING_REVIEW_REQUIRED
PORT_OFF_BASE_B40M_EQ40,OFFICIAL,BASE,40000000.0,0.4,b5b9ee069be3eb2712d0c56c15a8759c984feb56cbc1e7033b4d9f8446311d66,OFFICIAL_BASE_b5b9ee069be3eb2712d0c56c15a8759c984feb56cbc1e7033b4d9f8446311d66,False,False,HCC034,Ontario,TRT_002,Road Diet (4-to-3 Lane Conversion),BASE,260010.0,64176127.2349,63916117.2349,246.821765,False,UNKNOWN,DOCUMENTED_CMF_SCENARIO,33,OFFICIAL_BUDGET_SCENARIO; PROVISIONAL_PORTFOLIO_SCENARIO; ENGINEERING_REVIEW_REQUIRED
PORT_OFF_BASE_B40M_EQ40,OFFICIAL,BASE,40000000.0,0.4,b5b9ee069be3eb2712d0c56c15a8759c984feb56cbc1e7033b4d9f8446311d66,OFFICIAL_BASE_b5b9ee069be3eb2712d0c56c15a8759c984feb56cbc1e7033b4d9f8446311d66,False,False,HCC043,Congress,TRT_002,Road Diet (4-to-3 Lane Conversion),BASE,145470.0,59575653.4753,59430183.4753,409.539104,False,UNKNOWN,DOCUMENTED_CMF_SCENARIO,34,OFFICIAL_BUDGET_SCENARIO; PROVISIONAL_PORTFOLIO_SCENARIO; ENGINEERING_REVIEW_REQUIRED
PORT_OFF_BASE_B40M_EQ40,OFFICIAL,BASE,40000000.0,0.4,b5b9ee069be3eb2712d0c56c15a8759c984feb56cbc1e7033b4d9f8446311d66,OFFICIAL_BASE_b5b9ee069be3eb2712d0c56c15a8759c984feb56cbc1e7033b4d9f8446311d66,False,False,HCC003,Western,TRT_002,Road Diet (4-to-3 Lane Conversion),BASE,302430.0,59120874.7246,58818444.7246,195.486145,False,UNKNOWN,DOCUMENTED_CMF_SCENARIO,35,OFFICIAL_BUDGET_SCENARIO; PROVISIONAL_PORTFOLIO_SCENARIO; ENGINEERING_REVIEW_REQUIRED
PORT_OFF_BASE_B40M_EQ40,OFFICIAL,BASE,40000000.0,0.4,b5b9ee069be3eb2712d0c56c15a8759c984feb56cbc1e7033b4d9f8446311d66,OFFICIAL_BASE_b5b9ee069be3eb2712d0c56c15a8759c984feb56cbc1e7033b4d9f8446311d66,False,False,HCC028,Ashland,TRT_002,Road Diet (4-to-3 Lane Conversion),BASE,339300.0,58179452.2656,57840152.2656,171.469061,True,UNKNOWN,DOCUMENTED_CMF_SCENARIO,36,OFFICIAL_BUDGET_SCENARIO; PROVISIONAL_PORTFOLIO_SCENARIO; ENGINEERING_REVIEW_REQUIRED
PORT_OFF_BASE_B40M_EQ40,OFFICIAL,BASE,40000000.0,0.4,b5b9ee069be3eb2712d0c56c15a8759c984feb56cbc1e7033b4d9f8446311d66,OFFICIAL_BASE_b5b9ee069be3eb2712d0c56c15a8759c984feb56cbc1e7033b4d9f8446311d66,False,False,HCC040,Washington,TRT_002,Road Diet (4-to-3 Lane Conversion),BASE,191790.0,53116805.5292,52925015.5292,276.952946,False,UNKNOWN,DOCUMENTED_CMF_SCENARIO,37,OFFICIAL_BUDGET_SCENARIO; PROVISIONAL_PORTFOLIO_SCENARIO; ENGINEERING_REVIEW_REQUIRED
PORT_OFF_BASE_B40M_EQ40,OFFICIAL,BASE,40000000.0,0.4,b5b9ee069be3eb2712d0c56c15a8759c984feb56cbc1e7033b4d9f8446311d66,OFFICIAL_BASE_b5b9ee069be3eb2712d0c56c15a8759c984feb56cbc1e7033b4d9f8446311d66,False,False,HCC038,Fairbanks,TRT_002,Road Diet (4-to-3 Lane Conversion),BASE,112920.0,32127923.6162,32015003.6162,284.519338,False,UNKNOWN,DOCUMENTED_CMF_SCENARIO,38,OFFICIAL_BUDGET_SCENARIO; PROVISIONAL_PORTFOLIO_SCENARIO; ENGINEERING_REVIEW_REQUIRED
PORT_OFF_BASE_B40M_EQ40,OFFICIAL,BASE,40000000.0,0.4,b5b9ee069be3eb2712d0c56c15a8759c984feb56cbc1e7033b4d9f8446311d66,OFFICIAL_BASE_b5b9ee069be3eb2712d0c56c15a8759c984feb56cbc1e7033b4d9f8446311d66,False,False,HCC041,Randolph,TRT_002,Road Diet (4-to-3 Lane Conversion),BASE,100350.0,24898742.9643,24798392.9643,248.119013,False,UNKNOWN,DOCUMENTED_CMF_SCENARIO,39,OFFICIAL_BUDGET_SCENARIO; PROVISIONAL_PORTFOLIO_SCENARIO; ENGINEERING_REVIEW_REQUIRED
PORT_OFF_BASE_B40M_EQ40,OFFICIAL,BASE,40000000.0,0.4,b5b9ee069be3eb2712d0c56c15a8759c984feb56cbc1e7033b4d9f8446311d66,OFFICIAL_BASE_b5b9ee069be3eb2712d0c56c15a8759c984feb56cbc1e7033b4d9f8446311d66,False,False,HCC042,Dearborn,TRT_002,Road Diet (4-to-3 Lane Conversion),BASE,104100.0,24259417.862,24155317.862,233.039557,False,UNKNOWN,DOCUMENTED_CMF_SCENARIO,40,OFFICIAL_BUDGET_SCENARIO; PROVISIONAL_PORTFOLIO_SCENARIO; ENGINEERING_REVIEW_REQUIRED
PORT_OFF_BASE_B40M_EQ40,OFFICIAL,BASE,40000000.0,0.4,b5b9ee069be3eb2712d0c56c15a8759c984feb56cbc1e7033b4d9f8446311d66,OFFICIAL_BASE_b5b9ee069be3eb2712d0c56c15a8759c984feb56cbc1e7033b4d9f8446311d66,False,False,HCC033,Orleans,TRT_002,Road Diet (4-to-3 Lane Conversion),BASE,86490.0,22150628.7156,22064138.7156,256.10624,False,UNKNOWN,DOCUMENTED_CMF_SCENARIO,41,OFFICIAL_BUDGET_SCENARIO; PROVISIONAL_PORTFOLIO_SCENARIO; ENGINEERING_REVIEW_REQUIRED
PORT_OFF_BASE_B40M_EQ40,OFFICIAL,BASE,40000000.0,0.4,b5b9ee069be3eb2712d0c56c15a8759c984feb56cbc1e7033b4d9f8446311d66,OFFICIAL_BASE_b5b9ee069be3eb2712d0c56c15a8759c984feb56cbc1e7033b4d9f8446311d66,False,False,HCC036,LaSalle,TRT_002,Road Diet (4-to-3 Lane Conversion),BASE,130050.0,20433445.8346,20303395.8346,157.119922,False,UNKNOWN,DOCUMENTED_CMF_SCENARIO,42,OFFICIAL_BUDGET_SCENARIO; PROVISIONAL_PORTFOLIO_SCENARIO; ENGINEERING_REVIEW_REQUIRED
PORT_OFF_BASE_B40M_EQ40,OFFICIAL,BASE,40000000.0,0.4,b5b9ee069be3eb2712d0c56c15a8759c984feb56cbc1e7033b4d9f8446311d66,OFFICIAL_BASE_b5b9ee069be3eb2712d0c56c15a8759c984feb56cbc1e7033b4d9f8446311d66,False,False,HCC019,Lake Shore Drive,TRT_001,Pedestrian Refuge Islands & Medians,BASE,90000.0,16594685.5556,16504685.5556,184.385395,False,UNKNOWN,DOCUMENTED_CMF_SCENARIO,43,OFFICIAL_BUDGET_SCENARIO; PROVISIONAL_PORTFOLIO_SCENARIO; ENGINEERING_REVIEW_REQUIRED
PORT_OFF_OPTIMISTIC_B15M_EQ20,OFFICIAL,OPTIMISTIC,15000000.0,0.2,adf3d4c944f582d1e0e9fc5dfc275dc08732a7da411b0d6ab662071bb98d6f30,OFFICIAL_OPTIMISTIC_adf3d4c944f582d1e0e9fc5dfc275dc08732a7da411b0d6ab662071bb98d6f30,True,False,HCC006,Fullerton,TRT_002,Road Diet (4-to-3 Lane Conversion),OPTIMISTIC,1331808.0,409286444.8041,407954636.8041,307.316404,False,UNKNOWN,DOCUMENTED_CMF_SCENARIO,1,OFFICIAL_BUDGET_SCENARIO; PROVISIONAL_PORTFOLIO_SCENARIO; ENGINEERING_REVIEW_REQUIRED
PORT_OFF_OPTIMISTIC_B15M_EQ20,OFFICIAL,OPTIMISTIC,15000000.0,0.2,adf3d4c944f582d1e0e9fc5dfc275dc08732a7da411b0d6ab662071bb98d6f30,OFFICIAL_OPTIMISTIC_adf3d4c944f582d1e0e9fc5dfc275dc08732a7da411b0d6ab662071bb98d6f30,True,False,HCC017,Pulaski,TRT_002,Road Diet (4-to-3 Lane Conversion),OPTIMISTIC,806336.0,390914965.5085,390108629.5085,484.804059,True,UNKNOWN,DOCUMENTED_CMF_SCENARIO,2,OFFICIAL_BUDGET_SCENARIO; PROVISIONAL_PORTFOLIO_SCENARIO; ENGINEERING_REVIEW_REQUIRED
PORT_OFF_OPTIMISTIC_B15M_EQ20,OFFICIAL,OPTIMISTIC,15000000.0,0.2,adf3d4c944f582d1e0e9fc5dfc275dc08732a7da411b0d6ab662071bb98d6f30,OFFICIAL_OPTIMISTIC_adf3d4c944f582d1e0e9fc5dfc275dc08732a7da411b0d6ab662071bb98d6f30,True,False,HCC016,Cicero,TRT_002,Road Diet (4-to-3 Lane Conversion),OPTIMISTIC,562624.0,367491567.7291,366928943.7291,653.174354,True,UNKNOWN,DOCUMENTED_CMF_SCENARIO,3,OFFICIAL_BUDGET_SCENARIO; PROVISIONAL_PORTFOLIO_SCENARIO; ENGINEERING_REVIEW_REQUIRED
PORT_OFF_OPTIMISTIC_B15M_EQ20,OFFICIAL,OPTIMISTIC,15000000.0,0.2,adf3d4c944f582d1e0e9fc5dfc275dc08732a7da411b0d6ab662071bb98d6f30,OFFICIAL_OPTIMISTIC_adf3d4c944f582d1e0e9fc5dfc275dc08732a7da411b0d6ab662071bb98d6f30,True,False,HCC032,Michigan,TRT_002,Road Diet (4-to-3 Lane Conversion),OPTIMISTIC,738080.0,364682607.9092,363944527.9092,494.096315,False,UNKNOWN,DOCUMENTED_CMF_SCENARIO,4,OFFICIAL_BUDGET_SCENARIO; PROVISIONAL_PORTFOLIO_SCENARIO; ENGINEERING_REVIEW_REQUIRED
PORT_OFF_OPTIMISTIC_B15M_EQ20,OFFICIAL,OPTIMISTIC,15000000.0,0.2,adf3d4c944f582d1e0e9fc5dfc275dc08732a7da411b0d6ab662071bb98d6f30,OFFICIAL_OPTIMISTIC_adf3d4c944f582d1e0e9fc5dfc275dc08732a7da411b0d6ab662071bb98d6f30,True,False,HCC025,Stony Island,TRT_002,Road Diet (4-to-3 Lane Conversion),OPTIMISTIC,643552.0,331619250.7909,330975698.7909,515.295191,True,UNKNOWN,DOCUMENTED_CMF_SCENARIO,5,OFFICIAL_BUDGET_SCENARIO; PROVISIONAL_PORTFOLIO_SCENARIO; ENGINEERING_REVIEW_REQUIRED
PORT_OFF_OPTIMISTIC_B15M_EQ20,OFFICIAL,OPTIMISTIC,15000000.0,0.2,adf3d4c944f582d1e0e9fc5dfc275dc08732a7da411b0d6ab662071bb98d6f30,OFFICIAL_OPTIMISTIC_adf3d4c944f582d1e0e9fc5dfc275dc08732a7da411b0d6ab662071bb98d6f30,True,False,HCC021,Pulaski,TRT_002,Road Diet (4-to-3 Lane Conversion),OPTIMISTIC,844224.0,326712117.3851,325867893.3851,386.996955,True,UNKNOWN,DOCUMENTED_CMF_SCENARIO,6,OFFICIAL_BUDGET_SCENARIO; PROVISIONAL_PORTFOLIO_SCENARIO; ENGINEERING_REVIEW_REQUIRED
PORT_OFF_OPTIMISTIC_B15M_EQ20,OFFICIAL,OPTIMISTIC,15000000.0,0.2,adf3d4c944f582d1e0e9fc5dfc275dc08732a7da411b0d6ab662071bb98d6f30,OFFICIAL_OPTIMISTIC_adf3d4c944f582d1e0e9fc5dfc275dc08732a7da411b0d6ab662071bb98d6f30,True,False,HCC015,Lake,TRT_002,Road Diet (4-to-3 Lane Conversion),OPTIMISTIC,609952.0,308509064.483,307899112.483,505.792365,True,UNKNOWN,DOCUMENTED_CMF_SCENARIO,7,OFFICIAL_BUDGET_SCENARIO; PROVISIONAL_PORTFOLIO_SCENARIO; ENGINEERING_REVIEW_REQUIRED
PORT_OFF_OPTIMISTIC_B15M_EQ20,OFFICIAL,OPTIMISTIC,15000000.0,0.2,adf3d4c944f582d1e0e9fc5dfc275dc08732a7da411b0d6ab662071bb98d6f30,OFFICIAL_OPTIMISTIC_adf3d4c944f582d1e0e9fc5dfc275dc08732a7da411b0d6ab662071bb98d6f30,True,False,HCC023,Ashland,TRT_002,Road Diet (4-to-3 Lane Conversion),OPTIMISTIC,401920.0,238839477.9147,238437557.9147,594.246312,True,UNKNOWN,DOCUMENTED_CMF_SCENARIO,8,OFFICIAL_BUDGET_SCENARIO; PROVISIONAL_PORTFOLIO_SCENARIO; ENGINEERING_REVIEW_REQUIRED
PORT_OFF_OPTIMISTIC_B15M_EQ20,OFFICIAL,OPTIMISTIC,15000000.0,0.2,adf3d4c944f582d1e0e9fc5dfc275dc08732a7da411b0d6ab662071bb98d6f30,OFFICIAL_OPTIMISTIC_adf3d4c944f582d1e0e9fc5dfc275dc08732a7da411b0d6ab662071bb98d6f30,True,False,HCC007,Western,TRT_002,Road Diet (4-to-3 Lane Conversion),OPTIMISTIC,840448.0,227671027.646,226830579.646,270.892462,False,UNKNOWN,DOCUMENTED_CMF_SCENARIO,9,OFFICIAL_BUDGET_SCENARIO; PROVISIONAL_PORTFOLIO_SCENARIO; ENGINEERING_REVIEW_REQUIRED
PORT_OFF_OPTIMISTIC_B15M_EQ20,OFFICIAL,OPTIMISTIC,15000000.0,0.2,adf3d4c944f582d1e0e9fc5dfc275dc08732a7da411b0d6ab662071bb98d6f30,OFFICIAL_OPTIMISTIC_adf3d4c944f582d1e0e9fc5dfc275dc08732a7da411b0d6ab662071bb98d6f30,True,False,HCC039,Wacker,TRT_002,Road Diet (4-to-3 Lane Conversion),OPTIMISTIC,564160.0,219381850.6576,218817690.6576,388.864596,False,UNKNOWN,DOCUMENTED_CMF_SCENARIO,10,OFFICIAL_BUDGET_SCENARIO; PROVISIONAL_PORTFOLIO_SCENARIO; ENGINEERING_REVIEW_REQUIRED
PORT_OFF_OPTIMISTIC_B15M_EQ20,OFFICIAL,OPTIMISTIC,15000000.0,0.2,adf3d4c944f582d1e0e9fc5dfc275dc08732a7da411b0d6ab662071bb98d6f30,OFFICIAL_OPTIMISTIC_adf3d4c944f582d1e0e9fc5dfc275dc08732a7da411b0d6ab662071bb98d6f30,True,False,HCC018,Roosevelt,TRT_002,Road Diet (4-to-3 Lane Conversion),OPTIMISTIC,376256.0,214247644.1983,213871388.1983,569.419874,False,UNKNOWN,DOCUMENTED_CMF_SCENARIO,11,OFFICIAL_BUDGET_SCENARIO; PROVISIONAL_PORTFOLIO_SCENARIO; ENGINEERING_REVIEW_REQUIRED
PORT_OFF_OPTIMISTIC_B15M_EQ20,OFFICIAL,OPTIMISTIC,15000000.0,0.2,adf3d4c944f582d1e0e9fc5dfc275dc08732a7da411b0d6ab662071bb98d6f30,OFFICIAL_OPTIMISTIC_adf3d4c944f582d1e0e9fc5dfc275dc08732a7da411b0d6ab662071bb98d6f30,True,False,HCC001,Devon,TRT_002,Road Diet (4-to-3 Lane Conversion),OPTIMISTIC,478752.0,205698764.7642,205220012.7642,429.656199,True,UNKNOWN,DOCUMENTED_CMF_SCENARIO,12,OFFICIAL_BUDGET_SCENARIO; PROVISIONAL_PORTFOLIO_SCENARIO; ENGINEERING_REVIEW_REQUIRED
PORT_OFF_OPTIMISTIC_B15M_EQ20,OFFICIAL,OPTIMISTIC,15000000.0,0.2,adf3d4c944f582d1e0e9fc5dfc275dc08732a7da411b0d6ab662071bb98d6f30,OFFICIAL_OPTIMISTIC_adf3d4c944f582d1e0e9fc5dfc275dc08732a7da411b0d6ab662071bb98d6f30,True,False,HCC024,Western,TRT_002,Road Diet (4-to-3 Lane Conversion),OPTIMISTIC,441440.0,195354202.9447,194912762.9447,442.538517,True,UNKNOWN,DOCUMENTED_CMF_SCENARIO,13,OFFICIAL_BUDGET_SCENARIO; PROVISIONAL_PORTFOLIO_SCENARIO; ENGINEERING_REVIEW_REQUIRED
PORT_OFF_OPTIMISTIC_B15M_EQ20,OFFICIAL,OPTIMISTIC,15000000.0,0.2,adf3d4c944f582d1e0e9fc5dfc275dc08732a7da411b0d6ab662071bb98d6f30,OFFICIAL_OPTIMISTIC_adf3d4c944f582d1e0e9fc5dfc275dc08732a7da411b0d6ab662071bb98d6f30,True,False,HCC030,87th,TRT_002,Road Diet (4-to-3 Lane Conversion),OPTIMISTIC,482528.0,186560042.9571,186077514.9571,386.630502,True,UNKNOWN,DOCUMENTED_CMF_SCENARIO,14,OFFICIAL_BUDGET_SCENARIO; PROVISIONAL_PORTFOLIO_SCENARIO; ENGINEERING_REVIEW_REQUIRED
PORT_OFF_OPTIMISTIC_B15M_EQ20,OFFICIAL,OPTIMISTIC,15000000.0,0.2,adf3d4c944f582d1e0e9fc5dfc275dc08732a7da411b0d6ab662071bb98d6f30,OFFICIAL_OPTIMISTIC_adf3d4c944f582d1e0e9fc5dfc275dc08732a7da411b0d6ab662071bb98d6f30,True,False,HCC027,Cottage Grove,TRT_002,Road Diet (4-to-3 Lane Conversion),OPTIMISTIC,484512.0,185005447.2325,184520935.2325,381.838731,True,UNKNOWN,DOCUMENTED_CMF_SCENARIO,15,OFFICIAL_BUDGET_SCENARIO; PROVISIONAL_PORTFOLIO_SCENARIO; ENGINEERING_REVIEW_REQUIRED
PORT_OFF_OPTIMISTIC_B15M_EQ20,OFFICIAL,OPTIMISTIC,15000000.0,0.2,adf3d4c944f582d1e0e9fc5dfc275dc08732a7da411b0d6ab662071bb98d6f30,OFFICIAL_OPTIMISTIC_adf3d4c944f582d1e0e9fc5dfc275dc08732a7da411b0d6ab662071bb98d6f30,True,False,HCC031,Stony Island,TRT_002,Road Diet (4-to-3 Lane Conversion),OPTIMISTIC,322912.0,184135340.4695,183812428.4695,570.233811,False,UNKNOWN,DOCUMENTED_CMF_SCENARIO,16,OFFICIAL_BUDGET_SCENARIO; PROVISIONAL_PORTFOLIO_SCENARIO; ENGINEERING_REVIEW_REQUIRED
PORT_OFF_OPTIMISTIC_B15M_EQ20,OFFICIAL,OPTIMISTIC,15000000.0,0.2,adf3d4c944f582d1e0e9fc5dfc275dc08732a7da411b0d6ab662071bb98d6f30,OFFICIAL_OPTIMISTIC_adf3d4c944f582d1e0e9fc5dfc275dc08732a7da411b0d6ab662071bb98d6f30,True,False,HCC026,Halsted,TRT_002,Road Diet (4-to-3 Lane Conversion),OPTIMISTIC,482208.0,170508755.4693,170026547.4693,353.600014,True,UNKNOWN,DOCUMENTED_CMF_SCENARIO,17,OFFICIAL_BUDGET_SCENARIO; PROVISIONAL_PORTFOLIO_SCENARIO; ENGINEERING_REVIEW_REQUIRED
PORT_OFF_OPTIMISTIC_B15M_EQ20,OFFICIAL,OPTIMISTIC,15000000.0,0.2,adf3d4c944f582d1e0e9fc5dfc275dc08732a7da411b0d6ab662071bb98d6f30,OFFICIAL_OPTIMISTIC_adf3d4c944f582d1e0e9fc5dfc275dc08732a7da411b0d6ab662071bb98d6f30,True,False,HCC011,North,TRT_002,Road Diet (4-to-3 Lane Conversion),OPTIMISTIC,326752.0,142258916.8796,141932164.8796,435.37275,True,UNKNOWN,DOCUMENTED_CMF_SCENARIO,18,OFFICIAL_BUDGET_SCENARIO; PROVISIONAL_PORTFOLIO_SCENARIO; ENGINEERING_REVIEW_REQUIRED
PORT_OFF_OPTIMISTIC_B15M_EQ20,OFFICIAL,OPTIMISTIC,15000000.0,0.2,adf3d4c944f582d1e0e9fc5dfc275dc08732a7da411b0d6ab662071bb98d6f30,OFFICIAL_OPTIMISTIC_adf3d4c944f582d1e0e9fc5dfc275dc08732a7da411b0d6ab662071bb98d6f30,True,False,HCC013,Chicago,TRT_002,Road Diet (4-to-3 Lane Conversion),OPTIMISTIC,322208.0,140875782.6617,140553574.6617,437.220003,True,UNKNOWN,DOCUMENTED_CMF_SCENARIO,19,OFFICIAL_BUDGET_SCENARIO; PROVISIONAL_PORTFOLIO_SCENARIO; ENGINEERING_REVIEW_REQUIRED
PORT_OFF_OPTIMISTIC_B15M_EQ20,OFFICIAL,OPTIMISTIC,15000000.0,0.2,adf3d4c944f582d1e0e9fc5dfc275dc08732a7da411b0d6ab662071bb98d6f30,OFFICIAL_OPTIMISTIC_adf3d4c944f582d1e0e9fc5dfc275dc08732a7da411b0d6ab662071bb98d6f30,True,False,HCC029,79th,TRT_002,Road Diet (4-to-3 Lane Conversion),OPTIMISTIC,360448.0,133166012.6571,132805564.6571,369.445836,True,UNKNOWN,DOCUMENTED_CMF_SCENARIO,20,OFFICIAL_BUDGET_SCENARIO; PROVISIONAL_PORTFOLIO_SCENARIO; ENGINEERING_REVIEW_REQUIRED
PORT_OFF_OPTIMISTIC_B15M_EQ20,OFFICIAL,OPTIMISTIC,15000000.0,0.2,adf3d4c944f582d1e0e9fc5dfc275dc08732a7da411b0d6ab662071bb98d6f30,OFFICIAL_OPTIMISTIC_adf3d4c944f582d1e0e9fc5dfc275dc08732a7da411b0d6ab662071bb98d6f30,True,False,HCC012,Chicago,TRT_002,Road Diet (4-to-3 Lane Conversion),OPTIMISTIC,323264.0,128267809.1504,127944545.1504,396.789649,True,UNKNOWN,DOCUMENTED_CMF_SCENARIO,21,OFFICIAL_BUDGET_SCENARIO; PROVISIONAL_PORTFOLIO_SCENARIO; ENGINEERING_REVIEW_REQUIRED
PORT_OFF_OPTIMISTIC_B15M_EQ20,OFFICIAL,OPTIMISTIC,15000000.0,0.2,adf3d4c944f582d1e0e9fc5dfc275dc08732a7da411b0d6ab662071bb98d6f30,OFFICIAL_OPTIMISTIC_adf3d4c944f582d1e0e9fc5dfc275dc08732a7da411b0d6ab662071bb98d6f30,True,False,HCC022,Garfield,TRT_002,Road Diet (4-to-3 Lane Conversion),OPTIMISTIC,482400.0,128137893.3653,127655493.3653,265.625815,True,UNKNOWN,DOCUMENTED_CMF_SCENARIO,22,OFFICIAL_BUDGET_SCENARIO; PROVISIONAL_PORTFOLIO_SCENARIO; ENGINEERING_REVIEW_REQUIRED
PORT_OFF_OPTIMISTIC_B15M_EQ20,OFFICIAL,OPTIMISTIC,15000000.0,0.2,adf3d4c944f582d1e0e9fc5dfc275dc08732a7da411b0d6ab662071bb98d6f30,OFFICIAL_OPTIMISTIC_adf3d4c944f582d1e0e9fc5dfc275dc08732a7da411b0d6ab662071bb98d6f30,True,False,HCC035,Ohio,TRT_002,Road Diet (4-to-3 Lane Conversion),OPTIMISTIC,277408.0,125338523.8503,125061115.8503,451.820149,False,UNKNOWN,DOCUMENTED_CMF_SCENARIO,23,OFFICIAL_BUDGET_SCENARIO; PROVISIONAL_PORTFOLIO_SCENARIO; ENGINEERING_REVIEW_REQUIRED
PORT_OFF_OPTIMISTIC_B15M_EQ20,OFFICIAL,OPTIMISTIC,15000000.0,0.2,adf3d4c944f582d1e0e9fc5dfc275dc08732a7da411b0d6ab662071bb98d6f30,OFFICIAL_OPTIMISTIC_adf3d4c944f582d1e0e9fc5dfc275dc08732a7da411b0d6ab662071bb98d6f30,True,False,HCC004,Belmont,TRT_002,Road Diet (4-to-3 Lane Conversion),OPTIMISTIC,321408.0,123015008.7665,122693600.7665,382.737856,False,UNKNOWN,DOCUMENTED_CMF_SCENARIO,24,OFFICIAL_BUDGET_SCENARIO; PROVISIONAL_PORTFOLIO_SCENARIO; ENGINEERING_REVIEW_REQUIRED
PORT_OFF_OPTIMISTIC_B15M_EQ20,OFFICIAL,OPTIMISTIC,15000000.0,0.2,adf3d4c944f582d1e0e9fc5dfc275dc08732a7da411b0d6ab662071bb98d6f30,OFFICIAL_OPTIMISTIC_adf3d4c944f582d1e0e9fc5dfc275dc08732a7da411b0d6ab662071bb98d6f30,True,False,HCC034,Ontario,TRT_002,Road Diet (4-to-3 Lane Conversion),OPTIMISTIC,277344.0,100604562.4921,100327218.4921,362.742884,False,UNKNOWN,DOCUMENTED_CMF_SCENARIO,25,OFFICIAL_BUDGET_SCENARIO; PROVISIONAL_PORTFOLIO_SCENARIO; ENGINEERING_REVIEW_REQUIRED
PORT_OFF_OPTIMISTIC_B15M_EQ20,OFFICIAL,OPTIMISTIC,15000000.0,0.2,adf3d4c944f582d1e0e9fc5dfc275dc08732a7da411b0d6ab662071bb98d6f30,OFFICIAL_OPTIMISTIC_adf3d4c944f582d1e0e9fc5dfc275dc08732a7da411b0d6ab662071bb98d6f30,True,False,HCC043,Congress,TRT_002,Road Diet (4-to-3 Lane Conversion),OPTIMISTIC,155168.0,93392711.7652,93237543.7652,601.881263,False,UNKNOWN,DOCUMENTED_CMF_SCENARIO,26,OFFICIAL_BUDGET_SCENARIO; PROVISIONAL_PORTFOLIO_SCENARIO; ENGINEERING_REVIEW_REQUIRED
PORT_OFF_OPTIMISTIC_B15M_EQ20,OFFICIAL,OPTIMISTIC,15000000.0,0.2,adf3d4c944f582d1e0e9fc5dfc275dc08732a7da411b0d6ab662071bb98d6f30,OFFICIAL_OPTIMISTIC_adf3d4c944f582d1e0e9fc5dfc275dc08732a7da411b0d6ab662071bb98d6f30,True,False,HCC003,Western,TRT_002,Road Diet (4-to-3 Lane Conversion),OPTIMISTIC,322592.0,92679785.9591,92357193.9591,287.297224,False,UNKNOWN,DOCUMENTED_CMF_SCENARIO,27,OFFICIAL_BUDGET_SCENARIO; PROVISIONAL_PORTFOLIO_SCENARIO; ENGINEERING_REVIEW_REQUIRED
PORT_OFF_OPTIMISTIC_B15M_EQ20,OFFICIAL,OPTIMISTIC,15000000.0,0.2,adf3d4c944f582d1e0e9fc5dfc275dc08732a7da411b0d6ab662071bb98d6f30,OFFICIAL_OPTIMISTIC_adf3d4c944f582d1e0e9fc5dfc275dc08732a7da411b0d6ab662071bb98d6f30,True,False,HCC040,Washington,TRT_002,Road Diet (4-to-3 Lane Conversion),OPTIMISTIC,204576.0,83267613.8539,83063037.8539,407.02533,False,UNKNOWN,DOCUMENTED_CMF_SCENARIO,28,OFFICIAL_BUDGET_SCENARIO; PROVISIONAL_PORTFOLIO_SCENARIO; ENGINEERING_REVIEW_REQUIRED
PORT_OFF_OPTIMISTIC_B15M_EQ20,OFFICIAL,OPTIMISTIC,15000000.0,0.2,adf3d4c944f582d1e0e9fc5dfc275dc08732a7da411b0d6ab662071bb98d6f30,OFFICIAL_OPTIMISTIC_adf3d4c944f582d1e0e9fc5dfc275dc08732a7da411b0d6ab662071bb98d6f30,True,False,HCC038,Fairbanks,TRT_002,Road Diet (4-to-3 Lane Conversion),OPTIMISTIC,120448.0,50364767.0629,50244319.0629,418.145316,False,UNKNOWN,DOCUMENTED_CMF_SCENARIO,29,OFFICIAL_BUDGET_SCENARIO; PROVISIONAL_PORTFOLIO_SCENARIO; ENGINEERING_REVIEW_REQUIRED
PORT_OFF_OPTIMISTIC_B15M_EQ20,OFFICIAL,OPTIMISTIC,15000000.0,0.2,adf3d4c944f582d1e0e9fc5dfc275dc08732a7da411b0d6ab662071bb98d6f30,OFFICIAL_OPTIMISTIC_adf3d4c944f582d1e0e9fc5dfc275dc08732a7da411b0d6ab662071bb98d6f30,True,False,HCC037,State,TRT_001,Pedestrian Refuge Islands & Medians,OPTIMISTIC,60000.0,45895364.2809,45835364.2809,764.922738,False,UNKNOWN,DOCUMENTED_CMF_SCENARIO,30,OFFICIAL_BUDGET_SCENARIO; PROVISIONAL_PORTFOLIO_SCENARIO; ENGINEERING_REVIEW_REQUIRED
PORT_OFF_OPTIMISTIC_B15M_EQ20,OFFICIAL,OPTIMISTIC,15000000.0,0.2,adf3d4c944f582d1e0e9fc5dfc275dc08732a7da411b0d6ab662071bb98d6f30,OFFICIAL_OPTIMISTIC_adf3d4c944f582d1e0e9fc5dfc275dc08732a7da411b0d6ab662071bb98d6f30,True,False,HCC008,Milwaukee,TRT_001,Pedestrian Refuge Islands & Medians,OPTIMISTIC,132000.0,42700812.3413,42568812.3413,323.491003,False,UNKNOWN,DOCUMENTED_CMF_SCENARIO,31,OFFICIAL_BUDGET_SCENARIO; PROVISIONAL_PORTFOLIO_SCENARIO; ENGINEERING_REVIEW_REQUIRED
PORT_OFF_OPTIMISTIC_B15M_EQ20,OFFICIAL,OPTIMISTIC,15000000.0,0.2,adf3d4c944f582d1e0e9fc5dfc275dc08732a7da411b0d6ab662071bb98d6f30,OFFICIAL_OPTIMISTIC_adf3d4c944f582d1e0e9fc5dfc275dc08732a7da411b0d6ab662071bb98d6f30,True,False,HCC005,Clark,TRT_001,Pedestrian Refuge Islands & Medians,OPTIMISTIC,120000.0,41257650.719,41137650.719,343.813756,False,UNKNOWN,DOCUMENTED_CMF_SCENARIO,32,OFFICIAL_BUDGET_SCENARIO; PROVISIONAL_PORTFOLIO_SCENARIO; ENGINEERING_REVIEW_REQUIRED
PORT_OFF_OPTIMISTIC_B15M_EQ20,OFFICIAL,OPTIMISTIC,15000000.0,0.2,adf3d4c944f582d1e0e9fc5dfc275dc08732a7da411b0d6ab662071bb98d6f30,OFFICIAL_OPTIMISTIC_adf3d4c944f582d1e0e9fc5dfc275dc08732a7da411b0d6ab662071bb98d6f30,True,False,HCC041,Randolph,TRT_002,Road Diet (4-to-3 Lane Conversion),OPTIMISTIC,107040.0,39032070.8097,38925030.8097,364.649391,False,UNKNOWN,DOCUMENTED_CMF_SCENARIO,33,OFFICIAL_BUDGET_SCENARIO; PROVISIONAL_PORTFOLIO_SCENARIO; ENGINEERING_REVIEW_REQUIRED
PORT_OFF_OPTIMISTIC_B15M_EQ20,OFFICIAL,OPTIMISTIC,15000000.0,0.2,adf3d4c944f582d1e0e9fc5dfc275dc08732a7da411b0d6ab662071bb98d6f30,OFFICIAL_OPTIMISTIC_adf3d4c944f582d1e0e9fc5dfc275dc08732a7da411b0d6ab662071bb98d6f30,True,False,HCC042,Dearborn,TRT_002,Road Diet (4-to-3 Lane Conversion),OPTIMISTIC,111040.0,38029844.2033,37918804.2033,342.48779,False,UNKNOWN,DOCUMENTED_CMF_SCENARIO,34,OFFICIAL_BUDGET_SCENARIO; PROVISIONAL_PORTFOLIO_SCENARIO; ENGINEERING_REVIEW_REQUIRED
PORT_OFF_OPTIMISTIC_B15M_EQ20,OFFICIAL,OPTIMISTIC,15000000.0,0.2,adf3d4c944f582d1e0e9fc5dfc275dc08732a7da411b0d6ab662071bb98d6f30,OFFICIAL_OPTIMISTIC_adf3d4c944f582d1e0e9fc5dfc275dc08732a7da411b0d6ab662071bb98d6f30,True,False,HCC014,Chicago,TRT_001,Pedestrian Refuge Islands & Medians,OPTIMISTIC,84000.0,37719544.3425,37635544.3425,449.042195,False,UNKNOWN,DOCUMENTED_CMF_SCENARIO,35,OFFICIAL_BUDGET_SCENARIO; PROVISIONAL_PORTFOLIO_SCENARIO; ENGINEERING_REVIEW_REQUIRED
PORT_OFF_OPTIMISTIC_B15M_EQ20,OFFICIAL,OPTIMISTIC,15000000.0,0.2,adf3d4c944f582d1e0e9fc5dfc275dc08732a7da411b0d6ab662071bb98d6f30,OFFICIAL_OPTIMISTIC_adf3d4c944f582d1e0e9fc5dfc275dc08732a7da411b0d6ab662071bb98d6f30,True,False,HCC033,Orleans,TRT_002,Road Diet (4-to-3 Lane Conversion),OPTIMISTIC,92256.0,34724038.4684,34631782.4684,376.387861,False,UNKNOWN,DOCUMENTED_CMF_SCENARIO,36,OFFICIAL_BUDGET_SCENARIO; PROVISIONAL_PORTFOLIO_SCENARIO; ENGINEERING_REVIEW_REQUIRED
PORT_OFF_OPTIMISTIC_B15M_EQ20,OFFICIAL,OPTIMISTIC,15000000.0,0.2,adf3d4c944f582d1e0e9fc5dfc275dc08732a7da411b0d6ab662071bb98d6f30,OFFICIAL_OPTIMISTIC_adf3d4c944f582d1e0e9fc5dfc275dc08732a7da411b0d6ab662071bb98d6f30,True,False,HCC010,Ashland,TRT_001,Pedestrian Refuge Islands & Medians,OPTIMISTIC,132000.0,31757383.1405,31625383.1405,240.586236,False,UNKNOWN,DOCUMENTED_CMF_SCENARIO,37,OFFICIAL_BUDGET_SCENARIO; PROVISIONAL_PORTFOLIO_SCENARIO; ENGINEERING_REVIEW_REQUIRED
PORT_OFF_OPTIMISTIC_B15M_EQ20,OFFICIAL,OPTIMISTIC,15000000.0,0.2,adf3d4c944f582d1e0e9fc5dfc275dc08732a7da411b0d6ab662071bb98d6f30,OFFICIAL_OPTIMISTIC_adf3d4c944f582d1e0e9fc5dfc275dc08732a7da411b0d6ab662071bb98d6f30,True,False,HCC019,Lake Shore Drive,TRT_001,Pedestrian Refuge Islands & Medians,OPTIMISTIC,96000.0,30228256.9073,30132256.9073,314.877676,False,UNKNOWN,DOCUMENTED_CMF_SCENARIO,38,OFFICIAL_BUDGET_SCENARIO; PROVISIONAL_PORTFOLIO_SCENARIO; ENGINEERING_REVIEW_REQUIRED
PORT_OFF_OPTIMISTIC_B15M_EQ20,OFFICIAL,OPTIMISTIC,15000000.0,0.2,adf3d4c944f582d1e0e9fc5dfc275dc08732a7da411b0d6ab662071bb98d6f30,OFFICIAL_OPTIMISTIC_adf3d4c944f582d1e0e9fc5dfc275dc08732a7da411b0d6ab662071bb98d6f30,True,False,HCC002,Broadway,TRT_001,Pedestrian Refuge Islands & Medians,OPTIMISTIC,72000.0,26977688.5733,26905688.5733,374.690119,False,UNKNOWN,DOCUMENTED_CMF_SCENARIO,39,OFFICIAL_BUDGET_SCENARIO; PROVISIONAL_PORTFOLIO_SCENARIO; ENGINEERING_REVIEW_REQUIRED
PORT_OFF_OPTIMISTIC_B15M_EQ20,OFFICIAL,OPTIMISTIC,15000000.0,0.2,adf3d4c944f582d1e0e9fc5dfc275dc08732a7da411b0d6ab662071bb98d6f30,OFFICIAL_OPTIMISTIC_adf3d4c944f582d1e0e9fc5dfc275dc08732a7da411b0d6ab662071bb98d6f30,True,False,HCC028,Ashland,TRT_001,Pedestrian Refuge Islands & Medians,OPTIMISTIC,48000.0,22397343.7248,22349343.7248,466.611328,True,UNKNOWN,DOCUMENTED_CMF_SCENARIO,40,OFFICIAL_BUDGET_SCENARIO; PROVISIONAL_PORTFOLIO_SCENARIO; ENGINEERING_REVIEW_REQUIRED
PORT_OFF_OPTIMISTIC_B15M_EQ20,OFFICIAL,OPTIMISTIC,15000000.0,0.2,adf3d4c944f582d1e0e9fc5dfc275dc08732a7da411b0d6ab662071bb98d6f30,OFFICIAL_OPTIMISTIC_adf3d4c944f582d1e0e9fc5dfc275dc08732a7da411b0d6ab662071bb98d6f30,True,False,HCC036,LaSalle,TRT_001,Pedestrian Refuge Islands & Medians,OPTIMISTIC,24000.0,7192109.199,7168109.199,299.671217,False,UNKNOWN,DOCUMENTED_CMF_SCENARIO,41,OFFICIAL_BUDGET_SCENARIO; PROVISIONAL_PORTFOLIO_SCENARIO; ENGINEERING_REVIEW_REQUIRED
PORT_OFF_OPTIMISTIC_B15M_EQ30,OFFICIAL,OPTIMISTIC,15000000.0,0.3,adf3d4c944f582d1e0e9fc5dfc275dc08732a7da411b0d6ab662071bb98d6f30,OFFICIAL_OPTIMISTIC_adf3d4c944f582d1e0e9fc5dfc275dc08732a7da411b0d6ab662071bb98d6f30,False,False,HCC006,Fullerton,TRT_002,Road Diet (4-to-3 Lane Conversion),OPTIMISTIC,1331808.0,409286444.8041,407954636.8041,307.316404,False,UNKNOWN,DOCUMENTED_CMF_SCENARIO,1,OFFICIAL_BUDGET_SCENARIO; PROVISIONAL_PORTFOLIO_SCENARIO; ENGINEERING_REVIEW_REQUIRED
PORT_OFF_OPTIMISTIC_B15M_EQ30,OFFICIAL,OPTIMISTIC,15000000.0,0.3,adf3d4c944f582d1e0e9fc5dfc275dc08732a7da411b0d6ab662071bb98d6f30,OFFICIAL_OPTIMISTIC_adf3d4c944f582d1e0e9fc5dfc275dc08732a7da411b0d6ab662071bb98d6f30,False,False,HCC017,Pulaski,TRT_002,Road Diet (4-to-3 Lane Conversion),OPTIMISTIC,806336.0,390914965.5085,390108629.5085,484.804059,True,UNKNOWN,DOCUMENTED_CMF_SCENARIO,2,OFFICIAL_BUDGET_SCENARIO; PROVISIONAL_PORTFOLIO_SCENARIO; ENGINEERING_REVIEW_REQUIRED
PORT_OFF_OPTIMISTIC_B15M_EQ30,OFFICIAL,OPTIMISTIC,15000000.0,0.3,adf3d4c944f582d1e0e9fc5dfc275dc08732a7da411b0d6ab662071bb98d6f30,OFFICIAL_OPTIMISTIC_adf3d4c944f582d1e0e9fc5dfc275dc08732a7da411b0d6ab662071bb98d6f30,False,False,HCC016,Cicero,TRT_002,Road Diet (4-to-3 Lane Conversion),OPTIMISTIC,562624.0,367491567.7291,366928943.7291,653.174354,True,UNKNOWN,DOCUMENTED_CMF_SCENARIO,3,OFFICIAL_BUDGET_SCENARIO; PROVISIONAL_PORTFOLIO_SCENARIO; ENGINEERING_REVIEW_REQUIRED
PORT_OFF_OPTIMISTIC_B15M_EQ30,OFFICIAL,OPTIMISTIC,15000000.0,0.3,adf3d4c944f582d1e0e9fc5dfc275dc08732a7da411b0d6ab662071bb98d6f30,OFFICIAL_OPTIMISTIC_adf3d4c944f582d1e0e9fc5dfc275dc08732a7da411b0d6ab662071bb98d6f30,False,False,HCC032,Michigan,TRT_002,Road Diet (4-to-3 Lane Conversion),OPTIMISTIC,738080.0,364682607.9092,363944527.9092,494.096315,False,UNKNOWN,DOCUMENTED_CMF_SCENARIO,4,OFFICIAL_BUDGET_SCENARIO; PROVISIONAL_PORTFOLIO_SCENARIO; ENGINEERING_REVIEW_REQUIRED
PORT_OFF_OPTIMISTIC_B15M_EQ30,OFFICIAL,OPTIMISTIC,15000000.0,0.3,adf3d4c944f582d1e0e9fc5dfc275dc08732a7da411b0d6ab662071bb98d6f30,OFFICIAL_OPTIMISTIC_adf3d4c944f582d1e0e9fc5dfc275dc08732a7da411b0d6ab662071bb98d6f30,False,False,HCC025,Stony Island,TRT_002,Road Diet (4-to-3 Lane Conversion),OPTIMISTIC,643552.0,331619250.7909,330975698.7909,515.295191,True,UNKNOWN,DOCUMENTED_CMF_SCENARIO,5,OFFICIAL_BUDGET_SCENARIO; PROVISIONAL_PORTFOLIO_SCENARIO; ENGINEERING_REVIEW_REQUIRED
PORT_OFF_OPTIMISTIC_B15M_EQ30,OFFICIAL,OPTIMISTIC,15000000.0,0.3,adf3d4c944f582d1e0e9fc5dfc275dc08732a7da411b0d6ab662071bb98d6f30,OFFICIAL_OPTIMISTIC_adf3d4c944f582d1e0e9fc5dfc275dc08732a7da411b0d6ab662071bb98d6f30,False,False,HCC021,Pulaski,TRT_002,Road Diet (4-to-3 Lane Conversion),OPTIMISTIC,844224.0,326712117.3851,325867893.3851,386.996955,True,UNKNOWN,DOCUMENTED_CMF_SCENARIO,6,OFFICIAL_BUDGET_SCENARIO; PROVISIONAL_PORTFOLIO_SCENARIO; ENGINEERING_REVIEW_REQUIRED
PORT_OFF_OPTIMISTIC_B15M_EQ30,OFFICIAL,OPTIMISTIC,15000000.0,0.3,adf3d4c944f582d1e0e9fc5dfc275dc08732a7da411b0d6ab662071bb98d6f30,OFFICIAL_OPTIMISTIC_adf3d4c944f582d1e0e9fc5dfc275dc08732a7da411b0d6ab662071bb98d6f30,False,False,HCC015,Lake,TRT_002,Road Diet (4-to-3 Lane Conversion),OPTIMISTIC,609952.0,308509064.483,307899112.483,505.792365,True,UNKNOWN,DOCUMENTED_CMF_SCENARIO,7,OFFICIAL_BUDGET_SCENARIO; PROVISIONAL_PORTFOLIO_SCENARIO; ENGINEERING_REVIEW_REQUIRED
PORT_OFF_OPTIMISTIC_B15M_EQ30,OFFICIAL,OPTIMISTIC,15000000.0,0.3,adf3d4c944f582d1e0e9fc5dfc275dc08732a7da411b0d6ab662071bb98d6f30,OFFICIAL_OPTIMISTIC_adf3d4c944f582d1e0e9fc5dfc275dc08732a7da411b0d6ab662071bb98d6f30,False,False,HCC023,Ashland,TRT_002,Road Diet (4-to-3 Lane Conversion),OPTIMISTIC,401920.0,238839477.9147,238437557.9147,594.246312,True,UNKNOWN,DOCUMENTED_CMF_SCENARIO,8,OFFICIAL_BUDGET_SCENARIO; PROVISIONAL_PORTFOLIO_SCENARIO; ENGINEERING_REVIEW_REQUIRED
PORT_OFF_OPTIMISTIC_B15M_EQ30,OFFICIAL,OPTIMISTIC,15000000.0,0.3,adf3d4c944f582d1e0e9fc5dfc275dc08732a7da411b0d6ab662071bb98d6f30,OFFICIAL_OPTIMISTIC_adf3d4c944f582d1e0e9fc5dfc275dc08732a7da411b0d6ab662071bb98d6f30,False,False,HCC007,Western,TRT_002,Road Diet (4-to-3 Lane Conversion),OPTIMISTIC,840448.0,227671027.646,226830579.646,270.892462,False,UNKNOWN,DOCUMENTED_CMF_SCENARIO,9,OFFICIAL_BUDGET_SCENARIO; PROVISIONAL_PORTFOLIO_SCENARIO; ENGINEERING_REVIEW_REQUIRED
PORT_OFF_OPTIMISTIC_B15M_EQ30,OFFICIAL,OPTIMISTIC,15000000.0,0.3,adf3d4c944f582d1e0e9fc5dfc275dc08732a7da411b0d6ab662071bb98d6f30,OFFICIAL_OPTIMISTIC_adf3d4c944f582d1e0e9fc5dfc275dc08732a7da411b0d6ab662071bb98d6f30,False,False,HCC039,Wacker,TRT_002,Road Diet (4-to-3 Lane Conversion),OPTIMISTIC,564160.0,219381850.6576,218817690.6576,388.864596,False,UNKNOWN,DOCUMENTED_CMF_SCENARIO,10,OFFICIAL_BUDGET_SCENARIO; PROVISIONAL_PORTFOLIO_SCENARIO; ENGINEERING_REVIEW_REQUIRED
PORT_OFF_OPTIMISTIC_B15M_EQ30,OFFICIAL,OPTIMISTIC,15000000.0,0.3,adf3d4c944f582d1e0e9fc5dfc275dc08732a7da411b0d6ab662071bb98d6f30,OFFICIAL_OPTIMISTIC_adf3d4c944f582d1e0e9fc5dfc275dc08732a7da411b0d6ab662071bb98d6f30,False,False,HCC018,Roosevelt,TRT_002,Road Diet (4-to-3 Lane Conversion),OPTIMISTIC,376256.0,214247644.1983,213871388.1983,569.419874,False,UNKNOWN,DOCUMENTED_CMF_SCENARIO,11,OFFICIAL_BUDGET_SCENARIO; PROVISIONAL_PORTFOLIO_SCENARIO; ENGINEERING_REVIEW_REQUIRED
PORT_OFF_OPTIMISTIC_B15M_EQ30,OFFICIAL,OPTIMISTIC,15000000.0,0.3,adf3d4c944f582d1e0e9fc5dfc275dc08732a7da411b0d6ab662071bb98d6f30,OFFICIAL_OPTIMISTIC_adf3d4c944f582d1e0e9fc5dfc275dc08732a7da411b0d6ab662071bb98d6f30,False,False,HCC001,Devon,TRT_002,Road Diet (4-to-3 Lane Conversion),OPTIMISTIC,478752.0,205698764.7642,205220012.7642,429.656199,True,UNKNOWN,DOCUMENTED_CMF_SCENARIO,12,OFFICIAL_BUDGET_SCENARIO; PROVISIONAL_PORTFOLIO_SCENARIO; ENGINEERING_REVIEW_REQUIRED
PORT_OFF_OPTIMISTIC_B15M_EQ30,OFFICIAL,OPTIMISTIC,15000000.0,0.3,adf3d4c944f582d1e0e9fc5dfc275dc08732a7da411b0d6ab662071bb98d6f30,OFFICIAL_OPTIMISTIC_adf3d4c944f582d1e0e9fc5dfc275dc08732a7da411b0d6ab662071bb98d6f30,False,False,HCC024,Western,TRT_002,Road Diet (4-to-3 Lane Conversion),OPTIMISTIC,441440.0,195354202.9447,194912762.9447,442.538517,True,UNKNOWN,DOCUMENTED_CMF_SCENARIO,13,OFFICIAL_BUDGET_SCENARIO; PROVISIONAL_PORTFOLIO_SCENARIO; ENGINEERING_REVIEW_REQUIRED
PORT_OFF_OPTIMISTIC_B15M_EQ30,OFFICIAL,OPTIMISTIC,15000000.0,0.3,adf3d4c944f582d1e0e9fc5dfc275dc08732a7da411b0d6ab662071bb98d6f30,OFFICIAL_OPTIMISTIC_adf3d4c944f582d1e0e9fc5dfc275dc08732a7da411b0d6ab662071bb98d6f30,False,False,HCC030,87th,TRT_002,Road Diet (4-to-3 Lane Conversion),OPTIMISTIC,482528.0,186560042.9571,186077514.9571,386.630502,True,UNKNOWN,DOCUMENTED_CMF_SCENARIO,14,OFFICIAL_BUDGET_SCENARIO; PROVISIONAL_PORTFOLIO_SCENARIO; ENGINEERING_REVIEW_REQUIRED
PORT_OFF_OPTIMISTIC_B15M_EQ30,OFFICIAL,OPTIMISTIC,15000000.0,0.3,adf3d4c944f582d1e0e9fc5dfc275dc08732a7da411b0d6ab662071bb98d6f30,OFFICIAL_OPTIMISTIC_adf3d4c944f582d1e0e9fc5dfc275dc08732a7da411b0d6ab662071bb98d6f30,False,False,HCC027,Cottage Grove,TRT_002,Road Diet (4-to-3 Lane Conversion),OPTIMISTIC,484512.0,185005447.2325,184520935.2325,381.838731,True,UNKNOWN,DOCUMENTED_CMF_SCENARIO,15,OFFICIAL_BUDGET_SCENARIO; PROVISIONAL_PORTFOLIO_SCENARIO; ENGINEERING_REVIEW_REQUIRED
PORT_OFF_OPTIMISTIC_B15M_EQ30,OFFICIAL,OPTIMISTIC,15000000.0,0.3,adf3d4c944f582d1e0e9fc5dfc275dc08732a7da411b0d6ab662071bb98d6f30,OFFICIAL_OPTIMISTIC_adf3d4c944f582d1e0e9fc5dfc275dc08732a7da411b0d6ab662071bb98d6f30,False,False,HCC031,Stony Island,TRT_002,Road Diet (4-to-3 Lane Conversion),OPTIMISTIC,322912.0,184135340.4695,183812428.4695,570.233811,False,UNKNOWN,DOCUMENTED_CMF_SCENARIO,16,OFFICIAL_BUDGET_SCENARIO; PROVISIONAL_PORTFOLIO_SCENARIO; ENGINEERING_REVIEW_REQUIRED
PORT_OFF_OPTIMISTIC_B15M_EQ30,OFFICIAL,OPTIMISTIC,15000000.0,0.3,adf3d4c944f582d1e0e9fc5dfc275dc08732a7da411b0d6ab662071bb98d6f30,OFFICIAL_OPTIMISTIC_adf3d4c944f582d1e0e9fc5dfc275dc08732a7da411b0d6ab662071bb98d6f30,False,False,HCC026,Halsted,TRT_002,Road Diet (4-to-3 Lane Conversion),OPTIMISTIC,482208.0,170508755.4693,170026547.4693,353.600014,True,UNKNOWN,DOCUMENTED_CMF_SCENARIO,17,OFFICIAL_BUDGET_SCENARIO; PROVISIONAL_PORTFOLIO_SCENARIO; ENGINEERING_REVIEW_REQUIRED
PORT_OFF_OPTIMISTIC_B15M_EQ30,OFFICIAL,OPTIMISTIC,15000000.0,0.3,adf3d4c944f582d1e0e9fc5dfc275dc08732a7da411b0d6ab662071bb98d6f30,OFFICIAL_OPTIMISTIC_adf3d4c944f582d1e0e9fc5dfc275dc08732a7da411b0d6ab662071bb98d6f30,False,False,HCC011,North,TRT_002,Road Diet (4-to-3 Lane Conversion),OPTIMISTIC,326752.0,142258916.8796,141932164.8796,435.37275,True,UNKNOWN,DOCUMENTED_CMF_SCENARIO,18,OFFICIAL_BUDGET_SCENARIO; PROVISIONAL_PORTFOLIO_SCENARIO; ENGINEERING_REVIEW_REQUIRED
PORT_OFF_OPTIMISTIC_B15M_EQ30,OFFICIAL,OPTIMISTIC,15000000.0,0.3,adf3d4c944f582d1e0e9fc5dfc275dc08732a7da411b0d6ab662071bb98d6f30,OFFICIAL_OPTIMISTIC_adf3d4c944f582d1e0e9fc5dfc275dc08732a7da411b0d6ab662071bb98d6f30,False,False,HCC013,Chicago,TRT_002,Road Diet (4-to-3 Lane Conversion),OPTIMISTIC,322208.0,140875782.6617,140553574.6617,437.220003,True,UNKNOWN,DOCUMENTED_CMF_SCENARIO,19,OFFICIAL_BUDGET_SCENARIO; PROVISIONAL_PORTFOLIO_SCENARIO; ENGINEERING_REVIEW_REQUIRED
PORT_OFF_OPTIMISTIC_B15M_EQ30,OFFICIAL,OPTIMISTIC,15000000.0,0.3,adf3d4c944f582d1e0e9fc5dfc275dc08732a7da411b0d6ab662071bb98d6f30,OFFICIAL_OPTIMISTIC_adf3d4c944f582d1e0e9fc5dfc275dc08732a7da411b0d6ab662071bb98d6f30,False,False,HCC029,79th,TRT_002,Road Diet (4-to-3 Lane Conversion),OPTIMISTIC,360448.0,133166012.6571,132805564.6571,369.445836,True,UNKNOWN,DOCUMENTED_CMF_SCENARIO,20,OFFICIAL_BUDGET_SCENARIO; PROVISIONAL_PORTFOLIO_SCENARIO; ENGINEERING_REVIEW_REQUIRED
PORT_OFF_OPTIMISTIC_B15M_EQ30,OFFICIAL,OPTIMISTIC,15000000.0,0.3,adf3d4c944f582d1e0e9fc5dfc275dc08732a7da411b0d6ab662071bb98d6f30,OFFICIAL_OPTIMISTIC_adf3d4c944f582d1e0e9fc5dfc275dc08732a7da411b0d6ab662071bb98d6f30,False,False,HCC012,Chicago,TRT_002,Road Diet (4-to-3 Lane Conversion),OPTIMISTIC,323264.0,128267809.1504,127944545.1504,396.789649,True,UNKNOWN,DOCUMENTED_CMF_SCENARIO,21,OFFICIAL_BUDGET_SCENARIO; PROVISIONAL_PORTFOLIO_SCENARIO; ENGINEERING_REVIEW_REQUIRED
PORT_OFF_OPTIMISTIC_B15M_EQ30,OFFICIAL,OPTIMISTIC,15000000.0,0.3,adf3d4c944f582d1e0e9fc5dfc275dc08732a7da411b0d6ab662071bb98d6f30,OFFICIAL_OPTIMISTIC_adf3d4c944f582d1e0e9fc5dfc275dc08732a7da411b0d6ab662071bb98d6f30,False,False,HCC022,Garfield,TRT_002,Road Diet (4-to-3 Lane Conversion),OPTIMISTIC,482400.0,128137893.3653,127655493.3653,265.625815,True,UNKNOWN,DOCUMENTED_CMF_SCENARIO,22,OFFICIAL_BUDGET_SCENARIO; PROVISIONAL_PORTFOLIO_SCENARIO; ENGINEERING_REVIEW_REQUIRED
PORT_OFF_OPTIMISTIC_B15M_EQ30,OFFICIAL,OPTIMISTIC,15000000.0,0.3,adf3d4c944f582d1e0e9fc5dfc275dc08732a7da411b0d6ab662071bb98d6f30,OFFICIAL_OPTIMISTIC_adf3d4c944f582d1e0e9fc5dfc275dc08732a7da411b0d6ab662071bb98d6f30,False,False,HCC035,Ohio,TRT_002,Road Diet (4-to-3 Lane Conversion),OPTIMISTIC,277408.0,125338523.8503,125061115.8503,451.820149,False,UNKNOWN,DOCUMENTED_CMF_SCENARIO,23,OFFICIAL_BUDGET_SCENARIO; PROVISIONAL_PORTFOLIO_SCENARIO; ENGINEERING_REVIEW_REQUIRED
PORT_OFF_OPTIMISTIC_B15M_EQ30,OFFICIAL,OPTIMISTIC,15000000.0,0.3,adf3d4c944f582d1e0e9fc5dfc275dc08732a7da411b0d6ab662071bb98d6f30,OFFICIAL_OPTIMISTIC_adf3d4c944f582d1e0e9fc5dfc275dc08732a7da411b0d6ab662071bb98d6f30,False,False,HCC004,Belmont,TRT_002,Road Diet (4-to-3 Lane Conversion),OPTIMISTIC,321408.0,123015008.7665,122693600.7665,382.737856,False,UNKNOWN,DOCUMENTED_CMF_SCENARIO,24,OFFICIAL_BUDGET_SCENARIO; PROVISIONAL_PORTFOLIO_SCENARIO; ENGINEERING_REVIEW_REQUIRED
PORT_OFF_OPTIMISTIC_B15M_EQ30,OFFICIAL,OPTIMISTIC,15000000.0,0.3,adf3d4c944f582d1e0e9fc5dfc275dc08732a7da411b0d6ab662071bb98d6f30,OFFICIAL_OPTIMISTIC_adf3d4c944f582d1e0e9fc5dfc275dc08732a7da411b0d6ab662071bb98d6f30,False,False,HCC034,Ontario,TRT_002,Road Diet (4-to-3 Lane Conversion),OPTIMISTIC,277344.0,100604562.4921,100327218.4921,362.742884,False,UNKNOWN,DOCUMENTED_CMF_SCENARIO,25,OFFICIAL_BUDGET_SCENARIO; PROVISIONAL_PORTFOLIO_SCENARIO; ENGINEERING_REVIEW_REQUIRED
PORT_OFF_OPTIMISTIC_B15M_EQ30,OFFICIAL,OPTIMISTIC,15000000.0,0.3,adf3d4c944f582d1e0e9fc5dfc275dc08732a7da411b0d6ab662071bb98d6f30,OFFICIAL_OPTIMISTIC_adf3d4c944f582d1e0e9fc5dfc275dc08732a7da411b0d6ab662071bb98d6f30,False,False,HCC043,Congress,TRT_002,Road Diet (4-to-3 Lane Conversion),OPTIMISTIC,155168.0,93392711.7652,93237543.7652,601.881263,False,UNKNOWN,DOCUMENTED_CMF_SCENARIO,26,OFFICIAL_BUDGET_SCENARIO; PROVISIONAL_PORTFOLIO_SCENARIO; ENGINEERING_REVIEW_REQUIRED
PORT_OFF_OPTIMISTIC_B15M_EQ30,OFFICIAL,OPTIMISTIC,15000000.0,0.3,adf3d4c944f582d1e0e9fc5dfc275dc08732a7da411b0d6ab662071bb98d6f30,OFFICIAL_OPTIMISTIC_adf3d4c944f582d1e0e9fc5dfc275dc08732a7da411b0d6ab662071bb98d6f30,False,False,HCC003,Western,TRT_002,Road Diet (4-to-3 Lane Conversion),OPTIMISTIC,322592.0,92679785.9591,92357193.9591,287.297224,False,UNKNOWN,DOCUMENTED_CMF_SCENARIO,27,OFFICIAL_BUDGET_SCENARIO; PROVISIONAL_PORTFOLIO_SCENARIO; ENGINEERING_REVIEW_REQUIRED
PORT_OFF_OPTIMISTIC_B15M_EQ30,OFFICIAL,OPTIMISTIC,15000000.0,0.3,adf3d4c944f582d1e0e9fc5dfc275dc08732a7da411b0d6ab662071bb98d6f30,OFFICIAL_OPTIMISTIC_adf3d4c944f582d1e0e9fc5dfc275dc08732a7da411b0d6ab662071bb98d6f30,False,False,HCC040,Washington,TRT_002,Road Diet (4-to-3 Lane Conversion),OPTIMISTIC,204576.0,83267613.8539,83063037.8539,407.02533,False,UNKNOWN,DOCUMENTED_CMF_SCENARIO,28,OFFICIAL_BUDGET_SCENARIO; PROVISIONAL_PORTFOLIO_SCENARIO; ENGINEERING_REVIEW_REQUIRED
PORT_OFF_OPTIMISTIC_B15M_EQ30,OFFICIAL,OPTIMISTIC,15000000.0,0.3,adf3d4c944f582d1e0e9fc5dfc275dc08732a7da411b0d6ab662071bb98d6f30,OFFICIAL_OPTIMISTIC_adf3d4c944f582d1e0e9fc5dfc275dc08732a7da411b0d6ab662071bb98d6f30,False,False,HCC038,Fairbanks,TRT_002,Road Diet (4-to-3 Lane Conversion),OPTIMISTIC,120448.0,50364767.0629,50244319.0629,418.145316,False,UNKNOWN,DOCUMENTED_CMF_SCENARIO,29,OFFICIAL_BUDGET_SCENARIO; PROVISIONAL_PORTFOLIO_SCENARIO; ENGINEERING_REVIEW_REQUIRED
PORT_OFF_OPTIMISTIC_B15M_EQ30,OFFICIAL,OPTIMISTIC,15000000.0,0.3,adf3d4c944f582d1e0e9fc5dfc275dc08732a7da411b0d6ab662071bb98d6f30,OFFICIAL_OPTIMISTIC_adf3d4c944f582d1e0e9fc5dfc275dc08732a7da411b0d6ab662071bb98d6f30,False,False,HCC037,State,TRT_001,Pedestrian Refuge Islands & Medians,OPTIMISTIC,60000.0,45895364.2809,45835364.2809,764.922738,False,UNKNOWN,DOCUMENTED_CMF_SCENARIO,30,OFFICIAL_BUDGET_SCENARIO; PROVISIONAL_PORTFOLIO_SCENARIO; ENGINEERING_REVIEW_REQUIRED
PORT_OFF_OPTIMISTIC_B15M_EQ30,OFFICIAL,OPTIMISTIC,15000000.0,0.3,adf3d4c944f582d1e0e9fc5dfc275dc08732a7da411b0d6ab662071bb98d6f30,OFFICIAL_OPTIMISTIC_adf3d4c944f582d1e0e9fc5dfc275dc08732a7da411b0d6ab662071bb98d6f30,False,False,HCC008,Milwaukee,TRT_001,Pedestrian Refuge Islands & Medians,OPTIMISTIC,132000.0,42700812.3413,42568812.3413,323.491003,False,UNKNOWN,DOCUMENTED_CMF_SCENARIO,31,OFFICIAL_BUDGET_SCENARIO; PROVISIONAL_PORTFOLIO_SCENARIO; ENGINEERING_REVIEW_REQUIRED
PORT_OFF_OPTIMISTIC_B15M_EQ30,OFFICIAL,OPTIMISTIC,15000000.0,0.3,adf3d4c944f582d1e0e9fc5dfc275dc08732a7da411b0d6ab662071bb98d6f30,OFFICIAL_OPTIMISTIC_adf3d4c944f582d1e0e9fc5dfc275dc08732a7da411b0d6ab662071bb98d6f30,False,False,HCC005,Clark,TRT_001,Pedestrian Refuge Islands & Medians,OPTIMISTIC,120000.0,41257650.719,41137650.719,343.813756,False,UNKNOWN,DOCUMENTED_CMF_SCENARIO,32,OFFICIAL_BUDGET_SCENARIO; PROVISIONAL_PORTFOLIO_SCENARIO; ENGINEERING_REVIEW_REQUIRED
PORT_OFF_OPTIMISTIC_B15M_EQ30,OFFICIAL,OPTIMISTIC,15000000.0,0.3,adf3d4c944f582d1e0e9fc5dfc275dc08732a7da411b0d6ab662071bb98d6f30,OFFICIAL_OPTIMISTIC_adf3d4c944f582d1e0e9fc5dfc275dc08732a7da411b0d6ab662071bb98d6f30,False,False,HCC041,Randolph,TRT_002,Road Diet (4-to-3 Lane Conversion),OPTIMISTIC,107040.0,39032070.8097,38925030.8097,364.649391,False,UNKNOWN,DOCUMENTED_CMF_SCENARIO,33,OFFICIAL_BUDGET_SCENARIO; PROVISIONAL_PORTFOLIO_SCENARIO; ENGINEERING_REVIEW_REQUIRED
PORT_OFF_OPTIMISTIC_B15M_EQ30,OFFICIAL,OPTIMISTIC,15000000.0,0.3,adf3d4c944f582d1e0e9fc5dfc275dc08732a7da411b0d6ab662071bb98d6f30,OFFICIAL_OPTIMISTIC_adf3d4c944f582d1e0e9fc5dfc275dc08732a7da411b0d6ab662071bb98d6f30,False,False,HCC042,Dearborn,TRT_002,Road Diet (4-to-3 Lane Conversion),OPTIMISTIC,111040.0,38029844.2033,37918804.2033,342.48779,False,UNKNOWN,DOCUMENTED_CMF_SCENARIO,34,OFFICIAL_BUDGET_SCENARIO; PROVISIONAL_PORTFOLIO_SCENARIO; ENGINEERING_REVIEW_REQUIRED
PORT_OFF_OPTIMISTIC_B15M_EQ30,OFFICIAL,OPTIMISTIC,15000000.0,0.3,adf3d4c944f582d1e0e9fc5dfc275dc08732a7da411b0d6ab662071bb98d6f30,OFFICIAL_OPTIMISTIC_adf3d4c944f582d1e0e9fc5dfc275dc08732a7da411b0d6ab662071bb98d6f30,False,False,HCC014,Chicago,TRT_001,Pedestrian Refuge Islands & Medians,OPTIMISTIC,84000.0,37719544.3425,37635544.3425,449.042195,False,UNKNOWN,DOCUMENTED_CMF_SCENARIO,35,OFFICIAL_BUDGET_SCENARIO; PROVISIONAL_PORTFOLIO_SCENARIO; ENGINEERING_REVIEW_REQUIRED
PORT_OFF_OPTIMISTIC_B15M_EQ30,OFFICIAL,OPTIMISTIC,15000000.0,0.3,adf3d4c944f582d1e0e9fc5dfc275dc08732a7da411b0d6ab662071bb98d6f30,OFFICIAL_OPTIMISTIC_adf3d4c944f582d1e0e9fc5dfc275dc08732a7da411b0d6ab662071bb98d6f30,False,False,HCC033,Orleans,TRT_002,Road Diet (4-to-3 Lane Conversion),OPTIMISTIC,92256.0,34724038.4684,34631782.4684,376.387861,False,UNKNOWN,DOCUMENTED_CMF_SCENARIO,36,OFFICIAL_BUDGET_SCENARIO; PROVISIONAL_PORTFOLIO_SCENARIO; ENGINEERING_REVIEW_REQUIRED
PORT_OFF_OPTIMISTIC_B15M_EQ30,OFFICIAL,OPTIMISTIC,15000000.0,0.3,adf3d4c944f582d1e0e9fc5dfc275dc08732a7da411b0d6ab662071bb98d6f30,OFFICIAL_OPTIMISTIC_adf3d4c944f582d1e0e9fc5dfc275dc08732a7da411b0d6ab662071bb98d6f30,False,False,HCC010,Ashland,TRT_001,Pedestrian Refuge Islands & Medians,OPTIMISTIC,132000.0,31757383.1405,31625383.1405,240.586236,False,UNKNOWN,DOCUMENTED_CMF_SCENARIO,37,OFFICIAL_BUDGET_SCENARIO; PROVISIONAL_PORTFOLIO_SCENARIO; ENGINEERING_REVIEW_REQUIRED
PORT_OFF_OPTIMISTIC_B15M_EQ30,OFFICIAL,OPTIMISTIC,15000000.0,0.3,adf3d4c944f582d1e0e9fc5dfc275dc08732a7da411b0d6ab662071bb98d6f30,OFFICIAL_OPTIMISTIC_adf3d4c944f582d1e0e9fc5dfc275dc08732a7da411b0d6ab662071bb98d6f30,False,False,HCC019,Lake Shore Drive,TRT_001,Pedestrian Refuge Islands & Medians,OPTIMISTIC,96000.0,30228256.9073,30132256.9073,314.877676,False,UNKNOWN,DOCUMENTED_CMF_SCENARIO,38,OFFICIAL_BUDGET_SCENARIO; PROVISIONAL_PORTFOLIO_SCENARIO; ENGINEERING_REVIEW_REQUIRED
PORT_OFF_OPTIMISTIC_B15M_EQ30,OFFICIAL,OPTIMISTIC,15000000.0,0.3,adf3d4c944f582d1e0e9fc5dfc275dc08732a7da411b0d6ab662071bb98d6f30,OFFICIAL_OPTIMISTIC_adf3d4c944f582d1e0e9fc5dfc275dc08732a7da411b0d6ab662071bb98d6f30,False,False,HCC002,Broadway,TRT_001,Pedestrian Refuge Islands & Medians,OPTIMISTIC,72000.0,26977688.5733,26905688.5733,374.690119,False,UNKNOWN,DOCUMENTED_CMF_SCENARIO,39,OFFICIAL_BUDGET_SCENARIO; PROVISIONAL_PORTFOLIO_SCENARIO; ENGINEERING_REVIEW_REQUIRED
PORT_OFF_OPTIMISTIC_B15M_EQ30,OFFICIAL,OPTIMISTIC,15000000.0,0.3,adf3d4c944f582d1e0e9fc5dfc275dc08732a7da411b0d6ab662071bb98d6f30,OFFICIAL_OPTIMISTIC_adf3d4c944f582d1e0e9fc5dfc275dc08732a7da411b0d6ab662071bb98d6f30,False,False,HCC028,Ashland,TRT_001,Pedestrian Refuge Islands & Medians,OPTIMISTIC,48000.0,22397343.7248,22349343.7248,466.611328,True,UNKNOWN,DOCUMENTED_CMF_SCENARIO,40,OFFICIAL_BUDGET_SCENARIO; PROVISIONAL_PORTFOLIO_SCENARIO; ENGINEERING_REVIEW_REQUIRED
PORT_OFF_OPTIMISTIC_B15M_EQ30,OFFICIAL,OPTIMISTIC,15000000.0,0.3,adf3d4c944f582d1e0e9fc5dfc275dc08732a7da411b0d6ab662071bb98d6f30,OFFICIAL_OPTIMISTIC_adf3d4c944f582d1e0e9fc5dfc275dc08732a7da411b0d6ab662071bb98d6f30,False,False,HCC036,LaSalle,TRT_001,Pedestrian Refuge Islands & Medians,OPTIMISTIC,24000.0,7192109.199,7168109.199,299.671217,False,UNKNOWN,DOCUMENTED_CMF_SCENARIO,41,OFFICIAL_BUDGET_SCENARIO; PROVISIONAL_PORTFOLIO_SCENARIO; ENGINEERING_REVIEW_REQUIRED
PORT_OFF_OPTIMISTIC_B15M_EQ40,OFFICIAL,OPTIMISTIC,15000000.0,0.4,adf3d4c944f582d1e0e9fc5dfc275dc08732a7da411b0d6ab662071bb98d6f30,OFFICIAL_OPTIMISTIC_adf3d4c944f582d1e0e9fc5dfc275dc08732a7da411b0d6ab662071bb98d6f30,False,False,HCC006,Fullerton,TRT_002,Road Diet (4-to-3 Lane Conversion),OPTIMISTIC,1331808.0,409286444.8041,407954636.8041,307.316404,False,UNKNOWN,DOCUMENTED_CMF_SCENARIO,1,OFFICIAL_BUDGET_SCENARIO; PROVISIONAL_PORTFOLIO_SCENARIO; ENGINEERING_REVIEW_REQUIRED
PORT_OFF_OPTIMISTIC_B15M_EQ40,OFFICIAL,OPTIMISTIC,15000000.0,0.4,adf3d4c944f582d1e0e9fc5dfc275dc08732a7da411b0d6ab662071bb98d6f30,OFFICIAL_OPTIMISTIC_adf3d4c944f582d1e0e9fc5dfc275dc08732a7da411b0d6ab662071bb98d6f30,False,False,HCC017,Pulaski,TRT_002,Road Diet (4-to-3 Lane Conversion),OPTIMISTIC,806336.0,390914965.5085,390108629.5085,484.804059,True,UNKNOWN,DOCUMENTED_CMF_SCENARIO,2,OFFICIAL_BUDGET_SCENARIO; PROVISIONAL_PORTFOLIO_SCENARIO; ENGINEERING_REVIEW_REQUIRED
PORT_OFF_OPTIMISTIC_B15M_EQ40,OFFICIAL,OPTIMISTIC,15000000.0,0.4,adf3d4c944f582d1e0e9fc5dfc275dc08732a7da411b0d6ab662071bb98d6f30,OFFICIAL_OPTIMISTIC_adf3d4c944f582d1e0e9fc5dfc275dc08732a7da411b0d6ab662071bb98d6f30,False,False,HCC016,Cicero,TRT_002,Road Diet (4-to-3 Lane Conversion),OPTIMISTIC,562624.0,367491567.7291,366928943.7291,653.174354,True,UNKNOWN,DOCUMENTED_CMF_SCENARIO,3,OFFICIAL_BUDGET_SCENARIO; PROVISIONAL_PORTFOLIO_SCENARIO; ENGINEERING_REVIEW_REQUIRED
PORT_OFF_OPTIMISTIC_B15M_EQ40,OFFICIAL,OPTIMISTIC,15000000.0,0.4,adf3d4c944f582d1e0e9fc5dfc275dc08732a7da411b0d6ab662071bb98d6f30,OFFICIAL_OPTIMISTIC_adf3d4c944f582d1e0e9fc5dfc275dc08732a7da411b0d6ab662071bb98d6f30,False,False,HCC032,Michigan,TRT_002,Road Diet (4-to-3 Lane Conversion),OPTIMISTIC,738080.0,364682607.9092,363944527.9092,494.096315,False,UNKNOWN,DOCUMENTED_CMF_SCENARIO,4,OFFICIAL_BUDGET_SCENARIO; PROVISIONAL_PORTFOLIO_SCENARIO; ENGINEERING_REVIEW_REQUIRED
PORT_OFF_OPTIMISTIC_B15M_EQ40,OFFICIAL,OPTIMISTIC,15000000.0,0.4,adf3d4c944f582d1e0e9fc5dfc275dc08732a7da411b0d6ab662071bb98d6f30,OFFICIAL_OPTIMISTIC_adf3d4c944f582d1e0e9fc5dfc275dc08732a7da411b0d6ab662071bb98d6f30,False,False,HCC025,Stony Island,TRT_002,Road Diet (4-to-3 Lane Conversion),OPTIMISTIC,643552.0,331619250.7909,330975698.7909,515.295191,True,UNKNOWN,DOCUMENTED_CMF_SCENARIO,5,OFFICIAL_BUDGET_SCENARIO; PROVISIONAL_PORTFOLIO_SCENARIO; ENGINEERING_REVIEW_REQUIRED
PORT_OFF_OPTIMISTIC_B15M_EQ40,OFFICIAL,OPTIMISTIC,15000000.0,0.4,adf3d4c944f582d1e0e9fc5dfc275dc08732a7da411b0d6ab662071bb98d6f30,OFFICIAL_OPTIMISTIC_adf3d4c944f582d1e0e9fc5dfc275dc08732a7da411b0d6ab662071bb98d6f30,False,False,HCC021,Pulaski,TRT_002,Road Diet (4-to-3 Lane Conversion),OPTIMISTIC,844224.0,326712117.3851,325867893.3851,386.996955,True,UNKNOWN,DOCUMENTED_CMF_SCENARIO,6,OFFICIAL_BUDGET_SCENARIO; PROVISIONAL_PORTFOLIO_SCENARIO; ENGINEERING_REVIEW_REQUIRED
PORT_OFF_OPTIMISTIC_B15M_EQ40,OFFICIAL,OPTIMISTIC,15000000.0,0.4,adf3d4c944f582d1e0e9fc5dfc275dc08732a7da411b0d6ab662071bb98d6f30,OFFICIAL_OPTIMISTIC_adf3d4c944f582d1e0e9fc5dfc275dc08732a7da411b0d6ab662071bb98d6f30,False,False,HCC015,Lake,TRT_002,Road Diet (4-to-3 Lane Conversion),OPTIMISTIC,609952.0,308509064.483,307899112.483,505.792365,True,UNKNOWN,DOCUMENTED_CMF_SCENARIO,7,OFFICIAL_BUDGET_SCENARIO; PROVISIONAL_PORTFOLIO_SCENARIO; ENGINEERING_REVIEW_REQUIRED
PORT_OFF_OPTIMISTIC_B15M_EQ40,OFFICIAL,OPTIMISTIC,15000000.0,0.4,adf3d4c944f582d1e0e9fc5dfc275dc08732a7da411b0d6ab662071bb98d6f30,OFFICIAL_OPTIMISTIC_adf3d4c944f582d1e0e9fc5dfc275dc08732a7da411b0d6ab662071bb98d6f30,False,False,HCC023,Ashland,TRT_002,Road Diet (4-to-3 Lane Conversion),OPTIMISTIC,401920.0,238839477.9147,238437557.9147,594.246312,True,UNKNOWN,DOCUMENTED_CMF_SCENARIO,8,OFFICIAL_BUDGET_SCENARIO; PROVISIONAL_PORTFOLIO_SCENARIO; ENGINEERING_REVIEW_REQUIRED
PORT_OFF_OPTIMISTIC_B15M_EQ40,OFFICIAL,OPTIMISTIC,15000000.0,0.4,adf3d4c944f582d1e0e9fc5dfc275dc08732a7da411b0d6ab662071bb98d6f30,OFFICIAL_OPTIMISTIC_adf3d4c944f582d1e0e9fc5dfc275dc08732a7da411b0d6ab662071bb98d6f30,False,False,HCC007,Western,TRT_002,Road Diet (4-to-3 Lane Conversion),OPTIMISTIC,840448.0,227671027.646,226830579.646,270.892462,False,UNKNOWN,DOCUMENTED_CMF_SCENARIO,9,OFFICIAL_BUDGET_SCENARIO; PROVISIONAL_PORTFOLIO_SCENARIO; ENGINEERING_REVIEW_REQUIRED
PORT_OFF_OPTIMISTIC_B15M_EQ40,OFFICIAL,OPTIMISTIC,15000000.0,0.4,adf3d4c944f582d1e0e9fc5dfc275dc08732a7da411b0d6ab662071bb98d6f30,OFFICIAL_OPTIMISTIC_adf3d4c944f582d1e0e9fc5dfc275dc08732a7da411b0d6ab662071bb98d6f30,False,False,HCC039,Wacker,TRT_002,Road Diet (4-to-3 Lane Conversion),OPTIMISTIC,564160.0,219381850.6576,218817690.6576,388.864596,False,UNKNOWN,DOCUMENTED_CMF_SCENARIO,10,OFFICIAL_BUDGET_SCENARIO; PROVISIONAL_PORTFOLIO_SCENARIO; ENGINEERING_REVIEW_REQUIRED
PORT_OFF_OPTIMISTIC_B15M_EQ40,OFFICIAL,OPTIMISTIC,15000000.0,0.4,adf3d4c944f582d1e0e9fc5dfc275dc08732a7da411b0d6ab662071bb98d6f30,OFFICIAL_OPTIMISTIC_adf3d4c944f582d1e0e9fc5dfc275dc08732a7da411b0d6ab662071bb98d6f30,False,False,HCC018,Roosevelt,TRT_002,Road Diet (4-to-3 Lane Conversion),OPTIMISTIC,376256.0,214247644.1983,213871388.1983,569.419874,False,UNKNOWN,DOCUMENTED_CMF_SCENARIO,11,OFFICIAL_BUDGET_SCENARIO; PROVISIONAL_PORTFOLIO_SCENARIO; ENGINEERING_REVIEW_REQUIRED
PORT_OFF_OPTIMISTIC_B15M_EQ40,OFFICIAL,OPTIMISTIC,15000000.0,0.4,adf3d4c944f582d1e0e9fc5dfc275dc08732a7da411b0d6ab662071bb98d6f30,OFFICIAL_OPTIMISTIC_adf3d4c944f582d1e0e9fc5dfc275dc08732a7da411b0d6ab662071bb98d6f30,False,False,HCC001,Devon,TRT_002,Road Diet (4-to-3 Lane Conversion),OPTIMISTIC,478752.0,205698764.7642,205220012.7642,429.656199,True,UNKNOWN,DOCUMENTED_CMF_SCENARIO,12,OFFICIAL_BUDGET_SCENARIO; PROVISIONAL_PORTFOLIO_SCENARIO; ENGINEERING_REVIEW_REQUIRED
PORT_OFF_OPTIMISTIC_B15M_EQ40,OFFICIAL,OPTIMISTIC,15000000.0,0.4,adf3d4c944f582d1e0e9fc5dfc275dc08732a7da411b0d6ab662071bb98d6f30,OFFICIAL_OPTIMISTIC_adf3d4c944f582d1e0e9fc5dfc275dc08732a7da411b0d6ab662071bb98d6f30,False,False,HCC024,Western,TRT_002,Road Diet (4-to-3 Lane Conversion),OPTIMISTIC,441440.0,195354202.9447,194912762.9447,442.538517,True,UNKNOWN,DOCUMENTED_CMF_SCENARIO,13,OFFICIAL_BUDGET_SCENARIO; PROVISIONAL_PORTFOLIO_SCENARIO; ENGINEERING_REVIEW_REQUIRED
PORT_OFF_OPTIMISTIC_B15M_EQ40,OFFICIAL,OPTIMISTIC,15000000.0,0.4,adf3d4c944f582d1e0e9fc5dfc275dc08732a7da411b0d6ab662071bb98d6f30,OFFICIAL_OPTIMISTIC_adf3d4c944f582d1e0e9fc5dfc275dc08732a7da411b0d6ab662071bb98d6f30,False,False,HCC030,87th,TRT_002,Road Diet (4-to-3 Lane Conversion),OPTIMISTIC,482528.0,186560042.9571,186077514.9571,386.630502,True,UNKNOWN,DOCUMENTED_CMF_SCENARIO,14,OFFICIAL_BUDGET_SCENARIO; PROVISIONAL_PORTFOLIO_SCENARIO; ENGINEERING_REVIEW_REQUIRED
PORT_OFF_OPTIMISTIC_B15M_EQ40,OFFICIAL,OPTIMISTIC,15000000.0,0.4,adf3d4c944f582d1e0e9fc5dfc275dc08732a7da411b0d6ab662071bb98d6f30,OFFICIAL_OPTIMISTIC_adf3d4c944f582d1e0e9fc5dfc275dc08732a7da411b0d6ab662071bb98d6f30,False,False,HCC027,Cottage Grove,TRT_002,Road Diet (4-to-3 Lane Conversion),OPTIMISTIC,484512.0,185005447.2325,184520935.2325,381.838731,True,UNKNOWN,DOCUMENTED_CMF_SCENARIO,15,OFFICIAL_BUDGET_SCENARIO; PROVISIONAL_PORTFOLIO_SCENARIO; ENGINEERING_REVIEW_REQUIRED
PORT_OFF_OPTIMISTIC_B15M_EQ40,OFFICIAL,OPTIMISTIC,15000000.0,0.4,adf3d4c944f582d1e0e9fc5dfc275dc08732a7da411b0d6ab662071bb98d6f30,OFFICIAL_OPTIMISTIC_adf3d4c944f582d1e0e9fc5dfc275dc08732a7da411b0d6ab662071bb98d6f30,False,False,HCC031,Stony Island,TRT_002,Road Diet (4-to-3 Lane Conversion),OPTIMISTIC,322912.0,184135340.4695,183812428.4695,570.233811,False,UNKNOWN,DOCUMENTED_CMF_SCENARIO,16,OFFICIAL_BUDGET_SCENARIO; PROVISIONAL_PORTFOLIO_SCENARIO; ENGINEERING_REVIEW_REQUIRED
PORT_OFF_OPTIMISTIC_B15M_EQ40,OFFICIAL,OPTIMISTIC,15000000.0,0.4,adf3d4c944f582d1e0e9fc5dfc275dc08732a7da411b0d6ab662071bb98d6f30,OFFICIAL_OPTIMISTIC_adf3d4c944f582d1e0e9fc5dfc275dc08732a7da411b0d6ab662071bb98d6f30,False,False,HCC026,Halsted,TRT_002,Road Diet (4-to-3 Lane Conversion),OPTIMISTIC,482208.0,170508755.4693,170026547.4693,353.600014,True,UNKNOWN,DOCUMENTED_CMF_SCENARIO,17,OFFICIAL_BUDGET_SCENARIO; PROVISIONAL_PORTFOLIO_SCENARIO; ENGINEERING_REVIEW_REQUIRED
PORT_OFF_OPTIMISTIC_B15M_EQ40,OFFICIAL,OPTIMISTIC,15000000.0,0.4,adf3d4c944f582d1e0e9fc5dfc275dc08732a7da411b0d6ab662071bb98d6f30,OFFICIAL_OPTIMISTIC_adf3d4c944f582d1e0e9fc5dfc275dc08732a7da411b0d6ab662071bb98d6f30,False,False,HCC011,North,TRT_002,Road Diet (4-to-3 Lane Conversion),OPTIMISTIC,326752.0,142258916.8796,141932164.8796,435.37275,True,UNKNOWN,DOCUMENTED_CMF_SCENARIO,18,OFFICIAL_BUDGET_SCENARIO; PROVISIONAL_PORTFOLIO_SCENARIO; ENGINEERING_REVIEW_REQUIRED
PORT_OFF_OPTIMISTIC_B15M_EQ40,OFFICIAL,OPTIMISTIC,15000000.0,0.4,adf3d4c944f582d1e0e9fc5dfc275dc08732a7da411b0d6ab662071bb98d6f30,OFFICIAL_OPTIMISTIC_adf3d4c944f582d1e0e9fc5dfc275dc08732a7da411b0d6ab662071bb98d6f30,False,False,HCC013,Chicago,TRT_002,Road Diet (4-to-3 Lane Conversion),OPTIMISTIC,322208.0,140875782.6617,140553574.6617,437.220003,True,UNKNOWN,DOCUMENTED_CMF_SCENARIO,19,OFFICIAL_BUDGET_SCENARIO; PROVISIONAL_PORTFOLIO_SCENARIO; ENGINEERING_REVIEW_REQUIRED
PORT_OFF_OPTIMISTIC_B15M_EQ40,OFFICIAL,OPTIMISTIC,15000000.0,0.4,adf3d4c944f582d1e0e9fc5dfc275dc08732a7da411b0d6ab662071bb98d6f30,OFFICIAL_OPTIMISTIC_adf3d4c944f582d1e0e9fc5dfc275dc08732a7da411b0d6ab662071bb98d6f30,False,False,HCC029,79th,TRT_002,Road Diet (4-to-3 Lane Conversion),OPTIMISTIC,360448.0,133166012.6571,132805564.6571,369.445836,True,UNKNOWN,DOCUMENTED_CMF_SCENARIO,20,OFFICIAL_BUDGET_SCENARIO; PROVISIONAL_PORTFOLIO_SCENARIO; ENGINEERING_REVIEW_REQUIRED
PORT_OFF_OPTIMISTIC_B15M_EQ40,OFFICIAL,OPTIMISTIC,15000000.0,0.4,adf3d4c944f582d1e0e9fc5dfc275dc08732a7da411b0d6ab662071bb98d6f30,OFFICIAL_OPTIMISTIC_adf3d4c944f582d1e0e9fc5dfc275dc08732a7da411b0d6ab662071bb98d6f30,False,False,HCC012,Chicago,TRT_002,Road Diet (4-to-3 Lane Conversion),OPTIMISTIC,323264.0,128267809.1504,127944545.1504,396.789649,True,UNKNOWN,DOCUMENTED_CMF_SCENARIO,21,OFFICIAL_BUDGET_SCENARIO; PROVISIONAL_PORTFOLIO_SCENARIO; ENGINEERING_REVIEW_REQUIRED
PORT_OFF_OPTIMISTIC_B15M_EQ40,OFFICIAL,OPTIMISTIC,15000000.0,0.4,adf3d4c944f582d1e0e9fc5dfc275dc08732a7da411b0d6ab662071bb98d6f30,OFFICIAL_OPTIMISTIC_adf3d4c944f582d1e0e9fc5dfc275dc08732a7da411b0d6ab662071bb98d6f30,False,False,HCC022,Garfield,TRT_002,Road Diet (4-to-3 Lane Conversion),OPTIMISTIC,482400.0,128137893.3653,127655493.3653,265.625815,True,UNKNOWN,DOCUMENTED_CMF_SCENARIO,22,OFFICIAL_BUDGET_SCENARIO; PROVISIONAL_PORTFOLIO_SCENARIO; ENGINEERING_REVIEW_REQUIRED
PORT_OFF_OPTIMISTIC_B15M_EQ40,OFFICIAL,OPTIMISTIC,15000000.0,0.4,adf3d4c944f582d1e0e9fc5dfc275dc08732a7da411b0d6ab662071bb98d6f30,OFFICIAL_OPTIMISTIC_adf3d4c944f582d1e0e9fc5dfc275dc08732a7da411b0d6ab662071bb98d6f30,False,False,HCC035,Ohio,TRT_002,Road Diet (4-to-3 Lane Conversion),OPTIMISTIC,277408.0,125338523.8503,125061115.8503,451.820149,False,UNKNOWN,DOCUMENTED_CMF_SCENARIO,23,OFFICIAL_BUDGET_SCENARIO; PROVISIONAL_PORTFOLIO_SCENARIO; ENGINEERING_REVIEW_REQUIRED
PORT_OFF_OPTIMISTIC_B15M_EQ40,OFFICIAL,OPTIMISTIC,15000000.0,0.4,adf3d4c944f582d1e0e9fc5dfc275dc08732a7da411b0d6ab662071bb98d6f30,OFFICIAL_OPTIMISTIC_adf3d4c944f582d1e0e9fc5dfc275dc08732a7da411b0d6ab662071bb98d6f30,False,False,HCC004,Belmont,TRT_002,Road Diet (4-to-3 Lane Conversion),OPTIMISTIC,321408.0,123015008.7665,122693600.7665,382.737856,False,UNKNOWN,DOCUMENTED_CMF_SCENARIO,24,OFFICIAL_BUDGET_SCENARIO; PROVISIONAL_PORTFOLIO_SCENARIO; ENGINEERING_REVIEW_REQUIRED
PORT_OFF_OPTIMISTIC_B15M_EQ40,OFFICIAL,OPTIMISTIC,15000000.0,0.4,adf3d4c944f582d1e0e9fc5dfc275dc08732a7da411b0d6ab662071bb98d6f30,OFFICIAL_OPTIMISTIC_adf3d4c944f582d1e0e9fc5dfc275dc08732a7da411b0d6ab662071bb98d6f30,False,False,HCC034,Ontario,TRT_002,Road Diet (4-to-3 Lane Conversion),OPTIMISTIC,277344.0,100604562.4921,100327218.4921,362.742884,False,UNKNOWN,DOCUMENTED_CMF_SCENARIO,25,OFFICIAL_BUDGET_SCENARIO; PROVISIONAL_PORTFOLIO_SCENARIO; ENGINEERING_REVIEW_REQUIRED
PORT_OFF_OPTIMISTIC_B15M_EQ40,OFFICIAL,OPTIMISTIC,15000000.0,0.4,adf3d4c944f582d1e0e9fc5dfc275dc08732a7da411b0d6ab662071bb98d6f30,OFFICIAL_OPTIMISTIC_adf3d4c944f582d1e0e9fc5dfc275dc08732a7da411b0d6ab662071bb98d6f30,False,False,HCC043,Congress,TRT_002,Road Diet (4-to-3 Lane Conversion),OPTIMISTIC,155168.0,93392711.7652,93237543.7652,601.881263,False,UNKNOWN,DOCUMENTED_CMF_SCENARIO,26,OFFICIAL_BUDGET_SCENARIO; PROVISIONAL_PORTFOLIO_SCENARIO; ENGINEERING_REVIEW_REQUIRED
PORT_OFF_OPTIMISTIC_B15M_EQ40,OFFICIAL,OPTIMISTIC,15000000.0,0.4,adf3d4c944f582d1e0e9fc5dfc275dc08732a7da411b0d6ab662071bb98d6f30,OFFICIAL_OPTIMISTIC_adf3d4c944f582d1e0e9fc5dfc275dc08732a7da411b0d6ab662071bb98d6f30,False,False,HCC003,Western,TRT_002,Road Diet (4-to-3 Lane Conversion),OPTIMISTIC,322592.0,92679785.9591,92357193.9591,287.297224,False,UNKNOWN,DOCUMENTED_CMF_SCENARIO,27,OFFICIAL_BUDGET_SCENARIO; PROVISIONAL_PORTFOLIO_SCENARIO; ENGINEERING_REVIEW_REQUIRED
PORT_OFF_OPTIMISTIC_B15M_EQ40,OFFICIAL,OPTIMISTIC,15000000.0,0.4,adf3d4c944f582d1e0e9fc5dfc275dc08732a7da411b0d6ab662071bb98d6f30,OFFICIAL_OPTIMISTIC_adf3d4c944f582d1e0e9fc5dfc275dc08732a7da411b0d6ab662071bb98d6f30,False,False,HCC040,Washington,TRT_002,Road Diet (4-to-3 Lane Conversion),OPTIMISTIC,204576.0,83267613.8539,83063037.8539,407.02533,False,UNKNOWN,DOCUMENTED_CMF_SCENARIO,28,OFFICIAL_BUDGET_SCENARIO; PROVISIONAL_PORTFOLIO_SCENARIO; ENGINEERING_REVIEW_REQUIRED
PORT_OFF_OPTIMISTIC_B15M_EQ40,OFFICIAL,OPTIMISTIC,15000000.0,0.4,adf3d4c944f582d1e0e9fc5dfc275dc08732a7da411b0d6ab662071bb98d6f30,OFFICIAL_OPTIMISTIC_adf3d4c944f582d1e0e9fc5dfc275dc08732a7da411b0d6ab662071bb98d6f30,False,False,HCC038,Fairbanks,TRT_002,Road Diet (4-to-3 Lane Conversion),OPTIMISTIC,120448.0,50364767.0629,50244319.0629,418.145316,False,UNKNOWN,DOCUMENTED_CMF_SCENARIO,29,OFFICIAL_BUDGET_SCENARIO; PROVISIONAL_PORTFOLIO_SCENARIO; ENGINEERING_REVIEW_REQUIRED
PORT_OFF_OPTIMISTIC_B15M_EQ40,OFFICIAL,OPTIMISTIC,15000000.0,0.4,adf3d4c944f582d1e0e9fc5dfc275dc08732a7da411b0d6ab662071bb98d6f30,OFFICIAL_OPTIMISTIC_adf3d4c944f582d1e0e9fc5dfc275dc08732a7da411b0d6ab662071bb98d6f30,False,False,HCC037,State,TRT_001,Pedestrian Refuge Islands & Medians,OPTIMISTIC,60000.0,45895364.2809,45835364.2809,764.922738,False,UNKNOWN,DOCUMENTED_CMF_SCENARIO,30,OFFICIAL_BUDGET_SCENARIO; PROVISIONAL_PORTFOLIO_SCENARIO; ENGINEERING_REVIEW_REQUIRED
PORT_OFF_OPTIMISTIC_B15M_EQ40,OFFICIAL,OPTIMISTIC,15000000.0,0.4,adf3d4c944f582d1e0e9fc5dfc275dc08732a7da411b0d6ab662071bb98d6f30,OFFICIAL_OPTIMISTIC_adf3d4c944f582d1e0e9fc5dfc275dc08732a7da411b0d6ab662071bb98d6f30,False,False,HCC008,Milwaukee,TRT_001,Pedestrian Refuge Islands & Medians,OPTIMISTIC,132000.0,42700812.3413,42568812.3413,323.491003,False,UNKNOWN,DOCUMENTED_CMF_SCENARIO,31,OFFICIAL_BUDGET_SCENARIO; PROVISIONAL_PORTFOLIO_SCENARIO; ENGINEERING_REVIEW_REQUIRED
PORT_OFF_OPTIMISTIC_B15M_EQ40,OFFICIAL,OPTIMISTIC,15000000.0,0.4,adf3d4c944f582d1e0e9fc5dfc275dc08732a7da411b0d6ab662071bb98d6f30,OFFICIAL_OPTIMISTIC_adf3d4c944f582d1e0e9fc5dfc275dc08732a7da411b0d6ab662071bb98d6f30,False,False,HCC005,Clark,TRT_001,Pedestrian Refuge Islands & Medians,OPTIMISTIC,120000.0,41257650.719,41137650.719,343.813756,False,UNKNOWN,DOCUMENTED_CMF_SCENARIO,32,OFFICIAL_BUDGET_SCENARIO; PROVISIONAL_PORTFOLIO_SCENARIO; ENGINEERING_REVIEW_REQUIRED
PORT_OFF_OPTIMISTIC_B15M_EQ40,OFFICIAL,OPTIMISTIC,15000000.0,0.4,adf3d4c944f582d1e0e9fc5dfc275dc08732a7da411b0d6ab662071bb98d6f30,OFFICIAL_OPTIMISTIC_adf3d4c944f582d1e0e9fc5dfc275dc08732a7da411b0d6ab662071bb98d6f30,False,False,HCC041,Randolph,TRT_002,Road Diet (4-to-3 Lane Conversion),OPTIMISTIC,107040.0,39032070.8097,38925030.8097,364.649391,False,UNKNOWN,DOCUMENTED_CMF_SCENARIO,33,OFFICIAL_BUDGET_SCENARIO; PROVISIONAL_PORTFOLIO_SCENARIO; ENGINEERING_REVIEW_REQUIRED
PORT_OFF_OPTIMISTIC_B15M_EQ40,OFFICIAL,OPTIMISTIC,15000000.0,0.4,adf3d4c944f582d1e0e9fc5dfc275dc08732a7da411b0d6ab662071bb98d6f30,OFFICIAL_OPTIMISTIC_adf3d4c944f582d1e0e9fc5dfc275dc08732a7da411b0d6ab662071bb98d6f30,False,False,HCC042,Dearborn,TRT_002,Road Diet (4-to-3 Lane Conversion),OPTIMISTIC,111040.0,38029844.2033,37918804.2033,342.48779,False,UNKNOWN,DOCUMENTED_CMF_SCENARIO,34,OFFICIAL_BUDGET_SCENARIO; PROVISIONAL_PORTFOLIO_SCENARIO; ENGINEERING_REVIEW_REQUIRED
PORT_OFF_OPTIMISTIC_B15M_EQ40,OFFICIAL,OPTIMISTIC,15000000.0,0.4,adf3d4c944f582d1e0e9fc5dfc275dc08732a7da411b0d6ab662071bb98d6f30,OFFICIAL_OPTIMISTIC_adf3d4c944f582d1e0e9fc5dfc275dc08732a7da411b0d6ab662071bb98d6f30,False,False,HCC014,Chicago,TRT_001,Pedestrian Refuge Islands & Medians,OPTIMISTIC,84000.0,37719544.3425,37635544.3425,449.042195,False,UNKNOWN,DOCUMENTED_CMF_SCENARIO,35,OFFICIAL_BUDGET_SCENARIO; PROVISIONAL_PORTFOLIO_SCENARIO; ENGINEERING_REVIEW_REQUIRED
PORT_OFF_OPTIMISTIC_B15M_EQ40,OFFICIAL,OPTIMISTIC,15000000.0,0.4,adf3d4c944f582d1e0e9fc5dfc275dc08732a7da411b0d6ab662071bb98d6f30,OFFICIAL_OPTIMISTIC_adf3d4c944f582d1e0e9fc5dfc275dc08732a7da411b0d6ab662071bb98d6f30,False,False,HCC033,Orleans,TRT_002,Road Diet (4-to-3 Lane Conversion),OPTIMISTIC,92256.0,34724038.4684,34631782.4684,376.387861,False,UNKNOWN,DOCUMENTED_CMF_SCENARIO,36,OFFICIAL_BUDGET_SCENARIO; PROVISIONAL_PORTFOLIO_SCENARIO; ENGINEERING_REVIEW_REQUIRED
PORT_OFF_OPTIMISTIC_B15M_EQ40,OFFICIAL,OPTIMISTIC,15000000.0,0.4,adf3d4c944f582d1e0e9fc5dfc275dc08732a7da411b0d6ab662071bb98d6f30,OFFICIAL_OPTIMISTIC_adf3d4c944f582d1e0e9fc5dfc275dc08732a7da411b0d6ab662071bb98d6f30,False,False,HCC010,Ashland,TRT_001,Pedestrian Refuge Islands & Medians,OPTIMISTIC,132000.0,31757383.1405,31625383.1405,240.586236,False,UNKNOWN,DOCUMENTED_CMF_SCENARIO,37,OFFICIAL_BUDGET_SCENARIO; PROVISIONAL_PORTFOLIO_SCENARIO; ENGINEERING_REVIEW_REQUIRED
PORT_OFF_OPTIMISTIC_B15M_EQ40,OFFICIAL,OPTIMISTIC,15000000.0,0.4,adf3d4c944f582d1e0e9fc5dfc275dc08732a7da411b0d6ab662071bb98d6f30,OFFICIAL_OPTIMISTIC_adf3d4c944f582d1e0e9fc5dfc275dc08732a7da411b0d6ab662071bb98d6f30,False,False,HCC019,Lake Shore Drive,TRT_001,Pedestrian Refuge Islands & Medians,OPTIMISTIC,96000.0,30228256.9073,30132256.9073,314.877676,False,UNKNOWN,DOCUMENTED_CMF_SCENARIO,38,OFFICIAL_BUDGET_SCENARIO; PROVISIONAL_PORTFOLIO_SCENARIO; ENGINEERING_REVIEW_REQUIRED
PORT_OFF_OPTIMISTIC_B15M_EQ40,OFFICIAL,OPTIMISTIC,15000000.0,0.4,adf3d4c944f582d1e0e9fc5dfc275dc08732a7da411b0d6ab662071bb98d6f30,OFFICIAL_OPTIMISTIC_adf3d4c944f582d1e0e9fc5dfc275dc08732a7da411b0d6ab662071bb98d6f30,False,False,HCC002,Broadway,TRT_001,Pedestrian Refuge Islands & Medians,OPTIMISTIC,72000.0,26977688.5733,26905688.5733,374.690119,False,UNKNOWN,DOCUMENTED_CMF_SCENARIO,39,OFFICIAL_BUDGET_SCENARIO; PROVISIONAL_PORTFOLIO_SCENARIO; ENGINEERING_REVIEW_REQUIRED
PORT_OFF_OPTIMISTIC_B15M_EQ40,OFFICIAL,OPTIMISTIC,15000000.0,0.4,adf3d4c944f582d1e0e9fc5dfc275dc08732a7da411b0d6ab662071bb98d6f30,OFFICIAL_OPTIMISTIC_adf3d4c944f582d1e0e9fc5dfc275dc08732a7da411b0d6ab662071bb98d6f30,False,False,HCC028,Ashland,TRT_001,Pedestrian Refuge Islands & Medians,OPTIMISTIC,48000.0,22397343.7248,22349343.7248,466.611328,True,UNKNOWN,DOCUMENTED_CMF_SCENARIO,40,OFFICIAL_BUDGET_SCENARIO; PROVISIONAL_PORTFOLIO_SCENARIO; ENGINEERING_REVIEW_REQUIRED
PORT_OFF_OPTIMISTIC_B15M_EQ40,OFFICIAL,OPTIMISTIC,15000000.0,0.4,adf3d4c944f582d1e0e9fc5dfc275dc08732a7da411b0d6ab662071bb98d6f30,OFFICIAL_OPTIMISTIC_adf3d4c944f582d1e0e9fc5dfc275dc08732a7da411b0d6ab662071bb98d6f30,False,False,HCC036,LaSalle,TRT_001,Pedestrian Refuge Islands & Medians,OPTIMISTIC,24000.0,7192109.199,7168109.199,299.671217,False,UNKNOWN,DOCUMENTED_CMF_SCENARIO,41,OFFICIAL_BUDGET_SCENARIO; PROVISIONAL_PORTFOLIO_SCENARIO; ENGINEERING_REVIEW_REQUIRED
PORT_OFF_OPTIMISTIC_B25M_EQ20,OFFICIAL,OPTIMISTIC,25000000.0,0.2,b5b9ee069be3eb2712d0c56c15a8759c984feb56cbc1e7033b4d9f8446311d66,OFFICIAL_OPTIMISTIC_b5b9ee069be3eb2712d0c56c15a8759c984feb56cbc1e7033b4d9f8446311d66,False,False,HCC006,Fullerton,TRT_002,Road Diet (4-to-3 Lane Conversion),OPTIMISTIC,1331808.0,409286444.8041,407954636.8041,307.316404,False,UNKNOWN,DOCUMENTED_CMF_SCENARIO,1,OFFICIAL_BUDGET_SCENARIO; PROVISIONAL_PORTFOLIO_SCENARIO; ENGINEERING_REVIEW_REQUIRED
PORT_OFF_OPTIMISTIC_B25M_EQ20,OFFICIAL,OPTIMISTIC,25000000.0,0.2,b5b9ee069be3eb2712d0c56c15a8759c984feb56cbc1e7033b4d9f8446311d66,OFFICIAL_OPTIMISTIC_b5b9ee069be3eb2712d0c56c15a8759c984feb56cbc1e7033b4d9f8446311d66,False,False,HCC017,Pulaski,TRT_002,Road Diet (4-to-3 Lane Conversion),OPTIMISTIC,806336.0,390914965.5085,390108629.5085,484.804059,True,UNKNOWN,DOCUMENTED_CMF_SCENARIO,2,OFFICIAL_BUDGET_SCENARIO; PROVISIONAL_PORTFOLIO_SCENARIO; ENGINEERING_REVIEW_REQUIRED
PORT_OFF_OPTIMISTIC_B25M_EQ20,OFFICIAL,OPTIMISTIC,25000000.0,0.2,b5b9ee069be3eb2712d0c56c15a8759c984feb56cbc1e7033b4d9f8446311d66,OFFICIAL_OPTIMISTIC_b5b9ee069be3eb2712d0c56c15a8759c984feb56cbc1e7033b4d9f8446311d66,False,False,HCC016,Cicero,TRT_002,Road Diet (4-to-3 Lane Conversion),OPTIMISTIC,562624.0,367491567.7291,366928943.7291,653.174354,True,UNKNOWN,DOCUMENTED_CMF_SCENARIO,3,OFFICIAL_BUDGET_SCENARIO; PROVISIONAL_PORTFOLIO_SCENARIO; ENGINEERING_REVIEW_REQUIRED
PORT_OFF_OPTIMISTIC_B25M_EQ20,OFFICIAL,OPTIMISTIC,25000000.0,0.2,b5b9ee069be3eb2712d0c56c15a8759c984feb56cbc1e7033b4d9f8446311d66,OFFICIAL_OPTIMISTIC_b5b9ee069be3eb2712d0c56c15a8759c984feb56cbc1e7033b4d9f8446311d66,False,False,HCC032,Michigan,TRT_002,Road Diet (4-to-3 Lane Conversion),OPTIMISTIC,738080.0,364682607.9092,363944527.9092,494.096315,False,UNKNOWN,DOCUMENTED_CMF_SCENARIO,4,OFFICIAL_BUDGET_SCENARIO; PROVISIONAL_PORTFOLIO_SCENARIO; ENGINEERING_REVIEW_REQUIRED
PORT_OFF_OPTIMISTIC_B25M_EQ20,OFFICIAL,OPTIMISTIC,25000000.0,0.2,b5b9ee069be3eb2712d0c56c15a8759c984feb56cbc1e7033b4d9f8446311d66,OFFICIAL_OPTIMISTIC_b5b9ee069be3eb2712d0c56c15a8759c984feb56cbc1e7033b4d9f8446311d66,False,False,HCC025,Stony Island,TRT_002,Road Diet (4-to-3 Lane Conversion),OPTIMISTIC,643552.0,331619250.7909,330975698.7909,515.295191,True,UNKNOWN,DOCUMENTED_CMF_SCENARIO,5,OFFICIAL_BUDGET_SCENARIO; PROVISIONAL_PORTFOLIO_SCENARIO; ENGINEERING_REVIEW_REQUIRED
PORT_OFF_OPTIMISTIC_B25M_EQ20,OFFICIAL,OPTIMISTIC,25000000.0,0.2,b5b9ee069be3eb2712d0c56c15a8759c984feb56cbc1e7033b4d9f8446311d66,OFFICIAL_OPTIMISTIC_b5b9ee069be3eb2712d0c56c15a8759c984feb56cbc1e7033b4d9f8446311d66,False,False,HCC021,Pulaski,TRT_002,Road Diet (4-to-3 Lane Conversion),OPTIMISTIC,844224.0,326712117.3851,325867893.3851,386.996955,True,UNKNOWN,DOCUMENTED_CMF_SCENARIO,6,OFFICIAL_BUDGET_SCENARIO; PROVISIONAL_PORTFOLIO_SCENARIO; ENGINEERING_REVIEW_REQUIRED
PORT_OFF_OPTIMISTIC_B25M_EQ20,OFFICIAL,OPTIMISTIC,25000000.0,0.2,b5b9ee069be3eb2712d0c56c15a8759c984feb56cbc1e7033b4d9f8446311d66,OFFICIAL_OPTIMISTIC_b5b9ee069be3eb2712d0c56c15a8759c984feb56cbc1e7033b4d9f8446311d66,False,False,HCC015,Lake,TRT_002,Road Diet (4-to-3 Lane Conversion),OPTIMISTIC,609952.0,308509064.483,307899112.483,505.792365,True,UNKNOWN,DOCUMENTED_CMF_SCENARIO,7,OFFICIAL_BUDGET_SCENARIO; PROVISIONAL_PORTFOLIO_SCENARIO; ENGINEERING_REVIEW_REQUIRED
PORT_OFF_OPTIMISTIC_B25M_EQ20,OFFICIAL,OPTIMISTIC,25000000.0,0.2,b5b9ee069be3eb2712d0c56c15a8759c984feb56cbc1e7033b4d9f8446311d66,OFFICIAL_OPTIMISTIC_b5b9ee069be3eb2712d0c56c15a8759c984feb56cbc1e7033b4d9f8446311d66,False,False,HCC008,Milwaukee,TRT_002,Road Diet (4-to-3 Lane Conversion),OPTIMISTIC,1132928.0,288052420.6224,286919492.6224,254.254834,False,UNKNOWN,DOCUMENTED_CMF_SCENARIO,8,OFFICIAL_BUDGET_SCENARIO; PROVISIONAL_PORTFOLIO_SCENARIO; ENGINEERING_REVIEW_REQUIRED
PORT_OFF_OPTIMISTIC_B25M_EQ20,OFFICIAL,OPTIMISTIC,25000000.0,0.2,b5b9ee069be3eb2712d0c56c15a8759c984feb56cbc1e7033b4d9f8446311d66,OFFICIAL_OPTIMISTIC_b5b9ee069be3eb2712d0c56c15a8759c984feb56cbc1e7033b4d9f8446311d66,False,False,HCC010,Ashland,TRT_002,Road Diet (4-to-3 Lane Conversion),OPTIMISTIC,1080000.0,282876963.8617,281796963.8617,261.923115,False,UNKNOWN,DOCUMENTED_CMF_SCENARIO,9,OFFICIAL_BUDGET_SCENARIO; PROVISIONAL_PORTFOLIO_SCENARIO; ENGINEERING_REVIEW_REQUIRED
PORT_OFF_OPTIMISTIC_B25M_EQ20,OFFICIAL,OPTIMISTIC,25000000.0,0.2,b5b9ee069be3eb2712d0c56c15a8759c984feb56cbc1e7033b4d9f8446311d66,OFFICIAL_OPTIMISTIC_b5b9ee069be3eb2712d0c56c15a8759c984feb56cbc1e7033b4d9f8446311d66,False,False,HCC023,Ashland,TRT_002,Road Diet (4-to-3 Lane Conversion),OPTIMISTIC,401920.0,238839477.9147,238437557.9147,594.246312,True,UNKNOWN,DOCUMENTED_CMF_SCENARIO,10,OFFICIAL_BUDGET_SCENARIO; PROVISIONAL_PORTFOLIO_SCENARIO; ENGINEERING_REVIEW_REQUIRED
PORT_OFF_OPTIMISTIC_B25M_EQ20,OFFICIAL,OPTIMISTIC,25000000.0,0.2,b5b9ee069be3eb2712d0c56c15a8759c984feb56cbc1e7033b4d9f8446311d66,OFFICIAL_OPTIMISTIC_b5b9ee069be3eb2712d0c56c15a8759c984feb56cbc1e7033b4d9f8446311d66,False,False,HCC007,Western,TRT_002,Road Diet (4-to-3 Lane Conversion),OPTIMISTIC,840448.0,227671027.646,226830579.646,270.892462,False,UNKNOWN,DOCUMENTED_CMF_SCENARIO,11,OFFICIAL_BUDGET_SCENARIO; PROVISIONAL_PORTFOLIO_SCENARIO; ENGINEERING_REVIEW_REQUIRED
PORT_OFF_OPTIMISTIC_B25M_EQ20,OFFICIAL,OPTIMISTIC,25000000.0,0.2,b5b9ee069be3eb2712d0c56c15a8759c984feb56cbc1e7033b4d9f8446311d66,OFFICIAL_OPTIMISTIC_b5b9ee069be3eb2712d0c56c15a8759c984feb56cbc1e7033b4d9f8446311d66,False,False,HCC039,Wacker,TRT_002,Road Diet (4-to-3 Lane Conversion),OPTIMISTIC,564160.0,219381850.6576,218817690.6576,388.864596,False,UNKNOWN,DOCUMENTED_CMF_SCENARIO,12,OFFICIAL_BUDGET_SCENARIO; PROVISIONAL_PORTFOLIO_SCENARIO; ENGINEERING_REVIEW_REQUIRED
PORT_OFF_OPTIMISTIC_B25M_EQ20,OFFICIAL,OPTIMISTIC,25000000.0,0.2,b5b9ee069be3eb2712d0c56c15a8759c984feb56cbc1e7033b4d9f8446311d66,OFFICIAL_OPTIMISTIC_b5b9ee069be3eb2712d0c56c15a8759c984feb56cbc1e7033b4d9f8446311d66,False,False,HCC018,Roosevelt,TRT_002,Road Diet (4-to-3 Lane Conversion),OPTIMISTIC,376256.0,214247644.1983,213871388.1983,569.419874,False,UNKNOWN,DOCUMENTED_CMF_SCENARIO,13,OFFICIAL_BUDGET_SCENARIO; PROVISIONAL_PORTFOLIO_SCENARIO; ENGINEERING_REVIEW_REQUIRED
PORT_OFF_OPTIMISTIC_B25M_EQ20,OFFICIAL,OPTIMISTIC,25000000.0,0.2,b5b9ee069be3eb2712d0c56c15a8759c984feb56cbc1e7033b4d9f8446311d66,OFFICIAL_OPTIMISTIC_b5b9ee069be3eb2712d0c56c15a8759c984feb56cbc1e7033b4d9f8446311d66,False,False,HCC001,Devon,TRT_002,Road Diet (4-to-3 Lane Conversion),OPTIMISTIC,478752.0,205698764.7642,205220012.7642,429.656199,True,UNKNOWN,DOCUMENTED_CMF_SCENARIO,14,OFFICIAL_BUDGET_SCENARIO; PROVISIONAL_PORTFOLIO_SCENARIO; ENGINEERING_REVIEW_REQUIRED
PORT_OFF_OPTIMISTIC_B25M_EQ20,OFFICIAL,OPTIMISTIC,25000000.0,0.2,b5b9ee069be3eb2712d0c56c15a8759c984feb56cbc1e7033b4d9f8446311d66,OFFICIAL_OPTIMISTIC_b5b9ee069be3eb2712d0c56c15a8759c984feb56cbc1e7033b4d9f8446311d66,False,False,HCC024,Western,TRT_002,Road Diet (4-to-3 Lane Conversion),OPTIMISTIC,441440.0,195354202.9447,194912762.9447,442.538517,True,UNKNOWN,DOCUMENTED_CMF_SCENARIO,15,OFFICIAL_BUDGET_SCENARIO; PROVISIONAL_PORTFOLIO_SCENARIO; ENGINEERING_REVIEW_REQUIRED
PORT_OFF_OPTIMISTIC_B25M_EQ20,OFFICIAL,OPTIMISTIC,25000000.0,0.2,b5b9ee069be3eb2712d0c56c15a8759c984feb56cbc1e7033b4d9f8446311d66,OFFICIAL_OPTIMISTIC_b5b9ee069be3eb2712d0c56c15a8759c984feb56cbc1e7033b4d9f8446311d66,False,False,HCC014,Chicago,TRT_002,Road Diet (4-to-3 Lane Conversion),OPTIMISTIC,685472.0,189042141.4837,188356669.4837,275.7839,False,UNKNOWN,DOCUMENTED_CMF_SCENARIO,16,OFFICIAL_BUDGET_SCENARIO; PROVISIONAL_PORTFOLIO_SCENARIO; ENGINEERING_REVIEW_REQUIRED
PORT_OFF_OPTIMISTIC_B25M_EQ20,OFFICIAL,OPTIMISTIC,25000000.0,0.2,b5b9ee069be3eb2712d0c56c15a8759c984feb56cbc1e7033b4d9f8446311d66,OFFICIAL_OPTIMISTIC_b5b9ee069be3eb2712d0c56c15a8759c984feb56cbc1e7033b4d9f8446311d66,False,False,HCC030,87th,TRT_002,Road Diet (4-to-3 Lane Conversion),OPTIMISTIC,482528.0,186560042.9571,186077514.9571,386.630502,True,UNKNOWN,DOCUMENTED_CMF_SCENARIO,17,OFFICIAL_BUDGET_SCENARIO; PROVISIONAL_PORTFOLIO_SCENARIO; ENGINEERING_REVIEW_REQUIRED
PORT_OFF_OPTIMISTIC_B25M_EQ20,OFFICIAL,OPTIMISTIC,25000000.0,0.2,b5b9ee069be3eb2712d0c56c15a8759c984feb56cbc1e7033b4d9f8446311d66,OFFICIAL_OPTIMISTIC_b5b9ee069be3eb2712d0c56c15a8759c984feb56cbc1e7033b4d9f8446311d66,False,False,HCC005,Clark,TRT_002,Road Diet (4-to-3 Lane Conversion),OPTIMISTIC,1020224.0,185137724.9833,184117500.9833,181.467722,False,UNKNOWN,DOCUMENTED_CMF_SCENARIO,18,OFFICIAL_BUDGET_SCENARIO; PROVISIONAL_PORTFOLIO_SCENARIO; ENGINEERING_REVIEW_REQUIRED
PORT_OFF_OPTIMISTIC_B25M_EQ20,OFFICIAL,OPTIMISTIC,25000000.0,0.2,b5b9ee069be3eb2712d0c56c15a8759c984feb56cbc1e7033b4d9f8446311d66,OFFICIAL_OPTIMISTIC_b5b9ee069be3eb2712d0c56c15a8759c984feb56cbc1e7033b4d9f8446311d66,False,False,HCC027,Cottage Grove,TRT_002,Road Diet (4-to-3 Lane Conversion),OPTIMISTIC,484512.0,185005447.2325,184520935.2325,381.838731,True,UNKNOWN,DOCUMENTED_CMF_SCENARIO,19,OFFICIAL_BUDGET_SCENARIO; PROVISIONAL_PORTFOLIO_SCENARIO; ENGINEERING_REVIEW_REQUIRED
PORT_OFF_OPTIMISTIC_B25M_EQ20,OFFICIAL,OPTIMISTIC,25000000.0,0.2,b5b9ee069be3eb2712d0c56c15a8759c984feb56cbc1e7033b4d9f8446311d66,OFFICIAL_OPTIMISTIC_b5b9ee069be3eb2712d0c56c15a8759c984feb56cbc1e7033b4d9f8446311d66,False,False,HCC031,Stony Island,TRT_002,Road Diet (4-to-3 Lane Conversion),OPTIMISTIC,322912.0,184135340.4695,183812428.4695,570.233811,False,UNKNOWN,DOCUMENTED_CMF_SCENARIO,20,OFFICIAL_BUDGET_SCENARIO; PROVISIONAL_PORTFOLIO_SCENARIO; ENGINEERING_REVIEW_REQUIRED
PORT_OFF_OPTIMISTIC_B25M_EQ20,OFFICIAL,OPTIMISTIC,25000000.0,0.2,b5b9ee069be3eb2712d0c56c15a8759c984feb56cbc1e7033b4d9f8446311d66,OFFICIAL_OPTIMISTIC_b5b9ee069be3eb2712d0c56c15a8759c984feb56cbc1e7033b4d9f8446311d66,False,False,HCC026,Halsted,TRT_002,Road Diet (4-to-3 Lane Conversion),OPTIMISTIC,482208.0,170508755.4693,170026547.4693,353.600014,True,UNKNOWN,DOCUMENTED_CMF_SCENARIO,21,OFFICIAL_BUDGET_SCENARIO; PROVISIONAL_PORTFOLIO_SCENARIO; ENGINEERING_REVIEW_REQUIRED
PORT_OFF_OPTIMISTIC_B25M_EQ20,OFFICIAL,OPTIMISTIC,25000000.0,0.2,b5b9ee069be3eb2712d0c56c15a8759c984feb56cbc1e7033b4d9f8446311d66,OFFICIAL_OPTIMISTIC_b5b9ee069be3eb2712d0c56c15a8759c984feb56cbc1e7033b4d9f8446311d66,False,False,HCC009,Damen,TRT_002,Road Diet (4-to-3 Lane Conversion),OPTIMISTIC,664672.0,169988817.3992,169324145.3992,255.748425,False,UNKNOWN,DOCUMENTED_CMF_SCENARIO,22,OFFICIAL_BUDGET_SCENARIO; PROVISIONAL_PORTFOLIO_SCENARIO; ENGINEERING_REVIEW_REQUIRED
PORT_OFF_OPTIMISTIC_B25M_EQ20,OFFICIAL,OPTIMISTIC,25000000.0,0.2,b5b9ee069be3eb2712d0c56c15a8759c984feb56cbc1e7033b4d9f8446311d66,OFFICIAL_OPTIMISTIC_b5b9ee069be3eb2712d0c56c15a8759c984feb56cbc1e7033b4d9f8446311d66,False,False,HCC020,Western Ave/Blvd,TRT_002,Road Diet (4-to-3 Lane Conversion),OPTIMISTIC,782816.0,155132566.1552,154349750.1552,198.172452,True,UNKNOWN,DOCUMENTED_CMF_SCENARIO,23,OFFICIAL_BUDGET_SCENARIO; PROVISIONAL_PORTFOLIO_SCENARIO; ENGINEERING_REVIEW_REQUIRED
PORT_OFF_OPTIMISTIC_B25M_EQ20,OFFICIAL,OPTIMISTIC,25000000.0,0.2,b5b9ee069be3eb2712d0c56c15a8759c984feb56cbc1e7033b4d9f8446311d66,OFFICIAL_OPTIMISTIC_b5b9ee069be3eb2712d0c56c15a8759c984feb56cbc1e7033b4d9f8446311d66,False,False,HCC011,North,TRT_002,Road Diet (4-to-3 Lane Conversion),OPTIMISTIC,326752.0,142258916.8796,141932164.8796,435.37275,True,UNKNOWN,DOCUMENTED_CMF_SCENARIO,24,OFFICIAL_BUDGET_SCENARIO; PROVISIONAL_PORTFOLIO_SCENARIO; ENGINEERING_REVIEW_REQUIRED
PORT_OFF_OPTIMISTIC_B25M_EQ20,OFFICIAL,OPTIMISTIC,25000000.0,0.2,b5b9ee069be3eb2712d0c56c15a8759c984feb56cbc1e7033b4d9f8446311d66,OFFICIAL_OPTIMISTIC_b5b9ee069be3eb2712d0c56c15a8759c984feb56cbc1e7033b4d9f8446311d66,False,False,HCC013,Chicago,TRT_002,Road Diet (4-to-3 Lane Conversion),OPTIMISTIC,322208.0,140875782.6617,140553574.6617,437.220003,True,UNKNOWN,DOCUMENTED_CMF_SCENARIO,25,OFFICIAL_BUDGET_SCENARIO; PROVISIONAL_PORTFOLIO_SCENARIO; ENGINEERING_REVIEW_REQUIRED
PORT_OFF_OPTIMISTIC_B25M_EQ20,OFFICIAL,OPTIMISTIC,25000000.0,0.2,b5b9ee069be3eb2712d0c56c15a8759c984feb56cbc1e7033b4d9f8446311d66,OFFICIAL_OPTIMISTIC_b5b9ee069be3eb2712d0c56c15a8759c984feb56cbc1e7033b4d9f8446311d66,False,False,HCC037,State,TRT_002,Road Diet (4-to-3 Lane Conversion),OPTIMISTIC,489024.0,139203606.9978,138714582.9978,284.655982,False,UNKNOWN,DOCUMENTED_CMF_SCENARIO,26,OFFICIAL_BUDGET_SCENARIO; PROVISIONAL_PORTFOLIO_SCENARIO; ENGINEERING_REVIEW_REQUIRED
PORT_OFF_OPTIMISTIC_B25M_EQ20,OFFICIAL,OPTIMISTIC,25000000.0,0.2,b5b9ee069be3eb2712d0c56c15a8759c984feb56cbc1e7033b4d9f8446311d66,OFFICIAL_OPTIMISTIC_b5b9ee069be3eb2712d0c56c15a8759c984feb56cbc1e7033b4d9f8446311d66,False,False,HCC029,79th,TRT_002,Road Diet (4-to-3 Lane Conversion),OPTIMISTIC,360448.0,133166012.6571,132805564.6571,369.445836,True,UNKNOWN,DOCUMENTED_CMF_SCENARIO,27,OFFICIAL_BUDGET_SCENARIO; PROVISIONAL_PORTFOLIO_SCENARIO; ENGINEERING_REVIEW_REQUIRED
PORT_OFF_OPTIMISTIC_B25M_EQ20,OFFICIAL,OPTIMISTIC,25000000.0,0.2,b5b9ee069be3eb2712d0c56c15a8759c984feb56cbc1e7033b4d9f8446311d66,OFFICIAL_OPTIMISTIC_b5b9ee069be3eb2712d0c56c15a8759c984feb56cbc1e7033b4d9f8446311d66,False,False,HCC012,Chicago,TRT_002,Road Diet (4-to-3 Lane Conversion),OPTIMISTIC,323264.0,128267809.1504,127944545.1504,396.789649,True,UNKNOWN,DOCUMENTED_CMF_SCENARIO,28,OFFICIAL_BUDGET_SCENARIO; PROVISIONAL_PORTFOLIO_SCENARIO; ENGINEERING_REVIEW_REQUIRED
PORT_OFF_OPTIMISTIC_B25M_EQ20,OFFICIAL,OPTIMISTIC,25000000.0,0.2,b5b9ee069be3eb2712d0c56c15a8759c984feb56cbc1e7033b4d9f8446311d66,OFFICIAL_OPTIMISTIC_b5b9ee069be3eb2712d0c56c15a8759c984feb56cbc1e7033b4d9f8446311d66,False,False,HCC022,Garfield,TRT_002,Road Diet (4-to-3 Lane Conversion),OPTIMISTIC,482400.0,128137893.3653,127655493.3653,265.625815,True,UNKNOWN,DOCUMENTED_CMF_SCENARIO,29,OFFICIAL_BUDGET_SCENARIO; PROVISIONAL_PORTFOLIO_SCENARIO; ENGINEERING_REVIEW_REQUIRED
PORT_OFF_OPTIMISTIC_B25M_EQ20,OFFICIAL,OPTIMISTIC,25000000.0,0.2,b5b9ee069be3eb2712d0c56c15a8759c984feb56cbc1e7033b4d9f8446311d66,OFFICIAL_OPTIMISTIC_b5b9ee069be3eb2712d0c56c15a8759c984feb56cbc1e7033b4d9f8446311d66,False,False,HCC035,Ohio,TRT_002,Road Diet (4-to-3 Lane Conversion),OPTIMISTIC,277408.0,125338523.8503,125061115.8503,451.820149,False,UNKNOWN,DOCUMENTED_CMF_SCENARIO,30,OFFICIAL_BUDGET_SCENARIO; PROVISIONAL_PORTFOLIO_SCENARIO; ENGINEERING_REVIEW_REQUIRED
PORT_OFF_OPTIMISTIC_B25M_EQ20,OFFICIAL,OPTIMISTIC,25000000.0,0.2,b5b9ee069be3eb2712d0c56c15a8759c984feb56cbc1e7033b4d9f8446311d66,OFFICIAL_OPTIMISTIC_b5b9ee069be3eb2712d0c56c15a8759c984feb56cbc1e7033b4d9f8446311d66,False,False,HCC002,Broadway,TRT_002,Road Diet (4-to-3 Lane Conversion),OPTIMISTIC,592192.0,125166108.4991,124573916.4991,211.360688,False,UNKNOWN,DOCUMENTED_CMF_SCENARIO,31,OFFICIAL_BUDGET_SCENARIO; PROVISIONAL_PORTFOLIO_SCENARIO; ENGINEERING_REVIEW_REQUIRED
PORT_OFF_OPTIMISTIC_B25M_EQ20,OFFICIAL,OPTIMISTIC,25000000.0,0.2,b5b9ee069be3eb2712d0c56c15a8759c984feb56cbc1e7033b4d9f8446311d66,OFFICIAL_OPTIMISTIC_b5b9ee069be3eb2712d0c56c15a8759c984feb56cbc1e7033b4d9f8446311d66,False,False,HCC004,Belmont,TRT_002,Road Diet (4-to-3 Lane Conversion),OPTIMISTIC,321408.0,123015008.7665,122693600.7665,382.737856,False,UNKNOWN,DOCUMENTED_CMF_SCENARIO,32,OFFICIAL_BUDGET_SCENARIO; PROVISIONAL_PORTFOLIO_SCENARIO; ENGINEERING_REVIEW_REQUIRED
PORT_OFF_OPTIMISTIC_B25M_EQ20,OFFICIAL,OPTIMISTIC,25000000.0,0.2,b5b9ee069be3eb2712d0c56c15a8759c984feb56cbc1e7033b4d9f8446311d66,OFFICIAL_OPTIMISTIC_b5b9ee069be3eb2712d0c56c15a8759c984feb56cbc1e7033b4d9f8446311d66,False,False,HCC034,Ontario,TRT_002,Road Diet (4-to-3 Lane Conversion),OPTIMISTIC,277344.0,100604562.4921,100327218.4921,362.742884,False,UNKNOWN,DOCUMENTED_CMF_SCENARIO,33,OFFICIAL_BUDGET_SCENARIO; PROVISIONAL_PORTFOLIO_SCENARIO; ENGINEERING_REVIEW_REQUIRED
PORT_OFF_OPTIMISTIC_B25M_EQ20,OFFICIAL,OPTIMISTIC,25000000.0,0.2,b5b9ee069be3eb2712d0c56c15a8759c984feb56cbc1e7033b4d9f8446311d66,OFFICIAL_OPTIMISTIC_b5b9ee069be3eb2712d0c56c15a8759c984feb56cbc1e7033b4d9f8446311d66,False,False,HCC043,Congress,TRT_002,Road Diet (4-to-3 Lane Conversion),OPTIMISTIC,155168.0,93392711.7652,93237543.7652,601.881263,False,UNKNOWN,DOCUMENTED_CMF_SCENARIO,34,OFFICIAL_BUDGET_SCENARIO; PROVISIONAL_PORTFOLIO_SCENARIO; ENGINEERING_REVIEW_REQUIRED
PORT_OFF_OPTIMISTIC_B25M_EQ20,OFFICIAL,OPTIMISTIC,25000000.0,0.2,b5b9ee069be3eb2712d0c56c15a8759c984feb56cbc1e7033b4d9f8446311d66,OFFICIAL_OPTIMISTIC_b5b9ee069be3eb2712d0c56c15a8759c984feb56cbc1e7033b4d9f8446311d66,False,False,HCC003,Western,TRT_002,Road Diet (4-to-3 Lane Conversion),OPTIMISTIC,322592.0,92679785.9591,92357193.9591,287.297224,False,UNKNOWN,DOCUMENTED_CMF_SCENARIO,35,OFFICIAL_BUDGET_SCENARIO; PROVISIONAL_PORTFOLIO_SCENARIO; ENGINEERING_REVIEW_REQUIRED
PORT_OFF_OPTIMISTIC_B25M_EQ20,OFFICIAL,OPTIMISTIC,25000000.0,0.2,b5b9ee069be3eb2712d0c56c15a8759c984feb56cbc1e7033b4d9f8446311d66,OFFICIAL_OPTIMISTIC_b5b9ee069be3eb2712d0c56c15a8759c984feb56cbc1e7033b4d9f8446311d66,False,False,HCC028,Ashland,TRT_002,Road Diet (4-to-3 Lane Conversion),OPTIMISTIC,361920.0,91203981.8137,90842061.8137,252.000392,True,UNKNOWN,DOCUMENTED_CMF_SCENARIO,36,OFFICIAL_BUDGET_SCENARIO; PROVISIONAL_PORTFOLIO_SCENARIO; ENGINEERING_REVIEW_REQUIRED
PORT_OFF_OPTIMISTIC_B25M_EQ20,OFFICIAL,OPTIMISTIC,25000000.0,0.2,b5b9ee069be3eb2712d0c56c15a8759c984feb56cbc1e7033b4d9f8446311d66,OFFICIAL_OPTIMISTIC_b5b9ee069be3eb2712d0c56c15a8759c984feb56cbc1e7033b4d9f8446311d66,False,False,HCC040,Washington,TRT_002,Road Diet (4-to-3 Lane Conversion),OPTIMISTIC,204576.0,83267613.8539,83063037.8539,407.02533,False,UNKNOWN,DOCUMENTED_CMF_SCENARIO,37,OFFICIAL_BUDGET_SCENARIO; PROVISIONAL_PORTFOLIO_SCENARIO; ENGINEERING_REVIEW_REQUIRED
PORT_OFF_OPTIMISTIC_B25M_EQ20,OFFICIAL,OPTIMISTIC,25000000.0,0.2,b5b9ee069be3eb2712d0c56c15a8759c984feb56cbc1e7033b4d9f8446311d66,OFFICIAL_OPTIMISTIC_b5b9ee069be3eb2712d0c56c15a8759c984feb56cbc1e7033b4d9f8446311d66,False,False,HCC038,Fairbanks,TRT_002,Road Diet (4-to-3 Lane Conversion),OPTIMISTIC,120448.0,50364767.0629,50244319.0629,418.145316,False,UNKNOWN,DOCUMENTED_CMF_SCENARIO,38,OFFICIAL_BUDGET_SCENARIO; PROVISIONAL_PORTFOLIO_SCENARIO; ENGINEERING_REVIEW_REQUIRED
PORT_OFF_OPTIMISTIC_B25M_EQ20,OFFICIAL,OPTIMISTIC,25000000.0,0.2,b5b9ee069be3eb2712d0c56c15a8759c984feb56cbc1e7033b4d9f8446311d66,OFFICIAL_OPTIMISTIC_b5b9ee069be3eb2712d0c56c15a8759c984feb56cbc1e7033b4d9f8446311d66,False,False,HCC041,Randolph,TRT_002,Road Diet (4-to-3 Lane Conversion),OPTIMISTIC,107040.0,39032070.8097,38925030.8097,364.649391,False,UNKNOWN,DOCUMENTED_CMF_SCENARIO,39,OFFICIAL_BUDGET_SCENARIO; PROVISIONAL_PORTFOLIO_SCENARIO; ENGINEERING_REVIEW_REQUIRED
PORT_OFF_OPTIMISTIC_B25M_EQ20,OFFICIAL,OPTIMISTIC,25000000.0,0.2,b5b9ee069be3eb2712d0c56c15a8759c984feb56cbc1e7033b4d9f8446311d66,OFFICIAL_OPTIMISTIC_b5b9ee069be3eb2712d0c56c15a8759c984feb56cbc1e7033b4d9f8446311d66,False,False,HCC042,Dearborn,TRT_002,Road Diet (4-to-3 Lane Conversion),OPTIMISTIC,111040.0,38029844.2033,37918804.2033,342.48779,False,UNKNOWN,DOCUMENTED_CMF_SCENARIO,40,OFFICIAL_BUDGET_SCENARIO; PROVISIONAL_PORTFOLIO_SCENARIO; ENGINEERING_REVIEW_REQUIRED
PORT_OFF_OPTIMISTIC_B25M_EQ20,OFFICIAL,OPTIMISTIC,25000000.0,0.2,b5b9ee069be3eb2712d0c56c15a8759c984feb56cbc1e7033b4d9f8446311d66,OFFICIAL_OPTIMISTIC_b5b9ee069be3eb2712d0c56c15a8759c984feb56cbc1e7033b4d9f8446311d66,False,False,HCC033,Orleans,TRT_002,Road Diet (4-to-3 Lane Conversion),OPTIMISTIC,92256.0,34724038.4684,34631782.4684,376.387861,False,UNKNOWN,DOCUMENTED_CMF_SCENARIO,41,OFFICIAL_BUDGET_SCENARIO; PROVISIONAL_PORTFOLIO_SCENARIO; ENGINEERING_REVIEW_REQUIRED
PORT_OFF_OPTIMISTIC_B25M_EQ20,OFFICIAL,OPTIMISTIC,25000000.0,0.2,b5b9ee069be3eb2712d0c56c15a8759c984feb56cbc1e7033b4d9f8446311d66,OFFICIAL_OPTIMISTIC_b5b9ee069be3eb2712d0c56c15a8759c984feb56cbc1e7033b4d9f8446311d66,False,False,HCC036,LaSalle,TRT_002,Road Diet (4-to-3 Lane Conversion),OPTIMISTIC,138720.0,32032127.3185,31893407.3185,230.912106,False,UNKNOWN,DOCUMENTED_CMF_SCENARIO,42,OFFICIAL_BUDGET_SCENARIO; PROVISIONAL_PORTFOLIO_SCENARIO; ENGINEERING_REVIEW_REQUIRED
PORT_OFF_OPTIMISTIC_B25M_EQ20,OFFICIAL,OPTIMISTIC,25000000.0,0.2,b5b9ee069be3eb2712d0c56c15a8759c984feb56cbc1e7033b4d9f8446311d66,OFFICIAL_OPTIMISTIC_b5b9ee069be3eb2712d0c56c15a8759c984feb56cbc1e7033b4d9f8446311d66,False,False,HCC019,Lake Shore Drive,TRT_001,Pedestrian Refuge Islands & Medians,OPTIMISTIC,96000.0,30228256.9073,30132256.9073,314.877676,False,UNKNOWN,DOCUMENTED_CMF_SCENARIO,43,OFFICIAL_BUDGET_SCENARIO; PROVISIONAL_PORTFOLIO_SCENARIO; ENGINEERING_REVIEW_REQUIRED
PORT_OFF_OPTIMISTIC_B25M_EQ30,OFFICIAL,OPTIMISTIC,25000000.0,0.3,b5b9ee069be3eb2712d0c56c15a8759c984feb56cbc1e7033b4d9f8446311d66,OFFICIAL_OPTIMISTIC_b5b9ee069be3eb2712d0c56c15a8759c984feb56cbc1e7033b4d9f8446311d66,False,False,HCC006,Fullerton,TRT_002,Road Diet (4-to-3 Lane Conversion),OPTIMISTIC,1331808.0,409286444.8041,407954636.8041,307.316404,False,UNKNOWN,DOCUMENTED_CMF_SCENARIO,1,OFFICIAL_BUDGET_SCENARIO; PROVISIONAL_PORTFOLIO_SCENARIO; ENGINEERING_REVIEW_REQUIRED
PORT_OFF_OPTIMISTIC_B25M_EQ30,OFFICIAL,OPTIMISTIC,25000000.0,0.3,b5b9ee069be3eb2712d0c56c15a8759c984feb56cbc1e7033b4d9f8446311d66,OFFICIAL_OPTIMISTIC_b5b9ee069be3eb2712d0c56c15a8759c984feb56cbc1e7033b4d9f8446311d66,False,False,HCC017,Pulaski,TRT_002,Road Diet (4-to-3 Lane Conversion),OPTIMISTIC,806336.0,390914965.5085,390108629.5085,484.804059,True,UNKNOWN,DOCUMENTED_CMF_SCENARIO,2,OFFICIAL_BUDGET_SCENARIO; PROVISIONAL_PORTFOLIO_SCENARIO; ENGINEERING_REVIEW_REQUIRED
PORT_OFF_OPTIMISTIC_B25M_EQ30,OFFICIAL,OPTIMISTIC,25000000.0,0.3,b5b9ee069be3eb2712d0c56c15a8759c984feb56cbc1e7033b4d9f8446311d66,OFFICIAL_OPTIMISTIC_b5b9ee069be3eb2712d0c56c15a8759c984feb56cbc1e7033b4d9f8446311d66,False,False,HCC016,Cicero,TRT_002,Road Diet (4-to-3 Lane Conversion),OPTIMISTIC,562624.0,367491567.7291,366928943.7291,653.174354,True,UNKNOWN,DOCUMENTED_CMF_SCENARIO,3,OFFICIAL_BUDGET_SCENARIO; PROVISIONAL_PORTFOLIO_SCENARIO; ENGINEERING_REVIEW_REQUIRED
PORT_OFF_OPTIMISTIC_B25M_EQ30,OFFICIAL,OPTIMISTIC,25000000.0,0.3,b5b9ee069be3eb2712d0c56c15a8759c984feb56cbc1e7033b4d9f8446311d66,OFFICIAL_OPTIMISTIC_b5b9ee069be3eb2712d0c56c15a8759c984feb56cbc1e7033b4d9f8446311d66,False,False,HCC032,Michigan,TRT_002,Road Diet (4-to-3 Lane Conversion),OPTIMISTIC,738080.0,364682607.9092,363944527.9092,494.096315,False,UNKNOWN,DOCUMENTED_CMF_SCENARIO,4,OFFICIAL_BUDGET_SCENARIO; PROVISIONAL_PORTFOLIO_SCENARIO; ENGINEERING_REVIEW_REQUIRED
PORT_OFF_OPTIMISTIC_B25M_EQ30,OFFICIAL,OPTIMISTIC,25000000.0,0.3,b5b9ee069be3eb2712d0c56c15a8759c984feb56cbc1e7033b4d9f8446311d66,OFFICIAL_OPTIMISTIC_b5b9ee069be3eb2712d0c56c15a8759c984feb56cbc1e7033b4d9f8446311d66,False,False,HCC025,Stony Island,TRT_002,Road Diet (4-to-3 Lane Conversion),OPTIMISTIC,643552.0,331619250.7909,330975698.7909,515.295191,True,UNKNOWN,DOCUMENTED_CMF_SCENARIO,5,OFFICIAL_BUDGET_SCENARIO; PROVISIONAL_PORTFOLIO_SCENARIO; ENGINEERING_REVIEW_REQUIRED
PORT_OFF_OPTIMISTIC_B25M_EQ30,OFFICIAL,OPTIMISTIC,25000000.0,0.3,b5b9ee069be3eb2712d0c56c15a8759c984feb56cbc1e7033b4d9f8446311d66,OFFICIAL_OPTIMISTIC_b5b9ee069be3eb2712d0c56c15a8759c984feb56cbc1e7033b4d9f8446311d66,False,False,HCC021,Pulaski,TRT_002,Road Diet (4-to-3 Lane Conversion),OPTIMISTIC,844224.0,326712117.3851,325867893.3851,386.996955,True,UNKNOWN,DOCUMENTED_CMF_SCENARIO,6,OFFICIAL_BUDGET_SCENARIO; PROVISIONAL_PORTFOLIO_SCENARIO; ENGINEERING_REVIEW_REQUIRED
PORT_OFF_OPTIMISTIC_B25M_EQ30,OFFICIAL,OPTIMISTIC,25000000.0,0.3,b5b9ee069be3eb2712d0c56c15a8759c984feb56cbc1e7033b4d9f8446311d66,OFFICIAL_OPTIMISTIC_b5b9ee069be3eb2712d0c56c15a8759c984feb56cbc1e7033b4d9f8446311d66,False,False,HCC015,Lake,TRT_002,Road Diet (4-to-3 Lane Conversion),OPTIMISTIC,609952.0,308509064.483,307899112.483,505.792365,True,UNKNOWN,DOCUMENTED_CMF_SCENARIO,7,OFFICIAL_BUDGET_SCENARIO; PROVISIONAL_PORTFOLIO_SCENARIO; ENGINEERING_REVIEW_REQUIRED
PORT_OFF_OPTIMISTIC_B25M_EQ30,OFFICIAL,OPTIMISTIC,25000000.0,0.3,b5b9ee069be3eb2712d0c56c15a8759c984feb56cbc1e7033b4d9f8446311d66,OFFICIAL_OPTIMISTIC_b5b9ee069be3eb2712d0c56c15a8759c984feb56cbc1e7033b4d9f8446311d66,False,False,HCC008,Milwaukee,TRT_002,Road Diet (4-to-3 Lane Conversion),OPTIMISTIC,1132928.0,288052420.6224,286919492.6224,254.254834,False,UNKNOWN,DOCUMENTED_CMF_SCENARIO,8,OFFICIAL_BUDGET_SCENARIO; PROVISIONAL_PORTFOLIO_SCENARIO; ENGINEERING_REVIEW_REQUIRED
PORT_OFF_OPTIMISTIC_B25M_EQ30,OFFICIAL,OPTIMISTIC,25000000.0,0.3,b5b9ee069be3eb2712d0c56c15a8759c984feb56cbc1e7033b4d9f8446311d66,OFFICIAL_OPTIMISTIC_b5b9ee069be3eb2712d0c56c15a8759c984feb56cbc1e7033b4d9f8446311d66,False,False,HCC010,Ashland,TRT_002,Road Diet (4-to-3 Lane Conversion),OPTIMISTIC,1080000.0,282876963.8617,281796963.8617,261.923115,False,UNKNOWN,DOCUMENTED_CMF_SCENARIO,9,OFFICIAL_BUDGET_SCENARIO; PROVISIONAL_PORTFOLIO_SCENARIO; ENGINEERING_REVIEW_REQUIRED
PORT_OFF_OPTIMISTIC_B25M_EQ30,OFFICIAL,OPTIMISTIC,25000000.0,0.3,b5b9ee069be3eb2712d0c56c15a8759c984feb56cbc1e7033b4d9f8446311d66,OFFICIAL_OPTIMISTIC_b5b9ee069be3eb2712d0c56c15a8759c984feb56cbc1e7033b4d9f8446311d66,False,False,HCC023,Ashland,TRT_002,Road Diet (4-to-3 Lane Conversion),OPTIMISTIC,401920.0,238839477.9147,238437557.9147,594.246312,True,UNKNOWN,DOCUMENTED_CMF_SCENARIO,10,OFFICIAL_BUDGET_SCENARIO; PROVISIONAL_PORTFOLIO_SCENARIO; ENGINEERING_REVIEW_REQUIRED
PORT_OFF_OPTIMISTIC_B25M_EQ30,OFFICIAL,OPTIMISTIC,25000000.0,0.3,b5b9ee069be3eb2712d0c56c15a8759c984feb56cbc1e7033b4d9f8446311d66,OFFICIAL_OPTIMISTIC_b5b9ee069be3eb2712d0c56c15a8759c984feb56cbc1e7033b4d9f8446311d66,False,False,HCC007,Western,TRT_002,Road Diet (4-to-3 Lane Conversion),OPTIMISTIC,840448.0,227671027.646,226830579.646,270.892462,False,UNKNOWN,DOCUMENTED_CMF_SCENARIO,11,OFFICIAL_BUDGET_SCENARIO; PROVISIONAL_PORTFOLIO_SCENARIO; ENGINEERING_REVIEW_REQUIRED
PORT_OFF_OPTIMISTIC_B25M_EQ30,OFFICIAL,OPTIMISTIC,25000000.0,0.3,b5b9ee069be3eb2712d0c56c15a8759c984feb56cbc1e7033b4d9f8446311d66,OFFICIAL_OPTIMISTIC_b5b9ee069be3eb2712d0c56c15a8759c984feb56cbc1e7033b4d9f8446311d66,False,False,HCC039,Wacker,TRT_002,Road Diet (4-to-3 Lane Conversion),OPTIMISTIC,564160.0,219381850.6576,218817690.6576,388.864596,False,UNKNOWN,DOCUMENTED_CMF_SCENARIO,12,OFFICIAL_BUDGET_SCENARIO; PROVISIONAL_PORTFOLIO_SCENARIO; ENGINEERING_REVIEW_REQUIRED
PORT_OFF_OPTIMISTIC_B25M_EQ30,OFFICIAL,OPTIMISTIC,25000000.0,0.3,b5b9ee069be3eb2712d0c56c15a8759c984feb56cbc1e7033b4d9f8446311d66,OFFICIAL_OPTIMISTIC_b5b9ee069be3eb2712d0c56c15a8759c984feb56cbc1e7033b4d9f8446311d66,False,False,HCC018,Roosevelt,TRT_002,Road Diet (4-to-3 Lane Conversion),OPTIMISTIC,376256.0,214247644.1983,213871388.1983,569.419874,False,UNKNOWN,DOCUMENTED_CMF_SCENARIO,13,OFFICIAL_BUDGET_SCENARIO; PROVISIONAL_PORTFOLIO_SCENARIO; ENGINEERING_REVIEW_REQUIRED
PORT_OFF_OPTIMISTIC_B25M_EQ30,OFFICIAL,OPTIMISTIC,25000000.0,0.3,b5b9ee069be3eb2712d0c56c15a8759c984feb56cbc1e7033b4d9f8446311d66,OFFICIAL_OPTIMISTIC_b5b9ee069be3eb2712d0c56c15a8759c984feb56cbc1e7033b4d9f8446311d66,False,False,HCC001,Devon,TRT_002,Road Diet (4-to-3 Lane Conversion),OPTIMISTIC,478752.0,205698764.7642,205220012.7642,429.656199,True,UNKNOWN,DOCUMENTED_CMF_SCENARIO,14,OFFICIAL_BUDGET_SCENARIO; PROVISIONAL_PORTFOLIO_SCENARIO; ENGINEERING_REVIEW_REQUIRED
PORT_OFF_OPTIMISTIC_B25M_EQ30,OFFICIAL,OPTIMISTIC,25000000.0,0.3,b5b9ee069be3eb2712d0c56c15a8759c984feb56cbc1e7033b4d9f8446311d66,OFFICIAL_OPTIMISTIC_b5b9ee069be3eb2712d0c56c15a8759c984feb56cbc1e7033b4d9f8446311d66,False,False,HCC024,Western,TRT_002,Road Diet (4-to-3 Lane Conversion),OPTIMISTIC,441440.0,195354202.9447,194912762.9447,442.538517,True,UNKNOWN,DOCUMENTED_CMF_SCENARIO,15,OFFICIAL_BUDGET_SCENARIO; PROVISIONAL_PORTFOLIO_SCENARIO; ENGINEERING_REVIEW_REQUIRED
PORT_OFF_OPTIMISTIC_B25M_EQ30,OFFICIAL,OPTIMISTIC,25000000.0,0.3,b5b9ee069be3eb2712d0c56c15a8759c984feb56cbc1e7033b4d9f8446311d66,OFFICIAL_OPTIMISTIC_b5b9ee069be3eb2712d0c56c15a8759c984feb56cbc1e7033b4d9f8446311d66,False,False,HCC014,Chicago,TRT_002,Road Diet (4-to-3 Lane Conversion),OPTIMISTIC,685472.0,189042141.4837,188356669.4837,275.7839,False,UNKNOWN,DOCUMENTED_CMF_SCENARIO,16,OFFICIAL_BUDGET_SCENARIO; PROVISIONAL_PORTFOLIO_SCENARIO; ENGINEERING_REVIEW_REQUIRED
PORT_OFF_OPTIMISTIC_B25M_EQ30,OFFICIAL,OPTIMISTIC,25000000.0,0.3,b5b9ee069be3eb2712d0c56c15a8759c984feb56cbc1e7033b4d9f8446311d66,OFFICIAL_OPTIMISTIC_b5b9ee069be3eb2712d0c56c15a8759c984feb56cbc1e7033b4d9f8446311d66,False,False,HCC030,87th,TRT_002,Road Diet (4-to-3 Lane Conversion),OPTIMISTIC,482528.0,186560042.9571,186077514.9571,386.630502,True,UNKNOWN,DOCUMENTED_CMF_SCENARIO,17,OFFICIAL_BUDGET_SCENARIO; PROVISIONAL_PORTFOLIO_SCENARIO; ENGINEERING_REVIEW_REQUIRED
PORT_OFF_OPTIMISTIC_B25M_EQ30,OFFICIAL,OPTIMISTIC,25000000.0,0.3,b5b9ee069be3eb2712d0c56c15a8759c984feb56cbc1e7033b4d9f8446311d66,OFFICIAL_OPTIMISTIC_b5b9ee069be3eb2712d0c56c15a8759c984feb56cbc1e7033b4d9f8446311d66,False,False,HCC005,Clark,TRT_002,Road Diet (4-to-3 Lane Conversion),OPTIMISTIC,1020224.0,185137724.9833,184117500.9833,181.467722,False,UNKNOWN,DOCUMENTED_CMF_SCENARIO,18,OFFICIAL_BUDGET_SCENARIO; PROVISIONAL_PORTFOLIO_SCENARIO; ENGINEERING_REVIEW_REQUIRED
PORT_OFF_OPTIMISTIC_B25M_EQ30,OFFICIAL,OPTIMISTIC,25000000.0,0.3,b5b9ee069be3eb2712d0c56c15a8759c984feb56cbc1e7033b4d9f8446311d66,OFFICIAL_OPTIMISTIC_b5b9ee069be3eb2712d0c56c15a8759c984feb56cbc1e7033b4d9f8446311d66,False,False,HCC027,Cottage Grove,TRT_002,Road Diet (4-to-3 Lane Conversion),OPTIMISTIC,484512.0,185005447.2325,184520935.2325,381.838731,True,UNKNOWN,DOCUMENTED_CMF_SCENARIO,19,OFFICIAL_BUDGET_SCENARIO; PROVISIONAL_PORTFOLIO_SCENARIO; ENGINEERING_REVIEW_REQUIRED
PORT_OFF_OPTIMISTIC_B25M_EQ30,OFFICIAL,OPTIMISTIC,25000000.0,0.3,b5b9ee069be3eb2712d0c56c15a8759c984feb56cbc1e7033b4d9f8446311d66,OFFICIAL_OPTIMISTIC_b5b9ee069be3eb2712d0c56c15a8759c984feb56cbc1e7033b4d9f8446311d66,False,False,HCC031,Stony Island,TRT_002,Road Diet (4-to-3 Lane Conversion),OPTIMISTIC,322912.0,184135340.4695,183812428.4695,570.233811,False,UNKNOWN,DOCUMENTED_CMF_SCENARIO,20,OFFICIAL_BUDGET_SCENARIO; PROVISIONAL_PORTFOLIO_SCENARIO; ENGINEERING_REVIEW_REQUIRED
PORT_OFF_OPTIMISTIC_B25M_EQ30,OFFICIAL,OPTIMISTIC,25000000.0,0.3,b5b9ee069be3eb2712d0c56c15a8759c984feb56cbc1e7033b4d9f8446311d66,OFFICIAL_OPTIMISTIC_b5b9ee069be3eb2712d0c56c15a8759c984feb56cbc1e7033b4d9f8446311d66,False,False,HCC026,Halsted,TRT_002,Road Diet (4-to-3 Lane Conversion),OPTIMISTIC,482208.0,170508755.4693,170026547.4693,353.600014,True,UNKNOWN,DOCUMENTED_CMF_SCENARIO,21,OFFICIAL_BUDGET_SCENARIO; PROVISIONAL_PORTFOLIO_SCENARIO; ENGINEERING_REVIEW_REQUIRED
PORT_OFF_OPTIMISTIC_B25M_EQ30,OFFICIAL,OPTIMISTIC,25000000.0,0.3,b5b9ee069be3eb2712d0c56c15a8759c984feb56cbc1e7033b4d9f8446311d66,OFFICIAL_OPTIMISTIC_b5b9ee069be3eb2712d0c56c15a8759c984feb56cbc1e7033b4d9f8446311d66,False,False,HCC009,Damen,TRT_002,Road Diet (4-to-3 Lane Conversion),OPTIMISTIC,664672.0,169988817.3992,169324145.3992,255.748425,False,UNKNOWN,DOCUMENTED_CMF_SCENARIO,22,OFFICIAL_BUDGET_SCENARIO; PROVISIONAL_PORTFOLIO_SCENARIO; ENGINEERING_REVIEW_REQUIRED
PORT_OFF_OPTIMISTIC_B25M_EQ30,OFFICIAL,OPTIMISTIC,25000000.0,0.3,b5b9ee069be3eb2712d0c56c15a8759c984feb56cbc1e7033b4d9f8446311d66,OFFICIAL_OPTIMISTIC_b5b9ee069be3eb2712d0c56c15a8759c984feb56cbc1e7033b4d9f8446311d66,False,False,HCC020,Western Ave/Blvd,TRT_002,Road Diet (4-to-3 Lane Conversion),OPTIMISTIC,782816.0,155132566.1552,154349750.1552,198.172452,True,UNKNOWN,DOCUMENTED_CMF_SCENARIO,23,OFFICIAL_BUDGET_SCENARIO; PROVISIONAL_PORTFOLIO_SCENARIO; ENGINEERING_REVIEW_REQUIRED
PORT_OFF_OPTIMISTIC_B25M_EQ30,OFFICIAL,OPTIMISTIC,25000000.0,0.3,b5b9ee069be3eb2712d0c56c15a8759c984feb56cbc1e7033b4d9f8446311d66,OFFICIAL_OPTIMISTIC_b5b9ee069be3eb2712d0c56c15a8759c984feb56cbc1e7033b4d9f8446311d66,False,False,HCC011,North,TRT_002,Road Diet (4-to-3 Lane Conversion),OPTIMISTIC,326752.0,142258916.8796,141932164.8796,435.37275,True,UNKNOWN,DOCUMENTED_CMF_SCENARIO,24,OFFICIAL_BUDGET_SCENARIO; PROVISIONAL_PORTFOLIO_SCENARIO; ENGINEERING_REVIEW_REQUIRED
PORT_OFF_OPTIMISTIC_B25M_EQ30,OFFICIAL,OPTIMISTIC,25000000.0,0.3,b5b9ee069be3eb2712d0c56c15a8759c984feb56cbc1e7033b4d9f8446311d66,OFFICIAL_OPTIMISTIC_b5b9ee069be3eb2712d0c56c15a8759c984feb56cbc1e7033b4d9f8446311d66,False,False,HCC013,Chicago,TRT_002,Road Diet (4-to-3 Lane Conversion),OPTIMISTIC,322208.0,140875782.6617,140553574.6617,437.220003,True,UNKNOWN,DOCUMENTED_CMF_SCENARIO,25,OFFICIAL_BUDGET_SCENARIO; PROVISIONAL_PORTFOLIO_SCENARIO; ENGINEERING_REVIEW_REQUIRED
PORT_OFF_OPTIMISTIC_B25M_EQ30,OFFICIAL,OPTIMISTIC,25000000.0,0.3,b5b9ee069be3eb2712d0c56c15a8759c984feb56cbc1e7033b4d9f8446311d66,OFFICIAL_OPTIMISTIC_b5b9ee069be3eb2712d0c56c15a8759c984feb56cbc1e7033b4d9f8446311d66,False,False,HCC037,State,TRT_002,Road Diet (4-to-3 Lane Conversion),OPTIMISTIC,489024.0,139203606.9978,138714582.9978,284.655982,False,UNKNOWN,DOCUMENTED_CMF_SCENARIO,26,OFFICIAL_BUDGET_SCENARIO; PROVISIONAL_PORTFOLIO_SCENARIO; ENGINEERING_REVIEW_REQUIRED
PORT_OFF_OPTIMISTIC_B25M_EQ30,OFFICIAL,OPTIMISTIC,25000000.0,0.3,b5b9ee069be3eb2712d0c56c15a8759c984feb56cbc1e7033b4d9f8446311d66,OFFICIAL_OPTIMISTIC_b5b9ee069be3eb2712d0c56c15a8759c984feb56cbc1e7033b4d9f8446311d66,False,False,HCC029,79th,TRT_002,Road Diet (4-to-3 Lane Conversion),OPTIMISTIC,360448.0,133166012.6571,132805564.6571,369.445836,True,UNKNOWN,DOCUMENTED_CMF_SCENARIO,27,OFFICIAL_BUDGET_SCENARIO; PROVISIONAL_PORTFOLIO_SCENARIO; ENGINEERING_REVIEW_REQUIRED
PORT_OFF_OPTIMISTIC_B25M_EQ30,OFFICIAL,OPTIMISTIC,25000000.0,0.3,b5b9ee069be3eb2712d0c56c15a8759c984feb56cbc1e7033b4d9f8446311d66,OFFICIAL_OPTIMISTIC_b5b9ee069be3eb2712d0c56c15a8759c984feb56cbc1e7033b4d9f8446311d66,False,False,HCC012,Chicago,TRT_002,Road Diet (4-to-3 Lane Conversion),OPTIMISTIC,323264.0,128267809.1504,127944545.1504,396.789649,True,UNKNOWN,DOCUMENTED_CMF_SCENARIO,28,OFFICIAL_BUDGET_SCENARIO; PROVISIONAL_PORTFOLIO_SCENARIO; ENGINEERING_REVIEW_REQUIRED
PORT_OFF_OPTIMISTIC_B25M_EQ30,OFFICIAL,OPTIMISTIC,25000000.0,0.3,b5b9ee069be3eb2712d0c56c15a8759c984feb56cbc1e7033b4d9f8446311d66,OFFICIAL_OPTIMISTIC_b5b9ee069be3eb2712d0c56c15a8759c984feb56cbc1e7033b4d9f8446311d66,False,False,HCC022,Garfield,TRT_002,Road Diet (4-to-3 Lane Conversion),OPTIMISTIC,482400.0,128137893.3653,127655493.3653,265.625815,True,UNKNOWN,DOCUMENTED_CMF_SCENARIO,29,OFFICIAL_BUDGET_SCENARIO; PROVISIONAL_PORTFOLIO_SCENARIO; ENGINEERING_REVIEW_REQUIRED
PORT_OFF_OPTIMISTIC_B25M_EQ30,OFFICIAL,OPTIMISTIC,25000000.0,0.3,b5b9ee069be3eb2712d0c56c15a8759c984feb56cbc1e7033b4d9f8446311d66,OFFICIAL_OPTIMISTIC_b5b9ee069be3eb2712d0c56c15a8759c984feb56cbc1e7033b4d9f8446311d66,False,False,HCC035,Ohio,TRT_002,Road Diet (4-to-3 Lane Conversion),OPTIMISTIC,277408.0,125338523.8503,125061115.8503,451.820149,False,UNKNOWN,DOCUMENTED_CMF_SCENARIO,30,OFFICIAL_BUDGET_SCENARIO; PROVISIONAL_PORTFOLIO_SCENARIO; ENGINEERING_REVIEW_REQUIRED
PORT_OFF_OPTIMISTIC_B25M_EQ30,OFFICIAL,OPTIMISTIC,25000000.0,0.3,b5b9ee069be3eb2712d0c56c15a8759c984feb56cbc1e7033b4d9f8446311d66,OFFICIAL_OPTIMISTIC_b5b9ee069be3eb2712d0c56c15a8759c984feb56cbc1e7033b4d9f8446311d66,False,False,HCC002,Broadway,TRT_002,Road Diet (4-to-3 Lane Conversion),OPTIMISTIC,592192.0,125166108.4991,124573916.4991,211.360688,False,UNKNOWN,DOCUMENTED_CMF_SCENARIO,31,OFFICIAL_BUDGET_SCENARIO; PROVISIONAL_PORTFOLIO_SCENARIO; ENGINEERING_REVIEW_REQUIRED
PORT_OFF_OPTIMISTIC_B25M_EQ30,OFFICIAL,OPTIMISTIC,25000000.0,0.3,b5b9ee069be3eb2712d0c56c15a8759c984feb56cbc1e7033b4d9f8446311d66,OFFICIAL_OPTIMISTIC_b5b9ee069be3eb2712d0c56c15a8759c984feb56cbc1e7033b4d9f8446311d66,False,False,HCC004,Belmont,TRT_002,Road Diet (4-to-3 Lane Conversion),OPTIMISTIC,321408.0,123015008.7665,122693600.7665,382.737856,False,UNKNOWN,DOCUMENTED_CMF_SCENARIO,32,OFFICIAL_BUDGET_SCENARIO; PROVISIONAL_PORTFOLIO_SCENARIO; ENGINEERING_REVIEW_REQUIRED
PORT_OFF_OPTIMISTIC_B25M_EQ30,OFFICIAL,OPTIMISTIC,25000000.0,0.3,b5b9ee069be3eb2712d0c56c15a8759c984feb56cbc1e7033b4d9f8446311d66,OFFICIAL_OPTIMISTIC_b5b9ee069be3eb2712d0c56c15a8759c984feb56cbc1e7033b4d9f8446311d66,False,False,HCC034,Ontario,TRT_002,Road Diet (4-to-3 Lane Conversion),OPTIMISTIC,277344.0,100604562.4921,100327218.4921,362.742884,False,UNKNOWN,DOCUMENTED_CMF_SCENARIO,33,OFFICIAL_BUDGET_SCENARIO; PROVISIONAL_PORTFOLIO_SCENARIO; ENGINEERING_REVIEW_REQUIRED
PORT_OFF_OPTIMISTIC_B25M_EQ30,OFFICIAL,OPTIMISTIC,25000000.0,0.3,b5b9ee069be3eb2712d0c56c15a8759c984feb56cbc1e7033b4d9f8446311d66,OFFICIAL_OPTIMISTIC_b5b9ee069be3eb2712d0c56c15a8759c984feb56cbc1e7033b4d9f8446311d66,False,False,HCC043,Congress,TRT_002,Road Diet (4-to-3 Lane Conversion),OPTIMISTIC,155168.0,93392711.7652,93237543.7652,601.881263,False,UNKNOWN,DOCUMENTED_CMF_SCENARIO,34,OFFICIAL_BUDGET_SCENARIO; PROVISIONAL_PORTFOLIO_SCENARIO; ENGINEERING_REVIEW_REQUIRED
PORT_OFF_OPTIMISTIC_B25M_EQ30,OFFICIAL,OPTIMISTIC,25000000.0,0.3,b5b9ee069be3eb2712d0c56c15a8759c984feb56cbc1e7033b4d9f8446311d66,OFFICIAL_OPTIMISTIC_b5b9ee069be3eb2712d0c56c15a8759c984feb56cbc1e7033b4d9f8446311d66,False,False,HCC003,Western,TRT_002,Road Diet (4-to-3 Lane Conversion),OPTIMISTIC,322592.0,92679785.9591,92357193.9591,287.297224,False,UNKNOWN,DOCUMENTED_CMF_SCENARIO,35,OFFICIAL_BUDGET_SCENARIO; PROVISIONAL_PORTFOLIO_SCENARIO; ENGINEERING_REVIEW_REQUIRED
PORT_OFF_OPTIMISTIC_B25M_EQ30,OFFICIAL,OPTIMISTIC,25000000.0,0.3,b5b9ee069be3eb2712d0c56c15a8759c984feb56cbc1e7033b4d9f8446311d66,OFFICIAL_OPTIMISTIC_b5b9ee069be3eb2712d0c56c15a8759c984feb56cbc1e7033b4d9f8446311d66,False,False,HCC028,Ashland,TRT_002,Road Diet (4-to-3 Lane Conversion),OPTIMISTIC,361920.0,91203981.8137,90842061.8137,252.000392,True,UNKNOWN,DOCUMENTED_CMF_SCENARIO,36,OFFICIAL_BUDGET_SCENARIO; PROVISIONAL_PORTFOLIO_SCENARIO; ENGINEERING_REVIEW_REQUIRED
PORT_OFF_OPTIMISTIC_B25M_EQ30,OFFICIAL,OPTIMISTIC,25000000.0,0.3,b5b9ee069be3eb2712d0c56c15a8759c984feb56cbc1e7033b4d9f8446311d66,OFFICIAL_OPTIMISTIC_b5b9ee069be3eb2712d0c56c15a8759c984feb56cbc1e7033b4d9f8446311d66,False,False,HCC040,Washington,TRT_002,Road Diet (4-to-3 Lane Conversion),OPTIMISTIC,204576.0,83267613.8539,83063037.8539,407.02533,False,UNKNOWN,DOCUMENTED_CMF_SCENARIO,37,OFFICIAL_BUDGET_SCENARIO; PROVISIONAL_PORTFOLIO_SCENARIO; ENGINEERING_REVIEW_REQUIRED
PORT_OFF_OPTIMISTIC_B25M_EQ30,OFFICIAL,OPTIMISTIC,25000000.0,0.3,b5b9ee069be3eb2712d0c56c15a8759c984feb56cbc1e7033b4d9f8446311d66,OFFICIAL_OPTIMISTIC_b5b9ee069be3eb2712d0c56c15a8759c984feb56cbc1e7033b4d9f8446311d66,False,False,HCC038,Fairbanks,TRT_002,Road Diet (4-to-3 Lane Conversion),OPTIMISTIC,120448.0,50364767.0629,50244319.0629,418.145316,False,UNKNOWN,DOCUMENTED_CMF_SCENARIO,38,OFFICIAL_BUDGET_SCENARIO; PROVISIONAL_PORTFOLIO_SCENARIO; ENGINEERING_REVIEW_REQUIRED
PORT_OFF_OPTIMISTIC_B25M_EQ30,OFFICIAL,OPTIMISTIC,25000000.0,0.3,b5b9ee069be3eb2712d0c56c15a8759c984feb56cbc1e7033b4d9f8446311d66,OFFICIAL_OPTIMISTIC_b5b9ee069be3eb2712d0c56c15a8759c984feb56cbc1e7033b4d9f8446311d66,False,False,HCC041,Randolph,TRT_002,Road Diet (4-to-3 Lane Conversion),OPTIMISTIC,107040.0,39032070.8097,38925030.8097,364.649391,False,UNKNOWN,DOCUMENTED_CMF_SCENARIO,39,OFFICIAL_BUDGET_SCENARIO; PROVISIONAL_PORTFOLIO_SCENARIO; ENGINEERING_REVIEW_REQUIRED
PORT_OFF_OPTIMISTIC_B25M_EQ30,OFFICIAL,OPTIMISTIC,25000000.0,0.3,b5b9ee069be3eb2712d0c56c15a8759c984feb56cbc1e7033b4d9f8446311d66,OFFICIAL_OPTIMISTIC_b5b9ee069be3eb2712d0c56c15a8759c984feb56cbc1e7033b4d9f8446311d66,False,False,HCC042,Dearborn,TRT_002,Road Diet (4-to-3 Lane Conversion),OPTIMISTIC,111040.0,38029844.2033,37918804.2033,342.48779,False,UNKNOWN,DOCUMENTED_CMF_SCENARIO,40,OFFICIAL_BUDGET_SCENARIO; PROVISIONAL_PORTFOLIO_SCENARIO; ENGINEERING_REVIEW_REQUIRED
PORT_OFF_OPTIMISTIC_B25M_EQ30,OFFICIAL,OPTIMISTIC,25000000.0,0.3,b5b9ee069be3eb2712d0c56c15a8759c984feb56cbc1e7033b4d9f8446311d66,OFFICIAL_OPTIMISTIC_b5b9ee069be3eb2712d0c56c15a8759c984feb56cbc1e7033b4d9f8446311d66,False,False,HCC033,Orleans,TRT_002,Road Diet (4-to-3 Lane Conversion),OPTIMISTIC,92256.0,34724038.4684,34631782.4684,376.387861,False,UNKNOWN,DOCUMENTED_CMF_SCENARIO,41,OFFICIAL_BUDGET_SCENARIO; PROVISIONAL_PORTFOLIO_SCENARIO; ENGINEERING_REVIEW_REQUIRED
PORT_OFF_OPTIMISTIC_B25M_EQ30,OFFICIAL,OPTIMISTIC,25000000.0,0.3,b5b9ee069be3eb2712d0c56c15a8759c984feb56cbc1e7033b4d9f8446311d66,OFFICIAL_OPTIMISTIC_b5b9ee069be3eb2712d0c56c15a8759c984feb56cbc1e7033b4d9f8446311d66,False,False,HCC036,LaSalle,TRT_002,Road Diet (4-to-3 Lane Conversion),OPTIMISTIC,138720.0,32032127.3185,31893407.3185,230.912106,False,UNKNOWN,DOCUMENTED_CMF_SCENARIO,42,OFFICIAL_BUDGET_SCENARIO; PROVISIONAL_PORTFOLIO_SCENARIO; ENGINEERING_REVIEW_REQUIRED
PORT_OFF_OPTIMISTIC_B25M_EQ30,OFFICIAL,OPTIMISTIC,25000000.0,0.3,b5b9ee069be3eb2712d0c56c15a8759c984feb56cbc1e7033b4d9f8446311d66,OFFICIAL_OPTIMISTIC_b5b9ee069be3eb2712d0c56c15a8759c984feb56cbc1e7033b4d9f8446311d66,False,False,HCC019,Lake Shore Drive,TRT_001,Pedestrian Refuge Islands & Medians,OPTIMISTIC,96000.0,30228256.9073,30132256.9073,314.877676,False,UNKNOWN,DOCUMENTED_CMF_SCENARIO,43,OFFICIAL_BUDGET_SCENARIO; PROVISIONAL_PORTFOLIO_SCENARIO; ENGINEERING_REVIEW_REQUIRED
PORT_OFF_OPTIMISTIC_B25M_EQ40,OFFICIAL,OPTIMISTIC,25000000.0,0.4,b5b9ee069be3eb2712d0c56c15a8759c984feb56cbc1e7033b4d9f8446311d66,OFFICIAL_OPTIMISTIC_b5b9ee069be3eb2712d0c56c15a8759c984feb56cbc1e7033b4d9f8446311d66,False,False,HCC006,Fullerton,TRT_002,Road Diet (4-to-3 Lane Conversion),OPTIMISTIC,1331808.0,409286444.8041,407954636.8041,307.316404,False,UNKNOWN,DOCUMENTED_CMF_SCENARIO,1,OFFICIAL_BUDGET_SCENARIO; PROVISIONAL_PORTFOLIO_SCENARIO; ENGINEERING_REVIEW_REQUIRED
PORT_OFF_OPTIMISTIC_B25M_EQ40,OFFICIAL,OPTIMISTIC,25000000.0,0.4,b5b9ee069be3eb2712d0c56c15a8759c984feb56cbc1e7033b4d9f8446311d66,OFFICIAL_OPTIMISTIC_b5b9ee069be3eb2712d0c56c15a8759c984feb56cbc1e7033b4d9f8446311d66,False,False,HCC017,Pulaski,TRT_002,Road Diet (4-to-3 Lane Conversion),OPTIMISTIC,806336.0,390914965.5085,390108629.5085,484.804059,True,UNKNOWN,DOCUMENTED_CMF_SCENARIO,2,OFFICIAL_BUDGET_SCENARIO; PROVISIONAL_PORTFOLIO_SCENARIO; ENGINEERING_REVIEW_REQUIRED
PORT_OFF_OPTIMISTIC_B25M_EQ40,OFFICIAL,OPTIMISTIC,25000000.0,0.4,b5b9ee069be3eb2712d0c56c15a8759c984feb56cbc1e7033b4d9f8446311d66,OFFICIAL_OPTIMISTIC_b5b9ee069be3eb2712d0c56c15a8759c984feb56cbc1e7033b4d9f8446311d66,False,False,HCC016,Cicero,TRT_002,Road Diet (4-to-3 Lane Conversion),OPTIMISTIC,562624.0,367491567.7291,366928943.7291,653.174354,True,UNKNOWN,DOCUMENTED_CMF_SCENARIO,3,OFFICIAL_BUDGET_SCENARIO; PROVISIONAL_PORTFOLIO_SCENARIO; ENGINEERING_REVIEW_REQUIRED
PORT_OFF_OPTIMISTIC_B25M_EQ40,OFFICIAL,OPTIMISTIC,25000000.0,0.4,b5b9ee069be3eb2712d0c56c15a8759c984feb56cbc1e7033b4d9f8446311d66,OFFICIAL_OPTIMISTIC_b5b9ee069be3eb2712d0c56c15a8759c984feb56cbc1e7033b4d9f8446311d66,False,False,HCC032,Michigan,TRT_002,Road Diet (4-to-3 Lane Conversion),OPTIMISTIC,738080.0,364682607.9092,363944527.9092,494.096315,False,UNKNOWN,DOCUMENTED_CMF_SCENARIO,4,OFFICIAL_BUDGET_SCENARIO; PROVISIONAL_PORTFOLIO_SCENARIO; ENGINEERING_REVIEW_REQUIRED
PORT_OFF_OPTIMISTIC_B25M_EQ40,OFFICIAL,OPTIMISTIC,25000000.0,0.4,b5b9ee069be3eb2712d0c56c15a8759c984feb56cbc1e7033b4d9f8446311d66,OFFICIAL_OPTIMISTIC_b5b9ee069be3eb2712d0c56c15a8759c984feb56cbc1e7033b4d9f8446311d66,False,False,HCC025,Stony Island,TRT_002,Road Diet (4-to-3 Lane Conversion),OPTIMISTIC,643552.0,331619250.7909,330975698.7909,515.295191,True,UNKNOWN,DOCUMENTED_CMF_SCENARIO,5,OFFICIAL_BUDGET_SCENARIO; PROVISIONAL_PORTFOLIO_SCENARIO; ENGINEERING_REVIEW_REQUIRED
PORT_OFF_OPTIMISTIC_B25M_EQ40,OFFICIAL,OPTIMISTIC,25000000.0,0.4,b5b9ee069be3eb2712d0c56c15a8759c984feb56cbc1e7033b4d9f8446311d66,OFFICIAL_OPTIMISTIC_b5b9ee069be3eb2712d0c56c15a8759c984feb56cbc1e7033b4d9f8446311d66,False,False,HCC021,Pulaski,TRT_002,Road Diet (4-to-3 Lane Conversion),OPTIMISTIC,844224.0,326712117.3851,325867893.3851,386.996955,True,UNKNOWN,DOCUMENTED_CMF_SCENARIO,6,OFFICIAL_BUDGET_SCENARIO; PROVISIONAL_PORTFOLIO_SCENARIO; ENGINEERING_REVIEW_REQUIRED
PORT_OFF_OPTIMISTIC_B25M_EQ40,OFFICIAL,OPTIMISTIC,25000000.0,0.4,b5b9ee069be3eb2712d0c56c15a8759c984feb56cbc1e7033b4d9f8446311d66,OFFICIAL_OPTIMISTIC_b5b9ee069be3eb2712d0c56c15a8759c984feb56cbc1e7033b4d9f8446311d66,False,False,HCC015,Lake,TRT_002,Road Diet (4-to-3 Lane Conversion),OPTIMISTIC,609952.0,308509064.483,307899112.483,505.792365,True,UNKNOWN,DOCUMENTED_CMF_SCENARIO,7,OFFICIAL_BUDGET_SCENARIO; PROVISIONAL_PORTFOLIO_SCENARIO; ENGINEERING_REVIEW_REQUIRED
PORT_OFF_OPTIMISTIC_B25M_EQ40,OFFICIAL,OPTIMISTIC,25000000.0,0.4,b5b9ee069be3eb2712d0c56c15a8759c984feb56cbc1e7033b4d9f8446311d66,OFFICIAL_OPTIMISTIC_b5b9ee069be3eb2712d0c56c15a8759c984feb56cbc1e7033b4d9f8446311d66,False,False,HCC008,Milwaukee,TRT_002,Road Diet (4-to-3 Lane Conversion),OPTIMISTIC,1132928.0,288052420.6224,286919492.6224,254.254834,False,UNKNOWN,DOCUMENTED_CMF_SCENARIO,8,OFFICIAL_BUDGET_SCENARIO; PROVISIONAL_PORTFOLIO_SCENARIO; ENGINEERING_REVIEW_REQUIRED
PORT_OFF_OPTIMISTIC_B25M_EQ40,OFFICIAL,OPTIMISTIC,25000000.0,0.4,b5b9ee069be3eb2712d0c56c15a8759c984feb56cbc1e7033b4d9f8446311d66,OFFICIAL_OPTIMISTIC_b5b9ee069be3eb2712d0c56c15a8759c984feb56cbc1e7033b4d9f8446311d66,False,False,HCC010,Ashland,TRT_002,Road Diet (4-to-3 Lane Conversion),OPTIMISTIC,1080000.0,282876963.8617,281796963.8617,261.923115,False,UNKNOWN,DOCUMENTED_CMF_SCENARIO,9,OFFICIAL_BUDGET_SCENARIO; PROVISIONAL_PORTFOLIO_SCENARIO; ENGINEERING_REVIEW_REQUIRED
PORT_OFF_OPTIMISTIC_B25M_EQ40,OFFICIAL,OPTIMISTIC,25000000.0,0.4,b5b9ee069be3eb2712d0c56c15a8759c984feb56cbc1e7033b4d9f8446311d66,OFFICIAL_OPTIMISTIC_b5b9ee069be3eb2712d0c56c15a8759c984feb56cbc1e7033b4d9f8446311d66,False,False,HCC023,Ashland,TRT_002,Road Diet (4-to-3 Lane Conversion),OPTIMISTIC,401920.0,238839477.9147,238437557.9147,594.246312,True,UNKNOWN,DOCUMENTED_CMF_SCENARIO,10,OFFICIAL_BUDGET_SCENARIO; PROVISIONAL_PORTFOLIO_SCENARIO; ENGINEERING_REVIEW_REQUIRED
PORT_OFF_OPTIMISTIC_B25M_EQ40,OFFICIAL,OPTIMISTIC,25000000.0,0.4,b5b9ee069be3eb2712d0c56c15a8759c984feb56cbc1e7033b4d9f8446311d66,OFFICIAL_OPTIMISTIC_b5b9ee069be3eb2712d0c56c15a8759c984feb56cbc1e7033b4d9f8446311d66,False,False,HCC007,Western,TRT_002,Road Diet (4-to-3 Lane Conversion),OPTIMISTIC,840448.0,227671027.646,226830579.646,270.892462,False,UNKNOWN,DOCUMENTED_CMF_SCENARIO,11,OFFICIAL_BUDGET_SCENARIO; PROVISIONAL_PORTFOLIO_SCENARIO; ENGINEERING_REVIEW_REQUIRED
PORT_OFF_OPTIMISTIC_B25M_EQ40,OFFICIAL,OPTIMISTIC,25000000.0,0.4,b5b9ee069be3eb2712d0c56c15a8759c984feb56cbc1e7033b4d9f8446311d66,OFFICIAL_OPTIMISTIC_b5b9ee069be3eb2712d0c56c15a8759c984feb56cbc1e7033b4d9f8446311d66,False,False,HCC039,Wacker,TRT_002,Road Diet (4-to-3 Lane Conversion),OPTIMISTIC,564160.0,219381850.6576,218817690.6576,388.864596,False,UNKNOWN,DOCUMENTED_CMF_SCENARIO,12,OFFICIAL_BUDGET_SCENARIO; PROVISIONAL_PORTFOLIO_SCENARIO; ENGINEERING_REVIEW_REQUIRED
PORT_OFF_OPTIMISTIC_B25M_EQ40,OFFICIAL,OPTIMISTIC,25000000.0,0.4,b5b9ee069be3eb2712d0c56c15a8759c984feb56cbc1e7033b4d9f8446311d66,OFFICIAL_OPTIMISTIC_b5b9ee069be3eb2712d0c56c15a8759c984feb56cbc1e7033b4d9f8446311d66,False,False,HCC018,Roosevelt,TRT_002,Road Diet (4-to-3 Lane Conversion),OPTIMISTIC,376256.0,214247644.1983,213871388.1983,569.419874,False,UNKNOWN,DOCUMENTED_CMF_SCENARIO,13,OFFICIAL_BUDGET_SCENARIO; PROVISIONAL_PORTFOLIO_SCENARIO; ENGINEERING_REVIEW_REQUIRED
PORT_OFF_OPTIMISTIC_B25M_EQ40,OFFICIAL,OPTIMISTIC,25000000.0,0.4,b5b9ee069be3eb2712d0c56c15a8759c984feb56cbc1e7033b4d9f8446311d66,OFFICIAL_OPTIMISTIC_b5b9ee069be3eb2712d0c56c15a8759c984feb56cbc1e7033b4d9f8446311d66,False,False,HCC001,Devon,TRT_002,Road Diet (4-to-3 Lane Conversion),OPTIMISTIC,478752.0,205698764.7642,205220012.7642,429.656199,True,UNKNOWN,DOCUMENTED_CMF_SCENARIO,14,OFFICIAL_BUDGET_SCENARIO; PROVISIONAL_PORTFOLIO_SCENARIO; ENGINEERING_REVIEW_REQUIRED
PORT_OFF_OPTIMISTIC_B25M_EQ40,OFFICIAL,OPTIMISTIC,25000000.0,0.4,b5b9ee069be3eb2712d0c56c15a8759c984feb56cbc1e7033b4d9f8446311d66,OFFICIAL_OPTIMISTIC_b5b9ee069be3eb2712d0c56c15a8759c984feb56cbc1e7033b4d9f8446311d66,False,False,HCC024,Western,TRT_002,Road Diet (4-to-3 Lane Conversion),OPTIMISTIC,441440.0,195354202.9447,194912762.9447,442.538517,True,UNKNOWN,DOCUMENTED_CMF_SCENARIO,15,OFFICIAL_BUDGET_SCENARIO; PROVISIONAL_PORTFOLIO_SCENARIO; ENGINEERING_REVIEW_REQUIRED
PORT_OFF_OPTIMISTIC_B25M_EQ40,OFFICIAL,OPTIMISTIC,25000000.0,0.4,b5b9ee069be3eb2712d0c56c15a8759c984feb56cbc1e7033b4d9f8446311d66,OFFICIAL_OPTIMISTIC_b5b9ee069be3eb2712d0c56c15a8759c984feb56cbc1e7033b4d9f8446311d66,False,False,HCC014,Chicago,TRT_002,Road Diet (4-to-3 Lane Conversion),OPTIMISTIC,685472.0,189042141.4837,188356669.4837,275.7839,False,UNKNOWN,DOCUMENTED_CMF_SCENARIO,16,OFFICIAL_BUDGET_SCENARIO; PROVISIONAL_PORTFOLIO_SCENARIO; ENGINEERING_REVIEW_REQUIRED
PORT_OFF_OPTIMISTIC_B25M_EQ40,OFFICIAL,OPTIMISTIC,25000000.0,0.4,b5b9ee069be3eb2712d0c56c15a8759c984feb56cbc1e7033b4d9f8446311d66,OFFICIAL_OPTIMISTIC_b5b9ee069be3eb2712d0c56c15a8759c984feb56cbc1e7033b4d9f8446311d66,False,False,HCC030,87th,TRT_002,Road Diet (4-to-3 Lane Conversion),OPTIMISTIC,482528.0,186560042.9571,186077514.9571,386.630502,True,UNKNOWN,DOCUMENTED_CMF_SCENARIO,17,OFFICIAL_BUDGET_SCENARIO; PROVISIONAL_PORTFOLIO_SCENARIO; ENGINEERING_REVIEW_REQUIRED
PORT_OFF_OPTIMISTIC_B25M_EQ40,OFFICIAL,OPTIMISTIC,25000000.0,0.4,b5b9ee069be3eb2712d0c56c15a8759c984feb56cbc1e7033b4d9f8446311d66,OFFICIAL_OPTIMISTIC_b5b9ee069be3eb2712d0c56c15a8759c984feb56cbc1e7033b4d9f8446311d66,False,False,HCC005,Clark,TRT_002,Road Diet (4-to-3 Lane Conversion),OPTIMISTIC,1020224.0,185137724.9833,184117500.9833,181.467722,False,UNKNOWN,DOCUMENTED_CMF_SCENARIO,18,OFFICIAL_BUDGET_SCENARIO; PROVISIONAL_PORTFOLIO_SCENARIO; ENGINEERING_REVIEW_REQUIRED
PORT_OFF_OPTIMISTIC_B25M_EQ40,OFFICIAL,OPTIMISTIC,25000000.0,0.4,b5b9ee069be3eb2712d0c56c15a8759c984feb56cbc1e7033b4d9f8446311d66,OFFICIAL_OPTIMISTIC_b5b9ee069be3eb2712d0c56c15a8759c984feb56cbc1e7033b4d9f8446311d66,False,False,HCC027,Cottage Grove,TRT_002,Road Diet (4-to-3 Lane Conversion),OPTIMISTIC,484512.0,185005447.2325,184520935.2325,381.838731,True,UNKNOWN,DOCUMENTED_CMF_SCENARIO,19,OFFICIAL_BUDGET_SCENARIO; PROVISIONAL_PORTFOLIO_SCENARIO; ENGINEERING_REVIEW_REQUIRED
PORT_OFF_OPTIMISTIC_B25M_EQ40,OFFICIAL,OPTIMISTIC,25000000.0,0.4,b5b9ee069be3eb2712d0c56c15a8759c984feb56cbc1e7033b4d9f8446311d66,OFFICIAL_OPTIMISTIC_b5b9ee069be3eb2712d0c56c15a8759c984feb56cbc1e7033b4d9f8446311d66,False,False,HCC031,Stony Island,TRT_002,Road Diet (4-to-3 Lane Conversion),OPTIMISTIC,322912.0,184135340.4695,183812428.4695,570.233811,False,UNKNOWN,DOCUMENTED_CMF_SCENARIO,20,OFFICIAL_BUDGET_SCENARIO; PROVISIONAL_PORTFOLIO_SCENARIO; ENGINEERING_REVIEW_REQUIRED
PORT_OFF_OPTIMISTIC_B25M_EQ40,OFFICIAL,OPTIMISTIC,25000000.0,0.4,b5b9ee069be3eb2712d0c56c15a8759c984feb56cbc1e7033b4d9f8446311d66,OFFICIAL_OPTIMISTIC_b5b9ee069be3eb2712d0c56c15a8759c984feb56cbc1e7033b4d9f8446311d66,False,False,HCC026,Halsted,TRT_002,Road Diet (4-to-3 Lane Conversion),OPTIMISTIC,482208.0,170508755.4693,170026547.4693,353.600014,True,UNKNOWN,DOCUMENTED_CMF_SCENARIO,21,OFFICIAL_BUDGET_SCENARIO; PROVISIONAL_PORTFOLIO_SCENARIO; ENGINEERING_REVIEW_REQUIRED
PORT_OFF_OPTIMISTIC_B25M_EQ40,OFFICIAL,OPTIMISTIC,25000000.0,0.4,b5b9ee069be3eb2712d0c56c15a8759c984feb56cbc1e7033b4d9f8446311d66,OFFICIAL_OPTIMISTIC_b5b9ee069be3eb2712d0c56c15a8759c984feb56cbc1e7033b4d9f8446311d66,False,False,HCC009,Damen,TRT_002,Road Diet (4-to-3 Lane Conversion),OPTIMISTIC,664672.0,169988817.3992,169324145.3992,255.748425,False,UNKNOWN,DOCUMENTED_CMF_SCENARIO,22,OFFICIAL_BUDGET_SCENARIO; PROVISIONAL_PORTFOLIO_SCENARIO; ENGINEERING_REVIEW_REQUIRED
PORT_OFF_OPTIMISTIC_B25M_EQ40,OFFICIAL,OPTIMISTIC,25000000.0,0.4,b5b9ee069be3eb2712d0c56c15a8759c984feb56cbc1e7033b4d9f8446311d66,OFFICIAL_OPTIMISTIC_b5b9ee069be3eb2712d0c56c15a8759c984feb56cbc1e7033b4d9f8446311d66,False,False,HCC020,Western Ave/Blvd,TRT_002,Road Diet (4-to-3 Lane Conversion),OPTIMISTIC,782816.0,155132566.1552,154349750.1552,198.172452,True,UNKNOWN,DOCUMENTED_CMF_SCENARIO,23,OFFICIAL_BUDGET_SCENARIO; PROVISIONAL_PORTFOLIO_SCENARIO; ENGINEERING_REVIEW_REQUIRED
PORT_OFF_OPTIMISTIC_B25M_EQ40,OFFICIAL,OPTIMISTIC,25000000.0,0.4,b5b9ee069be3eb2712d0c56c15a8759c984feb56cbc1e7033b4d9f8446311d66,OFFICIAL_OPTIMISTIC_b5b9ee069be3eb2712d0c56c15a8759c984feb56cbc1e7033b4d9f8446311d66,False,False,HCC011,North,TRT_002,Road Diet (4-to-3 Lane Conversion),OPTIMISTIC,326752.0,142258916.8796,141932164.8796,435.37275,True,UNKNOWN,DOCUMENTED_CMF_SCENARIO,24,OFFICIAL_BUDGET_SCENARIO; PROVISIONAL_PORTFOLIO_SCENARIO; ENGINEERING_REVIEW_REQUIRED
PORT_OFF_OPTIMISTIC_B25M_EQ40,OFFICIAL,OPTIMISTIC,25000000.0,0.4,b5b9ee069be3eb2712d0c56c15a8759c984feb56cbc1e7033b4d9f8446311d66,OFFICIAL_OPTIMISTIC_b5b9ee069be3eb2712d0c56c15a8759c984feb56cbc1e7033b4d9f8446311d66,False,False,HCC013,Chicago,TRT_002,Road Diet (4-to-3 Lane Conversion),OPTIMISTIC,322208.0,140875782.6617,140553574.6617,437.220003,True,UNKNOWN,DOCUMENTED_CMF_SCENARIO,25,OFFICIAL_BUDGET_SCENARIO; PROVISIONAL_PORTFOLIO_SCENARIO; ENGINEERING_REVIEW_REQUIRED
PORT_OFF_OPTIMISTIC_B25M_EQ40,OFFICIAL,OPTIMISTIC,25000000.0,0.4,b5b9ee069be3eb2712d0c56c15a8759c984feb56cbc1e7033b4d9f8446311d66,OFFICIAL_OPTIMISTIC_b5b9ee069be3eb2712d0c56c15a8759c984feb56cbc1e7033b4d9f8446311d66,False,False,HCC037,State,TRT_002,Road Diet (4-to-3 Lane Conversion),OPTIMISTIC,489024.0,139203606.9978,138714582.9978,284.655982,False,UNKNOWN,DOCUMENTED_CMF_SCENARIO,26,OFFICIAL_BUDGET_SCENARIO; PROVISIONAL_PORTFOLIO_SCENARIO; ENGINEERING_REVIEW_REQUIRED
PORT_OFF_OPTIMISTIC_B25M_EQ40,OFFICIAL,OPTIMISTIC,25000000.0,0.4,b5b9ee069be3eb2712d0c56c15a8759c984feb56cbc1e7033b4d9f8446311d66,OFFICIAL_OPTIMISTIC_b5b9ee069be3eb2712d0c56c15a8759c984feb56cbc1e7033b4d9f8446311d66,False,False,HCC029,79th,TRT_002,Road Diet (4-to-3 Lane Conversion),OPTIMISTIC,360448.0,133166012.6571,132805564.6571,369.445836,True,UNKNOWN,DOCUMENTED_CMF_SCENARIO,27,OFFICIAL_BUDGET_SCENARIO; PROVISIONAL_PORTFOLIO_SCENARIO; ENGINEERING_REVIEW_REQUIRED
PORT_OFF_OPTIMISTIC_B25M_EQ40,OFFICIAL,OPTIMISTIC,25000000.0,0.4,b5b9ee069be3eb2712d0c56c15a8759c984feb56cbc1e7033b4d9f8446311d66,OFFICIAL_OPTIMISTIC_b5b9ee069be3eb2712d0c56c15a8759c984feb56cbc1e7033b4d9f8446311d66,False,False,HCC012,Chicago,TRT_002,Road Diet (4-to-3 Lane Conversion),OPTIMISTIC,323264.0,128267809.1504,127944545.1504,396.789649,True,UNKNOWN,DOCUMENTED_CMF_SCENARIO,28,OFFICIAL_BUDGET_SCENARIO; PROVISIONAL_PORTFOLIO_SCENARIO; ENGINEERING_REVIEW_REQUIRED
PORT_OFF_OPTIMISTIC_B25M_EQ40,OFFICIAL,OPTIMISTIC,25000000.0,0.4,b5b9ee069be3eb2712d0c56c15a8759c984feb56cbc1e7033b4d9f8446311d66,OFFICIAL_OPTIMISTIC_b5b9ee069be3eb2712d0c56c15a8759c984feb56cbc1e7033b4d9f8446311d66,False,False,HCC022,Garfield,TRT_002,Road Diet (4-to-3 Lane Conversion),OPTIMISTIC,482400.0,128137893.3653,127655493.3653,265.625815,True,UNKNOWN,DOCUMENTED_CMF_SCENARIO,29,OFFICIAL_BUDGET_SCENARIO; PROVISIONAL_PORTFOLIO_SCENARIO; ENGINEERING_REVIEW_REQUIRED
PORT_OFF_OPTIMISTIC_B25M_EQ40,OFFICIAL,OPTIMISTIC,25000000.0,0.4,b5b9ee069be3eb2712d0c56c15a8759c984feb56cbc1e7033b4d9f8446311d66,OFFICIAL_OPTIMISTIC_b5b9ee069be3eb2712d0c56c15a8759c984feb56cbc1e7033b4d9f8446311d66,False,False,HCC035,Ohio,TRT_002,Road Diet (4-to-3 Lane Conversion),OPTIMISTIC,277408.0,125338523.8503,125061115.8503,451.820149,False,UNKNOWN,DOCUMENTED_CMF_SCENARIO,30,OFFICIAL_BUDGET_SCENARIO; PROVISIONAL_PORTFOLIO_SCENARIO; ENGINEERING_REVIEW_REQUIRED
PORT_OFF_OPTIMISTIC_B25M_EQ40,OFFICIAL,OPTIMISTIC,25000000.0,0.4,b5b9ee069be3eb2712d0c56c15a8759c984feb56cbc1e7033b4d9f8446311d66,OFFICIAL_OPTIMISTIC_b5b9ee069be3eb2712d0c56c15a8759c984feb56cbc1e7033b4d9f8446311d66,False,False,HCC002,Broadway,TRT_002,Road Diet (4-to-3 Lane Conversion),OPTIMISTIC,592192.0,125166108.4991,124573916.4991,211.360688,False,UNKNOWN,DOCUMENTED_CMF_SCENARIO,31,OFFICIAL_BUDGET_SCENARIO; PROVISIONAL_PORTFOLIO_SCENARIO; ENGINEERING_REVIEW_REQUIRED
PORT_OFF_OPTIMISTIC_B25M_EQ40,OFFICIAL,OPTIMISTIC,25000000.0,0.4,b5b9ee069be3eb2712d0c56c15a8759c984feb56cbc1e7033b4d9f8446311d66,OFFICIAL_OPTIMISTIC_b5b9ee069be3eb2712d0c56c15a8759c984feb56cbc1e7033b4d9f8446311d66,False,False,HCC004,Belmont,TRT_002,Road Diet (4-to-3 Lane Conversion),OPTIMISTIC,321408.0,123015008.7665,122693600.7665,382.737856,False,UNKNOWN,DOCUMENTED_CMF_SCENARIO,32,OFFICIAL_BUDGET_SCENARIO; PROVISIONAL_PORTFOLIO_SCENARIO; ENGINEERING_REVIEW_REQUIRED
PORT_OFF_OPTIMISTIC_B25M_EQ40,OFFICIAL,OPTIMISTIC,25000000.0,0.4,b5b9ee069be3eb2712d0c56c15a8759c984feb56cbc1e7033b4d9f8446311d66,OFFICIAL_OPTIMISTIC_b5b9ee069be3eb2712d0c56c15a8759c984feb56cbc1e7033b4d9f8446311d66,False,False,HCC034,Ontario,TRT_002,Road Diet (4-to-3 Lane Conversion),OPTIMISTIC,277344.0,100604562.4921,100327218.4921,362.742884,False,UNKNOWN,DOCUMENTED_CMF_SCENARIO,33,OFFICIAL_BUDGET_SCENARIO; PROVISIONAL_PORTFOLIO_SCENARIO; ENGINEERING_REVIEW_REQUIRED
PORT_OFF_OPTIMISTIC_B25M_EQ40,OFFICIAL,OPTIMISTIC,25000000.0,0.4,b5b9ee069be3eb2712d0c56c15a8759c984feb56cbc1e7033b4d9f8446311d66,OFFICIAL_OPTIMISTIC_b5b9ee069be3eb2712d0c56c15a8759c984feb56cbc1e7033b4d9f8446311d66,False,False,HCC043,Congress,TRT_002,Road Diet (4-to-3 Lane Conversion),OPTIMISTIC,155168.0,93392711.7652,93237543.7652,601.881263,False,UNKNOWN,DOCUMENTED_CMF_SCENARIO,34,OFFICIAL_BUDGET_SCENARIO; PROVISIONAL_PORTFOLIO_SCENARIO; ENGINEERING_REVIEW_REQUIRED
PORT_OFF_OPTIMISTIC_B25M_EQ40,OFFICIAL,OPTIMISTIC,25000000.0,0.4,b5b9ee069be3eb2712d0c56c15a8759c984feb56cbc1e7033b4d9f8446311d66,OFFICIAL_OPTIMISTIC_b5b9ee069be3eb2712d0c56c15a8759c984feb56cbc1e7033b4d9f8446311d66,False,False,HCC003,Western,TRT_002,Road Diet (4-to-3 Lane Conversion),OPTIMISTIC,322592.0,92679785.9591,92357193.9591,287.297224,False,UNKNOWN,DOCUMENTED_CMF_SCENARIO,35,OFFICIAL_BUDGET_SCENARIO; PROVISIONAL_PORTFOLIO_SCENARIO; ENGINEERING_REVIEW_REQUIRED
PORT_OFF_OPTIMISTIC_B25M_EQ40,OFFICIAL,OPTIMISTIC,25000000.0,0.4,b5b9ee069be3eb2712d0c56c15a8759c984feb56cbc1e7033b4d9f8446311d66,OFFICIAL_OPTIMISTIC_b5b9ee069be3eb2712d0c56c15a8759c984feb56cbc1e7033b4d9f8446311d66,False,False,HCC028,Ashland,TRT_002,Road Diet (4-to-3 Lane Conversion),OPTIMISTIC,361920.0,91203981.8137,90842061.8137,252.000392,True,UNKNOWN,DOCUMENTED_CMF_SCENARIO,36,OFFICIAL_BUDGET_SCENARIO; PROVISIONAL_PORTFOLIO_SCENARIO; ENGINEERING_REVIEW_REQUIRED
PORT_OFF_OPTIMISTIC_B25M_EQ40,OFFICIAL,OPTIMISTIC,25000000.0,0.4,b5b9ee069be3eb2712d0c56c15a8759c984feb56cbc1e7033b4d9f8446311d66,OFFICIAL_OPTIMISTIC_b5b9ee069be3eb2712d0c56c15a8759c984feb56cbc1e7033b4d9f8446311d66,False,False,HCC040,Washington,TRT_002,Road Diet (4-to-3 Lane Conversion),OPTIMISTIC,204576.0,83267613.8539,83063037.8539,407.02533,False,UNKNOWN,DOCUMENTED_CMF_SCENARIO,37,OFFICIAL_BUDGET_SCENARIO; PROVISIONAL_PORTFOLIO_SCENARIO; ENGINEERING_REVIEW_REQUIRED
PORT_OFF_OPTIMISTIC_B25M_EQ40,OFFICIAL,OPTIMISTIC,25000000.0,0.4,b5b9ee069be3eb2712d0c56c15a8759c984feb56cbc1e7033b4d9f8446311d66,OFFICIAL_OPTIMISTIC_b5b9ee069be3eb2712d0c56c15a8759c984feb56cbc1e7033b4d9f8446311d66,False,False,HCC038,Fairbanks,TRT_002,Road Diet (4-to-3 Lane Conversion),OPTIMISTIC,120448.0,50364767.0629,50244319.0629,418.145316,False,UNKNOWN,DOCUMENTED_CMF_SCENARIO,38,OFFICIAL_BUDGET_SCENARIO; PROVISIONAL_PORTFOLIO_SCENARIO; ENGINEERING_REVIEW_REQUIRED
PORT_OFF_OPTIMISTIC_B25M_EQ40,OFFICIAL,OPTIMISTIC,25000000.0,0.4,b5b9ee069be3eb2712d0c56c15a8759c984feb56cbc1e7033b4d9f8446311d66,OFFICIAL_OPTIMISTIC_b5b9ee069be3eb2712d0c56c15a8759c984feb56cbc1e7033b4d9f8446311d66,False,False,HCC041,Randolph,TRT_002,Road Diet (4-to-3 Lane Conversion),OPTIMISTIC,107040.0,39032070.8097,38925030.8097,364.649391,False,UNKNOWN,DOCUMENTED_CMF_SCENARIO,39,OFFICIAL_BUDGET_SCENARIO; PROVISIONAL_PORTFOLIO_SCENARIO; ENGINEERING_REVIEW_REQUIRED
PORT_OFF_OPTIMISTIC_B25M_EQ40,OFFICIAL,OPTIMISTIC,25000000.0,0.4,b5b9ee069be3eb2712d0c56c15a8759c984feb56cbc1e7033b4d9f8446311d66,OFFICIAL_OPTIMISTIC_b5b9ee069be3eb2712d0c56c15a8759c984feb56cbc1e7033b4d9f8446311d66,False,False,HCC042,Dearborn,TRT_002,Road Diet (4-to-3 Lane Conversion),OPTIMISTIC,111040.0,38029844.2033,37918804.2033,342.48779,False,UNKNOWN,DOCUMENTED_CMF_SCENARIO,40,OFFICIAL_BUDGET_SCENARIO; PROVISIONAL_PORTFOLIO_SCENARIO; ENGINEERING_REVIEW_REQUIRED
PORT_OFF_OPTIMISTIC_B25M_EQ40,OFFICIAL,OPTIMISTIC,25000000.0,0.4,b5b9ee069be3eb2712d0c56c15a8759c984feb56cbc1e7033b4d9f8446311d66,OFFICIAL_OPTIMISTIC_b5b9ee069be3eb2712d0c56c15a8759c984feb56cbc1e7033b4d9f8446311d66,False,False,HCC033,Orleans,TRT_002,Road Diet (4-to-3 Lane Conversion),OPTIMISTIC,92256.0,34724038.4684,34631782.4684,376.387861,False,UNKNOWN,DOCUMENTED_CMF_SCENARIO,41,OFFICIAL_BUDGET_SCENARIO; PROVISIONAL_PORTFOLIO_SCENARIO; ENGINEERING_REVIEW_REQUIRED
PORT_OFF_OPTIMISTIC_B25M_EQ40,OFFICIAL,OPTIMISTIC,25000000.0,0.4,b5b9ee069be3eb2712d0c56c15a8759c984feb56cbc1e7033b4d9f8446311d66,OFFICIAL_OPTIMISTIC_b5b9ee069be3eb2712d0c56c15a8759c984feb56cbc1e7033b4d9f8446311d66,False,False,HCC036,LaSalle,TRT_002,Road Diet (4-to-3 Lane Conversion),OPTIMISTIC,138720.0,32032127.3185,31893407.3185,230.912106,False,UNKNOWN,DOCUMENTED_CMF_SCENARIO,42,OFFICIAL_BUDGET_SCENARIO; PROVISIONAL_PORTFOLIO_SCENARIO; ENGINEERING_REVIEW_REQUIRED
PORT_OFF_OPTIMISTIC_B25M_EQ40,OFFICIAL,OPTIMISTIC,25000000.0,0.4,b5b9ee069be3eb2712d0c56c15a8759c984feb56cbc1e7033b4d9f8446311d66,OFFICIAL_OPTIMISTIC_b5b9ee069be3eb2712d0c56c15a8759c984feb56cbc1e7033b4d9f8446311d66,False,False,HCC019,Lake Shore Drive,TRT_001,Pedestrian Refuge Islands & Medians,OPTIMISTIC,96000.0,30228256.9073,30132256.9073,314.877676,False,UNKNOWN,DOCUMENTED_CMF_SCENARIO,43,OFFICIAL_BUDGET_SCENARIO; PROVISIONAL_PORTFOLIO_SCENARIO; ENGINEERING_REVIEW_REQUIRED
PORT_OFF_OPTIMISTIC_B40M_EQ20,OFFICIAL,OPTIMISTIC,40000000.0,0.2,b5b9ee069be3eb2712d0c56c15a8759c984feb56cbc1e7033b4d9f8446311d66,OFFICIAL_OPTIMISTIC_b5b9ee069be3eb2712d0c56c15a8759c984feb56cbc1e7033b4d9f8446311d66,False,False,HCC006,Fullerton,TRT_002,Road Diet (4-to-3 Lane Conversion),OPTIMISTIC,1331808.0,409286444.8041,407954636.8041,307.316404,False,UNKNOWN,DOCUMENTED_CMF_SCENARIO,1,OFFICIAL_BUDGET_SCENARIO; PROVISIONAL_PORTFOLIO_SCENARIO; ENGINEERING_REVIEW_REQUIRED
PORT_OFF_OPTIMISTIC_B40M_EQ20,OFFICIAL,OPTIMISTIC,40000000.0,0.2,b5b9ee069be3eb2712d0c56c15a8759c984feb56cbc1e7033b4d9f8446311d66,OFFICIAL_OPTIMISTIC_b5b9ee069be3eb2712d0c56c15a8759c984feb56cbc1e7033b4d9f8446311d66,False,False,HCC017,Pulaski,TRT_002,Road Diet (4-to-3 Lane Conversion),OPTIMISTIC,806336.0,390914965.5085,390108629.5085,484.804059,True,UNKNOWN,DOCUMENTED_CMF_SCENARIO,2,OFFICIAL_BUDGET_SCENARIO; PROVISIONAL_PORTFOLIO_SCENARIO; ENGINEERING_REVIEW_REQUIRED
PORT_OFF_OPTIMISTIC_B40M_EQ20,OFFICIAL,OPTIMISTIC,40000000.0,0.2,b5b9ee069be3eb2712d0c56c15a8759c984feb56cbc1e7033b4d9f8446311d66,OFFICIAL_OPTIMISTIC_b5b9ee069be3eb2712d0c56c15a8759c984feb56cbc1e7033b4d9f8446311d66,False,False,HCC016,Cicero,TRT_002,Road Diet (4-to-3 Lane Conversion),OPTIMISTIC,562624.0,367491567.7291,366928943.7291,653.174354,True,UNKNOWN,DOCUMENTED_CMF_SCENARIO,3,OFFICIAL_BUDGET_SCENARIO; PROVISIONAL_PORTFOLIO_SCENARIO; ENGINEERING_REVIEW_REQUIRED
PORT_OFF_OPTIMISTIC_B40M_EQ20,OFFICIAL,OPTIMISTIC,40000000.0,0.2,b5b9ee069be3eb2712d0c56c15a8759c984feb56cbc1e7033b4d9f8446311d66,OFFICIAL_OPTIMISTIC_b5b9ee069be3eb2712d0c56c15a8759c984feb56cbc1e7033b4d9f8446311d66,False,False,HCC032,Michigan,TRT_002,Road Diet (4-to-3 Lane Conversion),OPTIMISTIC,738080.0,364682607.9092,363944527.9092,494.096315,False,UNKNOWN,DOCUMENTED_CMF_SCENARIO,4,OFFICIAL_BUDGET_SCENARIO; PROVISIONAL_PORTFOLIO_SCENARIO; ENGINEERING_REVIEW_REQUIRED
PORT_OFF_OPTIMISTIC_B40M_EQ20,OFFICIAL,OPTIMISTIC,40000000.0,0.2,b5b9ee069be3eb2712d0c56c15a8759c984feb56cbc1e7033b4d9f8446311d66,OFFICIAL_OPTIMISTIC_b5b9ee069be3eb2712d0c56c15a8759c984feb56cbc1e7033b4d9f8446311d66,False,False,HCC025,Stony Island,TRT_002,Road Diet (4-to-3 Lane Conversion),OPTIMISTIC,643552.0,331619250.7909,330975698.7909,515.295191,True,UNKNOWN,DOCUMENTED_CMF_SCENARIO,5,OFFICIAL_BUDGET_SCENARIO; PROVISIONAL_PORTFOLIO_SCENARIO; ENGINEERING_REVIEW_REQUIRED
PORT_OFF_OPTIMISTIC_B40M_EQ20,OFFICIAL,OPTIMISTIC,40000000.0,0.2,b5b9ee069be3eb2712d0c56c15a8759c984feb56cbc1e7033b4d9f8446311d66,OFFICIAL_OPTIMISTIC_b5b9ee069be3eb2712d0c56c15a8759c984feb56cbc1e7033b4d9f8446311d66,False,False,HCC021,Pulaski,TRT_002,Road Diet (4-to-3 Lane Conversion),OPTIMISTIC,844224.0,326712117.3851,325867893.3851,386.996955,True,UNKNOWN,DOCUMENTED_CMF_SCENARIO,6,OFFICIAL_BUDGET_SCENARIO; PROVISIONAL_PORTFOLIO_SCENARIO; ENGINEERING_REVIEW_REQUIRED
PORT_OFF_OPTIMISTIC_B40M_EQ20,OFFICIAL,OPTIMISTIC,40000000.0,0.2,b5b9ee069be3eb2712d0c56c15a8759c984feb56cbc1e7033b4d9f8446311d66,OFFICIAL_OPTIMISTIC_b5b9ee069be3eb2712d0c56c15a8759c984feb56cbc1e7033b4d9f8446311d66,False,False,HCC015,Lake,TRT_002,Road Diet (4-to-3 Lane Conversion),OPTIMISTIC,609952.0,308509064.483,307899112.483,505.792365,True,UNKNOWN,DOCUMENTED_CMF_SCENARIO,7,OFFICIAL_BUDGET_SCENARIO; PROVISIONAL_PORTFOLIO_SCENARIO; ENGINEERING_REVIEW_REQUIRED
PORT_OFF_OPTIMISTIC_B40M_EQ20,OFFICIAL,OPTIMISTIC,40000000.0,0.2,b5b9ee069be3eb2712d0c56c15a8759c984feb56cbc1e7033b4d9f8446311d66,OFFICIAL_OPTIMISTIC_b5b9ee069be3eb2712d0c56c15a8759c984feb56cbc1e7033b4d9f8446311d66,False,False,HCC008,Milwaukee,TRT_002,Road Diet (4-to-3 Lane Conversion),OPTIMISTIC,1132928.0,288052420.6224,286919492.6224,254.254834,False,UNKNOWN,DOCUMENTED_CMF_SCENARIO,8,OFFICIAL_BUDGET_SCENARIO; PROVISIONAL_PORTFOLIO_SCENARIO; ENGINEERING_REVIEW_REQUIRED
PORT_OFF_OPTIMISTIC_B40M_EQ20,OFFICIAL,OPTIMISTIC,40000000.0,0.2,b5b9ee069be3eb2712d0c56c15a8759c984feb56cbc1e7033b4d9f8446311d66,OFFICIAL_OPTIMISTIC_b5b9ee069be3eb2712d0c56c15a8759c984feb56cbc1e7033b4d9f8446311d66,False,False,HCC010,Ashland,TRT_002,Road Diet (4-to-3 Lane Conversion),OPTIMISTIC,1080000.0,282876963.8617,281796963.8617,261.923115,False,UNKNOWN,DOCUMENTED_CMF_SCENARIO,9,OFFICIAL_BUDGET_SCENARIO; PROVISIONAL_PORTFOLIO_SCENARIO; ENGINEERING_REVIEW_REQUIRED
PORT_OFF_OPTIMISTIC_B40M_EQ20,OFFICIAL,OPTIMISTIC,40000000.0,0.2,b5b9ee069be3eb2712d0c56c15a8759c984feb56cbc1e7033b4d9f8446311d66,OFFICIAL_OPTIMISTIC_b5b9ee069be3eb2712d0c56c15a8759c984feb56cbc1e7033b4d9f8446311d66,False,False,HCC023,Ashland,TRT_002,Road Diet (4-to-3 Lane Conversion),OPTIMISTIC,401920.0,238839477.9147,238437557.9147,594.246312,True,UNKNOWN,DOCUMENTED_CMF_SCENARIO,10,OFFICIAL_BUDGET_SCENARIO; PROVISIONAL_PORTFOLIO_SCENARIO; ENGINEERING_REVIEW_REQUIRED
PORT_OFF_OPTIMISTIC_B40M_EQ20,OFFICIAL,OPTIMISTIC,40000000.0,0.2,b5b9ee069be3eb2712d0c56c15a8759c984feb56cbc1e7033b4d9f8446311d66,OFFICIAL_OPTIMISTIC_b5b9ee069be3eb2712d0c56c15a8759c984feb56cbc1e7033b4d9f8446311d66,False,False,HCC007,Western,TRT_002,Road Diet (4-to-3 Lane Conversion),OPTIMISTIC,840448.0,227671027.646,226830579.646,270.892462,False,UNKNOWN,DOCUMENTED_CMF_SCENARIO,11,OFFICIAL_BUDGET_SCENARIO; PROVISIONAL_PORTFOLIO_SCENARIO; ENGINEERING_REVIEW_REQUIRED
PORT_OFF_OPTIMISTIC_B40M_EQ20,OFFICIAL,OPTIMISTIC,40000000.0,0.2,b5b9ee069be3eb2712d0c56c15a8759c984feb56cbc1e7033b4d9f8446311d66,OFFICIAL_OPTIMISTIC_b5b9ee069be3eb2712d0c56c15a8759c984feb56cbc1e7033b4d9f8446311d66,False,False,HCC039,Wacker,TRT_002,Road Diet (4-to-3 Lane Conversion),OPTIMISTIC,564160.0,219381850.6576,218817690.6576,388.864596,False,UNKNOWN,DOCUMENTED_CMF_SCENARIO,12,OFFICIAL_BUDGET_SCENARIO; PROVISIONAL_PORTFOLIO_SCENARIO; ENGINEERING_REVIEW_REQUIRED
PORT_OFF_OPTIMISTIC_B40M_EQ20,OFFICIAL,OPTIMISTIC,40000000.0,0.2,b5b9ee069be3eb2712d0c56c15a8759c984feb56cbc1e7033b4d9f8446311d66,OFFICIAL_OPTIMISTIC_b5b9ee069be3eb2712d0c56c15a8759c984feb56cbc1e7033b4d9f8446311d66,False,False,HCC018,Roosevelt,TRT_002,Road Diet (4-to-3 Lane Conversion),OPTIMISTIC,376256.0,214247644.1983,213871388.1983,569.419874,False,UNKNOWN,DOCUMENTED_CMF_SCENARIO,13,OFFICIAL_BUDGET_SCENARIO; PROVISIONAL_PORTFOLIO_SCENARIO; ENGINEERING_REVIEW_REQUIRED
PORT_OFF_OPTIMISTIC_B40M_EQ20,OFFICIAL,OPTIMISTIC,40000000.0,0.2,b5b9ee069be3eb2712d0c56c15a8759c984feb56cbc1e7033b4d9f8446311d66,OFFICIAL_OPTIMISTIC_b5b9ee069be3eb2712d0c56c15a8759c984feb56cbc1e7033b4d9f8446311d66,False,False,HCC001,Devon,TRT_002,Road Diet (4-to-3 Lane Conversion),OPTIMISTIC,478752.0,205698764.7642,205220012.7642,429.656199,True,UNKNOWN,DOCUMENTED_CMF_SCENARIO,14,OFFICIAL_BUDGET_SCENARIO; PROVISIONAL_PORTFOLIO_SCENARIO; ENGINEERING_REVIEW_REQUIRED
PORT_OFF_OPTIMISTIC_B40M_EQ20,OFFICIAL,OPTIMISTIC,40000000.0,0.2,b5b9ee069be3eb2712d0c56c15a8759c984feb56cbc1e7033b4d9f8446311d66,OFFICIAL_OPTIMISTIC_b5b9ee069be3eb2712d0c56c15a8759c984feb56cbc1e7033b4d9f8446311d66,False,False,HCC024,Western,TRT_002,Road Diet (4-to-3 Lane Conversion),OPTIMISTIC,441440.0,195354202.9447,194912762.9447,442.538517,True,UNKNOWN,DOCUMENTED_CMF_SCENARIO,15,OFFICIAL_BUDGET_SCENARIO; PROVISIONAL_PORTFOLIO_SCENARIO; ENGINEERING_REVIEW_REQUIRED
PORT_OFF_OPTIMISTIC_B40M_EQ20,OFFICIAL,OPTIMISTIC,40000000.0,0.2,b5b9ee069be3eb2712d0c56c15a8759c984feb56cbc1e7033b4d9f8446311d66,OFFICIAL_OPTIMISTIC_b5b9ee069be3eb2712d0c56c15a8759c984feb56cbc1e7033b4d9f8446311d66,False,False,HCC014,Chicago,TRT_002,Road Diet (4-to-3 Lane Conversion),OPTIMISTIC,685472.0,189042141.4837,188356669.4837,275.7839,False,UNKNOWN,DOCUMENTED_CMF_SCENARIO,16,OFFICIAL_BUDGET_SCENARIO; PROVISIONAL_PORTFOLIO_SCENARIO; ENGINEERING_REVIEW_REQUIRED
PORT_OFF_OPTIMISTIC_B40M_EQ20,OFFICIAL,OPTIMISTIC,40000000.0,0.2,b5b9ee069be3eb2712d0c56c15a8759c984feb56cbc1e7033b4d9f8446311d66,OFFICIAL_OPTIMISTIC_b5b9ee069be3eb2712d0c56c15a8759c984feb56cbc1e7033b4d9f8446311d66,False,False,HCC030,87th,TRT_002,Road Diet (4-to-3 Lane Conversion),OPTIMISTIC,482528.0,186560042.9571,186077514.9571,386.630502,True,UNKNOWN,DOCUMENTED_CMF_SCENARIO,17,OFFICIAL_BUDGET_SCENARIO; PROVISIONAL_PORTFOLIO_SCENARIO; ENGINEERING_REVIEW_REQUIRED
PORT_OFF_OPTIMISTIC_B40M_EQ20,OFFICIAL,OPTIMISTIC,40000000.0,0.2,b5b9ee069be3eb2712d0c56c15a8759c984feb56cbc1e7033b4d9f8446311d66,OFFICIAL_OPTIMISTIC_b5b9ee069be3eb2712d0c56c15a8759c984feb56cbc1e7033b4d9f8446311d66,False,False,HCC005,Clark,TRT_002,Road Diet (4-to-3 Lane Conversion),OPTIMISTIC,1020224.0,185137724.9833,184117500.9833,181.467722,False,UNKNOWN,DOCUMENTED_CMF_SCENARIO,18,OFFICIAL_BUDGET_SCENARIO; PROVISIONAL_PORTFOLIO_SCENARIO; ENGINEERING_REVIEW_REQUIRED
PORT_OFF_OPTIMISTIC_B40M_EQ20,OFFICIAL,OPTIMISTIC,40000000.0,0.2,b5b9ee069be3eb2712d0c56c15a8759c984feb56cbc1e7033b4d9f8446311d66,OFFICIAL_OPTIMISTIC_b5b9ee069be3eb2712d0c56c15a8759c984feb56cbc1e7033b4d9f8446311d66,False,False,HCC027,Cottage Grove,TRT_002,Road Diet (4-to-3 Lane Conversion),OPTIMISTIC,484512.0,185005447.2325,184520935.2325,381.838731,True,UNKNOWN,DOCUMENTED_CMF_SCENARIO,19,OFFICIAL_BUDGET_SCENARIO; PROVISIONAL_PORTFOLIO_SCENARIO; ENGINEERING_REVIEW_REQUIRED
PORT_OFF_OPTIMISTIC_B40M_EQ20,OFFICIAL,OPTIMISTIC,40000000.0,0.2,b5b9ee069be3eb2712d0c56c15a8759c984feb56cbc1e7033b4d9f8446311d66,OFFICIAL_OPTIMISTIC_b5b9ee069be3eb2712d0c56c15a8759c984feb56cbc1e7033b4d9f8446311d66,False,False,HCC031,Stony Island,TRT_002,Road Diet (4-to-3 Lane Conversion),OPTIMISTIC,322912.0,184135340.4695,183812428.4695,570.233811,False,UNKNOWN,DOCUMENTED_CMF_SCENARIO,20,OFFICIAL_BUDGET_SCENARIO; PROVISIONAL_PORTFOLIO_SCENARIO; ENGINEERING_REVIEW_REQUIRED
PORT_OFF_OPTIMISTIC_B40M_EQ20,OFFICIAL,OPTIMISTIC,40000000.0,0.2,b5b9ee069be3eb2712d0c56c15a8759c984feb56cbc1e7033b4d9f8446311d66,OFFICIAL_OPTIMISTIC_b5b9ee069be3eb2712d0c56c15a8759c984feb56cbc1e7033b4d9f8446311d66,False,False,HCC026,Halsted,TRT_002,Road Diet (4-to-3 Lane Conversion),OPTIMISTIC,482208.0,170508755.4693,170026547.4693,353.600014,True,UNKNOWN,DOCUMENTED_CMF_SCENARIO,21,OFFICIAL_BUDGET_SCENARIO; PROVISIONAL_PORTFOLIO_SCENARIO; ENGINEERING_REVIEW_REQUIRED
PORT_OFF_OPTIMISTIC_B40M_EQ20,OFFICIAL,OPTIMISTIC,40000000.0,0.2,b5b9ee069be3eb2712d0c56c15a8759c984feb56cbc1e7033b4d9f8446311d66,OFFICIAL_OPTIMISTIC_b5b9ee069be3eb2712d0c56c15a8759c984feb56cbc1e7033b4d9f8446311d66,False,False,HCC009,Damen,TRT_002,Road Diet (4-to-3 Lane Conversion),OPTIMISTIC,664672.0,169988817.3992,169324145.3992,255.748425,False,UNKNOWN,DOCUMENTED_CMF_SCENARIO,22,OFFICIAL_BUDGET_SCENARIO; PROVISIONAL_PORTFOLIO_SCENARIO; ENGINEERING_REVIEW_REQUIRED
PORT_OFF_OPTIMISTIC_B40M_EQ20,OFFICIAL,OPTIMISTIC,40000000.0,0.2,b5b9ee069be3eb2712d0c56c15a8759c984feb56cbc1e7033b4d9f8446311d66,OFFICIAL_OPTIMISTIC_b5b9ee069be3eb2712d0c56c15a8759c984feb56cbc1e7033b4d9f8446311d66,False,False,HCC020,Western Ave/Blvd,TRT_002,Road Diet (4-to-3 Lane Conversion),OPTIMISTIC,782816.0,155132566.1552,154349750.1552,198.172452,True,UNKNOWN,DOCUMENTED_CMF_SCENARIO,23,OFFICIAL_BUDGET_SCENARIO; PROVISIONAL_PORTFOLIO_SCENARIO; ENGINEERING_REVIEW_REQUIRED
PORT_OFF_OPTIMISTIC_B40M_EQ20,OFFICIAL,OPTIMISTIC,40000000.0,0.2,b5b9ee069be3eb2712d0c56c15a8759c984feb56cbc1e7033b4d9f8446311d66,OFFICIAL_OPTIMISTIC_b5b9ee069be3eb2712d0c56c15a8759c984feb56cbc1e7033b4d9f8446311d66,False,False,HCC011,North,TRT_002,Road Diet (4-to-3 Lane Conversion),OPTIMISTIC,326752.0,142258916.8796,141932164.8796,435.37275,True,UNKNOWN,DOCUMENTED_CMF_SCENARIO,24,OFFICIAL_BUDGET_SCENARIO; PROVISIONAL_PORTFOLIO_SCENARIO; ENGINEERING_REVIEW_REQUIRED
PORT_OFF_OPTIMISTIC_B40M_EQ20,OFFICIAL,OPTIMISTIC,40000000.0,0.2,b5b9ee069be3eb2712d0c56c15a8759c984feb56cbc1e7033b4d9f8446311d66,OFFICIAL_OPTIMISTIC_b5b9ee069be3eb2712d0c56c15a8759c984feb56cbc1e7033b4d9f8446311d66,False,False,HCC013,Chicago,TRT_002,Road Diet (4-to-3 Lane Conversion),OPTIMISTIC,322208.0,140875782.6617,140553574.6617,437.220003,True,UNKNOWN,DOCUMENTED_CMF_SCENARIO,25,OFFICIAL_BUDGET_SCENARIO; PROVISIONAL_PORTFOLIO_SCENARIO; ENGINEERING_REVIEW_REQUIRED
PORT_OFF_OPTIMISTIC_B40M_EQ20,OFFICIAL,OPTIMISTIC,40000000.0,0.2,b5b9ee069be3eb2712d0c56c15a8759c984feb56cbc1e7033b4d9f8446311d66,OFFICIAL_OPTIMISTIC_b5b9ee069be3eb2712d0c56c15a8759c984feb56cbc1e7033b4d9f8446311d66,False,False,HCC037,State,TRT_002,Road Diet (4-to-3 Lane Conversion),OPTIMISTIC,489024.0,139203606.9978,138714582.9978,284.655982,False,UNKNOWN,DOCUMENTED_CMF_SCENARIO,26,OFFICIAL_BUDGET_SCENARIO; PROVISIONAL_PORTFOLIO_SCENARIO; ENGINEERING_REVIEW_REQUIRED
PORT_OFF_OPTIMISTIC_B40M_EQ20,OFFICIAL,OPTIMISTIC,40000000.0,0.2,b5b9ee069be3eb2712d0c56c15a8759c984feb56cbc1e7033b4d9f8446311d66,OFFICIAL_OPTIMISTIC_b5b9ee069be3eb2712d0c56c15a8759c984feb56cbc1e7033b4d9f8446311d66,False,False,HCC029,79th,TRT_002,Road Diet (4-to-3 Lane Conversion),OPTIMISTIC,360448.0,133166012.6571,132805564.6571,369.445836,True,UNKNOWN,DOCUMENTED_CMF_SCENARIO,27,OFFICIAL_BUDGET_SCENARIO; PROVISIONAL_PORTFOLIO_SCENARIO; ENGINEERING_REVIEW_REQUIRED
PORT_OFF_OPTIMISTIC_B40M_EQ20,OFFICIAL,OPTIMISTIC,40000000.0,0.2,b5b9ee069be3eb2712d0c56c15a8759c984feb56cbc1e7033b4d9f8446311d66,OFFICIAL_OPTIMISTIC_b5b9ee069be3eb2712d0c56c15a8759c984feb56cbc1e7033b4d9f8446311d66,False,False,HCC012,Chicago,TRT_002,Road Diet (4-to-3 Lane Conversion),OPTIMISTIC,323264.0,128267809.1504,127944545.1504,396.789649,True,UNKNOWN,DOCUMENTED_CMF_SCENARIO,28,OFFICIAL_BUDGET_SCENARIO; PROVISIONAL_PORTFOLIO_SCENARIO; ENGINEERING_REVIEW_REQUIRED
PORT_OFF_OPTIMISTIC_B40M_EQ20,OFFICIAL,OPTIMISTIC,40000000.0,0.2,b5b9ee069be3eb2712d0c56c15a8759c984feb56cbc1e7033b4d9f8446311d66,OFFICIAL_OPTIMISTIC_b5b9ee069be3eb2712d0c56c15a8759c984feb56cbc1e7033b4d9f8446311d66,False,False,HCC022,Garfield,TRT_002,Road Diet (4-to-3 Lane Conversion),OPTIMISTIC,482400.0,128137893.3653,127655493.3653,265.625815,True,UNKNOWN,DOCUMENTED_CMF_SCENARIO,29,OFFICIAL_BUDGET_SCENARIO; PROVISIONAL_PORTFOLIO_SCENARIO; ENGINEERING_REVIEW_REQUIRED
PORT_OFF_OPTIMISTIC_B40M_EQ20,OFFICIAL,OPTIMISTIC,40000000.0,0.2,b5b9ee069be3eb2712d0c56c15a8759c984feb56cbc1e7033b4d9f8446311d66,OFFICIAL_OPTIMISTIC_b5b9ee069be3eb2712d0c56c15a8759c984feb56cbc1e7033b4d9f8446311d66,False,False,HCC035,Ohio,TRT_002,Road Diet (4-to-3 Lane Conversion),OPTIMISTIC,277408.0,125338523.8503,125061115.8503,451.820149,False,UNKNOWN,DOCUMENTED_CMF_SCENARIO,30,OFFICIAL_BUDGET_SCENARIO; PROVISIONAL_PORTFOLIO_SCENARIO; ENGINEERING_REVIEW_REQUIRED
PORT_OFF_OPTIMISTIC_B40M_EQ20,OFFICIAL,OPTIMISTIC,40000000.0,0.2,b5b9ee069be3eb2712d0c56c15a8759c984feb56cbc1e7033b4d9f8446311d66,OFFICIAL_OPTIMISTIC_b5b9ee069be3eb2712d0c56c15a8759c984feb56cbc1e7033b4d9f8446311d66,False,False,HCC002,Broadway,TRT_002,Road Diet (4-to-3 Lane Conversion),OPTIMISTIC,592192.0,125166108.4991,124573916.4991,211.360688,False,UNKNOWN,DOCUMENTED_CMF_SCENARIO,31,OFFICIAL_BUDGET_SCENARIO; PROVISIONAL_PORTFOLIO_SCENARIO; ENGINEERING_REVIEW_REQUIRED
PORT_OFF_OPTIMISTIC_B40M_EQ20,OFFICIAL,OPTIMISTIC,40000000.0,0.2,b5b9ee069be3eb2712d0c56c15a8759c984feb56cbc1e7033b4d9f8446311d66,OFFICIAL_OPTIMISTIC_b5b9ee069be3eb2712d0c56c15a8759c984feb56cbc1e7033b4d9f8446311d66,False,False,HCC004,Belmont,TRT_002,Road Diet (4-to-3 Lane Conversion),OPTIMISTIC,321408.0,123015008.7665,122693600.7665,382.737856,False,UNKNOWN,DOCUMENTED_CMF_SCENARIO,32,OFFICIAL_BUDGET_SCENARIO; PROVISIONAL_PORTFOLIO_SCENARIO; ENGINEERING_REVIEW_REQUIRED
PORT_OFF_OPTIMISTIC_B40M_EQ20,OFFICIAL,OPTIMISTIC,40000000.0,0.2,b5b9ee069be3eb2712d0c56c15a8759c984feb56cbc1e7033b4d9f8446311d66,OFFICIAL_OPTIMISTIC_b5b9ee069be3eb2712d0c56c15a8759c984feb56cbc1e7033b4d9f8446311d66,False,False,HCC034,Ontario,TRT_002,Road Diet (4-to-3 Lane Conversion),OPTIMISTIC,277344.0,100604562.4921,100327218.4921,362.742884,False,UNKNOWN,DOCUMENTED_CMF_SCENARIO,33,OFFICIAL_BUDGET_SCENARIO; PROVISIONAL_PORTFOLIO_SCENARIO; ENGINEERING_REVIEW_REQUIRED
PORT_OFF_OPTIMISTIC_B40M_EQ20,OFFICIAL,OPTIMISTIC,40000000.0,0.2,b5b9ee069be3eb2712d0c56c15a8759c984feb56cbc1e7033b4d9f8446311d66,OFFICIAL_OPTIMISTIC_b5b9ee069be3eb2712d0c56c15a8759c984feb56cbc1e7033b4d9f8446311d66,False,False,HCC043,Congress,TRT_002,Road Diet (4-to-3 Lane Conversion),OPTIMISTIC,155168.0,93392711.7652,93237543.7652,601.881263,False,UNKNOWN,DOCUMENTED_CMF_SCENARIO,34,OFFICIAL_BUDGET_SCENARIO; PROVISIONAL_PORTFOLIO_SCENARIO; ENGINEERING_REVIEW_REQUIRED
PORT_OFF_OPTIMISTIC_B40M_EQ20,OFFICIAL,OPTIMISTIC,40000000.0,0.2,b5b9ee069be3eb2712d0c56c15a8759c984feb56cbc1e7033b4d9f8446311d66,OFFICIAL_OPTIMISTIC_b5b9ee069be3eb2712d0c56c15a8759c984feb56cbc1e7033b4d9f8446311d66,False,False,HCC003,Western,TRT_002,Road Diet (4-to-3 Lane Conversion),OPTIMISTIC,322592.0,92679785.9591,92357193.9591,287.297224,False,UNKNOWN,DOCUMENTED_CMF_SCENARIO,35,OFFICIAL_BUDGET_SCENARIO; PROVISIONAL_PORTFOLIO_SCENARIO; ENGINEERING_REVIEW_REQUIRED
PORT_OFF_OPTIMISTIC_B40M_EQ20,OFFICIAL,OPTIMISTIC,40000000.0,0.2,b5b9ee069be3eb2712d0c56c15a8759c984feb56cbc1e7033b4d9f8446311d66,OFFICIAL_OPTIMISTIC_b5b9ee069be3eb2712d0c56c15a8759c984feb56cbc1e7033b4d9f8446311d66,False,False,HCC028,Ashland,TRT_002,Road Diet (4-to-3 Lane Conversion),OPTIMISTIC,361920.0,91203981.8137,90842061.8137,252.000392,True,UNKNOWN,DOCUMENTED_CMF_SCENARIO,36,OFFICIAL_BUDGET_SCENARIO; PROVISIONAL_PORTFOLIO_SCENARIO; ENGINEERING_REVIEW_REQUIRED
PORT_OFF_OPTIMISTIC_B40M_EQ20,OFFICIAL,OPTIMISTIC,40000000.0,0.2,b5b9ee069be3eb2712d0c56c15a8759c984feb56cbc1e7033b4d9f8446311d66,OFFICIAL_OPTIMISTIC_b5b9ee069be3eb2712d0c56c15a8759c984feb56cbc1e7033b4d9f8446311d66,False,False,HCC040,Washington,TRT_002,Road Diet (4-to-3 Lane Conversion),OPTIMISTIC,204576.0,83267613.8539,83063037.8539,407.02533,False,UNKNOWN,DOCUMENTED_CMF_SCENARIO,37,OFFICIAL_BUDGET_SCENARIO; PROVISIONAL_PORTFOLIO_SCENARIO; ENGINEERING_REVIEW_REQUIRED
PORT_OFF_OPTIMISTIC_B40M_EQ20,OFFICIAL,OPTIMISTIC,40000000.0,0.2,b5b9ee069be3eb2712d0c56c15a8759c984feb56cbc1e7033b4d9f8446311d66,OFFICIAL_OPTIMISTIC_b5b9ee069be3eb2712d0c56c15a8759c984feb56cbc1e7033b4d9f8446311d66,False,False,HCC038,Fairbanks,TRT_002,Road Diet (4-to-3 Lane Conversion),OPTIMISTIC,120448.0,50364767.0629,50244319.0629,418.145316,False,UNKNOWN,DOCUMENTED_CMF_SCENARIO,38,OFFICIAL_BUDGET_SCENARIO; PROVISIONAL_PORTFOLIO_SCENARIO; ENGINEERING_REVIEW_REQUIRED
PORT_OFF_OPTIMISTIC_B40M_EQ20,OFFICIAL,OPTIMISTIC,40000000.0,0.2,b5b9ee069be3eb2712d0c56c15a8759c984feb56cbc1e7033b4d9f8446311d66,OFFICIAL_OPTIMISTIC_b5b9ee069be3eb2712d0c56c15a8759c984feb56cbc1e7033b4d9f8446311d66,False,False,HCC041,Randolph,TRT_002,Road Diet (4-to-3 Lane Conversion),OPTIMISTIC,107040.0,39032070.8097,38925030.8097,364.649391,False,UNKNOWN,DOCUMENTED_CMF_SCENARIO,39,OFFICIAL_BUDGET_SCENARIO; PROVISIONAL_PORTFOLIO_SCENARIO; ENGINEERING_REVIEW_REQUIRED
PORT_OFF_OPTIMISTIC_B40M_EQ20,OFFICIAL,OPTIMISTIC,40000000.0,0.2,b5b9ee069be3eb2712d0c56c15a8759c984feb56cbc1e7033b4d9f8446311d66,OFFICIAL_OPTIMISTIC_b5b9ee069be3eb2712d0c56c15a8759c984feb56cbc1e7033b4d9f8446311d66,False,False,HCC042,Dearborn,TRT_002,Road Diet (4-to-3 Lane Conversion),OPTIMISTIC,111040.0,38029844.2033,37918804.2033,342.48779,False,UNKNOWN,DOCUMENTED_CMF_SCENARIO,40,OFFICIAL_BUDGET_SCENARIO; PROVISIONAL_PORTFOLIO_SCENARIO; ENGINEERING_REVIEW_REQUIRED
PORT_OFF_OPTIMISTIC_B40M_EQ20,OFFICIAL,OPTIMISTIC,40000000.0,0.2,b5b9ee069be3eb2712d0c56c15a8759c984feb56cbc1e7033b4d9f8446311d66,OFFICIAL_OPTIMISTIC_b5b9ee069be3eb2712d0c56c15a8759c984feb56cbc1e7033b4d9f8446311d66,False,False,HCC033,Orleans,TRT_002,Road Diet (4-to-3 Lane Conversion),OPTIMISTIC,92256.0,34724038.4684,34631782.4684,376.387861,False,UNKNOWN,DOCUMENTED_CMF_SCENARIO,41,OFFICIAL_BUDGET_SCENARIO; PROVISIONAL_PORTFOLIO_SCENARIO; ENGINEERING_REVIEW_REQUIRED
PORT_OFF_OPTIMISTIC_B40M_EQ20,OFFICIAL,OPTIMISTIC,40000000.0,0.2,b5b9ee069be3eb2712d0c56c15a8759c984feb56cbc1e7033b4d9f8446311d66,OFFICIAL_OPTIMISTIC_b5b9ee069be3eb2712d0c56c15a8759c984feb56cbc1e7033b4d9f8446311d66,False,False,HCC036,LaSalle,TRT_002,Road Diet (4-to-3 Lane Conversion),OPTIMISTIC,138720.0,32032127.3185,31893407.3185,230.912106,False,UNKNOWN,DOCUMENTED_CMF_SCENARIO,42,OFFICIAL_BUDGET_SCENARIO; PROVISIONAL_PORTFOLIO_SCENARIO; ENGINEERING_REVIEW_REQUIRED
PORT_OFF_OPTIMISTIC_B40M_EQ20,OFFICIAL,OPTIMISTIC,40000000.0,0.2,b5b9ee069be3eb2712d0c56c15a8759c984feb56cbc1e7033b4d9f8446311d66,OFFICIAL_OPTIMISTIC_b5b9ee069be3eb2712d0c56c15a8759c984feb56cbc1e7033b4d9f8446311d66,False,False,HCC019,Lake Shore Drive,TRT_001,Pedestrian Refuge Islands & Medians,OPTIMISTIC,96000.0,30228256.9073,30132256.9073,314.877676,False,UNKNOWN,DOCUMENTED_CMF_SCENARIO,43,OFFICIAL_BUDGET_SCENARIO; PROVISIONAL_PORTFOLIO_SCENARIO; ENGINEERING_REVIEW_REQUIRED
PORT_OFF_OPTIMISTIC_B40M_EQ30,OFFICIAL,OPTIMISTIC,40000000.0,0.3,b5b9ee069be3eb2712d0c56c15a8759c984feb56cbc1e7033b4d9f8446311d66,OFFICIAL_OPTIMISTIC_b5b9ee069be3eb2712d0c56c15a8759c984feb56cbc1e7033b4d9f8446311d66,False,False,HCC006,Fullerton,TRT_002,Road Diet (4-to-3 Lane Conversion),OPTIMISTIC,1331808.0,409286444.8041,407954636.8041,307.316404,False,UNKNOWN,DOCUMENTED_CMF_SCENARIO,1,OFFICIAL_BUDGET_SCENARIO; PROVISIONAL_PORTFOLIO_SCENARIO; ENGINEERING_REVIEW_REQUIRED
PORT_OFF_OPTIMISTIC_B40M_EQ30,OFFICIAL,OPTIMISTIC,40000000.0,0.3,b5b9ee069be3eb2712d0c56c15a8759c984feb56cbc1e7033b4d9f8446311d66,OFFICIAL_OPTIMISTIC_b5b9ee069be3eb2712d0c56c15a8759c984feb56cbc1e7033b4d9f8446311d66,False,False,HCC017,Pulaski,TRT_002,Road Diet (4-to-3 Lane Conversion),OPTIMISTIC,806336.0,390914965.5085,390108629.5085,484.804059,True,UNKNOWN,DOCUMENTED_CMF_SCENARIO,2,OFFICIAL_BUDGET_SCENARIO; PROVISIONAL_PORTFOLIO_SCENARIO; ENGINEERING_REVIEW_REQUIRED
PORT_OFF_OPTIMISTIC_B40M_EQ30,OFFICIAL,OPTIMISTIC,40000000.0,0.3,b5b9ee069be3eb2712d0c56c15a8759c984feb56cbc1e7033b4d9f8446311d66,OFFICIAL_OPTIMISTIC_b5b9ee069be3eb2712d0c56c15a8759c984feb56cbc1e7033b4d9f8446311d66,False,False,HCC016,Cicero,TRT_002,Road Diet (4-to-3 Lane Conversion),OPTIMISTIC,562624.0,367491567.7291,366928943.7291,653.174354,True,UNKNOWN,DOCUMENTED_CMF_SCENARIO,3,OFFICIAL_BUDGET_SCENARIO; PROVISIONAL_PORTFOLIO_SCENARIO; ENGINEERING_REVIEW_REQUIRED
PORT_OFF_OPTIMISTIC_B40M_EQ30,OFFICIAL,OPTIMISTIC,40000000.0,0.3,b5b9ee069be3eb2712d0c56c15a8759c984feb56cbc1e7033b4d9f8446311d66,OFFICIAL_OPTIMISTIC_b5b9ee069be3eb2712d0c56c15a8759c984feb56cbc1e7033b4d9f8446311d66,False,False,HCC032,Michigan,TRT_002,Road Diet (4-to-3 Lane Conversion),OPTIMISTIC,738080.0,364682607.9092,363944527.9092,494.096315,False,UNKNOWN,DOCUMENTED_CMF_SCENARIO,4,OFFICIAL_BUDGET_SCENARIO; PROVISIONAL_PORTFOLIO_SCENARIO; ENGINEERING_REVIEW_REQUIRED
PORT_OFF_OPTIMISTIC_B40M_EQ30,OFFICIAL,OPTIMISTIC,40000000.0,0.3,b5b9ee069be3eb2712d0c56c15a8759c984feb56cbc1e7033b4d9f8446311d66,OFFICIAL_OPTIMISTIC_b5b9ee069be3eb2712d0c56c15a8759c984feb56cbc1e7033b4d9f8446311d66,False,False,HCC025,Stony Island,TRT_002,Road Diet (4-to-3 Lane Conversion),OPTIMISTIC,643552.0,331619250.7909,330975698.7909,515.295191,True,UNKNOWN,DOCUMENTED_CMF_SCENARIO,5,OFFICIAL_BUDGET_SCENARIO; PROVISIONAL_PORTFOLIO_SCENARIO; ENGINEERING_REVIEW_REQUIRED
PORT_OFF_OPTIMISTIC_B40M_EQ30,OFFICIAL,OPTIMISTIC,40000000.0,0.3,b5b9ee069be3eb2712d0c56c15a8759c984feb56cbc1e7033b4d9f8446311d66,OFFICIAL_OPTIMISTIC_b5b9ee069be3eb2712d0c56c15a8759c984feb56cbc1e7033b4d9f8446311d66,False,False,HCC021,Pulaski,TRT_002,Road Diet (4-to-3 Lane Conversion),OPTIMISTIC,844224.0,326712117.3851,325867893.3851,386.996955,True,UNKNOWN,DOCUMENTED_CMF_SCENARIO,6,OFFICIAL_BUDGET_SCENARIO; PROVISIONAL_PORTFOLIO_SCENARIO; ENGINEERING_REVIEW_REQUIRED
PORT_OFF_OPTIMISTIC_B40M_EQ30,OFFICIAL,OPTIMISTIC,40000000.0,0.3,b5b9ee069be3eb2712d0c56c15a8759c984feb56cbc1e7033b4d9f8446311d66,OFFICIAL_OPTIMISTIC_b5b9ee069be3eb2712d0c56c15a8759c984feb56cbc1e7033b4d9f8446311d66,False,False,HCC015,Lake,TRT_002,Road Diet (4-to-3 Lane Conversion),OPTIMISTIC,609952.0,308509064.483,307899112.483,505.792365,True,UNKNOWN,DOCUMENTED_CMF_SCENARIO,7,OFFICIAL_BUDGET_SCENARIO; PROVISIONAL_PORTFOLIO_SCENARIO; ENGINEERING_REVIEW_REQUIRED
PORT_OFF_OPTIMISTIC_B40M_EQ30,OFFICIAL,OPTIMISTIC,40000000.0,0.3,b5b9ee069be3eb2712d0c56c15a8759c984feb56cbc1e7033b4d9f8446311d66,OFFICIAL_OPTIMISTIC_b5b9ee069be3eb2712d0c56c15a8759c984feb56cbc1e7033b4d9f8446311d66,False,False,HCC008,Milwaukee,TRT_002,Road Diet (4-to-3 Lane Conversion),OPTIMISTIC,1132928.0,288052420.6224,286919492.6224,254.254834,False,UNKNOWN,DOCUMENTED_CMF_SCENARIO,8,OFFICIAL_BUDGET_SCENARIO; PROVISIONAL_PORTFOLIO_SCENARIO; ENGINEERING_REVIEW_REQUIRED
PORT_OFF_OPTIMISTIC_B40M_EQ30,OFFICIAL,OPTIMISTIC,40000000.0,0.3,b5b9ee069be3eb2712d0c56c15a8759c984feb56cbc1e7033b4d9f8446311d66,OFFICIAL_OPTIMISTIC_b5b9ee069be3eb2712d0c56c15a8759c984feb56cbc1e7033b4d9f8446311d66,False,False,HCC010,Ashland,TRT_002,Road Diet (4-to-3 Lane Conversion),OPTIMISTIC,1080000.0,282876963.8617,281796963.8617,261.923115,False,UNKNOWN,DOCUMENTED_CMF_SCENARIO,9,OFFICIAL_BUDGET_SCENARIO; PROVISIONAL_PORTFOLIO_SCENARIO; ENGINEERING_REVIEW_REQUIRED
PORT_OFF_OPTIMISTIC_B40M_EQ30,OFFICIAL,OPTIMISTIC,40000000.0,0.3,b5b9ee069be3eb2712d0c56c15a8759c984feb56cbc1e7033b4d9f8446311d66,OFFICIAL_OPTIMISTIC_b5b9ee069be3eb2712d0c56c15a8759c984feb56cbc1e7033b4d9f8446311d66,False,False,HCC023,Ashland,TRT_002,Road Diet (4-to-3 Lane Conversion),OPTIMISTIC,401920.0,238839477.9147,238437557.9147,594.246312,True,UNKNOWN,DOCUMENTED_CMF_SCENARIO,10,OFFICIAL_BUDGET_SCENARIO; PROVISIONAL_PORTFOLIO_SCENARIO; ENGINEERING_REVIEW_REQUIRED
PORT_OFF_OPTIMISTIC_B40M_EQ30,OFFICIAL,OPTIMISTIC,40000000.0,0.3,b5b9ee069be3eb2712d0c56c15a8759c984feb56cbc1e7033b4d9f8446311d66,OFFICIAL_OPTIMISTIC_b5b9ee069be3eb2712d0c56c15a8759c984feb56cbc1e7033b4d9f8446311d66,False,False,HCC007,Western,TRT_002,Road Diet (4-to-3 Lane Conversion),OPTIMISTIC,840448.0,227671027.646,226830579.646,270.892462,False,UNKNOWN,DOCUMENTED_CMF_SCENARIO,11,OFFICIAL_BUDGET_SCENARIO; PROVISIONAL_PORTFOLIO_SCENARIO; ENGINEERING_REVIEW_REQUIRED
PORT_OFF_OPTIMISTIC_B40M_EQ30,OFFICIAL,OPTIMISTIC,40000000.0,0.3,b5b9ee069be3eb2712d0c56c15a8759c984feb56cbc1e7033b4d9f8446311d66,OFFICIAL_OPTIMISTIC_b5b9ee069be3eb2712d0c56c15a8759c984feb56cbc1e7033b4d9f8446311d66,False,False,HCC039,Wacker,TRT_002,Road Diet (4-to-3 Lane Conversion),OPTIMISTIC,564160.0,219381850.6576,218817690.6576,388.864596,False,UNKNOWN,DOCUMENTED_CMF_SCENARIO,12,OFFICIAL_BUDGET_SCENARIO; PROVISIONAL_PORTFOLIO_SCENARIO; ENGINEERING_REVIEW_REQUIRED
PORT_OFF_OPTIMISTIC_B40M_EQ30,OFFICIAL,OPTIMISTIC,40000000.0,0.3,b5b9ee069be3eb2712d0c56c15a8759c984feb56cbc1e7033b4d9f8446311d66,OFFICIAL_OPTIMISTIC_b5b9ee069be3eb2712d0c56c15a8759c984feb56cbc1e7033b4d9f8446311d66,False,False,HCC018,Roosevelt,TRT_002,Road Diet (4-to-3 Lane Conversion),OPTIMISTIC,376256.0,214247644.1983,213871388.1983,569.419874,False,UNKNOWN,DOCUMENTED_CMF_SCENARIO,13,OFFICIAL_BUDGET_SCENARIO; PROVISIONAL_PORTFOLIO_SCENARIO; ENGINEERING_REVIEW_REQUIRED
PORT_OFF_OPTIMISTIC_B40M_EQ30,OFFICIAL,OPTIMISTIC,40000000.0,0.3,b5b9ee069be3eb2712d0c56c15a8759c984feb56cbc1e7033b4d9f8446311d66,OFFICIAL_OPTIMISTIC_b5b9ee069be3eb2712d0c56c15a8759c984feb56cbc1e7033b4d9f8446311d66,False,False,HCC001,Devon,TRT_002,Road Diet (4-to-3 Lane Conversion),OPTIMISTIC,478752.0,205698764.7642,205220012.7642,429.656199,True,UNKNOWN,DOCUMENTED_CMF_SCENARIO,14,OFFICIAL_BUDGET_SCENARIO; PROVISIONAL_PORTFOLIO_SCENARIO; ENGINEERING_REVIEW_REQUIRED
PORT_OFF_OPTIMISTIC_B40M_EQ30,OFFICIAL,OPTIMISTIC,40000000.0,0.3,b5b9ee069be3eb2712d0c56c15a8759c984feb56cbc1e7033b4d9f8446311d66,OFFICIAL_OPTIMISTIC_b5b9ee069be3eb2712d0c56c15a8759c984feb56cbc1e7033b4d9f8446311d66,False,False,HCC024,Western,TRT_002,Road Diet (4-to-3 Lane Conversion),OPTIMISTIC,441440.0,195354202.9447,194912762.9447,442.538517,True,UNKNOWN,DOCUMENTED_CMF_SCENARIO,15,OFFICIAL_BUDGET_SCENARIO; PROVISIONAL_PORTFOLIO_SCENARIO; ENGINEERING_REVIEW_REQUIRED
PORT_OFF_OPTIMISTIC_B40M_EQ30,OFFICIAL,OPTIMISTIC,40000000.0,0.3,b5b9ee069be3eb2712d0c56c15a8759c984feb56cbc1e7033b4d9f8446311d66,OFFICIAL_OPTIMISTIC_b5b9ee069be3eb2712d0c56c15a8759c984feb56cbc1e7033b4d9f8446311d66,False,False,HCC014,Chicago,TRT_002,Road Diet (4-to-3 Lane Conversion),OPTIMISTIC,685472.0,189042141.4837,188356669.4837,275.7839,False,UNKNOWN,DOCUMENTED_CMF_SCENARIO,16,OFFICIAL_BUDGET_SCENARIO; PROVISIONAL_PORTFOLIO_SCENARIO; ENGINEERING_REVIEW_REQUIRED
PORT_OFF_OPTIMISTIC_B40M_EQ30,OFFICIAL,OPTIMISTIC,40000000.0,0.3,b5b9ee069be3eb2712d0c56c15a8759c984feb56cbc1e7033b4d9f8446311d66,OFFICIAL_OPTIMISTIC_b5b9ee069be3eb2712d0c56c15a8759c984feb56cbc1e7033b4d9f8446311d66,False,False,HCC030,87th,TRT_002,Road Diet (4-to-3 Lane Conversion),OPTIMISTIC,482528.0,186560042.9571,186077514.9571,386.630502,True,UNKNOWN,DOCUMENTED_CMF_SCENARIO,17,OFFICIAL_BUDGET_SCENARIO; PROVISIONAL_PORTFOLIO_SCENARIO; ENGINEERING_REVIEW_REQUIRED
PORT_OFF_OPTIMISTIC_B40M_EQ30,OFFICIAL,OPTIMISTIC,40000000.0,0.3,b5b9ee069be3eb2712d0c56c15a8759c984feb56cbc1e7033b4d9f8446311d66,OFFICIAL_OPTIMISTIC_b5b9ee069be3eb2712d0c56c15a8759c984feb56cbc1e7033b4d9f8446311d66,False,False,HCC005,Clark,TRT_002,Road Diet (4-to-3 Lane Conversion),OPTIMISTIC,1020224.0,185137724.9833,184117500.9833,181.467722,False,UNKNOWN,DOCUMENTED_CMF_SCENARIO,18,OFFICIAL_BUDGET_SCENARIO; PROVISIONAL_PORTFOLIO_SCENARIO; ENGINEERING_REVIEW_REQUIRED
PORT_OFF_OPTIMISTIC_B40M_EQ30,OFFICIAL,OPTIMISTIC,40000000.0,0.3,b5b9ee069be3eb2712d0c56c15a8759c984feb56cbc1e7033b4d9f8446311d66,OFFICIAL_OPTIMISTIC_b5b9ee069be3eb2712d0c56c15a8759c984feb56cbc1e7033b4d9f8446311d66,False,False,HCC027,Cottage Grove,TRT_002,Road Diet (4-to-3 Lane Conversion),OPTIMISTIC,484512.0,185005447.2325,184520935.2325,381.838731,True,UNKNOWN,DOCUMENTED_CMF_SCENARIO,19,OFFICIAL_BUDGET_SCENARIO; PROVISIONAL_PORTFOLIO_SCENARIO; ENGINEERING_REVIEW_REQUIRED
PORT_OFF_OPTIMISTIC_B40M_EQ30,OFFICIAL,OPTIMISTIC,40000000.0,0.3,b5b9ee069be3eb2712d0c56c15a8759c984feb56cbc1e7033b4d9f8446311d66,OFFICIAL_OPTIMISTIC_b5b9ee069be3eb2712d0c56c15a8759c984feb56cbc1e7033b4d9f8446311d66,False,False,HCC031,Stony Island,TRT_002,Road Diet (4-to-3 Lane Conversion),OPTIMISTIC,322912.0,184135340.4695,183812428.4695,570.233811,False,UNKNOWN,DOCUMENTED_CMF_SCENARIO,20,OFFICIAL_BUDGET_SCENARIO; PROVISIONAL_PORTFOLIO_SCENARIO; ENGINEERING_REVIEW_REQUIRED
PORT_OFF_OPTIMISTIC_B40M_EQ30,OFFICIAL,OPTIMISTIC,40000000.0,0.3,b5b9ee069be3eb2712d0c56c15a8759c984feb56cbc1e7033b4d9f8446311d66,OFFICIAL_OPTIMISTIC_b5b9ee069be3eb2712d0c56c15a8759c984feb56cbc1e7033b4d9f8446311d66,False,False,HCC026,Halsted,TRT_002,Road Diet (4-to-3 Lane Conversion),OPTIMISTIC,482208.0,170508755.4693,170026547.4693,353.600014,True,UNKNOWN,DOCUMENTED_CMF_SCENARIO,21,OFFICIAL_BUDGET_SCENARIO; PROVISIONAL_PORTFOLIO_SCENARIO; ENGINEERING_REVIEW_REQUIRED
PORT_OFF_OPTIMISTIC_B40M_EQ30,OFFICIAL,OPTIMISTIC,40000000.0,0.3,b5b9ee069be3eb2712d0c56c15a8759c984feb56cbc1e7033b4d9f8446311d66,OFFICIAL_OPTIMISTIC_b5b9ee069be3eb2712d0c56c15a8759c984feb56cbc1e7033b4d9f8446311d66,False,False,HCC009,Damen,TRT_002,Road Diet (4-to-3 Lane Conversion),OPTIMISTIC,664672.0,169988817.3992,169324145.3992,255.748425,False,UNKNOWN,DOCUMENTED_CMF_SCENARIO,22,OFFICIAL_BUDGET_SCENARIO; PROVISIONAL_PORTFOLIO_SCENARIO; ENGINEERING_REVIEW_REQUIRED
PORT_OFF_OPTIMISTIC_B40M_EQ30,OFFICIAL,OPTIMISTIC,40000000.0,0.3,b5b9ee069be3eb2712d0c56c15a8759c984feb56cbc1e7033b4d9f8446311d66,OFFICIAL_OPTIMISTIC_b5b9ee069be3eb2712d0c56c15a8759c984feb56cbc1e7033b4d9f8446311d66,False,False,HCC020,Western Ave/Blvd,TRT_002,Road Diet (4-to-3 Lane Conversion),OPTIMISTIC,782816.0,155132566.1552,154349750.1552,198.172452,True,UNKNOWN,DOCUMENTED_CMF_SCENARIO,23,OFFICIAL_BUDGET_SCENARIO; PROVISIONAL_PORTFOLIO_SCENARIO; ENGINEERING_REVIEW_REQUIRED
PORT_OFF_OPTIMISTIC_B40M_EQ30,OFFICIAL,OPTIMISTIC,40000000.0,0.3,b5b9ee069be3eb2712d0c56c15a8759c984feb56cbc1e7033b4d9f8446311d66,OFFICIAL_OPTIMISTIC_b5b9ee069be3eb2712d0c56c15a8759c984feb56cbc1e7033b4d9f8446311d66,False,False,HCC011,North,TRT_002,Road Diet (4-to-3 Lane Conversion),OPTIMISTIC,326752.0,142258916.8796,141932164.8796,435.37275,True,UNKNOWN,DOCUMENTED_CMF_SCENARIO,24,OFFICIAL_BUDGET_SCENARIO; PROVISIONAL_PORTFOLIO_SCENARIO; ENGINEERING_REVIEW_REQUIRED
PORT_OFF_OPTIMISTIC_B40M_EQ30,OFFICIAL,OPTIMISTIC,40000000.0,0.3,b5b9ee069be3eb2712d0c56c15a8759c984feb56cbc1e7033b4d9f8446311d66,OFFICIAL_OPTIMISTIC_b5b9ee069be3eb2712d0c56c15a8759c984feb56cbc1e7033b4d9f8446311d66,False,False,HCC013,Chicago,TRT_002,Road Diet (4-to-3 Lane Conversion),OPTIMISTIC,322208.0,140875782.6617,140553574.6617,437.220003,True,UNKNOWN,DOCUMENTED_CMF_SCENARIO,25,OFFICIAL_BUDGET_SCENARIO; PROVISIONAL_PORTFOLIO_SCENARIO; ENGINEERING_REVIEW_REQUIRED
PORT_OFF_OPTIMISTIC_B40M_EQ30,OFFICIAL,OPTIMISTIC,40000000.0,0.3,b5b9ee069be3eb2712d0c56c15a8759c984feb56cbc1e7033b4d9f8446311d66,OFFICIAL_OPTIMISTIC_b5b9ee069be3eb2712d0c56c15a8759c984feb56cbc1e7033b4d9f8446311d66,False,False,HCC037,State,TRT_002,Road Diet (4-to-3 Lane Conversion),OPTIMISTIC,489024.0,139203606.9978,138714582.9978,284.655982,False,UNKNOWN,DOCUMENTED_CMF_SCENARIO,26,OFFICIAL_BUDGET_SCENARIO; PROVISIONAL_PORTFOLIO_SCENARIO; ENGINEERING_REVIEW_REQUIRED
PORT_OFF_OPTIMISTIC_B40M_EQ30,OFFICIAL,OPTIMISTIC,40000000.0,0.3,b5b9ee069be3eb2712d0c56c15a8759c984feb56cbc1e7033b4d9f8446311d66,OFFICIAL_OPTIMISTIC_b5b9ee069be3eb2712d0c56c15a8759c984feb56cbc1e7033b4d9f8446311d66,False,False,HCC029,79th,TRT_002,Road Diet (4-to-3 Lane Conversion),OPTIMISTIC,360448.0,133166012.6571,132805564.6571,369.445836,True,UNKNOWN,DOCUMENTED_CMF_SCENARIO,27,OFFICIAL_BUDGET_SCENARIO; PROVISIONAL_PORTFOLIO_SCENARIO; ENGINEERING_REVIEW_REQUIRED
PORT_OFF_OPTIMISTIC_B40M_EQ30,OFFICIAL,OPTIMISTIC,40000000.0,0.3,b5b9ee069be3eb2712d0c56c15a8759c984feb56cbc1e7033b4d9f8446311d66,OFFICIAL_OPTIMISTIC_b5b9ee069be3eb2712d0c56c15a8759c984feb56cbc1e7033b4d9f8446311d66,False,False,HCC012,Chicago,TRT_002,Road Diet (4-to-3 Lane Conversion),OPTIMISTIC,323264.0,128267809.1504,127944545.1504,396.789649,True,UNKNOWN,DOCUMENTED_CMF_SCENARIO,28,OFFICIAL_BUDGET_SCENARIO; PROVISIONAL_PORTFOLIO_SCENARIO; ENGINEERING_REVIEW_REQUIRED
PORT_OFF_OPTIMISTIC_B40M_EQ30,OFFICIAL,OPTIMISTIC,40000000.0,0.3,b5b9ee069be3eb2712d0c56c15a8759c984feb56cbc1e7033b4d9f8446311d66,OFFICIAL_OPTIMISTIC_b5b9ee069be3eb2712d0c56c15a8759c984feb56cbc1e7033b4d9f8446311d66,False,False,HCC022,Garfield,TRT_002,Road Diet (4-to-3 Lane Conversion),OPTIMISTIC,482400.0,128137893.3653,127655493.3653,265.625815,True,UNKNOWN,DOCUMENTED_CMF_SCENARIO,29,OFFICIAL_BUDGET_SCENARIO; PROVISIONAL_PORTFOLIO_SCENARIO; ENGINEERING_REVIEW_REQUIRED
PORT_OFF_OPTIMISTIC_B40M_EQ30,OFFICIAL,OPTIMISTIC,40000000.0,0.3,b5b9ee069be3eb2712d0c56c15a8759c984feb56cbc1e7033b4d9f8446311d66,OFFICIAL_OPTIMISTIC_b5b9ee069be3eb2712d0c56c15a8759c984feb56cbc1e7033b4d9f8446311d66,False,False,HCC035,Ohio,TRT_002,Road Diet (4-to-3 Lane Conversion),OPTIMISTIC,277408.0,125338523.8503,125061115.8503,451.820149,False,UNKNOWN,DOCUMENTED_CMF_SCENARIO,30,OFFICIAL_BUDGET_SCENARIO; PROVISIONAL_PORTFOLIO_SCENARIO; ENGINEERING_REVIEW_REQUIRED
PORT_OFF_OPTIMISTIC_B40M_EQ30,OFFICIAL,OPTIMISTIC,40000000.0,0.3,b5b9ee069be3eb2712d0c56c15a8759c984feb56cbc1e7033b4d9f8446311d66,OFFICIAL_OPTIMISTIC_b5b9ee069be3eb2712d0c56c15a8759c984feb56cbc1e7033b4d9f8446311d66,False,False,HCC002,Broadway,TRT_002,Road Diet (4-to-3 Lane Conversion),OPTIMISTIC,592192.0,125166108.4991,124573916.4991,211.360688,False,UNKNOWN,DOCUMENTED_CMF_SCENARIO,31,OFFICIAL_BUDGET_SCENARIO; PROVISIONAL_PORTFOLIO_SCENARIO; ENGINEERING_REVIEW_REQUIRED
PORT_OFF_OPTIMISTIC_B40M_EQ30,OFFICIAL,OPTIMISTIC,40000000.0,0.3,b5b9ee069be3eb2712d0c56c15a8759c984feb56cbc1e7033b4d9f8446311d66,OFFICIAL_OPTIMISTIC_b5b9ee069be3eb2712d0c56c15a8759c984feb56cbc1e7033b4d9f8446311d66,False,False,HCC004,Belmont,TRT_002,Road Diet (4-to-3 Lane Conversion),OPTIMISTIC,321408.0,123015008.7665,122693600.7665,382.737856,False,UNKNOWN,DOCUMENTED_CMF_SCENARIO,32,OFFICIAL_BUDGET_SCENARIO; PROVISIONAL_PORTFOLIO_SCENARIO; ENGINEERING_REVIEW_REQUIRED
PORT_OFF_OPTIMISTIC_B40M_EQ30,OFFICIAL,OPTIMISTIC,40000000.0,0.3,b5b9ee069be3eb2712d0c56c15a8759c984feb56cbc1e7033b4d9f8446311d66,OFFICIAL_OPTIMISTIC_b5b9ee069be3eb2712d0c56c15a8759c984feb56cbc1e7033b4d9f8446311d66,False,False,HCC034,Ontario,TRT_002,Road Diet (4-to-3 Lane Conversion),OPTIMISTIC,277344.0,100604562.4921,100327218.4921,362.742884,False,UNKNOWN,DOCUMENTED_CMF_SCENARIO,33,OFFICIAL_BUDGET_SCENARIO; PROVISIONAL_PORTFOLIO_SCENARIO; ENGINEERING_REVIEW_REQUIRED
PORT_OFF_OPTIMISTIC_B40M_EQ30,OFFICIAL,OPTIMISTIC,40000000.0,0.3,b5b9ee069be3eb2712d0c56c15a8759c984feb56cbc1e7033b4d9f8446311d66,OFFICIAL_OPTIMISTIC_b5b9ee069be3eb2712d0c56c15a8759c984feb56cbc1e7033b4d9f8446311d66,False,False,HCC043,Congress,TRT_002,Road Diet (4-to-3 Lane Conversion),OPTIMISTIC,155168.0,93392711.7652,93237543.7652,601.881263,False,UNKNOWN,DOCUMENTED_CMF_SCENARIO,34,OFFICIAL_BUDGET_SCENARIO; PROVISIONAL_PORTFOLIO_SCENARIO; ENGINEERING_REVIEW_REQUIRED
PORT_OFF_OPTIMISTIC_B40M_EQ30,OFFICIAL,OPTIMISTIC,40000000.0,0.3,b5b9ee069be3eb2712d0c56c15a8759c984feb56cbc1e7033b4d9f8446311d66,OFFICIAL_OPTIMISTIC_b5b9ee069be3eb2712d0c56c15a8759c984feb56cbc1e7033b4d9f8446311d66,False,False,HCC003,Western,TRT_002,Road Diet (4-to-3 Lane Conversion),OPTIMISTIC,322592.0,92679785.9591,92357193.9591,287.297224,False,UNKNOWN,DOCUMENTED_CMF_SCENARIO,35,OFFICIAL_BUDGET_SCENARIO; PROVISIONAL_PORTFOLIO_SCENARIO; ENGINEERING_REVIEW_REQUIRED
PORT_OFF_OPTIMISTIC_B40M_EQ30,OFFICIAL,OPTIMISTIC,40000000.0,0.3,b5b9ee069be3eb2712d0c56c15a8759c984feb56cbc1e7033b4d9f8446311d66,OFFICIAL_OPTIMISTIC_b5b9ee069be3eb2712d0c56c15a8759c984feb56cbc1e7033b4d9f8446311d66,False,False,HCC028,Ashland,TRT_002,Road Diet (4-to-3 Lane Conversion),OPTIMISTIC,361920.0,91203981.8137,90842061.8137,252.000392,True,UNKNOWN,DOCUMENTED_CMF_SCENARIO,36,OFFICIAL_BUDGET_SCENARIO; PROVISIONAL_PORTFOLIO_SCENARIO; ENGINEERING_REVIEW_REQUIRED
PORT_OFF_OPTIMISTIC_B40M_EQ30,OFFICIAL,OPTIMISTIC,40000000.0,0.3,b5b9ee069be3eb2712d0c56c15a8759c984feb56cbc1e7033b4d9f8446311d66,OFFICIAL_OPTIMISTIC_b5b9ee069be3eb2712d0c56c15a8759c984feb56cbc1e7033b4d9f8446311d66,False,False,HCC040,Washington,TRT_002,Road Diet (4-to-3 Lane Conversion),OPTIMISTIC,204576.0,83267613.8539,83063037.8539,407.02533,False,UNKNOWN,DOCUMENTED_CMF_SCENARIO,37,OFFICIAL_BUDGET_SCENARIO; PROVISIONAL_PORTFOLIO_SCENARIO; ENGINEERING_REVIEW_REQUIRED
PORT_OFF_OPTIMISTIC_B40M_EQ30,OFFICIAL,OPTIMISTIC,40000000.0,0.3,b5b9ee069be3eb2712d0c56c15a8759c984feb56cbc1e7033b4d9f8446311d66,OFFICIAL_OPTIMISTIC_b5b9ee069be3eb2712d0c56c15a8759c984feb56cbc1e7033b4d9f8446311d66,False,False,HCC038,Fairbanks,TRT_002,Road Diet (4-to-3 Lane Conversion),OPTIMISTIC,120448.0,50364767.0629,50244319.0629,418.145316,False,UNKNOWN,DOCUMENTED_CMF_SCENARIO,38,OFFICIAL_BUDGET_SCENARIO; PROVISIONAL_PORTFOLIO_SCENARIO; ENGINEERING_REVIEW_REQUIRED
PORT_OFF_OPTIMISTIC_B40M_EQ30,OFFICIAL,OPTIMISTIC,40000000.0,0.3,b5b9ee069be3eb2712d0c56c15a8759c984feb56cbc1e7033b4d9f8446311d66,OFFICIAL_OPTIMISTIC_b5b9ee069be3eb2712d0c56c15a8759c984feb56cbc1e7033b4d9f8446311d66,False,False,HCC041,Randolph,TRT_002,Road Diet (4-to-3 Lane Conversion),OPTIMISTIC,107040.0,39032070.8097,38925030.8097,364.649391,False,UNKNOWN,DOCUMENTED_CMF_SCENARIO,39,OFFICIAL_BUDGET_SCENARIO; PROVISIONAL_PORTFOLIO_SCENARIO; ENGINEERING_REVIEW_REQUIRED
PORT_OFF_OPTIMISTIC_B40M_EQ30,OFFICIAL,OPTIMISTIC,40000000.0,0.3,b5b9ee069be3eb2712d0c56c15a8759c984feb56cbc1e7033b4d9f8446311d66,OFFICIAL_OPTIMISTIC_b5b9ee069be3eb2712d0c56c15a8759c984feb56cbc1e7033b4d9f8446311d66,False,False,HCC042,Dearborn,TRT_002,Road Diet (4-to-3 Lane Conversion),OPTIMISTIC,111040.0,38029844.2033,37918804.2033,342.48779,False,UNKNOWN,DOCUMENTED_CMF_SCENARIO,40,OFFICIAL_BUDGET_SCENARIO; PROVISIONAL_PORTFOLIO_SCENARIO; ENGINEERING_REVIEW_REQUIRED
PORT_OFF_OPTIMISTIC_B40M_EQ30,OFFICIAL,OPTIMISTIC,40000000.0,0.3,b5b9ee069be3eb2712d0c56c15a8759c984feb56cbc1e7033b4d9f8446311d66,OFFICIAL_OPTIMISTIC_b5b9ee069be3eb2712d0c56c15a8759c984feb56cbc1e7033b4d9f8446311d66,False,False,HCC033,Orleans,TRT_002,Road Diet (4-to-3 Lane Conversion),OPTIMISTIC,92256.0,34724038.4684,34631782.4684,376.387861,False,UNKNOWN,DOCUMENTED_CMF_SCENARIO,41,OFFICIAL_BUDGET_SCENARIO; PROVISIONAL_PORTFOLIO_SCENARIO; ENGINEERING_REVIEW_REQUIRED
PORT_OFF_OPTIMISTIC_B40M_EQ30,OFFICIAL,OPTIMISTIC,40000000.0,0.3,b5b9ee069be3eb2712d0c56c15a8759c984feb56cbc1e7033b4d9f8446311d66,OFFICIAL_OPTIMISTIC_b5b9ee069be3eb2712d0c56c15a8759c984feb56cbc1e7033b4d9f8446311d66,False,False,HCC036,LaSalle,TRT_002,Road Diet (4-to-3 Lane Conversion),OPTIMISTIC,138720.0,32032127.3185,31893407.3185,230.912106,False,UNKNOWN,DOCUMENTED_CMF_SCENARIO,42,OFFICIAL_BUDGET_SCENARIO; PROVISIONAL_PORTFOLIO_SCENARIO; ENGINEERING_REVIEW_REQUIRED
PORT_OFF_OPTIMISTIC_B40M_EQ30,OFFICIAL,OPTIMISTIC,40000000.0,0.3,b5b9ee069be3eb2712d0c56c15a8759c984feb56cbc1e7033b4d9f8446311d66,OFFICIAL_OPTIMISTIC_b5b9ee069be3eb2712d0c56c15a8759c984feb56cbc1e7033b4d9f8446311d66,False,False,HCC019,Lake Shore Drive,TRT_001,Pedestrian Refuge Islands & Medians,OPTIMISTIC,96000.0,30228256.9073,30132256.9073,314.877676,False,UNKNOWN,DOCUMENTED_CMF_SCENARIO,43,OFFICIAL_BUDGET_SCENARIO; PROVISIONAL_PORTFOLIO_SCENARIO; ENGINEERING_REVIEW_REQUIRED
PORT_OFF_OPTIMISTIC_B40M_EQ40,OFFICIAL,OPTIMISTIC,40000000.0,0.4,b5b9ee069be3eb2712d0c56c15a8759c984feb56cbc1e7033b4d9f8446311d66,OFFICIAL_OPTIMISTIC_b5b9ee069be3eb2712d0c56c15a8759c984feb56cbc1e7033b4d9f8446311d66,False,False,HCC006,Fullerton,TRT_002,Road Diet (4-to-3 Lane Conversion),OPTIMISTIC,1331808.0,409286444.8041,407954636.8041,307.316404,False,UNKNOWN,DOCUMENTED_CMF_SCENARIO,1,OFFICIAL_BUDGET_SCENARIO; PROVISIONAL_PORTFOLIO_SCENARIO; ENGINEERING_REVIEW_REQUIRED
PORT_OFF_OPTIMISTIC_B40M_EQ40,OFFICIAL,OPTIMISTIC,40000000.0,0.4,b5b9ee069be3eb2712d0c56c15a8759c984feb56cbc1e7033b4d9f8446311d66,OFFICIAL_OPTIMISTIC_b5b9ee069be3eb2712d0c56c15a8759c984feb56cbc1e7033b4d9f8446311d66,False,False,HCC017,Pulaski,TRT_002,Road Diet (4-to-3 Lane Conversion),OPTIMISTIC,806336.0,390914965.5085,390108629.5085,484.804059,True,UNKNOWN,DOCUMENTED_CMF_SCENARIO,2,OFFICIAL_BUDGET_SCENARIO; PROVISIONAL_PORTFOLIO_SCENARIO; ENGINEERING_REVIEW_REQUIRED
PORT_OFF_OPTIMISTIC_B40M_EQ40,OFFICIAL,OPTIMISTIC,40000000.0,0.4,b5b9ee069be3eb2712d0c56c15a8759c984feb56cbc1e7033b4d9f8446311d66,OFFICIAL_OPTIMISTIC_b5b9ee069be3eb2712d0c56c15a8759c984feb56cbc1e7033b4d9f8446311d66,False,False,HCC016,Cicero,TRT_002,Road Diet (4-to-3 Lane Conversion),OPTIMISTIC,562624.0,367491567.7291,366928943.7291,653.174354,True,UNKNOWN,DOCUMENTED_CMF_SCENARIO,3,OFFICIAL_BUDGET_SCENARIO; PROVISIONAL_PORTFOLIO_SCENARIO; ENGINEERING_REVIEW_REQUIRED
PORT_OFF_OPTIMISTIC_B40M_EQ40,OFFICIAL,OPTIMISTIC,40000000.0,0.4,b5b9ee069be3eb2712d0c56c15a8759c984feb56cbc1e7033b4d9f8446311d66,OFFICIAL_OPTIMISTIC_b5b9ee069be3eb2712d0c56c15a8759c984feb56cbc1e7033b4d9f8446311d66,False,False,HCC032,Michigan,TRT_002,Road Diet (4-to-3 Lane Conversion),OPTIMISTIC,738080.0,364682607.9092,363944527.9092,494.096315,False,UNKNOWN,DOCUMENTED_CMF_SCENARIO,4,OFFICIAL_BUDGET_SCENARIO; PROVISIONAL_PORTFOLIO_SCENARIO; ENGINEERING_REVIEW_REQUIRED
PORT_OFF_OPTIMISTIC_B40M_EQ40,OFFICIAL,OPTIMISTIC,40000000.0,0.4,b5b9ee069be3eb2712d0c56c15a8759c984feb56cbc1e7033b4d9f8446311d66,OFFICIAL_OPTIMISTIC_b5b9ee069be3eb2712d0c56c15a8759c984feb56cbc1e7033b4d9f8446311d66,False,False,HCC025,Stony Island,TRT_002,Road Diet (4-to-3 Lane Conversion),OPTIMISTIC,643552.0,331619250.7909,330975698.7909,515.295191,True,UNKNOWN,DOCUMENTED_CMF_SCENARIO,5,OFFICIAL_BUDGET_SCENARIO; PROVISIONAL_PORTFOLIO_SCENARIO; ENGINEERING_REVIEW_REQUIRED
PORT_OFF_OPTIMISTIC_B40M_EQ40,OFFICIAL,OPTIMISTIC,40000000.0,0.4,b5b9ee069be3eb2712d0c56c15a8759c984feb56cbc1e7033b4d9f8446311d66,OFFICIAL_OPTIMISTIC_b5b9ee069be3eb2712d0c56c15a8759c984feb56cbc1e7033b4d9f8446311d66,False,False,HCC021,Pulaski,TRT_002,Road Diet (4-to-3 Lane Conversion),OPTIMISTIC,844224.0,326712117.3851,325867893.3851,386.996955,True,UNKNOWN,DOCUMENTED_CMF_SCENARIO,6,OFFICIAL_BUDGET_SCENARIO; PROVISIONAL_PORTFOLIO_SCENARIO; ENGINEERING_REVIEW_REQUIRED
PORT_OFF_OPTIMISTIC_B40M_EQ40,OFFICIAL,OPTIMISTIC,40000000.0,0.4,b5b9ee069be3eb2712d0c56c15a8759c984feb56cbc1e7033b4d9f8446311d66,OFFICIAL_OPTIMISTIC_b5b9ee069be3eb2712d0c56c15a8759c984feb56cbc1e7033b4d9f8446311d66,False,False,HCC015,Lake,TRT_002,Road Diet (4-to-3 Lane Conversion),OPTIMISTIC,609952.0,308509064.483,307899112.483,505.792365,True,UNKNOWN,DOCUMENTED_CMF_SCENARIO,7,OFFICIAL_BUDGET_SCENARIO; PROVISIONAL_PORTFOLIO_SCENARIO; ENGINEERING_REVIEW_REQUIRED
PORT_OFF_OPTIMISTIC_B40M_EQ40,OFFICIAL,OPTIMISTIC,40000000.0,0.4,b5b9ee069be3eb2712d0c56c15a8759c984feb56cbc1e7033b4d9f8446311d66,OFFICIAL_OPTIMISTIC_b5b9ee069be3eb2712d0c56c15a8759c984feb56cbc1e7033b4d9f8446311d66,False,False,HCC008,Milwaukee,TRT_002,Road Diet (4-to-3 Lane Conversion),OPTIMISTIC,1132928.0,288052420.6224,286919492.6224,254.254834,False,UNKNOWN,DOCUMENTED_CMF_SCENARIO,8,OFFICIAL_BUDGET_SCENARIO; PROVISIONAL_PORTFOLIO_SCENARIO; ENGINEERING_REVIEW_REQUIRED
PORT_OFF_OPTIMISTIC_B40M_EQ40,OFFICIAL,OPTIMISTIC,40000000.0,0.4,b5b9ee069be3eb2712d0c56c15a8759c984feb56cbc1e7033b4d9f8446311d66,OFFICIAL_OPTIMISTIC_b5b9ee069be3eb2712d0c56c15a8759c984feb56cbc1e7033b4d9f8446311d66,False,False,HCC010,Ashland,TRT_002,Road Diet (4-to-3 Lane Conversion),OPTIMISTIC,1080000.0,282876963.8617,281796963.8617,261.923115,False,UNKNOWN,DOCUMENTED_CMF_SCENARIO,9,OFFICIAL_BUDGET_SCENARIO; PROVISIONAL_PORTFOLIO_SCENARIO; ENGINEERING_REVIEW_REQUIRED
PORT_OFF_OPTIMISTIC_B40M_EQ40,OFFICIAL,OPTIMISTIC,40000000.0,0.4,b5b9ee069be3eb2712d0c56c15a8759c984feb56cbc1e7033b4d9f8446311d66,OFFICIAL_OPTIMISTIC_b5b9ee069be3eb2712d0c56c15a8759c984feb56cbc1e7033b4d9f8446311d66,False,False,HCC023,Ashland,TRT_002,Road Diet (4-to-3 Lane Conversion),OPTIMISTIC,401920.0,238839477.9147,238437557.9147,594.246312,True,UNKNOWN,DOCUMENTED_CMF_SCENARIO,10,OFFICIAL_BUDGET_SCENARIO; PROVISIONAL_PORTFOLIO_SCENARIO; ENGINEERING_REVIEW_REQUIRED
PORT_OFF_OPTIMISTIC_B40M_EQ40,OFFICIAL,OPTIMISTIC,40000000.0,0.4,b5b9ee069be3eb2712d0c56c15a8759c984feb56cbc1e7033b4d9f8446311d66,OFFICIAL_OPTIMISTIC_b5b9ee069be3eb2712d0c56c15a8759c984feb56cbc1e7033b4d9f8446311d66,False,False,HCC007,Western,TRT_002,Road Diet (4-to-3 Lane Conversion),OPTIMISTIC,840448.0,227671027.646,226830579.646,270.892462,False,UNKNOWN,DOCUMENTED_CMF_SCENARIO,11,OFFICIAL_BUDGET_SCENARIO; PROVISIONAL_PORTFOLIO_SCENARIO; ENGINEERING_REVIEW_REQUIRED
PORT_OFF_OPTIMISTIC_B40M_EQ40,OFFICIAL,OPTIMISTIC,40000000.0,0.4,b5b9ee069be3eb2712d0c56c15a8759c984feb56cbc1e7033b4d9f8446311d66,OFFICIAL_OPTIMISTIC_b5b9ee069be3eb2712d0c56c15a8759c984feb56cbc1e7033b4d9f8446311d66,False,False,HCC039,Wacker,TRT_002,Road Diet (4-to-3 Lane Conversion),OPTIMISTIC,564160.0,219381850.6576,218817690.6576,388.864596,False,UNKNOWN,DOCUMENTED_CMF_SCENARIO,12,OFFICIAL_BUDGET_SCENARIO; PROVISIONAL_PORTFOLIO_SCENARIO; ENGINEERING_REVIEW_REQUIRED
PORT_OFF_OPTIMISTIC_B40M_EQ40,OFFICIAL,OPTIMISTIC,40000000.0,0.4,b5b9ee069be3eb2712d0c56c15a8759c984feb56cbc1e7033b4d9f8446311d66,OFFICIAL_OPTIMISTIC_b5b9ee069be3eb2712d0c56c15a8759c984feb56cbc1e7033b4d9f8446311d66,False,False,HCC018,Roosevelt,TRT_002,Road Diet (4-to-3 Lane Conversion),OPTIMISTIC,376256.0,214247644.1983,213871388.1983,569.419874,False,UNKNOWN,DOCUMENTED_CMF_SCENARIO,13,OFFICIAL_BUDGET_SCENARIO; PROVISIONAL_PORTFOLIO_SCENARIO; ENGINEERING_REVIEW_REQUIRED
PORT_OFF_OPTIMISTIC_B40M_EQ40,OFFICIAL,OPTIMISTIC,40000000.0,0.4,b5b9ee069be3eb2712d0c56c15a8759c984feb56cbc1e7033b4d9f8446311d66,OFFICIAL_OPTIMISTIC_b5b9ee069be3eb2712d0c56c15a8759c984feb56cbc1e7033b4d9f8446311d66,False,False,HCC001,Devon,TRT_002,Road Diet (4-to-3 Lane Conversion),OPTIMISTIC,478752.0,205698764.7642,205220012.7642,429.656199,True,UNKNOWN,DOCUMENTED_CMF_SCENARIO,14,OFFICIAL_BUDGET_SCENARIO; PROVISIONAL_PORTFOLIO_SCENARIO; ENGINEERING_REVIEW_REQUIRED
PORT_OFF_OPTIMISTIC_B40M_EQ40,OFFICIAL,OPTIMISTIC,40000000.0,0.4,b5b9ee069be3eb2712d0c56c15a8759c984feb56cbc1e7033b4d9f8446311d66,OFFICIAL_OPTIMISTIC_b5b9ee069be3eb2712d0c56c15a8759c984feb56cbc1e7033b4d9f8446311d66,False,False,HCC024,Western,TRT_002,Road Diet (4-to-3 Lane Conversion),OPTIMISTIC,441440.0,195354202.9447,194912762.9447,442.538517,True,UNKNOWN,DOCUMENTED_CMF_SCENARIO,15,OFFICIAL_BUDGET_SCENARIO; PROVISIONAL_PORTFOLIO_SCENARIO; ENGINEERING_REVIEW_REQUIRED
PORT_OFF_OPTIMISTIC_B40M_EQ40,OFFICIAL,OPTIMISTIC,40000000.0,0.4,b5b9ee069be3eb2712d0c56c15a8759c984feb56cbc1e7033b4d9f8446311d66,OFFICIAL_OPTIMISTIC_b5b9ee069be3eb2712d0c56c15a8759c984feb56cbc1e7033b4d9f8446311d66,False,False,HCC014,Chicago,TRT_002,Road Diet (4-to-3 Lane Conversion),OPTIMISTIC,685472.0,189042141.4837,188356669.4837,275.7839,False,UNKNOWN,DOCUMENTED_CMF_SCENARIO,16,OFFICIAL_BUDGET_SCENARIO; PROVISIONAL_PORTFOLIO_SCENARIO; ENGINEERING_REVIEW_REQUIRED
PORT_OFF_OPTIMISTIC_B40M_EQ40,OFFICIAL,OPTIMISTIC,40000000.0,0.4,b5b9ee069be3eb2712d0c56c15a8759c984feb56cbc1e7033b4d9f8446311d66,OFFICIAL_OPTIMISTIC_b5b9ee069be3eb2712d0c56c15a8759c984feb56cbc1e7033b4d9f8446311d66,False,False,HCC030,87th,TRT_002,Road Diet (4-to-3 Lane Conversion),OPTIMISTIC,482528.0,186560042.9571,186077514.9571,386.630502,True,UNKNOWN,DOCUMENTED_CMF_SCENARIO,17,OFFICIAL_BUDGET_SCENARIO; PROVISIONAL_PORTFOLIO_SCENARIO; ENGINEERING_REVIEW_REQUIRED
PORT_OFF_OPTIMISTIC_B40M_EQ40,OFFICIAL,OPTIMISTIC,40000000.0,0.4,b5b9ee069be3eb2712d0c56c15a8759c984feb56cbc1e7033b4d9f8446311d66,OFFICIAL_OPTIMISTIC_b5b9ee069be3eb2712d0c56c15a8759c984feb56cbc1e7033b4d9f8446311d66,False,False,HCC005,Clark,TRT_002,Road Diet (4-to-3 Lane Conversion),OPTIMISTIC,1020224.0,185137724.9833,184117500.9833,181.467722,False,UNKNOWN,DOCUMENTED_CMF_SCENARIO,18,OFFICIAL_BUDGET_SCENARIO; PROVISIONAL_PORTFOLIO_SCENARIO; ENGINEERING_REVIEW_REQUIRED
PORT_OFF_OPTIMISTIC_B40M_EQ40,OFFICIAL,OPTIMISTIC,40000000.0,0.4,b5b9ee069be3eb2712d0c56c15a8759c984feb56cbc1e7033b4d9f8446311d66,OFFICIAL_OPTIMISTIC_b5b9ee069be3eb2712d0c56c15a8759c984feb56cbc1e7033b4d9f8446311d66,False,False,HCC027,Cottage Grove,TRT_002,Road Diet (4-to-3 Lane Conversion),OPTIMISTIC,484512.0,185005447.2325,184520935.2325,381.838731,True,UNKNOWN,DOCUMENTED_CMF_SCENARIO,19,OFFICIAL_BUDGET_SCENARIO; PROVISIONAL_PORTFOLIO_SCENARIO; ENGINEERING_REVIEW_REQUIRED
PORT_OFF_OPTIMISTIC_B40M_EQ40,OFFICIAL,OPTIMISTIC,40000000.0,0.4,b5b9ee069be3eb2712d0c56c15a8759c984feb56cbc1e7033b4d9f8446311d66,OFFICIAL_OPTIMISTIC_b5b9ee069be3eb2712d0c56c15a8759c984feb56cbc1e7033b4d9f8446311d66,False,False,HCC031,Stony Island,TRT_002,Road Diet (4-to-3 Lane Conversion),OPTIMISTIC,322912.0,184135340.4695,183812428.4695,570.233811,False,UNKNOWN,DOCUMENTED_CMF_SCENARIO,20,OFFICIAL_BUDGET_SCENARIO; PROVISIONAL_PORTFOLIO_SCENARIO; ENGINEERING_REVIEW_REQUIRED
PORT_OFF_OPTIMISTIC_B40M_EQ40,OFFICIAL,OPTIMISTIC,40000000.0,0.4,b5b9ee069be3eb2712d0c56c15a8759c984feb56cbc1e7033b4d9f8446311d66,OFFICIAL_OPTIMISTIC_b5b9ee069be3eb2712d0c56c15a8759c984feb56cbc1e7033b4d9f8446311d66,False,False,HCC026,Halsted,TRT_002,Road Diet (4-to-3 Lane Conversion),OPTIMISTIC,482208.0,170508755.4693,170026547.4693,353.600014,True,UNKNOWN,DOCUMENTED_CMF_SCENARIO,21,OFFICIAL_BUDGET_SCENARIO; PROVISIONAL_PORTFOLIO_SCENARIO; ENGINEERING_REVIEW_REQUIRED
PORT_OFF_OPTIMISTIC_B40M_EQ40,OFFICIAL,OPTIMISTIC,40000000.0,0.4,b5b9ee069be3eb2712d0c56c15a8759c984feb56cbc1e7033b4d9f8446311d66,OFFICIAL_OPTIMISTIC_b5b9ee069be3eb2712d0c56c15a8759c984feb56cbc1e7033b4d9f8446311d66,False,False,HCC009,Damen,TRT_002,Road Diet (4-to-3 Lane Conversion),OPTIMISTIC,664672.0,169988817.3992,169324145.3992,255.748425,False,UNKNOWN,DOCUMENTED_CMF_SCENARIO,22,OFFICIAL_BUDGET_SCENARIO; PROVISIONAL_PORTFOLIO_SCENARIO; ENGINEERING_REVIEW_REQUIRED
PORT_OFF_OPTIMISTIC_B40M_EQ40,OFFICIAL,OPTIMISTIC,40000000.0,0.4,b5b9ee069be3eb2712d0c56c15a8759c984feb56cbc1e7033b4d9f8446311d66,OFFICIAL_OPTIMISTIC_b5b9ee069be3eb2712d0c56c15a8759c984feb56cbc1e7033b4d9f8446311d66,False,False,HCC020,Western Ave/Blvd,TRT_002,Road Diet (4-to-3 Lane Conversion),OPTIMISTIC,782816.0,155132566.1552,154349750.1552,198.172452,True,UNKNOWN,DOCUMENTED_CMF_SCENARIO,23,OFFICIAL_BUDGET_SCENARIO; PROVISIONAL_PORTFOLIO_SCENARIO; ENGINEERING_REVIEW_REQUIRED
PORT_OFF_OPTIMISTIC_B40M_EQ40,OFFICIAL,OPTIMISTIC,40000000.0,0.4,b5b9ee069be3eb2712d0c56c15a8759c984feb56cbc1e7033b4d9f8446311d66,OFFICIAL_OPTIMISTIC_b5b9ee069be3eb2712d0c56c15a8759c984feb56cbc1e7033b4d9f8446311d66,False,False,HCC011,North,TRT_002,Road Diet (4-to-3 Lane Conversion),OPTIMISTIC,326752.0,142258916.8796,141932164.8796,435.37275,True,UNKNOWN,DOCUMENTED_CMF_SCENARIO,24,OFFICIAL_BUDGET_SCENARIO; PROVISIONAL_PORTFOLIO_SCENARIO; ENGINEERING_REVIEW_REQUIRED
PORT_OFF_OPTIMISTIC_B40M_EQ40,OFFICIAL,OPTIMISTIC,40000000.0,0.4,b5b9ee069be3eb2712d0c56c15a8759c984feb56cbc1e7033b4d9f8446311d66,OFFICIAL_OPTIMISTIC_b5b9ee069be3eb2712d0c56c15a8759c984feb56cbc1e7033b4d9f8446311d66,False,False,HCC013,Chicago,TRT_002,Road Diet (4-to-3 Lane Conversion),OPTIMISTIC,322208.0,140875782.6617,140553574.6617,437.220003,True,UNKNOWN,DOCUMENTED_CMF_SCENARIO,25,OFFICIAL_BUDGET_SCENARIO; PROVISIONAL_PORTFOLIO_SCENARIO; ENGINEERING_REVIEW_REQUIRED
PORT_OFF_OPTIMISTIC_B40M_EQ40,OFFICIAL,OPTIMISTIC,40000000.0,0.4,b5b9ee069be3eb2712d0c56c15a8759c984feb56cbc1e7033b4d9f8446311d66,OFFICIAL_OPTIMISTIC_b5b9ee069be3eb2712d0c56c15a8759c984feb56cbc1e7033b4d9f8446311d66,False,False,HCC037,State,TRT_002,Road Diet (4-to-3 Lane Conversion),OPTIMISTIC,489024.0,139203606.9978,138714582.9978,284.655982,False,UNKNOWN,DOCUMENTED_CMF_SCENARIO,26,OFFICIAL_BUDGET_SCENARIO; PROVISIONAL_PORTFOLIO_SCENARIO; ENGINEERING_REVIEW_REQUIRED
PORT_OFF_OPTIMISTIC_B40M_EQ40,OFFICIAL,OPTIMISTIC,40000000.0,0.4,b5b9ee069be3eb2712d0c56c15a8759c984feb56cbc1e7033b4d9f8446311d66,OFFICIAL_OPTIMISTIC_b5b9ee069be3eb2712d0c56c15a8759c984feb56cbc1e7033b4d9f8446311d66,False,False,HCC029,79th,TRT_002,Road Diet (4-to-3 Lane Conversion),OPTIMISTIC,360448.0,133166012.6571,132805564.6571,369.445836,True,UNKNOWN,DOCUMENTED_CMF_SCENARIO,27,OFFICIAL_BUDGET_SCENARIO; PROVISIONAL_PORTFOLIO_SCENARIO; ENGINEERING_REVIEW_REQUIRED
PORT_OFF_OPTIMISTIC_B40M_EQ40,OFFICIAL,OPTIMISTIC,40000000.0,0.4,b5b9ee069be3eb2712d0c56c15a8759c984feb56cbc1e7033b4d9f8446311d66,OFFICIAL_OPTIMISTIC_b5b9ee069be3eb2712d0c56c15a8759c984feb56cbc1e7033b4d9f8446311d66,False,False,HCC012,Chicago,TRT_002,Road Diet (4-to-3 Lane Conversion),OPTIMISTIC,323264.0,128267809.1504,127944545.1504,396.789649,True,UNKNOWN,DOCUMENTED_CMF_SCENARIO,28,OFFICIAL_BUDGET_SCENARIO; PROVISIONAL_PORTFOLIO_SCENARIO; ENGINEERING_REVIEW_REQUIRED
PORT_OFF_OPTIMISTIC_B40M_EQ40,OFFICIAL,OPTIMISTIC,40000000.0,0.4,b5b9ee069be3eb2712d0c56c15a8759c984feb56cbc1e7033b4d9f8446311d66,OFFICIAL_OPTIMISTIC_b5b9ee069be3eb2712d0c56c15a8759c984feb56cbc1e7033b4d9f8446311d66,False,False,HCC022,Garfield,TRT_002,Road Diet (4-to-3 Lane Conversion),OPTIMISTIC,482400.0,128137893.3653,127655493.3653,265.625815,True,UNKNOWN,DOCUMENTED_CMF_SCENARIO,29,OFFICIAL_BUDGET_SCENARIO; PROVISIONAL_PORTFOLIO_SCENARIO; ENGINEERING_REVIEW_REQUIRED
PORT_OFF_OPTIMISTIC_B40M_EQ40,OFFICIAL,OPTIMISTIC,40000000.0,0.4,b5b9ee069be3eb2712d0c56c15a8759c984feb56cbc1e7033b4d9f8446311d66,OFFICIAL_OPTIMISTIC_b5b9ee069be3eb2712d0c56c15a8759c984feb56cbc1e7033b4d9f8446311d66,False,False,HCC035,Ohio,TRT_002,Road Diet (4-to-3 Lane Conversion),OPTIMISTIC,277408.0,125338523.8503,125061115.8503,451.820149,False,UNKNOWN,DOCUMENTED_CMF_SCENARIO,30,OFFICIAL_BUDGET_SCENARIO; PROVISIONAL_PORTFOLIO_SCENARIO; ENGINEERING_REVIEW_REQUIRED
PORT_OFF_OPTIMISTIC_B40M_EQ40,OFFICIAL,OPTIMISTIC,40000000.0,0.4,b5b9ee069be3eb2712d0c56c15a8759c984feb56cbc1e7033b4d9f8446311d66,OFFICIAL_OPTIMISTIC_b5b9ee069be3eb2712d0c56c15a8759c984feb56cbc1e7033b4d9f8446311d66,False,False,HCC002,Broadway,TRT_002,Road Diet (4-to-3 Lane Conversion),OPTIMISTIC,592192.0,125166108.4991,124573916.4991,211.360688,False,UNKNOWN,DOCUMENTED_CMF_SCENARIO,31,OFFICIAL_BUDGET_SCENARIO; PROVISIONAL_PORTFOLIO_SCENARIO; ENGINEERING_REVIEW_REQUIRED
PORT_OFF_OPTIMISTIC_B40M_EQ40,OFFICIAL,OPTIMISTIC,40000000.0,0.4,b5b9ee069be3eb2712d0c56c15a8759c984feb56cbc1e7033b4d9f8446311d66,OFFICIAL_OPTIMISTIC_b5b9ee069be3eb2712d0c56c15a8759c984feb56cbc1e7033b4d9f8446311d66,False,False,HCC004,Belmont,TRT_002,Road Diet (4-to-3 Lane Conversion),OPTIMISTIC,321408.0,123015008.7665,122693600.7665,382.737856,False,UNKNOWN,DOCUMENTED_CMF_SCENARIO,32,OFFICIAL_BUDGET_SCENARIO; PROVISIONAL_PORTFOLIO_SCENARIO; ENGINEERING_REVIEW_REQUIRED
PORT_OFF_OPTIMISTIC_B40M_EQ40,OFFICIAL,OPTIMISTIC,40000000.0,0.4,b5b9ee069be3eb2712d0c56c15a8759c984feb56cbc1e7033b4d9f8446311d66,OFFICIAL_OPTIMISTIC_b5b9ee069be3eb2712d0c56c15a8759c984feb56cbc1e7033b4d9f8446311d66,False,False,HCC034,Ontario,TRT_002,Road Diet (4-to-3 Lane Conversion),OPTIMISTIC,277344.0,100604562.4921,100327218.4921,362.742884,False,UNKNOWN,DOCUMENTED_CMF_SCENARIO,33,OFFICIAL_BUDGET_SCENARIO; PROVISIONAL_PORTFOLIO_SCENARIO; ENGINEERING_REVIEW_REQUIRED
PORT_OFF_OPTIMISTIC_B40M_EQ40,OFFICIAL,OPTIMISTIC,40000000.0,0.4,b5b9ee069be3eb2712d0c56c15a8759c984feb56cbc1e7033b4d9f8446311d66,OFFICIAL_OPTIMISTIC_b5b9ee069be3eb2712d0c56c15a8759c984feb56cbc1e7033b4d9f8446311d66,False,False,HCC043,Congress,TRT_002,Road Diet (4-to-3 Lane Conversion),OPTIMISTIC,155168.0,93392711.7652,93237543.7652,601.881263,False,UNKNOWN,DOCUMENTED_CMF_SCENARIO,34,OFFICIAL_BUDGET_SCENARIO; PROVISIONAL_PORTFOLIO_SCENARIO; ENGINEERING_REVIEW_REQUIRED
PORT_OFF_OPTIMISTIC_B40M_EQ40,OFFICIAL,OPTIMISTIC,40000000.0,0.4,b5b9ee069be3eb2712d0c56c15a8759c984feb56cbc1e7033b4d9f8446311d66,OFFICIAL_OPTIMISTIC_b5b9ee069be3eb2712d0c56c15a8759c984feb56cbc1e7033b4d9f8446311d66,False,False,HCC003,Western,TRT_002,Road Diet (4-to-3 Lane Conversion),OPTIMISTIC,322592.0,92679785.9591,92357193.9591,287.297224,False,UNKNOWN,DOCUMENTED_CMF_SCENARIO,35,OFFICIAL_BUDGET_SCENARIO; PROVISIONAL_PORTFOLIO_SCENARIO; ENGINEERING_REVIEW_REQUIRED
PORT_OFF_OPTIMISTIC_B40M_EQ40,OFFICIAL,OPTIMISTIC,40000000.0,0.4,b5b9ee069be3eb2712d0c56c15a8759c984feb56cbc1e7033b4d9f8446311d66,OFFICIAL_OPTIMISTIC_b5b9ee069be3eb2712d0c56c15a8759c984feb56cbc1e7033b4d9f8446311d66,False,False,HCC028,Ashland,TRT_002,Road Diet (4-to-3 Lane Conversion),OPTIMISTIC,361920.0,91203981.8137,90842061.8137,252.000392,True,UNKNOWN,DOCUMENTED_CMF_SCENARIO,36,OFFICIAL_BUDGET_SCENARIO; PROVISIONAL_PORTFOLIO_SCENARIO; ENGINEERING_REVIEW_REQUIRED
PORT_OFF_OPTIMISTIC_B40M_EQ40,OFFICIAL,OPTIMISTIC,40000000.0,0.4,b5b9ee069be3eb2712d0c56c15a8759c984feb56cbc1e7033b4d9f8446311d66,OFFICIAL_OPTIMISTIC_b5b9ee069be3eb2712d0c56c15a8759c984feb56cbc1e7033b4d9f8446311d66,False,False,HCC040,Washington,TRT_002,Road Diet (4-to-3 Lane Conversion),OPTIMISTIC,204576.0,83267613.8539,83063037.8539,407.02533,False,UNKNOWN,DOCUMENTED_CMF_SCENARIO,37,OFFICIAL_BUDGET_SCENARIO; PROVISIONAL_PORTFOLIO_SCENARIO; ENGINEERING_REVIEW_REQUIRED
PORT_OFF_OPTIMISTIC_B40M_EQ40,OFFICIAL,OPTIMISTIC,40000000.0,0.4,b5b9ee069be3eb2712d0c56c15a8759c984feb56cbc1e7033b4d9f8446311d66,OFFICIAL_OPTIMISTIC_b5b9ee069be3eb2712d0c56c15a8759c984feb56cbc1e7033b4d9f8446311d66,False,False,HCC038,Fairbanks,TRT_002,Road Diet (4-to-3 Lane Conversion),OPTIMISTIC,120448.0,50364767.0629,50244319.0629,418.145316,False,UNKNOWN,DOCUMENTED_CMF_SCENARIO,38,OFFICIAL_BUDGET_SCENARIO; PROVISIONAL_PORTFOLIO_SCENARIO; ENGINEERING_REVIEW_REQUIRED
PORT_OFF_OPTIMISTIC_B40M_EQ40,OFFICIAL,OPTIMISTIC,40000000.0,0.4,b5b9ee069be3eb2712d0c56c15a8759c984feb56cbc1e7033b4d9f8446311d66,OFFICIAL_OPTIMISTIC_b5b9ee069be3eb2712d0c56c15a8759c984feb56cbc1e7033b4d9f8446311d66,False,False,HCC041,Randolph,TRT_002,Road Diet (4-to-3 Lane Conversion),OPTIMISTIC,107040.0,39032070.8097,38925030.8097,364.649391,False,UNKNOWN,DOCUMENTED_CMF_SCENARIO,39,OFFICIAL_BUDGET_SCENARIO; PROVISIONAL_PORTFOLIO_SCENARIO; ENGINEERING_REVIEW_REQUIRED
PORT_OFF_OPTIMISTIC_B40M_EQ40,OFFICIAL,OPTIMISTIC,40000000.0,0.4,b5b9ee069be3eb2712d0c56c15a8759c984feb56cbc1e7033b4d9f8446311d66,OFFICIAL_OPTIMISTIC_b5b9ee069be3eb2712d0c56c15a8759c984feb56cbc1e7033b4d9f8446311d66,False,False,HCC042,Dearborn,TRT_002,Road Diet (4-to-3 Lane Conversion),OPTIMISTIC,111040.0,38029844.2033,37918804.2033,342.48779,False,UNKNOWN,DOCUMENTED_CMF_SCENARIO,40,OFFICIAL_BUDGET_SCENARIO; PROVISIONAL_PORTFOLIO_SCENARIO; ENGINEERING_REVIEW_REQUIRED
PORT_OFF_OPTIMISTIC_B40M_EQ40,OFFICIAL,OPTIMISTIC,40000000.0,0.4,b5b9ee069be3eb2712d0c56c15a8759c984feb56cbc1e7033b4d9f8446311d66,OFFICIAL_OPTIMISTIC_b5b9ee069be3eb2712d0c56c15a8759c984feb56cbc1e7033b4d9f8446311d66,False,False,HCC033,Orleans,TRT_002,Road Diet (4-to-3 Lane Conversion),OPTIMISTIC,92256.0,34724038.4684,34631782.4684,376.387861,False,UNKNOWN,DOCUMENTED_CMF_SCENARIO,41,OFFICIAL_BUDGET_SCENARIO; PROVISIONAL_PORTFOLIO_SCENARIO; ENGINEERING_REVIEW_REQUIRED
PORT_OFF_OPTIMISTIC_B40M_EQ40,OFFICIAL,OPTIMISTIC,40000000.0,0.4,b5b9ee069be3eb2712d0c56c15a8759c984feb56cbc1e7033b4d9f8446311d66,OFFICIAL_OPTIMISTIC_b5b9ee069be3eb2712d0c56c15a8759c984feb56cbc1e7033b4d9f8446311d66,False,False,HCC036,LaSalle,TRT_002,Road Diet (4-to-3 Lane Conversion),OPTIMISTIC,138720.0,32032127.3185,31893407.3185,230.912106,False,UNKNOWN,DOCUMENTED_CMF_SCENARIO,42,OFFICIAL_BUDGET_SCENARIO; PROVISIONAL_PORTFOLIO_SCENARIO; ENGINEERING_REVIEW_REQUIRED
PORT_OFF_OPTIMISTIC_B40M_EQ40,OFFICIAL,OPTIMISTIC,40000000.0,0.4,b5b9ee069be3eb2712d0c56c15a8759c984feb56cbc1e7033b4d9f8446311d66,OFFICIAL_OPTIMISTIC_b5b9ee069be3eb2712d0c56c15a8759c984feb56cbc1e7033b4d9f8446311d66,False,False,HCC019,Lake Shore Drive,TRT_001,Pedestrian Refuge Islands & Medians,OPTIMISTIC,96000.0,30228256.9073,30132256.9073,314.877676,False,UNKNOWN,DOCUMENTED_CMF_SCENARIO,43,OFFICIAL_BUDGET_SCENARIO; PROVISIONAL_PORTFOLIO_SCENARIO; ENGINEERING_REVIEW_REQUIRED
PORT_STR_BASE_B2M_EQ20,BINDING-BUDGET STRESS TEST,BASE,2000000.0,0.2,d5d78c9177878ed8837b3c103bed624f52d8dde7eb4b0ebfeed5083d40ba063d,BINDING-BUDGET STRESS TEST_BASE_d5d78c9177878ed8837b3c103bed624f52d8dde7eb4b0ebfeed5083d40ba063d,True,False,HCC016,Cicero,TRT_002,Road Diet (4-to-3 Lane Conversion),BASE,527460.0,234424612.8023,233897152.8023,444.440551,True,UNKNOWN,DOCUMENTED_CMF_SCENARIO,1,ANALYST_DEFINED_BINDING_BUDGET_STRESS_TEST; PROVISIONAL_PORTFOLIO_SCENARIO; ENGINEERING_REVIEW_REQUIRED
PORT_STR_BASE_B2M_EQ20,BINDING-BUDGET STRESS TEST,BASE,2000000.0,0.2,d5d78c9177878ed8837b3c103bed624f52d8dde7eb4b0ebfeed5083d40ba063d,BINDING-BUDGET STRESS TEST_BASE_d5d78c9177878ed8837b3c103bed624f52d8dde7eb4b0ebfeed5083d40ba063d,True,False,HCC018,Roosevelt,TRT_002,Road Diet (4-to-3 Lane Conversion),BASE,352740.0,136669587.6734,136316847.6734,387.451346,False,UNKNOWN,DOCUMENTED_CMF_SCENARIO,2,ANALYST_DEFINED_BINDING_BUDGET_STRESS_TEST; PROVISIONAL_PORTFOLIO_SCENARIO; ENGINEERING_REVIEW_REQUIRED
PORT_STR_BASE_B2M_EQ20,BINDING-BUDGET STRESS TEST,BASE,2000000.0,0.2,d5d78c9177878ed8837b3c103bed624f52d8dde7eb4b0ebfeed5083d40ba063d,BINDING-BUDGET STRESS TEST_BASE_d5d78c9177878ed8837b3c103bed624f52d8dde7eb4b0ebfeed5083d40ba063d,True,False,HCC031,Stony Island,TRT_002,Road Diet (4-to-3 Lane Conversion),BASE,302730.0,117460806.4058,117158076.4058,388.005174,False,UNKNOWN,DOCUMENTED_CMF_SCENARIO,3,ANALYST_DEFINED_BINDING_BUDGET_STRESS_TEST; PROVISIONAL_PORTFOLIO_SCENARIO; ENGINEERING_REVIEW_REQUIRED
PORT_STR_BASE_B2M_EQ20,BINDING-BUDGET STRESS TEST,BASE,2000000.0,0.2,d5d78c9177878ed8837b3c103bed624f52d8dde7eb4b0ebfeed5083d40ba063d,BINDING-BUDGET STRESS TEST_BASE_d5d78c9177878ed8837b3c103bed624f52d8dde7eb4b0ebfeed5083d40ba063d,True,False,HCC043,Congress,TRT_002,Road Diet (4-to-3 Lane Conversion),BASE,145470.0,59575653.4753,59430183.4753,409.539104,False,UNKNOWN,DOCUMENTED_CMF_SCENARIO,4,ANALYST_DEFINED_BINDING_BUDGET_STRESS_TEST; PROVISIONAL_PORTFOLIO_SCENARIO; ENGINEERING_REVIEW_REQUIRED
PORT_STR_BASE_B2M_EQ20,BINDING-BUDGET STRESS TEST,BASE,2000000.0,0.2,d5d78c9177878ed8837b3c103bed624f52d8dde7eb4b0ebfeed5083d40ba063d,BINDING-BUDGET STRESS TEST_BASE_d5d78c9177878ed8837b3c103bed624f52d8dde7eb4b0ebfeed5083d40ba063d,True,False,HCC017,Pulaski,TRT_001,Pedestrian Refuge Islands & Medians,BASE,90000.0,53757205.7562,53667205.7562,597.302286,True,UNKNOWN,DOCUMENTED_CMF_SCENARIO,5,ANALYST_DEFINED_BINDING_BUDGET_STRESS_TEST; PROVISIONAL_PORTFOLIO_SCENARIO; ENGINEERING_REVIEW_REQUIRED
PORT_STR_BASE_B2M_EQ20,BINDING-BUDGET STRESS TEST,BASE,2000000.0,0.2,d5d78c9177878ed8837b3c103bed624f52d8dde7eb4b0ebfeed5083d40ba063d,BINDING-BUDGET STRESS TEST_BASE_d5d78c9177878ed8837b3c103bed624f52d8dde7eb4b0ebfeed5083d40ba063d,True,False,HCC006,Fullerton,TRT_001,Pedestrian Refuge Islands & Medians,BASE,135000.0,53312619.8299,53177619.8299,394.908295,False,UNKNOWN,DOCUMENTED_CMF_SCENARIO,6,ANALYST_DEFINED_BINDING_BUDGET_STRESS_TEST; PROVISIONAL_PORTFOLIO_SCENARIO; ENGINEERING_REVIEW_REQUIRED
PORT_STR_BASE_B2M_EQ20,BINDING-BUDGET STRESS TEST,BASE,2000000.0,0.2,d5d78c9177878ed8837b3c103bed624f52d8dde7eb4b0ebfeed5083d40ba063d,BINDING-BUDGET STRESS TEST_BASE_d5d78c9177878ed8837b3c103bed624f52d8dde7eb4b0ebfeed5083d40ba063d,True,False,HCC023,Ashland,TRT_001,Pedestrian Refuge Islands & Medians,BASE,45000.0,41335569.3088,41290569.3088,918.568207,True,UNKNOWN,DOCUMENTED_CMF_SCENARIO,7,ANALYST_DEFINED_BINDING_BUDGET_STRESS_TEST; PROVISIONAL_PORTFOLIO_SCENARIO; ENGINEERING_REVIEW_REQUIRED
PORT_STR_BASE_B2M_EQ20,BINDING-BUDGET STRESS TEST,BASE,2000000.0,0.2,d5d78c9177878ed8837b3c103bed624f52d8dde7eb4b0ebfeed5083d40ba063d,BINDING-BUDGET STRESS TEST_BASE_d5d78c9177878ed8837b3c103bed624f52d8dde7eb4b0ebfeed5083d40ba063d,True,False,HCC032,Michigan,TRT_001,Pedestrian Refuge Islands & Medians,BASE,75000.0,34427637.2103,34352637.2103,459.035163,False,UNKNOWN,DOCUMENTED_CMF_SCENARIO,8,ANALYST_DEFINED_BINDING_BUDGET_STRESS_TEST; PROVISIONAL_PORTFOLIO_SCENARIO; ENGINEERING_REVIEW_REQUIRED
PORT_STR_BASE_B2M_EQ20,BINDING-BUDGET STRESS TEST,BASE,2000000.0,0.2,d5d78c9177878ed8837b3c103bed624f52d8dde7eb4b0ebfeed5083d40ba063d,BINDING-BUDGET STRESS TEST_BASE_d5d78c9177878ed8837b3c103bed624f52d8dde7eb4b0ebfeed5083d40ba063d,True,False,HCC001,Devon,TRT_001,Pedestrian Refuge Islands & Medians,BASE,45000.0,33035192.1469,32990192.1469,734.115381,True,UNKNOWN,DOCUMENTED_CMF_SCENARIO,9,ANALYST_DEFINED_BINDING_BUDGET_STRESS_TEST; PROVISIONAL_PORTFOLIO_SCENARIO; ENGINEERING_REVIEW_REQUIRED
PORT_STR_BASE_B2M_EQ20,BINDING-BUDGET STRESS TEST,BASE,2000000.0,0.2,d5d78c9177878ed8837b3c103bed624f52d8dde7eb4b0ebfeed5083d40ba063d,BINDING-BUDGET STRESS TEST_BASE_d5d78c9177878ed8837b3c103bed624f52d8dde7eb4b0ebfeed5083d40ba063d,True,False,HCC027,Cottage Grove,TRT_001,Pedestrian Refuge Islands & Medians,BASE,60000.0,27478744.5197,27418744.5197,457.979075,True,UNKNOWN,DOCUMENTED_CMF_SCENARIO,10,ANALYST_DEFINED_BINDING_BUDGET_STRESS_TEST; PROVISIONAL_PORTFOLIO_SCENARIO; ENGINEERING_REVIEW_REQUIRED
PORT_STR_BASE_B2M_EQ20,BINDING-BUDGET STRESS TEST,BASE,2000000.0,0.2,d5d78c9177878ed8837b3c103bed624f52d8dde7eb4b0ebfeed5083d40ba063d,BINDING-BUDGET STRESS TEST_BASE_d5d78c9177878ed8837b3c103bed624f52d8dde7eb4b0ebfeed5083d40ba063d,True,False,HCC024,Western,TRT_001,Pedestrian Refuge Islands & Medians,BASE,45000.0,24998344.9283,24953344.9283,555.518776,True,UNKNOWN,DOCUMENTED_CMF_SCENARIO,11,ANALYST_DEFINED_BINDING_BUDGET_STRESS_TEST; PROVISIONAL_PORTFOLIO_SCENARIO; ENGINEERING_REVIEW_REQUIRED
PORT_STR_BASE_B2M_EQ20,BINDING-BUDGET STRESS TEST,BASE,2000000.0,0.2,d5d78c9177878ed8837b3c103bed624f52d8dde7eb4b0ebfeed5083d40ba063d,BINDING-BUDGET STRESS TEST_BASE_d5d78c9177878ed8837b3c103bed624f52d8dde7eb4b0ebfeed5083d40ba063d,True,False,HCC013,Chicago,TRT_001,Pedestrian Refuge Islands & Medians,BASE,45000.0,21678589.8878,21633589.8878,481.746442,True,UNKNOWN,DOCUMENTED_CMF_SCENARIO,12,ANALYST_DEFINED_BINDING_BUDGET_STRESS_TEST; PROVISIONAL_PORTFOLIO_SCENARIO; ENGINEERING_REVIEW_REQUIRED
PORT_STR_BASE_B2M_EQ20,BINDING-BUDGET STRESS TEST,BASE,2000000.0,0.2,d5d78c9177878ed8837b3c103bed624f52d8dde7eb4b0ebfeed5083d40ba063d,BINDING-BUDGET STRESS TEST_BASE_d5d78c9177878ed8837b3c103bed624f52d8dde7eb4b0ebfeed5083d40ba063d,True,False,HCC035,Ohio,TRT_001,Pedestrian Refuge Islands & Medians,BASE,30000.0,20920130.4412,20890130.4412,697.337681,False,UNKNOWN,DOCUMENTED_CMF_SCENARIO,13,ANALYST_DEFINED_BINDING_BUDGET_STRESS_TEST; PROVISIONAL_PORTFOLIO_SCENARIO; ENGINEERING_REVIEW_REQUIRED
PORT_STR_BASE_B2M_EQ20,BINDING-BUDGET STRESS TEST,BASE,2000000.0,0.2,d5d78c9177878ed8837b3c103bed624f52d8dde7eb4b0ebfeed5083d40ba063d,BINDING-BUDGET STRESS TEST_BASE_d5d78c9177878ed8837b3c103bed624f52d8dde7eb4b0ebfeed5083d40ba063d,True,False,HCC029,79th,TRT_001,Pedestrian Refuge Islands & Medians,BASE,45000.0,17379650.5142,17334650.5142,386.214456,True,UNKNOWN,DOCUMENTED_CMF_SCENARIO,14,ANALYST_DEFINED_BINDING_BUDGET_STRESS_TEST; PROVISIONAL_PORTFOLIO_SCENARIO; ENGINEERING_REVIEW_REQUIRED
PORT_STR_BASE_B2M_EQ20,BINDING-BUDGET STRESS TEST,BASE,2000000.0,0.2,d5d78c9177878ed8837b3c103bed624f52d8dde7eb4b0ebfeed5083d40ba063d,BINDING-BUDGET STRESS TEST_BASE_d5d78c9177878ed8837b3c103bed624f52d8dde7eb4b0ebfeed5083d40ba063d,True,False,HCC034,Ontario,TRT_001,Pedestrian Refuge Islands & Medians,BASE,30000.0,14268290.3652,14238290.3652,475.609679,False,UNKNOWN,DOCUMENTED_CMF_SCENARIO,15,ANALYST_DEFINED_BINDING_BUDGET_STRESS_TEST; PROVISIONAL_PORTFOLIO_SCENARIO; ENGINEERING_REVIEW_REQUIRED
PORT_STR_BASE_B2M_EQ20,BINDING-BUDGET STRESS TEST,BASE,2000000.0,0.2,d5d78c9177878ed8837b3c103bed624f52d8dde7eb4b0ebfeed5083d40ba063d,BINDING-BUDGET STRESS TEST_BASE_d5d78c9177878ed8837b3c103bed624f52d8dde7eb4b0ebfeed5083d40ba063d,True,False,HCC038,Fairbanks,TRT_001,Pedestrian Refuge Islands & Medians,BASE,15000.0,8990465.4071,8975465.4071,599.36436,False,UNKNOWN,DOCUMENTED_CMF_SCENARIO,16,ANALYST_DEFINED_BINDING_BUDGET_STRESS_TEST; PROVISIONAL_PORTFOLIO_SCENARIO; ENGINEERING_REVIEW_REQUIRED
PORT_STR_BASE_B2M_EQ30,BINDING-BUDGET STRESS TEST,BASE,2000000.0,0.3,d5d78c9177878ed8837b3c103bed624f52d8dde7eb4b0ebfeed5083d40ba063d,BINDING-BUDGET STRESS TEST_BASE_d5d78c9177878ed8837b3c103bed624f52d8dde7eb4b0ebfeed5083d40ba063d,False,False,HCC016,Cicero,TRT_002,Road Diet (4-to-3 Lane Conversion),BASE,527460.0,234424612.8023,233897152.8023,444.440551,True,UNKNOWN,DOCUMENTED_CMF_SCENARIO,1,ANALYST_DEFINED_BINDING_BUDGET_STRESS_TEST; PROVISIONAL_PORTFOLIO_SCENARIO; ENGINEERING_REVIEW_REQUIRED
PORT_STR_BASE_B2M_EQ30,BINDING-BUDGET STRESS TEST,BASE,2000000.0,0.3,d5d78c9177878ed8837b3c103bed624f52d8dde7eb4b0ebfeed5083d40ba063d,BINDING-BUDGET STRESS TEST_BASE_d5d78c9177878ed8837b3c103bed624f52d8dde7eb4b0ebfeed5083d40ba063d,False,False,HCC018,Roosevelt,TRT_002,Road Diet (4-to-3 Lane Conversion),BASE,352740.0,136669587.6734,136316847.6734,387.451346,False,UNKNOWN,DOCUMENTED_CMF_SCENARIO,2,ANALYST_DEFINED_BINDING_BUDGET_STRESS_TEST; PROVISIONAL_PORTFOLIO_SCENARIO; ENGINEERING_REVIEW_REQUIRED
PORT_STR_BASE_B2M_EQ30,BINDING-BUDGET STRESS TEST,BASE,2000000.0,0.3,d5d78c9177878ed8837b3c103bed624f52d8dde7eb4b0ebfeed5083d40ba063d,BINDING-BUDGET STRESS TEST_BASE_d5d78c9177878ed8837b3c103bed624f52d8dde7eb4b0ebfeed5083d40ba063d,False,False,HCC031,Stony Island,TRT_002,Road Diet (4-to-3 Lane Conversion),BASE,302730.0,117460806.4058,117158076.4058,388.005174,False,UNKNOWN,DOCUMENTED_CMF_SCENARIO,3,ANALYST_DEFINED_BINDING_BUDGET_STRESS_TEST; PROVISIONAL_PORTFOLIO_SCENARIO; ENGINEERING_REVIEW_REQUIRED
PORT_STR_BASE_B2M_EQ30,BINDING-BUDGET STRESS TEST,BASE,2000000.0,0.3,d5d78c9177878ed8837b3c103bed624f52d8dde7eb4b0ebfeed5083d40ba063d,BINDING-BUDGET STRESS TEST_BASE_d5d78c9177878ed8837b3c103bed624f52d8dde7eb4b0ebfeed5083d40ba063d,False,False,HCC043,Congress,TRT_002,Road Diet (4-to-3 Lane Conversion),BASE,145470.0,59575653.4753,59430183.4753,409.539104,False,UNKNOWN,DOCUMENTED_CMF_SCENARIO,4,ANALYST_DEFINED_BINDING_BUDGET_STRESS_TEST; PROVISIONAL_PORTFOLIO_SCENARIO; ENGINEERING_REVIEW_REQUIRED
PORT_STR_BASE_B2M_EQ30,BINDING-BUDGET STRESS TEST,BASE,2000000.0,0.3,d5d78c9177878ed8837b3c103bed624f52d8dde7eb4b0ebfeed5083d40ba063d,BINDING-BUDGET STRESS TEST_BASE_d5d78c9177878ed8837b3c103bed624f52d8dde7eb4b0ebfeed5083d40ba063d,False,False,HCC017,Pulaski,TRT_001,Pedestrian Refuge Islands & Medians,BASE,90000.0,53757205.7562,53667205.7562,597.302286,True,UNKNOWN,DOCUMENTED_CMF_SCENARIO,5,ANALYST_DEFINED_BINDING_BUDGET_STRESS_TEST; PROVISIONAL_PORTFOLIO_SCENARIO; ENGINEERING_REVIEW_REQUIRED
PORT_STR_BASE_B2M_EQ30,BINDING-BUDGET STRESS TEST,BASE,2000000.0,0.3,d5d78c9177878ed8837b3c103bed624f52d8dde7eb4b0ebfeed5083d40ba063d,BINDING-BUDGET STRESS TEST_BASE_d5d78c9177878ed8837b3c103bed624f52d8dde7eb4b0ebfeed5083d40ba063d,False,False,HCC006,Fullerton,TRT_001,Pedestrian Refuge Islands & Medians,BASE,135000.0,53312619.8299,53177619.8299,394.908295,False,UNKNOWN,DOCUMENTED_CMF_SCENARIO,6,ANALYST_DEFINED_BINDING_BUDGET_STRESS_TEST; PROVISIONAL_PORTFOLIO_SCENARIO; ENGINEERING_REVIEW_REQUIRED
PORT_STR_BASE_B2M_EQ30,BINDING-BUDGET STRESS TEST,BASE,2000000.0,0.3,d5d78c9177878ed8837b3c103bed624f52d8dde7eb4b0ebfeed5083d40ba063d,BINDING-BUDGET STRESS TEST_BASE_d5d78c9177878ed8837b3c103bed624f52d8dde7eb4b0ebfeed5083d40ba063d,False,False,HCC023,Ashland,TRT_001,Pedestrian Refuge Islands & Medians,BASE,45000.0,41335569.3088,41290569.3088,918.568207,True,UNKNOWN,DOCUMENTED_CMF_SCENARIO,7,ANALYST_DEFINED_BINDING_BUDGET_STRESS_TEST; PROVISIONAL_PORTFOLIO_SCENARIO; ENGINEERING_REVIEW_REQUIRED
PORT_STR_BASE_B2M_EQ30,BINDING-BUDGET STRESS TEST,BASE,2000000.0,0.3,d5d78c9177878ed8837b3c103bed624f52d8dde7eb4b0ebfeed5083d40ba063d,BINDING-BUDGET STRESS TEST_BASE_d5d78c9177878ed8837b3c103bed624f52d8dde7eb4b0ebfeed5083d40ba063d,False,False,HCC032,Michigan,TRT_001,Pedestrian Refuge Islands & Medians,BASE,75000.0,34427637.2103,34352637.2103,459.035163,False,UNKNOWN,DOCUMENTED_CMF_SCENARIO,8,ANALYST_DEFINED_BINDING_BUDGET_STRESS_TEST; PROVISIONAL_PORTFOLIO_SCENARIO; ENGINEERING_REVIEW_REQUIRED
PORT_STR_BASE_B2M_EQ30,BINDING-BUDGET STRESS TEST,BASE,2000000.0,0.3,d5d78c9177878ed8837b3c103bed624f52d8dde7eb4b0ebfeed5083d40ba063d,BINDING-BUDGET STRESS TEST_BASE_d5d78c9177878ed8837b3c103bed624f52d8dde7eb4b0ebfeed5083d40ba063d,False,False,HCC001,Devon,TRT_001,Pedestrian Refuge Islands & Medians,BASE,45000.0,33035192.1469,32990192.1469,734.115381,True,UNKNOWN,DOCUMENTED_CMF_SCENARIO,9,ANALYST_DEFINED_BINDING_BUDGET_STRESS_TEST; PROVISIONAL_PORTFOLIO_SCENARIO; ENGINEERING_REVIEW_REQUIRED
PORT_STR_BASE_B2M_EQ30,BINDING-BUDGET STRESS TEST,BASE,2000000.0,0.3,d5d78c9177878ed8837b3c103bed624f52d8dde7eb4b0ebfeed5083d40ba063d,BINDING-BUDGET STRESS TEST_BASE_d5d78c9177878ed8837b3c103bed624f52d8dde7eb4b0ebfeed5083d40ba063d,False,False,HCC027,Cottage Grove,TRT_001,Pedestrian Refuge Islands & Medians,BASE,60000.0,27478744.5197,27418744.5197,457.979075,True,UNKNOWN,DOCUMENTED_CMF_SCENARIO,10,ANALYST_DEFINED_BINDING_BUDGET_STRESS_TEST; PROVISIONAL_PORTFOLIO_SCENARIO; ENGINEERING_REVIEW_REQUIRED
PORT_STR_BASE_B2M_EQ30,BINDING-BUDGET STRESS TEST,BASE,2000000.0,0.3,d5d78c9177878ed8837b3c103bed624f52d8dde7eb4b0ebfeed5083d40ba063d,BINDING-BUDGET STRESS TEST_BASE_d5d78c9177878ed8837b3c103bed624f52d8dde7eb4b0ebfeed5083d40ba063d,False,False,HCC024,Western,TRT_001,Pedestrian Refuge Islands & Medians,BASE,45000.0,24998344.9283,24953344.9283,555.518776,True,UNKNOWN,DOCUMENTED_CMF_SCENARIO,11,ANALYST_DEFINED_BINDING_BUDGET_STRESS_TEST; PROVISIONAL_PORTFOLIO_SCENARIO; ENGINEERING_REVIEW_REQUIRED
PORT_STR_BASE_B2M_EQ30,BINDING-BUDGET STRESS TEST,BASE,2000000.0,0.3,d5d78c9177878ed8837b3c103bed624f52d8dde7eb4b0ebfeed5083d40ba063d,BINDING-BUDGET STRESS TEST_BASE_d5d78c9177878ed8837b3c103bed624f52d8dde7eb4b0ebfeed5083d40ba063d,False,False,HCC013,Chicago,TRT_001,Pedestrian Refuge Islands & Medians,BASE,45000.0,21678589.8878,21633589.8878,481.746442,True,UNKNOWN,DOCUMENTED_CMF_SCENARIO,12,ANALYST_DEFINED_BINDING_BUDGET_STRESS_TEST; PROVISIONAL_PORTFOLIO_SCENARIO; ENGINEERING_REVIEW_REQUIRED
PORT_STR_BASE_B2M_EQ30,BINDING-BUDGET STRESS TEST,BASE,2000000.0,0.3,d5d78c9177878ed8837b3c103bed624f52d8dde7eb4b0ebfeed5083d40ba063d,BINDING-BUDGET STRESS TEST_BASE_d5d78c9177878ed8837b3c103bed624f52d8dde7eb4b0ebfeed5083d40ba063d,False,False,HCC035,Ohio,TRT_001,Pedestrian Refuge Islands & Medians,BASE,30000.0,20920130.4412,20890130.4412,697.337681,False,UNKNOWN,DOCUMENTED_CMF_SCENARIO,13,ANALYST_DEFINED_BINDING_BUDGET_STRESS_TEST; PROVISIONAL_PORTFOLIO_SCENARIO; ENGINEERING_REVIEW_REQUIRED
PORT_STR_BASE_B2M_EQ30,BINDING-BUDGET STRESS TEST,BASE,2000000.0,0.3,d5d78c9177878ed8837b3c103bed624f52d8dde7eb4b0ebfeed5083d40ba063d,BINDING-BUDGET STRESS TEST_BASE_d5d78c9177878ed8837b3c103bed624f52d8dde7eb4b0ebfeed5083d40ba063d,False,False,HCC029,79th,TRT_001,Pedestrian Refuge Islands & Medians,BASE,45000.0,17379650.5142,17334650.5142,386.214456,True,UNKNOWN,DOCUMENTED_CMF_SCENARIO,14,ANALYST_DEFINED_BINDING_BUDGET_STRESS_TEST; PROVISIONAL_PORTFOLIO_SCENARIO; ENGINEERING_REVIEW_REQUIRED
PORT_STR_BASE_B2M_EQ30,BINDING-BUDGET STRESS TEST,BASE,2000000.0,0.3,d5d78c9177878ed8837b3c103bed624f52d8dde7eb4b0ebfeed5083d40ba063d,BINDING-BUDGET STRESS TEST_BASE_d5d78c9177878ed8837b3c103bed624f52d8dde7eb4b0ebfeed5083d40ba063d,False,False,HCC034,Ontario,TRT_001,Pedestrian Refuge Islands & Medians,BASE,30000.0,14268290.3652,14238290.3652,475.609679,False,UNKNOWN,DOCUMENTED_CMF_SCENARIO,15,ANALYST_DEFINED_BINDING_BUDGET_STRESS_TEST; PROVISIONAL_PORTFOLIO_SCENARIO; ENGINEERING_REVIEW_REQUIRED
PORT_STR_BASE_B2M_EQ30,BINDING-BUDGET STRESS TEST,BASE,2000000.0,0.3,d5d78c9177878ed8837b3c103bed624f52d8dde7eb4b0ebfeed5083d40ba063d,BINDING-BUDGET STRESS TEST_BASE_d5d78c9177878ed8837b3c103bed624f52d8dde7eb4b0ebfeed5083d40ba063d,False,False,HCC038,Fairbanks,TRT_001,Pedestrian Refuge Islands & Medians,BASE,15000.0,8990465.4071,8975465.4071,599.36436,False,UNKNOWN,DOCUMENTED_CMF_SCENARIO,16,ANALYST_DEFINED_BINDING_BUDGET_STRESS_TEST; PROVISIONAL_PORTFOLIO_SCENARIO; ENGINEERING_REVIEW_REQUIRED
PORT_STR_BASE_B2M_EQ40,BINDING-BUDGET STRESS TEST,BASE,2000000.0,0.4,d5d78c9177878ed8837b3c103bed624f52d8dde7eb4b0ebfeed5083d40ba063d,BINDING-BUDGET STRESS TEST_BASE_d5d78c9177878ed8837b3c103bed624f52d8dde7eb4b0ebfeed5083d40ba063d,False,False,HCC016,Cicero,TRT_002,Road Diet (4-to-3 Lane Conversion),BASE,527460.0,234424612.8023,233897152.8023,444.440551,True,UNKNOWN,DOCUMENTED_CMF_SCENARIO,1,ANALYST_DEFINED_BINDING_BUDGET_STRESS_TEST; PROVISIONAL_PORTFOLIO_SCENARIO; ENGINEERING_REVIEW_REQUIRED
PORT_STR_BASE_B2M_EQ40,BINDING-BUDGET STRESS TEST,BASE,2000000.0,0.4,d5d78c9177878ed8837b3c103bed624f52d8dde7eb4b0ebfeed5083d40ba063d,BINDING-BUDGET STRESS TEST_BASE_d5d78c9177878ed8837b3c103bed624f52d8dde7eb4b0ebfeed5083d40ba063d,False,False,HCC018,Roosevelt,TRT_002,Road Diet (4-to-3 Lane Conversion),BASE,352740.0,136669587.6734,136316847.6734,387.451346,False,UNKNOWN,DOCUMENTED_CMF_SCENARIO,2,ANALYST_DEFINED_BINDING_BUDGET_STRESS_TEST; PROVISIONAL_PORTFOLIO_SCENARIO; ENGINEERING_REVIEW_REQUIRED
PORT_STR_BASE_B2M_EQ40,BINDING-BUDGET STRESS TEST,BASE,2000000.0,0.4,d5d78c9177878ed8837b3c103bed624f52d8dde7eb4b0ebfeed5083d40ba063d,BINDING-BUDGET STRESS TEST_BASE_d5d78c9177878ed8837b3c103bed624f52d8dde7eb4b0ebfeed5083d40ba063d,False,False,HCC031,Stony Island,TRT_002,Road Diet (4-to-3 Lane Conversion),BASE,302730.0,117460806.4058,117158076.4058,388.005174,False,UNKNOWN,DOCUMENTED_CMF_SCENARIO,3,ANALYST_DEFINED_BINDING_BUDGET_STRESS_TEST; PROVISIONAL_PORTFOLIO_SCENARIO; ENGINEERING_REVIEW_REQUIRED
PORT_STR_BASE_B2M_EQ40,BINDING-BUDGET STRESS TEST,BASE,2000000.0,0.4,d5d78c9177878ed8837b3c103bed624f52d8dde7eb4b0ebfeed5083d40ba063d,BINDING-BUDGET STRESS TEST_BASE_d5d78c9177878ed8837b3c103bed624f52d8dde7eb4b0ebfeed5083d40ba063d,False,False,HCC043,Congress,TRT_002,Road Diet (4-to-3 Lane Conversion),BASE,145470.0,59575653.4753,59430183.4753,409.539104,False,UNKNOWN,DOCUMENTED_CMF_SCENARIO,4,ANALYST_DEFINED_BINDING_BUDGET_STRESS_TEST; PROVISIONAL_PORTFOLIO_SCENARIO; ENGINEERING_REVIEW_REQUIRED
PORT_STR_BASE_B2M_EQ40,BINDING-BUDGET STRESS TEST,BASE,2000000.0,0.4,d5d78c9177878ed8837b3c103bed624f52d8dde7eb4b0ebfeed5083d40ba063d,BINDING-BUDGET STRESS TEST_BASE_d5d78c9177878ed8837b3c103bed624f52d8dde7eb4b0ebfeed5083d40ba063d,False,False,HCC017,Pulaski,TRT_001,Pedestrian Refuge Islands & Medians,BASE,90000.0,53757205.7562,53667205.7562,597.302286,True,UNKNOWN,DOCUMENTED_CMF_SCENARIO,5,ANALYST_DEFINED_BINDING_BUDGET_STRESS_TEST; PROVISIONAL_PORTFOLIO_SCENARIO; ENGINEERING_REVIEW_REQUIRED
PORT_STR_BASE_B2M_EQ40,BINDING-BUDGET STRESS TEST,BASE,2000000.0,0.4,d5d78c9177878ed8837b3c103bed624f52d8dde7eb4b0ebfeed5083d40ba063d,BINDING-BUDGET STRESS TEST_BASE_d5d78c9177878ed8837b3c103bed624f52d8dde7eb4b0ebfeed5083d40ba063d,False,False,HCC006,Fullerton,TRT_001,Pedestrian Refuge Islands & Medians,BASE,135000.0,53312619.8299,53177619.8299,394.908295,False,UNKNOWN,DOCUMENTED_CMF_SCENARIO,6,ANALYST_DEFINED_BINDING_BUDGET_STRESS_TEST; PROVISIONAL_PORTFOLIO_SCENARIO; ENGINEERING_REVIEW_REQUIRED
PORT_STR_BASE_B2M_EQ40,BINDING-BUDGET STRESS TEST,BASE,2000000.0,0.4,d5d78c9177878ed8837b3c103bed624f52d8dde7eb4b0ebfeed5083d40ba063d,BINDING-BUDGET STRESS TEST_BASE_d5d78c9177878ed8837b3c103bed624f52d8dde7eb4b0ebfeed5083d40ba063d,False,False,HCC023,Ashland,TRT_001,Pedestrian Refuge Islands & Medians,BASE,45000.0,41335569.3088,41290569.3088,918.568207,True,UNKNOWN,DOCUMENTED_CMF_SCENARIO,7,ANALYST_DEFINED_BINDING_BUDGET_STRESS_TEST; PROVISIONAL_PORTFOLIO_SCENARIO; ENGINEERING_REVIEW_REQUIRED
PORT_STR_BASE_B2M_EQ40,BINDING-BUDGET STRESS TEST,BASE,2000000.0,0.4,d5d78c9177878ed8837b3c103bed624f52d8dde7eb4b0ebfeed5083d40ba063d,BINDING-BUDGET STRESS TEST_BASE_d5d78c9177878ed8837b3c103bed624f52d8dde7eb4b0ebfeed5083d40ba063d,False,False,HCC032,Michigan,TRT_001,Pedestrian Refuge Islands & Medians,BASE,75000.0,34427637.2103,34352637.2103,459.035163,False,UNKNOWN,DOCUMENTED_CMF_SCENARIO,8,ANALYST_DEFINED_BINDING_BUDGET_STRESS_TEST; PROVISIONAL_PORTFOLIO_SCENARIO; ENGINEERING_REVIEW_REQUIRED
PORT_STR_BASE_B2M_EQ40,BINDING-BUDGET STRESS TEST,BASE,2000000.0,0.4,d5d78c9177878ed8837b3c103bed624f52d8dde7eb4b0ebfeed5083d40ba063d,BINDING-BUDGET STRESS TEST_BASE_d5d78c9177878ed8837b3c103bed624f52d8dde7eb4b0ebfeed5083d40ba063d,False,False,HCC001,Devon,TRT_001,Pedestrian Refuge Islands & Medians,BASE,45000.0,33035192.1469,32990192.1469,734.115381,True,UNKNOWN,DOCUMENTED_CMF_SCENARIO,9,ANALYST_DEFINED_BINDING_BUDGET_STRESS_TEST; PROVISIONAL_PORTFOLIO_SCENARIO; ENGINEERING_REVIEW_REQUIRED
PORT_STR_BASE_B2M_EQ40,BINDING-BUDGET STRESS TEST,BASE,2000000.0,0.4,d5d78c9177878ed8837b3c103bed624f52d8dde7eb4b0ebfeed5083d40ba063d,BINDING-BUDGET STRESS TEST_BASE_d5d78c9177878ed8837b3c103bed624f52d8dde7eb4b0ebfeed5083d40ba063d,False,False,HCC027,Cottage Grove,TRT_001,Pedestrian Refuge Islands & Medians,BASE,60000.0,27478744.5197,27418744.5197,457.979075,True,UNKNOWN,DOCUMENTED_CMF_SCENARIO,10,ANALYST_DEFINED_BINDING_BUDGET_STRESS_TEST; PROVISIONAL_PORTFOLIO_SCENARIO; ENGINEERING_REVIEW_REQUIRED
PORT_STR_BASE_B2M_EQ40,BINDING-BUDGET STRESS TEST,BASE,2000000.0,0.4,d5d78c9177878ed8837b3c103bed624f52d8dde7eb4b0ebfeed5083d40ba063d,BINDING-BUDGET STRESS TEST_BASE_d5d78c9177878ed8837b3c103bed624f52d8dde7eb4b0ebfeed5083d40ba063d,False,False,HCC024,Western,TRT_001,Pedestrian Refuge Islands & Medians,BASE,45000.0,24998344.9283,24953344.9283,555.518776,True,UNKNOWN,DOCUMENTED_CMF_SCENARIO,11,ANALYST_DEFINED_BINDING_BUDGET_STRESS_TEST; PROVISIONAL_PORTFOLIO_SCENARIO; ENGINEERING_REVIEW_REQUIRED
PORT_STR_BASE_B2M_EQ40,BINDING-BUDGET STRESS TEST,BASE,2000000.0,0.4,d5d78c9177878ed8837b3c103bed624f52d8dde7eb4b0ebfeed5083d40ba063d,BINDING-BUDGET STRESS TEST_BASE_d5d78c9177878ed8837b3c103bed624f52d8dde7eb4b0ebfeed5083d40ba063d,False,False,HCC013,Chicago,TRT_001,Pedestrian Refuge Islands & Medians,BASE,45000.0,21678589.8878,21633589.8878,481.746442,True,UNKNOWN,DOCUMENTED_CMF_SCENARIO,12,ANALYST_DEFINED_BINDING_BUDGET_STRESS_TEST; PROVISIONAL_PORTFOLIO_SCENARIO; ENGINEERING_REVIEW_REQUIRED
PORT_STR_BASE_B2M_EQ40,BINDING-BUDGET STRESS TEST,BASE,2000000.0,0.4,d5d78c9177878ed8837b3c103bed624f52d8dde7eb4b0ebfeed5083d40ba063d,BINDING-BUDGET STRESS TEST_BASE_d5d78c9177878ed8837b3c103bed624f52d8dde7eb4b0ebfeed5083d40ba063d,False,False,HCC035,Ohio,TRT_001,Pedestrian Refuge Islands & Medians,BASE,30000.0,20920130.4412,20890130.4412,697.337681,False,UNKNOWN,DOCUMENTED_CMF_SCENARIO,13,ANALYST_DEFINED_BINDING_BUDGET_STRESS_TEST; PROVISIONAL_PORTFOLIO_SCENARIO; ENGINEERING_REVIEW_REQUIRED
PORT_STR_BASE_B2M_EQ40,BINDING-BUDGET STRESS TEST,BASE,2000000.0,0.4,d5d78c9177878ed8837b3c103bed624f52d8dde7eb4b0ebfeed5083d40ba063d,BINDING-BUDGET STRESS TEST_BASE_d5d78c9177878ed8837b3c103bed624f52d8dde7eb4b0ebfeed5083d40ba063d,False,False,HCC029,79th,TRT_001,Pedestrian Refuge Islands & Medians,BASE,45000.0,17379650.5142,17334650.5142,386.214456,True,UNKNOWN,DOCUMENTED_CMF_SCENARIO,14,ANALYST_DEFINED_BINDING_BUDGET_STRESS_TEST; PROVISIONAL_PORTFOLIO_SCENARIO; ENGINEERING_REVIEW_REQUIRED
PORT_STR_BASE_B2M_EQ40,BINDING-BUDGET STRESS TEST,BASE,2000000.0,0.4,d5d78c9177878ed8837b3c103bed624f52d8dde7eb4b0ebfeed5083d40ba063d,BINDING-BUDGET STRESS TEST_BASE_d5d78c9177878ed8837b3c103bed624f52d8dde7eb4b0ebfeed5083d40ba063d,False,False,HCC034,Ontario,TRT_001,Pedestrian Refuge Islands & Medians,BASE,30000.0,14268290.3652,14238290.3652,475.609679,False,UNKNOWN,DOCUMENTED_CMF_SCENARIO,15,ANALYST_DEFINED_BINDING_BUDGET_STRESS_TEST; PROVISIONAL_PORTFOLIO_SCENARIO; ENGINEERING_REVIEW_REQUIRED
PORT_STR_BASE_B2M_EQ40,BINDING-BUDGET STRESS TEST,BASE,2000000.0,0.4,d5d78c9177878ed8837b3c103bed624f52d8dde7eb4b0ebfeed5083d40ba063d,BINDING-BUDGET STRESS TEST_BASE_d5d78c9177878ed8837b3c103bed624f52d8dde7eb4b0ebfeed5083d40ba063d,False,False,HCC038,Fairbanks,TRT_001,Pedestrian Refuge Islands & Medians,BASE,15000.0,8990465.4071,8975465.4071,599.36436,False,UNKNOWN,DOCUMENTED_CMF_SCENARIO,16,ANALYST_DEFINED_BINDING_BUDGET_STRESS_TEST; PROVISIONAL_PORTFOLIO_SCENARIO; ENGINEERING_REVIEW_REQUIRED
PORT_STR_BASE_B4M_EQ20,BINDING-BUDGET STRESS TEST,BASE,4000000.0,0.2,ec0b5fd854e004b725b7a9d4efd90b6614fc03a3386c36ef1c6e30976152b333,BINDING-BUDGET STRESS TEST_BASE_ec0b5fd854e004b725b7a9d4efd90b6614fc03a3386c36ef1c6e30976152b333,True,False,HCC016,Cicero,TRT_002,Road Diet (4-to-3 Lane Conversion),BASE,527460.0,234424612.8023,233897152.8023,444.440551,True,UNKNOWN,DOCUMENTED_CMF_SCENARIO,1,ANALYST_DEFINED_BINDING_BUDGET_STRESS_TEST; PROVISIONAL_PORTFOLIO_SCENARIO; ENGINEERING_REVIEW_REQUIRED
PORT_STR_BASE_B4M_EQ20,BINDING-BUDGET STRESS TEST,BASE,4000000.0,0.2,ec0b5fd854e004b725b7a9d4efd90b6614fc03a3386c36ef1c6e30976152b333,BINDING-BUDGET STRESS TEST_BASE_ec0b5fd854e004b725b7a9d4efd90b6614fc03a3386c36ef1c6e30976152b333,True,False,HCC032,Michigan,TRT_002,Road Diet (4-to-3 Lane Conversion),BASE,691950.0,232632764.02,231940814.02,336.198806,False,UNKNOWN,DOCUMENTED_CMF_SCENARIO,2,ANALYST_DEFINED_BINDING_BUDGET_STRESS_TEST; PROVISIONAL_PORTFOLIO_SCENARIO; ENGINEERING_REVIEW_REQUIRED
PORT_STR_BASE_B4M_EQ20,BINDING-BUDGET STRESS TEST,BASE,4000000.0,0.2,ec0b5fd854e004b725b7a9d4efd90b6614fc03a3386c36ef1c6e30976152b333,BINDING-BUDGET STRESS TEST_BASE_ec0b5fd854e004b725b7a9d4efd90b6614fc03a3386c36ef1c6e30976152b333,True,False,HCC025,Stony Island,TRT_002,Road Diet (4-to-3 Lane Conversion),BASE,603330.0,211541491.8085,210938161.8085,350.623194,True,UNKNOWN,DOCUMENTED_CMF_SCENARIO,3,ANALYST_DEFINED_BINDING_BUDGET_STRESS_TEST; PROVISIONAL_PORTFOLIO_SCENARIO; ENGINEERING_REVIEW_REQUIRED
PORT_STR_BASE_B4M_EQ20,BINDING-BUDGET STRESS TEST,BASE,4000000.0,0.2,ec0b5fd854e004b725b7a9d4efd90b6614fc03a3386c36ef1c6e30976152b333,BINDING-BUDGET STRESS TEST_BASE_ec0b5fd854e004b725b7a9d4efd90b6614fc03a3386c36ef1c6e30976152b333,True,False,HCC015,Lake,TRT_002,Road Diet (4-to-3 Lane Conversion),BASE,571830.0,196799394.4306,196227564.4306,344.15717,True,UNKNOWN,DOCUMENTED_CMF_SCENARIO,4,ANALYST_DEFINED_BINDING_BUDGET_STRESS_TEST; PROVISIONAL_PORTFOLIO_SCENARIO; ENGINEERING_REVIEW_REQUIRED
PORT_STR_BASE_B4M_EQ20,BINDING-BUDGET STRESS TEST,BASE,4000000.0,0.2,ec0b5fd854e004b725b7a9d4efd90b6614fc03a3386c36ef1c6e30976152b333,BINDING-BUDGET STRESS TEST_BASE_ec0b5fd854e004b725b7a9d4efd90b6614fc03a3386c36ef1c6e30976152b333,True,False,HCC018,Roosevelt,TRT_002,Road Diet (4-to-3 Lane Conversion),BASE,352740.0,136669587.6734,136316847.6734,387.451346,False,UNKNOWN,DOCUMENTED_CMF_SCENARIO,5,ANALYST_DEFINED_BINDING_BUDGET_STRESS_TEST; PROVISIONAL_PORTFOLIO_SCENARIO; ENGINEERING_REVIEW_REQUIRED
PORT_STR_BASE_B4M_EQ20,BINDING-BUDGET STRESS TEST,BASE,4000000.0,0.2,ec0b5fd854e004b725b7a9d4efd90b6614fc03a3386c36ef1c6e30976152b333,BINDING-BUDGET STRESS TEST_BASE_ec0b5fd854e004b725b7a9d4efd90b6614fc03a3386c36ef1c6e30976152b333,True,False,HCC031,Stony Island,TRT_002,Road Diet (4-to-3 Lane Conversion),BASE,302730.0,117460806.4058,117158076.4058,388.005174,False,UNKNOWN,DOCUMENTED_CMF_SCENARIO,6,ANALYST_DEFINED_BINDING_BUDGET_STRESS_TEST; PROVISIONAL_PORTFOLIO_SCENARIO; ENGINEERING_REVIEW_REQUIRED
PORT_STR_BASE_B4M_EQ20,BINDING-BUDGET STRESS TEST,BASE,4000000.0,0.2,ec0b5fd854e004b725b7a9d4efd90b6614fc03a3386c36ef1c6e30976152b333,BINDING-BUDGET STRESS TEST_BASE_ec0b5fd854e004b725b7a9d4efd90b6614fc03a3386c36ef1c6e30976152b333,True,False,HCC043,Congress,TRT_002,Road Diet (4-to-3 Lane Conversion),BASE,145470.0,59575653.4753,59430183.4753,409.539104,False,UNKNOWN,DOCUMENTED_CMF_SCENARIO,7,ANALYST_DEFINED_BINDING_BUDGET_STRESS_TEST; PROVISIONAL_PORTFOLIO_SCENARIO; ENGINEERING_REVIEW_REQUIRED
PORT_STR_BASE_B4M_EQ20,BINDING-BUDGET STRESS TEST,BASE,4000000.0,0.2,ec0b5fd854e004b725b7a9d4efd90b6614fc03a3386c36ef1c6e30976152b333,BINDING-BUDGET STRESS TEST_BASE_ec0b5fd854e004b725b7a9d4efd90b6614fc03a3386c36ef1c6e30976152b333,True,False,HCC017,Pulaski,TRT_001,Pedestrian Refuge Islands & Medians,BASE,90000.0,53757205.7562,53667205.7562,597.302286,True,UNKNOWN,DOCUMENTED_CMF_SCENARIO,8,ANALYST_DEFINED_BINDING_BUDGET_STRESS_TEST; PROVISIONAL_PORTFOLIO_SCENARIO; ENGINEERING_REVIEW_REQUIRED
PORT_STR_BASE_B4M_EQ20,BINDING-BUDGET STRESS TEST,BASE,4000000.0,0.2,ec0b5fd854e004b725b7a9d4efd90b6614fc03a3386c36ef1c6e30976152b333,BINDING-BUDGET STRESS TEST_BASE_ec0b5fd854e004b725b7a9d4efd90b6614fc03a3386c36ef1c6e30976152b333,True,False,HCC006,Fullerton,TRT_001,Pedestrian Refuge Islands & Medians,BASE,135000.0,53312619.8299,53177619.8299,394.908295,False,UNKNOWN,DOCUMENTED_CMF_SCENARIO,9,ANALYST_DEFINED_BINDING_BUDGET_STRESS_TEST; PROVISIONAL_PORTFOLIO_SCENARIO; ENGINEERING_REVIEW_REQUIRED
PORT_STR_BASE_B4M_EQ20,BINDING-BUDGET STRESS TEST,BASE,4000000.0,0.2,ec0b5fd854e004b725b7a9d4efd90b6614fc03a3386c36ef1c6e30976152b333,BINDING-BUDGET STRESS TEST_BASE_ec0b5fd854e004b725b7a9d4efd90b6614fc03a3386c36ef1c6e30976152b333,True,False,HCC023,Ashland,TRT_001,Pedestrian Refuge Islands & Medians,BASE,45000.0,41335569.3088,41290569.3088,918.568207,True,UNKNOWN,DOCUMENTED_CMF_SCENARIO,10,ANALYST_DEFINED_BINDING_BUDGET_STRESS_TEST; PROVISIONAL_PORTFOLIO_SCENARIO; ENGINEERING_REVIEW_REQUIRED
PORT_STR_BASE_B4M_EQ20,BINDING-BUDGET STRESS TEST,BASE,4000000.0,0.2,ec0b5fd854e004b725b7a9d4efd90b6614fc03a3386c36ef1c6e30976152b333,BINDING-BUDGET STRESS TEST_BASE_ec0b5fd854e004b725b7a9d4efd90b6614fc03a3386c36ef1c6e30976152b333,True,False,HCC001,Devon,TRT_001,Pedestrian Refuge Islands & Medians,BASE,45000.0,33035192.1469,32990192.1469,734.115381,True,UNKNOWN,DOCUMENTED_CMF_SCENARIO,11,ANALYST_DEFINED_BINDING_BUDGET_STRESS_TEST; PROVISIONAL_PORTFOLIO_SCENARIO; ENGINEERING_REVIEW_REQUIRED
PORT_STR_BASE_B4M_EQ20,BINDING-BUDGET STRESS TEST,BASE,4000000.0,0.2,ec0b5fd854e004b725b7a9d4efd90b6614fc03a3386c36ef1c6e30976152b333,BINDING-BUDGET STRESS TEST_BASE_ec0b5fd854e004b725b7a9d4efd90b6614fc03a3386c36ef1c6e30976152b333,True,False,HCC027,Cottage Grove,TRT_001,Pedestrian Refuge Islands & Medians,BASE,60000.0,27478744.5197,27418744.5197,457.979075,True,UNKNOWN,DOCUMENTED_CMF_SCENARIO,12,ANALYST_DEFINED_BINDING_BUDGET_STRESS_TEST; PROVISIONAL_PORTFOLIO_SCENARIO; ENGINEERING_REVIEW_REQUIRED
PORT_STR_BASE_B4M_EQ20,BINDING-BUDGET STRESS TEST,BASE,4000000.0,0.2,ec0b5fd854e004b725b7a9d4efd90b6614fc03a3386c36ef1c6e30976152b333,BINDING-BUDGET STRESS TEST_BASE_ec0b5fd854e004b725b7a9d4efd90b6614fc03a3386c36ef1c6e30976152b333,True,False,HCC037,State,TRT_001,Pedestrian Refuge Islands & Medians,BASE,60000.0,25195602.2815,25135602.2815,419.926705,False,UNKNOWN,DOCUMENTED_CMF_SCENARIO,13,ANALYST_DEFINED_BINDING_BUDGET_STRESS_TEST; PROVISIONAL_PORTFOLIO_SCENARIO; ENGINEERING_REVIEW_REQUIRED
PORT_STR_BASE_B4M_EQ20,BINDING-BUDGET STRESS TEST,BASE,4000000.0,0.2,ec0b5fd854e004b725b7a9d4efd90b6614fc03a3386c36ef1c6e30976152b333,BINDING-BUDGET STRESS TEST_BASE_ec0b5fd854e004b725b7a9d4efd90b6614fc03a3386c36ef1c6e30976152b333,True,False,HCC024,Western,TRT_001,Pedestrian Refuge Islands & Medians,BASE,45000.0,24998344.9283,24953344.9283,555.518776,True,UNKNOWN,DOCUMENTED_CMF_SCENARIO,14,ANALYST_DEFINED_BINDING_BUDGET_STRESS_TEST; PROVISIONAL_PORTFOLIO_SCENARIO; ENGINEERING_REVIEW_REQUIRED
PORT_STR_BASE_B4M_EQ20,BINDING-BUDGET STRESS TEST,BASE,4000000.0,0.2,ec0b5fd854e004b725b7a9d4efd90b6614fc03a3386c36ef1c6e30976152b333,BINDING-BUDGET STRESS TEST_BASE_ec0b5fd854e004b725b7a9d4efd90b6614fc03a3386c36ef1c6e30976152b333,True,False,HCC013,Chicago,TRT_001,Pedestrian Refuge Islands & Medians,BASE,45000.0,21678589.8878,21633589.8878,481.746442,True,UNKNOWN,DOCUMENTED_CMF_SCENARIO,15,ANALYST_DEFINED_BINDING_BUDGET_STRESS_TEST; PROVISIONAL_PORTFOLIO_SCENARIO; ENGINEERING_REVIEW_REQUIRED
PORT_STR_BASE_B4M_EQ20,BINDING-BUDGET STRESS TEST,BASE,4000000.0,0.2,ec0b5fd854e004b725b7a9d4efd90b6614fc03a3386c36ef1c6e30976152b333,BINDING-BUDGET STRESS TEST_BASE_ec0b5fd854e004b725b7a9d4efd90b6614fc03a3386c36ef1c6e30976152b333,True,False,HCC035,Ohio,TRT_001,Pedestrian Refuge Islands & Medians,BASE,30000.0,20920130.4412,20890130.4412,697.337681,False,UNKNOWN,DOCUMENTED_CMF_SCENARIO,16,ANALYST_DEFINED_BINDING_BUDGET_STRESS_TEST; PROVISIONAL_PORTFOLIO_SCENARIO; ENGINEERING_REVIEW_REQUIRED
PORT_STR_BASE_B4M_EQ20,BINDING-BUDGET STRESS TEST,BASE,4000000.0,0.2,ec0b5fd854e004b725b7a9d4efd90b6614fc03a3386c36ef1c6e30976152b333,BINDING-BUDGET STRESS TEST_BASE_ec0b5fd854e004b725b7a9d4efd90b6614fc03a3386c36ef1c6e30976152b333,True,False,HCC029,79th,TRT_001,Pedestrian Refuge Islands & Medians,BASE,45000.0,17379650.5142,17334650.5142,386.214456,True,UNKNOWN,DOCUMENTED_CMF_SCENARIO,17,ANALYST_DEFINED_BINDING_BUDGET_STRESS_TEST; PROVISIONAL_PORTFOLIO_SCENARIO; ENGINEERING_REVIEW_REQUIRED
PORT_STR_BASE_B4M_EQ20,BINDING-BUDGET STRESS TEST,BASE,4000000.0,0.2,ec0b5fd854e004b725b7a9d4efd90b6614fc03a3386c36ef1c6e30976152b333,BINDING-BUDGET STRESS TEST_BASE_ec0b5fd854e004b725b7a9d4efd90b6614fc03a3386c36ef1c6e30976152b333,True,False,HCC030,87th,TRT_001,Pedestrian Refuge Islands & Medians,BASE,60000.0,16809632.0626,16749632.0626,280.160534,True,UNKNOWN,DOCUMENTED_CMF_SCENARIO,18,ANALYST_DEFINED_BINDING_BUDGET_STRESS_TEST; PROVISIONAL_PORTFOLIO_SCENARIO; ENGINEERING_REVIEW_REQUIRED
PORT_STR_BASE_B4M_EQ20,BINDING-BUDGET STRESS TEST,BASE,4000000.0,0.2,ec0b5fd854e004b725b7a9d4efd90b6614fc03a3386c36ef1c6e30976152b333,BINDING-BUDGET STRESS TEST_BASE_ec0b5fd854e004b725b7a9d4efd90b6614fc03a3386c36ef1c6e30976152b333,True,False,HCC011,North,TRT_001,Pedestrian Refuge Islands & Medians,BASE,45000.0,15365363.4867,15320363.4867,341.452522,True,UNKNOWN,DOCUMENTED_CMF_SCENARIO,19,ANALYST_DEFINED_BINDING_BUDGET_STRESS_TEST; PROVISIONAL_PORTFOLIO_SCENARIO; ENGINEERING_REVIEW_REQUIRED
PORT_STR_BASE_B4M_EQ20,BINDING-BUDGET STRESS TEST,BASE,4000000.0,0.2,ec0b5fd854e004b725b7a9d4efd90b6614fc03a3386c36ef1c6e30976152b333,BINDING-BUDGET STRESS TEST_BASE_ec0b5fd854e004b725b7a9d4efd90b6614fc03a3386c36ef1c6e30976152b333,True,False,HCC034,Ontario,TRT_001,Pedestrian Refuge Islands & Medians,BASE,30000.0,14268290.3652,14238290.3652,475.609679,False,UNKNOWN,DOCUMENTED_CMF_SCENARIO,20,ANALYST_DEFINED_BINDING_BUDGET_STRESS_TEST; PROVISIONAL_PORTFOLIO_SCENARIO; ENGINEERING_REVIEW_REQUIRED
PORT_STR_BASE_B4M_EQ20,BINDING-BUDGET STRESS TEST,BASE,4000000.0,0.2,ec0b5fd854e004b725b7a9d4efd90b6614fc03a3386c36ef1c6e30976152b333,BINDING-BUDGET STRESS TEST_BASE_ec0b5fd854e004b725b7a9d4efd90b6614fc03a3386c36ef1c6e30976152b333,True,False,HCC038,Fairbanks,TRT_001,Pedestrian Refuge Islands & Medians,BASE,15000.0,8990465.4071,8975465.4071,599.36436,False,UNKNOWN,DOCUMENTED_CMF_SCENARIO,21,ANALYST_DEFINED_BINDING_BUDGET_STRESS_TEST; PROVISIONAL_PORTFOLIO_SCENARIO; ENGINEERING_REVIEW_REQUIRED
PORT_STR_BASE_B4M_EQ20,BINDING-BUDGET STRESS TEST,BASE,4000000.0,0.2,ec0b5fd854e004b725b7a9d4efd90b6614fc03a3386c36ef1c6e30976152b333,BINDING-BUDGET STRESS TEST_BASE_ec0b5fd854e004b725b7a9d4efd90b6614fc03a3386c36ef1c6e30976152b333,True,False,HCC042,Dearborn,TRT_001,Pedestrian Refuge Islands & Medians,BASE,15000.0,5742922.2942,5727922.2942,382.861486,False,UNKNOWN,DOCUMENTED_CMF_SCENARIO,22,ANALYST_DEFINED_BINDING_BUDGET_STRESS_TEST; PROVISIONAL_PORTFOLIO_SCENARIO; ENGINEERING_REVIEW_REQUIRED
PORT_STR_BASE_B4M_EQ20,BINDING-BUDGET STRESS TEST,BASE,4000000.0,0.2,ec0b5fd854e004b725b7a9d4efd90b6614fc03a3386c36ef1c6e30976152b333,BINDING-BUDGET STRESS TEST_BASE_ec0b5fd854e004b725b7a9d4efd90b6614fc03a3386c36ef1c6e30976152b333,True,False,HCC041,Randolph,TRT_001,Pedestrian Refuge Islands & Medians,BASE,15000.0,4882188.7549,4867188.7549,325.47925,False,UNKNOWN,DOCUMENTED_CMF_SCENARIO,23,ANALYST_DEFINED_BINDING_BUDGET_STRESS_TEST; PROVISIONAL_PORTFOLIO_SCENARIO; ENGINEERING_REVIEW_REQUIRED
PORT_STR_BASE_B4M_EQ20,BINDING-BUDGET STRESS TEST,BASE,4000000.0,0.2,ec0b5fd854e004b725b7a9d4efd90b6614fc03a3386c36ef1c6e30976152b333,BINDING-BUDGET STRESS TEST_BASE_ec0b5fd854e004b725b7a9d4efd90b6614fc03a3386c36ef1c6e30976152b333,True,False,HCC033,Orleans,TRT_001,Pedestrian Refuge Islands & Medians,BASE,15000.0,4263487.793,4248487.793,284.23252,False,UNKNOWN,DOCUMENTED_CMF_SCENARIO,24,ANALYST_DEFINED_BINDING_BUDGET_STRESS_TEST; PROVISIONAL_PORTFOLIO_SCENARIO; ENGINEERING_REVIEW_REQUIRED
PORT_STR_BASE_B4M_EQ30,BINDING-BUDGET STRESS TEST,BASE,4000000.0,0.3,ec0b5fd854e004b725b7a9d4efd90b6614fc03a3386c36ef1c6e30976152b333,BINDING-BUDGET STRESS TEST_BASE_ec0b5fd854e004b725b7a9d4efd90b6614fc03a3386c36ef1c6e30976152b333,False,False,HCC016,Cicero,TRT_002,Road Diet (4-to-3 Lane Conversion),BASE,527460.0,234424612.8023,233897152.8023,444.440551,True,UNKNOWN,DOCUMENTED_CMF_SCENARIO,1,ANALYST_DEFINED_BINDING_BUDGET_STRESS_TEST; PROVISIONAL_PORTFOLIO_SCENARIO; ENGINEERING_REVIEW_REQUIRED
PORT_STR_BASE_B4M_EQ30,BINDING-BUDGET STRESS TEST,BASE,4000000.0,0.3,ec0b5fd854e004b725b7a9d4efd90b6614fc03a3386c36ef1c6e30976152b333,BINDING-BUDGET STRESS TEST_BASE_ec0b5fd854e004b725b7a9d4efd90b6614fc03a3386c36ef1c6e30976152b333,False,False,HCC032,Michigan,TRT_002,Road Diet (4-to-3 Lane Conversion),BASE,691950.0,232632764.02,231940814.02,336.198806,False,UNKNOWN,DOCUMENTED_CMF_SCENARIO,2,ANALYST_DEFINED_BINDING_BUDGET_STRESS_TEST; PROVISIONAL_PORTFOLIO_SCENARIO; ENGINEERING_REVIEW_REQUIRED
PORT_STR_BASE_B4M_EQ30,BINDING-BUDGET STRESS TEST,BASE,4000000.0,0.3,ec0b5fd854e004b725b7a9d4efd90b6614fc03a3386c36ef1c6e30976152b333,BINDING-BUDGET STRESS TEST_BASE_ec0b5fd854e004b725b7a9d4efd90b6614fc03a3386c36ef1c6e30976152b333,False,False,HCC025,Stony Island,TRT_002,Road Diet (4-to-3 Lane Conversion),BASE,603330.0,211541491.8085,210938161.8085,350.623194,True,UNKNOWN,DOCUMENTED_CMF_SCENARIO,3,ANALYST_DEFINED_BINDING_BUDGET_STRESS_TEST; PROVISIONAL_PORTFOLIO_SCENARIO; ENGINEERING_REVIEW_REQUIRED
PORT_STR_BASE_B4M_EQ30,BINDING-BUDGET STRESS TEST,BASE,4000000.0,0.3,ec0b5fd854e004b725b7a9d4efd90b6614fc03a3386c36ef1c6e30976152b333,BINDING-BUDGET STRESS TEST_BASE_ec0b5fd854e004b725b7a9d4efd90b6614fc03a3386c36ef1c6e30976152b333,False,False,HCC015,Lake,TRT_002,Road Diet (4-to-3 Lane Conversion),BASE,571830.0,196799394.4306,196227564.4306,344.15717,True,UNKNOWN,DOCUMENTED_CMF_SCENARIO,4,ANALYST_DEFINED_BINDING_BUDGET_STRESS_TEST; PROVISIONAL_PORTFOLIO_SCENARIO; ENGINEERING_REVIEW_REQUIRED
PORT_STR_BASE_B4M_EQ30,BINDING-BUDGET STRESS TEST,BASE,4000000.0,0.3,ec0b5fd854e004b725b7a9d4efd90b6614fc03a3386c36ef1c6e30976152b333,BINDING-BUDGET STRESS TEST_BASE_ec0b5fd854e004b725b7a9d4efd90b6614fc03a3386c36ef1c6e30976152b333,False,False,HCC018,Roosevelt,TRT_002,Road Diet (4-to-3 Lane Conversion),BASE,352740.0,136669587.6734,136316847.6734,387.451346,False,UNKNOWN,DOCUMENTED_CMF_SCENARIO,5,ANALYST_DEFINED_BINDING_BUDGET_STRESS_TEST; PROVISIONAL_PORTFOLIO_SCENARIO; ENGINEERING_REVIEW_REQUIRED
PORT_STR_BASE_B4M_EQ30,BINDING-BUDGET STRESS TEST,BASE,4000000.0,0.3,ec0b5fd854e004b725b7a9d4efd90b6614fc03a3386c36ef1c6e30976152b333,BINDING-BUDGET STRESS TEST_BASE_ec0b5fd854e004b725b7a9d4efd90b6614fc03a3386c36ef1c6e30976152b333,False,False,HCC031,Stony Island,TRT_002,Road Diet (4-to-3 Lane Conversion),BASE,302730.0,117460806.4058,117158076.4058,388.005174,False,UNKNOWN,DOCUMENTED_CMF_SCENARIO,6,ANALYST_DEFINED_BINDING_BUDGET_STRESS_TEST; PROVISIONAL_PORTFOLIO_SCENARIO; ENGINEERING_REVIEW_REQUIRED
PORT_STR_BASE_B4M_EQ30,BINDING-BUDGET STRESS TEST,BASE,4000000.0,0.3,ec0b5fd854e004b725b7a9d4efd90b6614fc03a3386c36ef1c6e30976152b333,BINDING-BUDGET STRESS TEST_BASE_ec0b5fd854e004b725b7a9d4efd90b6614fc03a3386c36ef1c6e30976152b333,False,False,HCC043,Congress,TRT_002,Road Diet (4-to-3 Lane Conversion),BASE,145470.0,59575653.4753,59430183.4753,409.539104,False,UNKNOWN,DOCUMENTED_CMF_SCENARIO,7,ANALYST_DEFINED_BINDING_BUDGET_STRESS_TEST; PROVISIONAL_PORTFOLIO_SCENARIO; ENGINEERING_REVIEW_REQUIRED
PORT_STR_BASE_B4M_EQ30,BINDING-BUDGET STRESS TEST,BASE,4000000.0,0.3,ec0b5fd854e004b725b7a9d4efd90b6614fc03a3386c36ef1c6e30976152b333,BINDING-BUDGET STRESS TEST_BASE_ec0b5fd854e004b725b7a9d4efd90b6614fc03a3386c36ef1c6e30976152b333,False,False,HCC017,Pulaski,TRT_001,Pedestrian Refuge Islands & Medians,BASE,90000.0,53757205.7562,53667205.7562,597.302286,True,UNKNOWN,DOCUMENTED_CMF_SCENARIO,8,ANALYST_DEFINED_BINDING_BUDGET_STRESS_TEST; PROVISIONAL_PORTFOLIO_SCENARIO; ENGINEERING_REVIEW_REQUIRED
PORT_STR_BASE_B4M_EQ30,BINDING-BUDGET STRESS TEST,BASE,4000000.0,0.3,ec0b5fd854e004b725b7a9d4efd90b6614fc03a3386c36ef1c6e30976152b333,BINDING-BUDGET STRESS TEST_BASE_ec0b5fd854e004b725b7a9d4efd90b6614fc03a3386c36ef1c6e30976152b333,False,False,HCC006,Fullerton,TRT_001,Pedestrian Refuge Islands & Medians,BASE,135000.0,53312619.8299,53177619.8299,394.908295,False,UNKNOWN,DOCUMENTED_CMF_SCENARIO,9,ANALYST_DEFINED_BINDING_BUDGET_STRESS_TEST; PROVISIONAL_PORTFOLIO_SCENARIO; ENGINEERING_REVIEW_REQUIRED
PORT_STR_BASE_B4M_EQ30,BINDING-BUDGET STRESS TEST,BASE,4000000.0,0.3,ec0b5fd854e004b725b7a9d4efd90b6614fc03a3386c36ef1c6e30976152b333,BINDING-BUDGET STRESS TEST_BASE_ec0b5fd854e004b725b7a9d4efd90b6614fc03a3386c36ef1c6e30976152b333,False,False,HCC023,Ashland,TRT_001,Pedestrian Refuge Islands & Medians,BASE,45000.0,41335569.3088,41290569.3088,918.568207,True,UNKNOWN,DOCUMENTED_CMF_SCENARIO,10,ANALYST_DEFINED_BINDING_BUDGET_STRESS_TEST; PROVISIONAL_PORTFOLIO_SCENARIO; ENGINEERING_REVIEW_REQUIRED
PORT_STR_BASE_B4M_EQ30,BINDING-BUDGET STRESS TEST,BASE,4000000.0,0.3,ec0b5fd854e004b725b7a9d4efd90b6614fc03a3386c36ef1c6e30976152b333,BINDING-BUDGET STRESS TEST_BASE_ec0b5fd854e004b725b7a9d4efd90b6614fc03a3386c36ef1c6e30976152b333,False,False,HCC001,Devon,TRT_001,Pedestrian Refuge Islands & Medians,BASE,45000.0,33035192.1469,32990192.1469,734.115381,True,UNKNOWN,DOCUMENTED_CMF_SCENARIO,11,ANALYST_DEFINED_BINDING_BUDGET_STRESS_TEST; PROVISIONAL_PORTFOLIO_SCENARIO; ENGINEERING_REVIEW_REQUIRED
PORT_STR_BASE_B4M_EQ30,BINDING-BUDGET STRESS TEST,BASE,4000000.0,0.3,ec0b5fd854e004b725b7a9d4efd90b6614fc03a3386c36ef1c6e30976152b333,BINDING-BUDGET STRESS TEST_BASE_ec0b5fd854e004b725b7a9d4efd90b6614fc03a3386c36ef1c6e30976152b333,False,False,HCC027,Cottage Grove,TRT_001,Pedestrian Refuge Islands & Medians,BASE,60000.0,27478744.5197,27418744.5197,457.979075,True,UNKNOWN,DOCUMENTED_CMF_SCENARIO,12,ANALYST_DEFINED_BINDING_BUDGET_STRESS_TEST; PROVISIONAL_PORTFOLIO_SCENARIO; ENGINEERING_REVIEW_REQUIRED
PORT_STR_BASE_B4M_EQ30,BINDING-BUDGET STRESS TEST,BASE,4000000.0,0.3,ec0b5fd854e004b725b7a9d4efd90b6614fc03a3386c36ef1c6e30976152b333,BINDING-BUDGET STRESS TEST_BASE_ec0b5fd854e004b725b7a9d4efd90b6614fc03a3386c36ef1c6e30976152b333,False,False,HCC037,State,TRT_001,Pedestrian Refuge Islands & Medians,BASE,60000.0,25195602.2815,25135602.2815,419.926705,False,UNKNOWN,DOCUMENTED_CMF_SCENARIO,13,ANALYST_DEFINED_BINDING_BUDGET_STRESS_TEST; PROVISIONAL_PORTFOLIO_SCENARIO; ENGINEERING_REVIEW_REQUIRED
PORT_STR_BASE_B4M_EQ30,BINDING-BUDGET STRESS TEST,BASE,4000000.0,0.3,ec0b5fd854e004b725b7a9d4efd90b6614fc03a3386c36ef1c6e30976152b333,BINDING-BUDGET STRESS TEST_BASE_ec0b5fd854e004b725b7a9d4efd90b6614fc03a3386c36ef1c6e30976152b333,False,False,HCC024,Western,TRT_001,Pedestrian Refuge Islands & Medians,BASE,45000.0,24998344.9283,24953344.9283,555.518776,True,UNKNOWN,DOCUMENTED_CMF_SCENARIO,14,ANALYST_DEFINED_BINDING_BUDGET_STRESS_TEST; PROVISIONAL_PORTFOLIO_SCENARIO; ENGINEERING_REVIEW_REQUIRED
PORT_STR_BASE_B4M_EQ30,BINDING-BUDGET STRESS TEST,BASE,4000000.0,0.3,ec0b5fd854e004b725b7a9d4efd90b6614fc03a3386c36ef1c6e30976152b333,BINDING-BUDGET STRESS TEST_BASE_ec0b5fd854e004b725b7a9d4efd90b6614fc03a3386c36ef1c6e30976152b333,False,False,HCC013,Chicago,TRT_001,Pedestrian Refuge Islands & Medians,BASE,45000.0,21678589.8878,21633589.8878,481.746442,True,UNKNOWN,DOCUMENTED_CMF_SCENARIO,15,ANALYST_DEFINED_BINDING_BUDGET_STRESS_TEST; PROVISIONAL_PORTFOLIO_SCENARIO; ENGINEERING_REVIEW_REQUIRED
PORT_STR_BASE_B4M_EQ30,BINDING-BUDGET STRESS TEST,BASE,4000000.0,0.3,ec0b5fd854e004b725b7a9d4efd90b6614fc03a3386c36ef1c6e30976152b333,BINDING-BUDGET STRESS TEST_BASE_ec0b5fd854e004b725b7a9d4efd90b6614fc03a3386c36ef1c6e30976152b333,False,False,HCC035,Ohio,TRT_001,Pedestrian Refuge Islands & Medians,BASE,30000.0,20920130.4412,20890130.4412,697.337681,False,UNKNOWN,DOCUMENTED_CMF_SCENARIO,16,ANALYST_DEFINED_BINDING_BUDGET_STRESS_TEST; PROVISIONAL_PORTFOLIO_SCENARIO; ENGINEERING_REVIEW_REQUIRED
PORT_STR_BASE_B4M_EQ30,BINDING-BUDGET STRESS TEST,BASE,4000000.0,0.3,ec0b5fd854e004b725b7a9d4efd90b6614fc03a3386c36ef1c6e30976152b333,BINDING-BUDGET STRESS TEST_BASE_ec0b5fd854e004b725b7a9d4efd90b6614fc03a3386c36ef1c6e30976152b333,False,False,HCC029,79th,TRT_001,Pedestrian Refuge Islands & Medians,BASE,45000.0,17379650.5142,17334650.5142,386.214456,True,UNKNOWN,DOCUMENTED_CMF_SCENARIO,17,ANALYST_DEFINED_BINDING_BUDGET_STRESS_TEST; PROVISIONAL_PORTFOLIO_SCENARIO; ENGINEERING_REVIEW_REQUIRED
PORT_STR_BASE_B4M_EQ30,BINDING-BUDGET STRESS TEST,BASE,4000000.0,0.3,ec0b5fd854e004b725b7a9d4efd90b6614fc03a3386c36ef1c6e30976152b333,BINDING-BUDGET STRESS TEST_BASE_ec0b5fd854e004b725b7a9d4efd90b6614fc03a3386c36ef1c6e30976152b333,False,False,HCC030,87th,TRT_001,Pedestrian Refuge Islands & Medians,BASE,60000.0,16809632.0626,16749632.0626,280.160534,True,UNKNOWN,DOCUMENTED_CMF_SCENARIO,18,ANALYST_DEFINED_BINDING_BUDGET_STRESS_TEST; PROVISIONAL_PORTFOLIO_SCENARIO; ENGINEERING_REVIEW_REQUIRED
PORT_STR_BASE_B4M_EQ30,BINDING-BUDGET STRESS TEST,BASE,4000000.0,0.3,ec0b5fd854e004b725b7a9d4efd90b6614fc03a3386c36ef1c6e30976152b333,BINDING-BUDGET STRESS TEST_BASE_ec0b5fd854e004b725b7a9d4efd90b6614fc03a3386c36ef1c6e30976152b333,False,False,HCC011,North,TRT_001,Pedestrian Refuge Islands & Medians,BASE,45000.0,15365363.4867,15320363.4867,341.452522,True,UNKNOWN,DOCUMENTED_CMF_SCENARIO,19,ANALYST_DEFINED_BINDING_BUDGET_STRESS_TEST; PROVISIONAL_PORTFOLIO_SCENARIO; ENGINEERING_REVIEW_REQUIRED
PORT_STR_BASE_B4M_EQ30,BINDING-BUDGET STRESS TEST,BASE,4000000.0,0.3,ec0b5fd854e004b725b7a9d4efd90b6614fc03a3386c36ef1c6e30976152b333,BINDING-BUDGET STRESS TEST_BASE_ec0b5fd854e004b725b7a9d4efd90b6614fc03a3386c36ef1c6e30976152b333,False,False,HCC034,Ontario,TRT_001,Pedestrian Refuge Islands & Medians,BASE,30000.0,14268290.3652,14238290.3652,475.609679,False,UNKNOWN,DOCUMENTED_CMF_SCENARIO,20,ANALYST_DEFINED_BINDING_BUDGET_STRESS_TEST; PROVISIONAL_PORTFOLIO_SCENARIO; ENGINEERING_REVIEW_REQUIRED
PORT_STR_BASE_B4M_EQ30,BINDING-BUDGET STRESS TEST,BASE,4000000.0,0.3,ec0b5fd854e004b725b7a9d4efd90b6614fc03a3386c36ef1c6e30976152b333,BINDING-BUDGET STRESS TEST_BASE_ec0b5fd854e004b725b7a9d4efd90b6614fc03a3386c36ef1c6e30976152b333,False,False,HCC038,Fairbanks,TRT_001,Pedestrian Refuge Islands & Medians,BASE,15000.0,8990465.4071,8975465.4071,599.36436,False,UNKNOWN,DOCUMENTED_CMF_SCENARIO,21,ANALYST_DEFINED_BINDING_BUDGET_STRESS_TEST; PROVISIONAL_PORTFOLIO_SCENARIO; ENGINEERING_REVIEW_REQUIRED
PORT_STR_BASE_B4M_EQ30,BINDING-BUDGET STRESS TEST,BASE,4000000.0,0.3,ec0b5fd854e004b725b7a9d4efd90b6614fc03a3386c36ef1c6e30976152b333,BINDING-BUDGET STRESS TEST_BASE_ec0b5fd854e004b725b7a9d4efd90b6614fc03a3386c36ef1c6e30976152b333,False,False,HCC042,Dearborn,TRT_001,Pedestrian Refuge Islands & Medians,BASE,15000.0,5742922.2942,5727922.2942,382.861486,False,UNKNOWN,DOCUMENTED_CMF_SCENARIO,22,ANALYST_DEFINED_BINDING_BUDGET_STRESS_TEST; PROVISIONAL_PORTFOLIO_SCENARIO; ENGINEERING_REVIEW_REQUIRED
PORT_STR_BASE_B4M_EQ30,BINDING-BUDGET STRESS TEST,BASE,4000000.0,0.3,ec0b5fd854e004b725b7a9d4efd90b6614fc03a3386c36ef1c6e30976152b333,BINDING-BUDGET STRESS TEST_BASE_ec0b5fd854e004b725b7a9d4efd90b6614fc03a3386c36ef1c6e30976152b333,False,False,HCC041,Randolph,TRT_001,Pedestrian Refuge Islands & Medians,BASE,15000.0,4882188.7549,4867188.7549,325.47925,False,UNKNOWN,DOCUMENTED_CMF_SCENARIO,23,ANALYST_DEFINED_BINDING_BUDGET_STRESS_TEST; PROVISIONAL_PORTFOLIO_SCENARIO; ENGINEERING_REVIEW_REQUIRED
PORT_STR_BASE_B4M_EQ30,BINDING-BUDGET STRESS TEST,BASE,4000000.0,0.3,ec0b5fd854e004b725b7a9d4efd90b6614fc03a3386c36ef1c6e30976152b333,BINDING-BUDGET STRESS TEST_BASE_ec0b5fd854e004b725b7a9d4efd90b6614fc03a3386c36ef1c6e30976152b333,False,False,HCC033,Orleans,TRT_001,Pedestrian Refuge Islands & Medians,BASE,15000.0,4263487.793,4248487.793,284.23252,False,UNKNOWN,DOCUMENTED_CMF_SCENARIO,24,ANALYST_DEFINED_BINDING_BUDGET_STRESS_TEST; PROVISIONAL_PORTFOLIO_SCENARIO; ENGINEERING_REVIEW_REQUIRED
PORT_STR_BASE_B4M_EQ40,BINDING-BUDGET STRESS TEST,BASE,4000000.0,0.4,ec0b5fd854e004b725b7a9d4efd90b6614fc03a3386c36ef1c6e30976152b333,BINDING-BUDGET STRESS TEST_BASE_ec0b5fd854e004b725b7a9d4efd90b6614fc03a3386c36ef1c6e30976152b333,False,False,HCC016,Cicero,TRT_002,Road Diet (4-to-3 Lane Conversion),BASE,527460.0,234424612.8023,233897152.8023,444.440551,True,UNKNOWN,DOCUMENTED_CMF_SCENARIO,1,ANALYST_DEFINED_BINDING_BUDGET_STRESS_TEST; PROVISIONAL_PORTFOLIO_SCENARIO; ENGINEERING_REVIEW_REQUIRED
PORT_STR_BASE_B4M_EQ40,BINDING-BUDGET STRESS TEST,BASE,4000000.0,0.4,ec0b5fd854e004b725b7a9d4efd90b6614fc03a3386c36ef1c6e30976152b333,BINDING-BUDGET STRESS TEST_BASE_ec0b5fd854e004b725b7a9d4efd90b6614fc03a3386c36ef1c6e30976152b333,False,False,HCC032,Michigan,TRT_002,Road Diet (4-to-3 Lane Conversion),BASE,691950.0,232632764.02,231940814.02,336.198806,False,UNKNOWN,DOCUMENTED_CMF_SCENARIO,2,ANALYST_DEFINED_BINDING_BUDGET_STRESS_TEST; PROVISIONAL_PORTFOLIO_SCENARIO; ENGINEERING_REVIEW_REQUIRED
PORT_STR_BASE_B4M_EQ40,BINDING-BUDGET STRESS TEST,BASE,4000000.0,0.4,ec0b5fd854e004b725b7a9d4efd90b6614fc03a3386c36ef1c6e30976152b333,BINDING-BUDGET STRESS TEST_BASE_ec0b5fd854e004b725b7a9d4efd90b6614fc03a3386c36ef1c6e30976152b333,False,False,HCC025,Stony Island,TRT_002,Road Diet (4-to-3 Lane Conversion),BASE,603330.0,211541491.8085,210938161.8085,350.623194,True,UNKNOWN,DOCUMENTED_CMF_SCENARIO,3,ANALYST_DEFINED_BINDING_BUDGET_STRESS_TEST; PROVISIONAL_PORTFOLIO_SCENARIO; ENGINEERING_REVIEW_REQUIRED
PORT_STR_BASE_B4M_EQ40,BINDING-BUDGET STRESS TEST,BASE,4000000.0,0.4,ec0b5fd854e004b725b7a9d4efd90b6614fc03a3386c36ef1c6e30976152b333,BINDING-BUDGET STRESS TEST_BASE_ec0b5fd854e004b725b7a9d4efd90b6614fc03a3386c36ef1c6e30976152b333,False,False,HCC015,Lake,TRT_002,Road Diet (4-to-3 Lane Conversion),BASE,571830.0,196799394.4306,196227564.4306,344.15717,True,UNKNOWN,DOCUMENTED_CMF_SCENARIO,4,ANALYST_DEFINED_BINDING_BUDGET_STRESS_TEST; PROVISIONAL_PORTFOLIO_SCENARIO; ENGINEERING_REVIEW_REQUIRED
PORT_STR_BASE_B4M_EQ40,BINDING-BUDGET STRESS TEST,BASE,4000000.0,0.4,ec0b5fd854e004b725b7a9d4efd90b6614fc03a3386c36ef1c6e30976152b333,BINDING-BUDGET STRESS TEST_BASE_ec0b5fd854e004b725b7a9d4efd90b6614fc03a3386c36ef1c6e30976152b333,False,False,HCC018,Roosevelt,TRT_002,Road Diet (4-to-3 Lane Conversion),BASE,352740.0,136669587.6734,136316847.6734,387.451346,False,UNKNOWN,DOCUMENTED_CMF_SCENARIO,5,ANALYST_DEFINED_BINDING_BUDGET_STRESS_TEST; PROVISIONAL_PORTFOLIO_SCENARIO; ENGINEERING_REVIEW_REQUIRED
PORT_STR_BASE_B4M_EQ40,BINDING-BUDGET STRESS TEST,BASE,4000000.0,0.4,ec0b5fd854e004b725b7a9d4efd90b6614fc03a3386c36ef1c6e30976152b333,BINDING-BUDGET STRESS TEST_BASE_ec0b5fd854e004b725b7a9d4efd90b6614fc03a3386c36ef1c6e30976152b333,False,False,HCC031,Stony Island,TRT_002,Road Diet (4-to-3 Lane Conversion),BASE,302730.0,117460806.4058,117158076.4058,388.005174,False,UNKNOWN,DOCUMENTED_CMF_SCENARIO,6,ANALYST_DEFINED_BINDING_BUDGET_STRESS_TEST; PROVISIONAL_PORTFOLIO_SCENARIO; ENGINEERING_REVIEW_REQUIRED
PORT_STR_BASE_B4M_EQ40,BINDING-BUDGET STRESS TEST,BASE,4000000.0,0.4,ec0b5fd854e004b725b7a9d4efd90b6614fc03a3386c36ef1c6e30976152b333,BINDING-BUDGET STRESS TEST_BASE_ec0b5fd854e004b725b7a9d4efd90b6614fc03a3386c36ef1c6e30976152b333,False,False,HCC043,Congress,TRT_002,Road Diet (4-to-3 Lane Conversion),BASE,145470.0,59575653.4753,59430183.4753,409.539104,False,UNKNOWN,DOCUMENTED_CMF_SCENARIO,7,ANALYST_DEFINED_BINDING_BUDGET_STRESS_TEST; PROVISIONAL_PORTFOLIO_SCENARIO; ENGINEERING_REVIEW_REQUIRED
PORT_STR_BASE_B4M_EQ40,BINDING-BUDGET STRESS TEST,BASE,4000000.0,0.4,ec0b5fd854e004b725b7a9d4efd90b6614fc03a3386c36ef1c6e30976152b333,BINDING-BUDGET STRESS TEST_BASE_ec0b5fd854e004b725b7a9d4efd90b6614fc03a3386c36ef1c6e30976152b333,False,False,HCC017,Pulaski,TRT_001,Pedestrian Refuge Islands & Medians,BASE,90000.0,53757205.7562,53667205.7562,597.302286,True,UNKNOWN,DOCUMENTED_CMF_SCENARIO,8,ANALYST_DEFINED_BINDING_BUDGET_STRESS_TEST; PROVISIONAL_PORTFOLIO_SCENARIO; ENGINEERING_REVIEW_REQUIRED
PORT_STR_BASE_B4M_EQ40,BINDING-BUDGET STRESS TEST,BASE,4000000.0,0.4,ec0b5fd854e004b725b7a9d4efd90b6614fc03a3386c36ef1c6e30976152b333,BINDING-BUDGET STRESS TEST_BASE_ec0b5fd854e004b725b7a9d4efd90b6614fc03a3386c36ef1c6e30976152b333,False,False,HCC006,Fullerton,TRT_001,Pedestrian Refuge Islands & Medians,BASE,135000.0,53312619.8299,53177619.8299,394.908295,False,UNKNOWN,DOCUMENTED_CMF_SCENARIO,9,ANALYST_DEFINED_BINDING_BUDGET_STRESS_TEST; PROVISIONAL_PORTFOLIO_SCENARIO; ENGINEERING_REVIEW_REQUIRED
PORT_STR_BASE_B4M_EQ40,BINDING-BUDGET STRESS TEST,BASE,4000000.0,0.4,ec0b5fd854e004b725b7a9d4efd90b6614fc03a3386c36ef1c6e30976152b333,BINDING-BUDGET STRESS TEST_BASE_ec0b5fd854e004b725b7a9d4efd90b6614fc03a3386c36ef1c6e30976152b333,False,False,HCC023,Ashland,TRT_001,Pedestrian Refuge Islands & Medians,BASE,45000.0,41335569.3088,41290569.3088,918.568207,True,UNKNOWN,DOCUMENTED_CMF_SCENARIO,10,ANALYST_DEFINED_BINDING_BUDGET_STRESS_TEST; PROVISIONAL_PORTFOLIO_SCENARIO; ENGINEERING_REVIEW_REQUIRED
PORT_STR_BASE_B4M_EQ40,BINDING-BUDGET STRESS TEST,BASE,4000000.0,0.4,ec0b5fd854e004b725b7a9d4efd90b6614fc03a3386c36ef1c6e30976152b333,BINDING-BUDGET STRESS TEST_BASE_ec0b5fd854e004b725b7a9d4efd90b6614fc03a3386c36ef1c6e30976152b333,False,False,HCC001,Devon,TRT_001,Pedestrian Refuge Islands & Medians,BASE,45000.0,33035192.1469,32990192.1469,734.115381,True,UNKNOWN,DOCUMENTED_CMF_SCENARIO,11,ANALYST_DEFINED_BINDING_BUDGET_STRESS_TEST; PROVISIONAL_PORTFOLIO_SCENARIO; ENGINEERING_REVIEW_REQUIRED
PORT_STR_BASE_B4M_EQ40,BINDING-BUDGET STRESS TEST,BASE,4000000.0,0.4,ec0b5fd854e004b725b7a9d4efd90b6614fc03a3386c36ef1c6e30976152b333,BINDING-BUDGET STRESS TEST_BASE_ec0b5fd854e004b725b7a9d4efd90b6614fc03a3386c36ef1c6e30976152b333,False,False,HCC027,Cottage Grove,TRT_001,Pedestrian Refuge Islands & Medians,BASE,60000.0,27478744.5197,27418744.5197,457.979075,True,UNKNOWN,DOCUMENTED_CMF_SCENARIO,12,ANALYST_DEFINED_BINDING_BUDGET_STRESS_TEST; PROVISIONAL_PORTFOLIO_SCENARIO; ENGINEERING_REVIEW_REQUIRED
PORT_STR_BASE_B4M_EQ40,BINDING-BUDGET STRESS TEST,BASE,4000000.0,0.4,ec0b5fd854e004b725b7a9d4efd90b6614fc03a3386c36ef1c6e30976152b333,BINDING-BUDGET STRESS TEST_BASE_ec0b5fd854e004b725b7a9d4efd90b6614fc03a3386c36ef1c6e30976152b333,False,False,HCC037,State,TRT_001,Pedestrian Refuge Islands & Medians,BASE,60000.0,25195602.2815,25135602.2815,419.926705,False,UNKNOWN,DOCUMENTED_CMF_SCENARIO,13,ANALYST_DEFINED_BINDING_BUDGET_STRESS_TEST; PROVISIONAL_PORTFOLIO_SCENARIO; ENGINEERING_REVIEW_REQUIRED
PORT_STR_BASE_B4M_EQ40,BINDING-BUDGET STRESS TEST,BASE,4000000.0,0.4,ec0b5fd854e004b725b7a9d4efd90b6614fc03a3386c36ef1c6e30976152b333,BINDING-BUDGET STRESS TEST_BASE_ec0b5fd854e004b725b7a9d4efd90b6614fc03a3386c36ef1c6e30976152b333,False,False,HCC024,Western,TRT_001,Pedestrian Refuge Islands & Medians,BASE,45000.0,24998344.9283,24953344.9283,555.518776,True,UNKNOWN,DOCUMENTED_CMF_SCENARIO,14,ANALYST_DEFINED_BINDING_BUDGET_STRESS_TEST; PROVISIONAL_PORTFOLIO_SCENARIO; ENGINEERING_REVIEW_REQUIRED
PORT_STR_BASE_B4M_EQ40,BINDING-BUDGET STRESS TEST,BASE,4000000.0,0.4,ec0b5fd854e004b725b7a9d4efd90b6614fc03a3386c36ef1c6e30976152b333,BINDING-BUDGET STRESS TEST_BASE_ec0b5fd854e004b725b7a9d4efd90b6614fc03a3386c36ef1c6e30976152b333,False,False,HCC013,Chicago,TRT_001,Pedestrian Refuge Islands & Medians,BASE,45000.0,21678589.8878,21633589.8878,481.746442,True,UNKNOWN,DOCUMENTED_CMF_SCENARIO,15,ANALYST_DEFINED_BINDING_BUDGET_STRESS_TEST; PROVISIONAL_PORTFOLIO_SCENARIO; ENGINEERING_REVIEW_REQUIRED
PORT_STR_BASE_B4M_EQ40,BINDING-BUDGET STRESS TEST,BASE,4000000.0,0.4,ec0b5fd854e004b725b7a9d4efd90b6614fc03a3386c36ef1c6e30976152b333,BINDING-BUDGET STRESS TEST_BASE_ec0b5fd854e004b725b7a9d4efd90b6614fc03a3386c36ef1c6e30976152b333,False,False,HCC035,Ohio,TRT_001,Pedestrian Refuge Islands & Medians,BASE,30000.0,20920130.4412,20890130.4412,697.337681,False,UNKNOWN,DOCUMENTED_CMF_SCENARIO,16,ANALYST_DEFINED_BINDING_BUDGET_STRESS_TEST; PROVISIONAL_PORTFOLIO_SCENARIO; ENGINEERING_REVIEW_REQUIRED
PORT_STR_BASE_B4M_EQ40,BINDING-BUDGET STRESS TEST,BASE,4000000.0,0.4,ec0b5fd854e004b725b7a9d4efd90b6614fc03a3386c36ef1c6e30976152b333,BINDING-BUDGET STRESS TEST_BASE_ec0b5fd854e004b725b7a9d4efd90b6614fc03a3386c36ef1c6e30976152b333,False,False,HCC029,79th,TRT_001,Pedestrian Refuge Islands & Medians,BASE,45000.0,17379650.5142,17334650.5142,386.214456,True,UNKNOWN,DOCUMENTED_CMF_SCENARIO,17,ANALYST_DEFINED_BINDING_BUDGET_STRESS_TEST; PROVISIONAL_PORTFOLIO_SCENARIO; ENGINEERING_REVIEW_REQUIRED
PORT_STR_BASE_B4M_EQ40,BINDING-BUDGET STRESS TEST,BASE,4000000.0,0.4,ec0b5fd854e004b725b7a9d4efd90b6614fc03a3386c36ef1c6e30976152b333,BINDING-BUDGET STRESS TEST_BASE_ec0b5fd854e004b725b7a9d4efd90b6614fc03a3386c36ef1c6e30976152b333,False,False,HCC030,87th,TRT_001,Pedestrian Refuge Islands & Medians,BASE,60000.0,16809632.0626,16749632.0626,280.160534,True,UNKNOWN,DOCUMENTED_CMF_SCENARIO,18,ANALYST_DEFINED_BINDING_BUDGET_STRESS_TEST; PROVISIONAL_PORTFOLIO_SCENARIO; ENGINEERING_REVIEW_REQUIRED
PORT_STR_BASE_B4M_EQ40,BINDING-BUDGET STRESS TEST,BASE,4000000.0,0.4,ec0b5fd854e004b725b7a9d4efd90b6614fc03a3386c36ef1c6e30976152b333,BINDING-BUDGET STRESS TEST_BASE_ec0b5fd854e004b725b7a9d4efd90b6614fc03a3386c36ef1c6e30976152b333,False,False,HCC011,North,TRT_001,Pedestrian Refuge Islands & Medians,BASE,45000.0,15365363.4867,15320363.4867,341.452522,True,UNKNOWN,DOCUMENTED_CMF_SCENARIO,19,ANALYST_DEFINED_BINDING_BUDGET_STRESS_TEST; PROVISIONAL_PORTFOLIO_SCENARIO; ENGINEERING_REVIEW_REQUIRED
PORT_STR_BASE_B4M_EQ40,BINDING-BUDGET STRESS TEST,BASE,4000000.0,0.4,ec0b5fd854e004b725b7a9d4efd90b6614fc03a3386c36ef1c6e30976152b333,BINDING-BUDGET STRESS TEST_BASE_ec0b5fd854e004b725b7a9d4efd90b6614fc03a3386c36ef1c6e30976152b333,False,False,HCC034,Ontario,TRT_001,Pedestrian Refuge Islands & Medians,BASE,30000.0,14268290.3652,14238290.3652,475.609679,False,UNKNOWN,DOCUMENTED_CMF_SCENARIO,20,ANALYST_DEFINED_BINDING_BUDGET_STRESS_TEST; PROVISIONAL_PORTFOLIO_SCENARIO; ENGINEERING_REVIEW_REQUIRED
PORT_STR_BASE_B4M_EQ40,BINDING-BUDGET STRESS TEST,BASE,4000000.0,0.4,ec0b5fd854e004b725b7a9d4efd90b6614fc03a3386c36ef1c6e30976152b333,BINDING-BUDGET STRESS TEST_BASE_ec0b5fd854e004b725b7a9d4efd90b6614fc03a3386c36ef1c6e30976152b333,False,False,HCC038,Fairbanks,TRT_001,Pedestrian Refuge Islands & Medians,BASE,15000.0,8990465.4071,8975465.4071,599.36436,False,UNKNOWN,DOCUMENTED_CMF_SCENARIO,21,ANALYST_DEFINED_BINDING_BUDGET_STRESS_TEST; PROVISIONAL_PORTFOLIO_SCENARIO; ENGINEERING_REVIEW_REQUIRED
PORT_STR_BASE_B4M_EQ40,BINDING-BUDGET STRESS TEST,BASE,4000000.0,0.4,ec0b5fd854e004b725b7a9d4efd90b6614fc03a3386c36ef1c6e30976152b333,BINDING-BUDGET STRESS TEST_BASE_ec0b5fd854e004b725b7a9d4efd90b6614fc03a3386c36ef1c6e30976152b333,False,False,HCC042,Dearborn,TRT_001,Pedestrian Refuge Islands & Medians,BASE,15000.0,5742922.2942,5727922.2942,382.861486,False,UNKNOWN,DOCUMENTED_CMF_SCENARIO,22,ANALYST_DEFINED_BINDING_BUDGET_STRESS_TEST; PROVISIONAL_PORTFOLIO_SCENARIO; ENGINEERING_REVIEW_REQUIRED
PORT_STR_BASE_B4M_EQ40,BINDING-BUDGET STRESS TEST,BASE,4000000.0,0.4,ec0b5fd854e004b725b7a9d4efd90b6614fc03a3386c36ef1c6e30976152b333,BINDING-BUDGET STRESS TEST_BASE_ec0b5fd854e004b725b7a9d4efd90b6614fc03a3386c36ef1c6e30976152b333,False,False,HCC041,Randolph,TRT_001,Pedestrian Refuge Islands & Medians,BASE,15000.0,4882188.7549,4867188.7549,325.47925,False,UNKNOWN,DOCUMENTED_CMF_SCENARIO,23,ANALYST_DEFINED_BINDING_BUDGET_STRESS_TEST; PROVISIONAL_PORTFOLIO_SCENARIO; ENGINEERING_REVIEW_REQUIRED
PORT_STR_BASE_B4M_EQ40,BINDING-BUDGET STRESS TEST,BASE,4000000.0,0.4,ec0b5fd854e004b725b7a9d4efd90b6614fc03a3386c36ef1c6e30976152b333,BINDING-BUDGET STRESS TEST_BASE_ec0b5fd854e004b725b7a9d4efd90b6614fc03a3386c36ef1c6e30976152b333,False,False,HCC033,Orleans,TRT_001,Pedestrian Refuge Islands & Medians,BASE,15000.0,4263487.793,4248487.793,284.23252,False,UNKNOWN,DOCUMENTED_CMF_SCENARIO,24,ANALYST_DEFINED_BINDING_BUDGET_STRESS_TEST; PROVISIONAL_PORTFOLIO_SCENARIO; ENGINEERING_REVIEW_REQUIRED
PORT_STR_BASE_B6M_EQ20,BINDING-BUDGET STRESS TEST,BASE,6000000.0,0.2,c0701eb6e078b978b9f3550aee79ac2a54dbba8152fc93725a658de50cf2de99,BINDING-BUDGET STRESS TEST_BASE_c0701eb6e078b978b9f3550aee79ac2a54dbba8152fc93725a658de50cf2de99,True,False,HCC017,Pulaski,TRT_002,Road Diet (4-to-3 Lane Conversion),BASE,755940.0,249366509.2623,248610569.2623,329.876061,True,UNKNOWN,DOCUMENTED_CMF_SCENARIO,1,ANALYST_DEFINED_BINDING_BUDGET_STRESS_TEST; PROVISIONAL_PORTFOLIO_SCENARIO; ENGINEERING_REVIEW_REQUIRED
PORT_STR_BASE_B6M_EQ20,BINDING-BUDGET STRESS TEST,BASE,6000000.0,0.2,c0701eb6e078b978b9f3550aee79ac2a54dbba8152fc93725a658de50cf2de99,BINDING-BUDGET STRESS TEST_BASE_c0701eb6e078b978b9f3550aee79ac2a54dbba8152fc93725a658de50cf2de99,True,False,HCC016,Cicero,TRT_002,Road Diet (4-to-3 Lane Conversion),BASE,527460.0,234424612.8023,233897152.8023,444.440551,True,UNKNOWN,DOCUMENTED_CMF_SCENARIO,2,ANALYST_DEFINED_BINDING_BUDGET_STRESS_TEST; PROVISIONAL_PORTFOLIO_SCENARIO; ENGINEERING_REVIEW_REQUIRED
PORT_STR_BASE_B6M_EQ20,BINDING-BUDGET STRESS TEST,BASE,6000000.0,0.2,c0701eb6e078b978b9f3550aee79ac2a54dbba8152fc93725a658de50cf2de99,BINDING-BUDGET STRESS TEST_BASE_c0701eb6e078b978b9f3550aee79ac2a54dbba8152fc93725a658de50cf2de99,True,False,HCC032,Michigan,TRT_002,Road Diet (4-to-3 Lane Conversion),BASE,691950.0,232632764.02,231940814.02,336.198806,False,UNKNOWN,DOCUMENTED_CMF_SCENARIO,3,ANALYST_DEFINED_BINDING_BUDGET_STRESS_TEST; PROVISIONAL_PORTFOLIO_SCENARIO; ENGINEERING_REVIEW_REQUIRED
PORT_STR_BASE_B6M_EQ20,BINDING-BUDGET STRESS TEST,BASE,6000000.0,0.2,c0701eb6e078b978b9f3550aee79ac2a54dbba8152fc93725a658de50cf2de99,BINDING-BUDGET STRESS TEST_BASE_c0701eb6e078b978b9f3550aee79ac2a54dbba8152fc93725a658de50cf2de99,True,False,HCC025,Stony Island,TRT_002,Road Diet (4-to-3 Lane Conversion),BASE,603330.0,211541491.8085,210938161.8085,350.623194,True,UNKNOWN,DOCUMENTED_CMF_SCENARIO,4,ANALYST_DEFINED_BINDING_BUDGET_STRESS_TEST; PROVISIONAL_PORTFOLIO_SCENARIO; ENGINEERING_REVIEW_REQUIRED
PORT_STR_BASE_B6M_EQ20,BINDING-BUDGET STRESS TEST,BASE,6000000.0,0.2,c0701eb6e078b978b9f3550aee79ac2a54dbba8152fc93725a658de50cf2de99,BINDING-BUDGET STRESS TEST_BASE_c0701eb6e078b978b9f3550aee79ac2a54dbba8152fc93725a658de50cf2de99,True,False,HCC015,Lake,TRT_002,Road Diet (4-to-3 Lane Conversion),BASE,571830.0,196799394.4306,196227564.4306,344.15717,True,UNKNOWN,DOCUMENTED_CMF_SCENARIO,5,ANALYST_DEFINED_BINDING_BUDGET_STRESS_TEST; PROVISIONAL_PORTFOLIO_SCENARIO; ENGINEERING_REVIEW_REQUIRED
PORT_STR_BASE_B6M_EQ20,BINDING-BUDGET STRESS TEST,BASE,6000000.0,0.2,c0701eb6e078b978b9f3550aee79ac2a54dbba8152fc93725a658de50cf2de99,BINDING-BUDGET STRESS TEST_BASE_c0701eb6e078b978b9f3550aee79ac2a54dbba8152fc93725a658de50cf2de99,True,False,HCC023,Ashland,TRT_002,Road Diet (4-to-3 Lane Conversion),BASE,376800.0,152356834.9555,151980034.9555,404.344042,True,UNKNOWN,DOCUMENTED_CMF_SCENARIO,6,ANALYST_DEFINED_BINDING_BUDGET_STRESS_TEST; PROVISIONAL_PORTFOLIO_SCENARIO; ENGINEERING_REVIEW_REQUIRED
PORT_STR_BASE_B6M_EQ20,BINDING-BUDGET STRESS TEST,BASE,6000000.0,0.2,c0701eb6e078b978b9f3550aee79ac2a54dbba8152fc93725a658de50cf2de99,BINDING-BUDGET STRESS TEST_BASE_c0701eb6e078b978b9f3550aee79ac2a54dbba8152fc93725a658de50cf2de99,True,False,HCC018,Roosevelt,TRT_002,Road Diet (4-to-3 Lane Conversion),BASE,352740.0,136669587.6734,136316847.6734,387.451346,False,UNKNOWN,DOCUMENTED_CMF_SCENARIO,7,ANALYST_DEFINED_BINDING_BUDGET_STRESS_TEST; PROVISIONAL_PORTFOLIO_SCENARIO; ENGINEERING_REVIEW_REQUIRED
PORT_STR_BASE_B6M_EQ20,BINDING-BUDGET STRESS TEST,BASE,6000000.0,0.2,c0701eb6e078b978b9f3550aee79ac2a54dbba8152fc93725a658de50cf2de99,BINDING-BUDGET STRESS TEST_BASE_c0701eb6e078b978b9f3550aee79ac2a54dbba8152fc93725a658de50cf2de99,True,False,HCC031,Stony Island,TRT_002,Road Diet (4-to-3 Lane Conversion),BASE,302730.0,117460806.4058,117158076.4058,388.005174,False,UNKNOWN,DOCUMENTED_CMF_SCENARIO,8,ANALYST_DEFINED_BINDING_BUDGET_STRESS_TEST; PROVISIONAL_PORTFOLIO_SCENARIO; ENGINEERING_REVIEW_REQUIRED
PORT_STR_BASE_B6M_EQ20,BINDING-BUDGET STRESS TEST,BASE,6000000.0,0.2,c0701eb6e078b978b9f3550aee79ac2a54dbba8152fc93725a658de50cf2de99,BINDING-BUDGET STRESS TEST_BASE_c0701eb6e078b978b9f3550aee79ac2a54dbba8152fc93725a658de50cf2de99,True,False,HCC011,North,TRT_002,Road Diet (4-to-3 Lane Conversion),BASE,306330.0,90747637.322,90441307.322,296.24143,True,UNKNOWN,DOCUMENTED_CMF_SCENARIO,9,ANALYST_DEFINED_BINDING_BUDGET_STRESS_TEST; PROVISIONAL_PORTFOLIO_SCENARIO; ENGINEERING_REVIEW_REQUIRED
PORT_STR_BASE_B6M_EQ20,BINDING-BUDGET STRESS TEST,BASE,6000000.0,0.2,c0701eb6e078b978b9f3550aee79ac2a54dbba8152fc93725a658de50cf2de99,BINDING-BUDGET STRESS TEST_BASE_c0701eb6e078b978b9f3550aee79ac2a54dbba8152fc93725a658de50cf2de99,True,False,HCC012,Chicago,TRT_002,Road Diet (4-to-3 Lane Conversion),BASE,303060.0,81822643.3899,81519583.3899,269.988264,True,UNKNOWN,DOCUMENTED_CMF_SCENARIO,10,ANALYST_DEFINED_BINDING_BUDGET_STRESS_TEST; PROVISIONAL_PORTFOLIO_SCENARIO; ENGINEERING_REVIEW_REQUIRED
PORT_STR_BASE_B6M_EQ20,BINDING-BUDGET STRESS TEST,BASE,6000000.0,0.2,c0701eb6e078b978b9f3550aee79ac2a54dbba8152fc93725a658de50cf2de99,BINDING-BUDGET STRESS TEST_BASE_c0701eb6e078b978b9f3550aee79ac2a54dbba8152fc93725a658de50cf2de99,True,False,HCC043,Congress,TRT_002,Road Diet (4-to-3 Lane Conversion),BASE,145470.0,59575653.4753,59430183.4753,409.539104,False,UNKNOWN,DOCUMENTED_CMF_SCENARIO,11,ANALYST_DEFINED_BINDING_BUDGET_STRESS_TEST; PROVISIONAL_PORTFOLIO_SCENARIO; ENGINEERING_REVIEW_REQUIRED
PORT_STR_BASE_B6M_EQ20,BINDING-BUDGET STRESS TEST,BASE,6000000.0,0.2,c0701eb6e078b978b9f3550aee79ac2a54dbba8152fc93725a658de50cf2de99,BINDING-BUDGET STRESS TEST_BASE_c0701eb6e078b978b9f3550aee79ac2a54dbba8152fc93725a658de50cf2de99,True,False,HCC006,Fullerton,TRT_001,Pedestrian Refuge Islands & Medians,BASE,135000.0,53312619.8299,53177619.8299,394.908295,False,UNKNOWN,DOCUMENTED_CMF_SCENARIO,12,ANALYST_DEFINED_BINDING_BUDGET_STRESS_TEST; PROVISIONAL_PORTFOLIO_SCENARIO; ENGINEERING_REVIEW_REQUIRED
PORT_STR_BASE_B6M_EQ20,BINDING-BUDGET STRESS TEST,BASE,6000000.0,0.2,c0701eb6e078b978b9f3550aee79ac2a54dbba8152fc93725a658de50cf2de99,BINDING-BUDGET STRESS TEST_BASE_c0701eb6e078b978b9f3550aee79ac2a54dbba8152fc93725a658de50cf2de99,True,False,HCC040,Washington,TRT_002,Road Diet (4-to-3 Lane Conversion),BASE,191790.0,53116805.5292,52925015.5292,276.952946,False,UNKNOWN,DOCUMENTED_CMF_SCENARIO,13,ANALYST_DEFINED_BINDING_BUDGET_STRESS_TEST; PROVISIONAL_PORTFOLIO_SCENARIO; ENGINEERING_REVIEW_REQUIRED
PORT_STR_BASE_B6M_EQ20,BINDING-BUDGET STRESS TEST,BASE,6000000.0,0.2,c0701eb6e078b978b9f3550aee79ac2a54dbba8152fc93725a658de50cf2de99,BINDING-BUDGET STRESS TEST_BASE_c0701eb6e078b978b9f3550aee79ac2a54dbba8152fc93725a658de50cf2de99,True,False,HCC001,Devon,TRT_001,Pedestrian Refuge Islands & Medians,BASE,45000.0,33035192.1469,32990192.1469,734.115381,True,UNKNOWN,DOCUMENTED_CMF_SCENARIO,14,ANALYST_DEFINED_BINDING_BUDGET_STRESS_TEST; PROVISIONAL_PORTFOLIO_SCENARIO; ENGINEERING_REVIEW_REQUIRED
PORT_STR_BASE_B6M_EQ20,BINDING-BUDGET STRESS TEST,BASE,6000000.0,0.2,c0701eb6e078b978b9f3550aee79ac2a54dbba8152fc93725a658de50cf2de99,BINDING-BUDGET STRESS TEST_BASE_c0701eb6e078b978b9f3550aee79ac2a54dbba8152fc93725a658de50cf2de99,True,False,HCC027,Cottage Grove,TRT_001,Pedestrian Refuge Islands & Medians,BASE,60000.0,27478744.5197,27418744.5197,457.979075,True,UNKNOWN,DOCUMENTED_CMF_SCENARIO,15,ANALYST_DEFINED_BINDING_BUDGET_STRESS_TEST; PROVISIONAL_PORTFOLIO_SCENARIO; ENGINEERING_REVIEW_REQUIRED
PORT_STR_BASE_B6M_EQ20,BINDING-BUDGET STRESS TEST,BASE,6000000.0,0.2,c0701eb6e078b978b9f3550aee79ac2a54dbba8152fc93725a658de50cf2de99,BINDING-BUDGET STRESS TEST_BASE_c0701eb6e078b978b9f3550aee79ac2a54dbba8152fc93725a658de50cf2de99,True,False,HCC037,State,TRT_001,Pedestrian Refuge Islands & Medians,BASE,60000.0,25195602.2815,25135602.2815,419.926705,False,UNKNOWN,DOCUMENTED_CMF_SCENARIO,16,ANALYST_DEFINED_BINDING_BUDGET_STRESS_TEST; PROVISIONAL_PORTFOLIO_SCENARIO; ENGINEERING_REVIEW_REQUIRED
PORT_STR_BASE_B6M_EQ20,BINDING-BUDGET STRESS TEST,BASE,6000000.0,0.2,c0701eb6e078b978b9f3550aee79ac2a54dbba8152fc93725a658de50cf2de99,BINDING-BUDGET STRESS TEST_BASE_c0701eb6e078b978b9f3550aee79ac2a54dbba8152fc93725a658de50cf2de99,True,False,HCC024,Western,TRT_001,Pedestrian Refuge Islands & Medians,BASE,45000.0,24998344.9283,24953344.9283,555.518776,True,UNKNOWN,DOCUMENTED_CMF_SCENARIO,17,ANALYST_DEFINED_BINDING_BUDGET_STRESS_TEST; PROVISIONAL_PORTFOLIO_SCENARIO; ENGINEERING_REVIEW_REQUIRED
PORT_STR_BASE_B6M_EQ20,BINDING-BUDGET STRESS TEST,BASE,6000000.0,0.2,c0701eb6e078b978b9f3550aee79ac2a54dbba8152fc93725a658de50cf2de99,BINDING-BUDGET STRESS TEST_BASE_c0701eb6e078b978b9f3550aee79ac2a54dbba8152fc93725a658de50cf2de99,True,False,HCC021,Pulaski,TRT_001,Pedestrian Refuge Islands & Medians,BASE,90000.0,23749568.4195,23659568.4195,263.884094,True,UNKNOWN,DOCUMENTED_CMF_SCENARIO,18,ANALYST_DEFINED_BINDING_BUDGET_STRESS_TEST; PROVISIONAL_PORTFOLIO_SCENARIO; ENGINEERING_REVIEW_REQUIRED
PORT_STR_BASE_B6M_EQ20,BINDING-BUDGET STRESS TEST,BASE,6000000.0,0.2,c0701eb6e078b978b9f3550aee79ac2a54dbba8152fc93725a658de50cf2de99,BINDING-BUDGET STRESS TEST_BASE_c0701eb6e078b978b9f3550aee79ac2a54dbba8152fc93725a658de50cf2de99,True,False,HCC013,Chicago,TRT_001,Pedestrian Refuge Islands & Medians,BASE,45000.0,21678589.8878,21633589.8878,481.746442,True,UNKNOWN,DOCUMENTED_CMF_SCENARIO,19,ANALYST_DEFINED_BINDING_BUDGET_STRESS_TEST; PROVISIONAL_PORTFOLIO_SCENARIO; ENGINEERING_REVIEW_REQUIRED
PORT_STR_BASE_B6M_EQ20,BINDING-BUDGET STRESS TEST,BASE,6000000.0,0.2,c0701eb6e078b978b9f3550aee79ac2a54dbba8152fc93725a658de50cf2de99,BINDING-BUDGET STRESS TEST_BASE_c0701eb6e078b978b9f3550aee79ac2a54dbba8152fc93725a658de50cf2de99,True,False,HCC035,Ohio,TRT_001,Pedestrian Refuge Islands & Medians,BASE,30000.0,20920130.4412,20890130.4412,697.337681,False,UNKNOWN,DOCUMENTED_CMF_SCENARIO,20,ANALYST_DEFINED_BINDING_BUDGET_STRESS_TEST; PROVISIONAL_PORTFOLIO_SCENARIO; ENGINEERING_REVIEW_REQUIRED
PORT_STR_BASE_B6M_EQ20,BINDING-BUDGET STRESS TEST,BASE,6000000.0,0.2,c0701eb6e078b978b9f3550aee79ac2a54dbba8152fc93725a658de50cf2de99,BINDING-BUDGET STRESS TEST_BASE_c0701eb6e078b978b9f3550aee79ac2a54dbba8152fc93725a658de50cf2de99,True,False,HCC014,Chicago,TRT_001,Pedestrian Refuge Islands & Medians,BASE,75000.0,20707246.8513,20632246.8513,276.096625,False,UNKNOWN,DOCUMENTED_CMF_SCENARIO,21,ANALYST_DEFINED_BINDING_BUDGET_STRESS_TEST; PROVISIONAL_PORTFOLIO_SCENARIO; ENGINEERING_REVIEW_REQUIRED
PORT_STR_BASE_B6M_EQ20,BINDING-BUDGET STRESS TEST,BASE,6000000.0,0.2,c0701eb6e078b978b9f3550aee79ac2a54dbba8152fc93725a658de50cf2de99,BINDING-BUDGET STRESS TEST_BASE_c0701eb6e078b978b9f3550aee79ac2a54dbba8152fc93725a658de50cf2de99,True,False,HCC029,79th,TRT_001,Pedestrian Refuge Islands & Medians,BASE,45000.0,17379650.5142,17334650.5142,386.214456,True,UNKNOWN,DOCUMENTED_CMF_SCENARIO,22,ANALYST_DEFINED_BINDING_BUDGET_STRESS_TEST; PROVISIONAL_PORTFOLIO_SCENARIO; ENGINEERING_REVIEW_REQUIRED
PORT_STR_BASE_B6M_EQ20,BINDING-BUDGET STRESS TEST,BASE,6000000.0,0.2,c0701eb6e078b978b9f3550aee79ac2a54dbba8152fc93725a658de50cf2de99,BINDING-BUDGET STRESS TEST_BASE_c0701eb6e078b978b9f3550aee79ac2a54dbba8152fc93725a658de50cf2de99,True,False,HCC030,87th,TRT_001,Pedestrian Refuge Islands & Medians,BASE,60000.0,16809632.0626,16749632.0626,280.160534,True,UNKNOWN,DOCUMENTED_CMF_SCENARIO,23,ANALYST_DEFINED_BINDING_BUDGET_STRESS_TEST; PROVISIONAL_PORTFOLIO_SCENARIO; ENGINEERING_REVIEW_REQUIRED
PORT_STR_BASE_B6M_EQ20,BINDING-BUDGET STRESS TEST,BASE,6000000.0,0.2,c0701eb6e078b978b9f3550aee79ac2a54dbba8152fc93725a658de50cf2de99,BINDING-BUDGET STRESS TEST_BASE_c0701eb6e078b978b9f3550aee79ac2a54dbba8152fc93725a658de50cf2de99,True,False,HCC034,Ontario,TRT_001,Pedestrian Refuge Islands & Medians,BASE,30000.0,14268290.3652,14238290.3652,475.609679,False,UNKNOWN,DOCUMENTED_CMF_SCENARIO,24,ANALYST_DEFINED_BINDING_BUDGET_STRESS_TEST; PROVISIONAL_PORTFOLIO_SCENARIO; ENGINEERING_REVIEW_REQUIRED
PORT_STR_BASE_B6M_EQ20,BINDING-BUDGET STRESS TEST,BASE,6000000.0,0.2,c0701eb6e078b978b9f3550aee79ac2a54dbba8152fc93725a658de50cf2de99,BINDING-BUDGET STRESS TEST_BASE_c0701eb6e078b978b9f3550aee79ac2a54dbba8152fc93725a658de50cf2de99,True,False,HCC028,Ashland,TRT_001,Pedestrian Refuge Islands & Medians,BASE,45000.0,12295676.7747,12250676.7747,273.237262,True,UNKNOWN,DOCUMENTED_CMF_SCENARIO,25,ANALYST_DEFINED_BINDING_BUDGET_STRESS_TEST; PROVISIONAL_PORTFOLIO_SCENARIO; ENGINEERING_REVIEW_REQUIRED
PORT_STR_BASE_B6M_EQ20,BINDING-BUDGET STRESS TEST,BASE,6000000.0,0.2,c0701eb6e078b978b9f3550aee79ac2a54dbba8152fc93725a658de50cf2de99,BINDING-BUDGET STRESS TEST_BASE_c0701eb6e078b978b9f3550aee79ac2a54dbba8152fc93725a658de50cf2de99,True,False,HCC004,Belmont,TRT_001,Pedestrian Refuge Islands & Medians,BASE,45000.0,12010546.2282,11965546.2282,266.901027,False,UNKNOWN,DOCUMENTED_CMF_SCENARIO,26,ANALYST_DEFINED_BINDING_BUDGET_STRESS_TEST; PROVISIONAL_PORTFOLIO_SCENARIO; ENGINEERING_REVIEW_REQUIRED
PORT_STR_BASE_B6M_EQ20,BINDING-BUDGET STRESS TEST,BASE,6000000.0,0.2,c0701eb6e078b978b9f3550aee79ac2a54dbba8152fc93725a658de50cf2de99,BINDING-BUDGET STRESS TEST_BASE_c0701eb6e078b978b9f3550aee79ac2a54dbba8152fc93725a658de50cf2de99,True,False,HCC038,Fairbanks,TRT_001,Pedestrian Refuge Islands & Medians,BASE,15000.0,8990465.4071,8975465.4071,599.36436,False,UNKNOWN,DOCUMENTED_CMF_SCENARIO,27,ANALYST_DEFINED_BINDING_BUDGET_STRESS_TEST; PROVISIONAL_PORTFOLIO_SCENARIO; ENGINEERING_REVIEW_REQUIRED
PORT_STR_BASE_B6M_EQ20,BINDING-BUDGET STRESS TEST,BASE,6000000.0,0.2,c0701eb6e078b978b9f3550aee79ac2a54dbba8152fc93725a658de50cf2de99,BINDING-BUDGET STRESS TEST_BASE_c0701eb6e078b978b9f3550aee79ac2a54dbba8152fc93725a658de50cf2de99,True,False,HCC042,Dearborn,TRT_001,Pedestrian Refuge Islands & Medians,BASE,15000.0,5742922.2942,5727922.2942,382.861486,False,UNKNOWN,DOCUMENTED_CMF_SCENARIO,28,ANALYST_DEFINED_BINDING_BUDGET_STRESS_TEST; PROVISIONAL_PORTFOLIO_SCENARIO; ENGINEERING_REVIEW_REQUIRED
PORT_STR_BASE_B6M_EQ20,BINDING-BUDGET STRESS TEST,BASE,6000000.0,0.2,c0701eb6e078b978b9f3550aee79ac2a54dbba8152fc93725a658de50cf2de99,BINDING-BUDGET STRESS TEST_BASE_c0701eb6e078b978b9f3550aee79ac2a54dbba8152fc93725a658de50cf2de99,True,False,HCC041,Randolph,TRT_001,Pedestrian Refuge Islands & Medians,BASE,15000.0,4882188.7549,4867188.7549,325.47925,False,UNKNOWN,DOCUMENTED_CMF_SCENARIO,29,ANALYST_DEFINED_BINDING_BUDGET_STRESS_TEST; PROVISIONAL_PORTFOLIO_SCENARIO; ENGINEERING_REVIEW_REQUIRED
PORT_STR_BASE_B6M_EQ20,BINDING-BUDGET STRESS TEST,BASE,6000000.0,0.2,c0701eb6e078b978b9f3550aee79ac2a54dbba8152fc93725a658de50cf2de99,BINDING-BUDGET STRESS TEST_BASE_c0701eb6e078b978b9f3550aee79ac2a54dbba8152fc93725a658de50cf2de99,True,False,HCC033,Orleans,TRT_001,Pedestrian Refuge Islands & Medians,BASE,15000.0,4263487.793,4248487.793,284.23252,False,UNKNOWN,DOCUMENTED_CMF_SCENARIO,30,ANALYST_DEFINED_BINDING_BUDGET_STRESS_TEST; PROVISIONAL_PORTFOLIO_SCENARIO; ENGINEERING_REVIEW_REQUIRED
PORT_STR_BASE_B6M_EQ30,BINDING-BUDGET STRESS TEST,BASE,6000000.0,0.3,c0701eb6e078b978b9f3550aee79ac2a54dbba8152fc93725a658de50cf2de99,BINDING-BUDGET STRESS TEST_BASE_c0701eb6e078b978b9f3550aee79ac2a54dbba8152fc93725a658de50cf2de99,False,False,HCC017,Pulaski,TRT_002,Road Diet (4-to-3 Lane Conversion),BASE,755940.0,249366509.2623,248610569.2623,329.876061,True,UNKNOWN,DOCUMENTED_CMF_SCENARIO,1,ANALYST_DEFINED_BINDING_BUDGET_STRESS_TEST; PROVISIONAL_PORTFOLIO_SCENARIO; ENGINEERING_REVIEW_REQUIRED
PORT_STR_BASE_B6M_EQ30,BINDING-BUDGET STRESS TEST,BASE,6000000.0,0.3,c0701eb6e078b978b9f3550aee79ac2a54dbba8152fc93725a658de50cf2de99,BINDING-BUDGET STRESS TEST_BASE_c0701eb6e078b978b9f3550aee79ac2a54dbba8152fc93725a658de50cf2de99,False,False,HCC016,Cicero,TRT_002,Road Diet (4-to-3 Lane Conversion),BASE,527460.0,234424612.8023,233897152.8023,444.440551,True,UNKNOWN,DOCUMENTED_CMF_SCENARIO,2,ANALYST_DEFINED_BINDING_BUDGET_STRESS_TEST; PROVISIONAL_PORTFOLIO_SCENARIO; ENGINEERING_REVIEW_REQUIRED
PORT_STR_BASE_B6M_EQ30,BINDING-BUDGET STRESS TEST,BASE,6000000.0,0.3,c0701eb6e078b978b9f3550aee79ac2a54dbba8152fc93725a658de50cf2de99,BINDING-BUDGET STRESS TEST_BASE_c0701eb6e078b978b9f3550aee79ac2a54dbba8152fc93725a658de50cf2de99,False,False,HCC032,Michigan,TRT_002,Road Diet (4-to-3 Lane Conversion),BASE,691950.0,232632764.02,231940814.02,336.198806,False,UNKNOWN,DOCUMENTED_CMF_SCENARIO,3,ANALYST_DEFINED_BINDING_BUDGET_STRESS_TEST; PROVISIONAL_PORTFOLIO_SCENARIO; ENGINEERING_REVIEW_REQUIRED
PORT_STR_BASE_B6M_EQ30,BINDING-BUDGET STRESS TEST,BASE,6000000.0,0.3,c0701eb6e078b978b9f3550aee79ac2a54dbba8152fc93725a658de50cf2de99,BINDING-BUDGET STRESS TEST_BASE_c0701eb6e078b978b9f3550aee79ac2a54dbba8152fc93725a658de50cf2de99,False,False,HCC025,Stony Island,TRT_002,Road Diet (4-to-3 Lane Conversion),BASE,603330.0,211541491.8085,210938161.8085,350.623194,True,UNKNOWN,DOCUMENTED_CMF_SCENARIO,4,ANALYST_DEFINED_BINDING_BUDGET_STRESS_TEST; PROVISIONAL_PORTFOLIO_SCENARIO; ENGINEERING_REVIEW_REQUIRED
PORT_STR_BASE_B6M_EQ30,BINDING-BUDGET STRESS TEST,BASE,6000000.0,0.3,c0701eb6e078b978b9f3550aee79ac2a54dbba8152fc93725a658de50cf2de99,BINDING-BUDGET STRESS TEST_BASE_c0701eb6e078b978b9f3550aee79ac2a54dbba8152fc93725a658de50cf2de99,False,False,HCC015,Lake,TRT_002,Road Diet (4-to-3 Lane Conversion),BASE,571830.0,196799394.4306,196227564.4306,344.15717,True,UNKNOWN,DOCUMENTED_CMF_SCENARIO,5,ANALYST_DEFINED_BINDING_BUDGET_STRESS_TEST; PROVISIONAL_PORTFOLIO_SCENARIO; ENGINEERING_REVIEW_REQUIRED
PORT_STR_BASE_B6M_EQ30,BINDING-BUDGET STRESS TEST,BASE,6000000.0,0.3,c0701eb6e078b978b9f3550aee79ac2a54dbba8152fc93725a658de50cf2de99,BINDING-BUDGET STRESS TEST_BASE_c0701eb6e078b978b9f3550aee79ac2a54dbba8152fc93725a658de50cf2de99,False,False,HCC023,Ashland,TRT_002,Road Diet (4-to-3 Lane Conversion),BASE,376800.0,152356834.9555,151980034.9555,404.344042,True,UNKNOWN,DOCUMENTED_CMF_SCENARIO,6,ANALYST_DEFINED_BINDING_BUDGET_STRESS_TEST; PROVISIONAL_PORTFOLIO_SCENARIO; ENGINEERING_REVIEW_REQUIRED
PORT_STR_BASE_B6M_EQ30,BINDING-BUDGET STRESS TEST,BASE,6000000.0,0.3,c0701eb6e078b978b9f3550aee79ac2a54dbba8152fc93725a658de50cf2de99,BINDING-BUDGET STRESS TEST_BASE_c0701eb6e078b978b9f3550aee79ac2a54dbba8152fc93725a658de50cf2de99,False,False,HCC018,Roosevelt,TRT_002,Road Diet (4-to-3 Lane Conversion),BASE,352740.0,136669587.6734,136316847.6734,387.451346,False,UNKNOWN,DOCUMENTED_CMF_SCENARIO,7,ANALYST_DEFINED_BINDING_BUDGET_STRESS_TEST; PROVISIONAL_PORTFOLIO_SCENARIO; ENGINEERING_REVIEW_REQUIRED
PORT_STR_BASE_B6M_EQ30,BINDING-BUDGET STRESS TEST,BASE,6000000.0,0.3,c0701eb6e078b978b9f3550aee79ac2a54dbba8152fc93725a658de50cf2de99,BINDING-BUDGET STRESS TEST_BASE_c0701eb6e078b978b9f3550aee79ac2a54dbba8152fc93725a658de50cf2de99,False,False,HCC031,Stony Island,TRT_002,Road Diet (4-to-3 Lane Conversion),BASE,302730.0,117460806.4058,117158076.4058,388.005174,False,UNKNOWN,DOCUMENTED_CMF_SCENARIO,8,ANALYST_DEFINED_BINDING_BUDGET_STRESS_TEST; PROVISIONAL_PORTFOLIO_SCENARIO; ENGINEERING_REVIEW_REQUIRED
PORT_STR_BASE_B6M_EQ30,BINDING-BUDGET STRESS TEST,BASE,6000000.0,0.3,c0701eb6e078b978b9f3550aee79ac2a54dbba8152fc93725a658de50cf2de99,BINDING-BUDGET STRESS TEST_BASE_c0701eb6e078b978b9f3550aee79ac2a54dbba8152fc93725a658de50cf2de99,False,False,HCC011,North,TRT_002,Road Diet (4-to-3 Lane Conversion),BASE,306330.0,90747637.322,90441307.322,296.24143,True,UNKNOWN,DOCUMENTED_CMF_SCENARIO,9,ANALYST_DEFINED_BINDING_BUDGET_STRESS_TEST; PROVISIONAL_PORTFOLIO_SCENARIO; ENGINEERING_REVIEW_REQUIRED
PORT_STR_BASE_B6M_EQ30,BINDING-BUDGET STRESS TEST,BASE,6000000.0,0.3,c0701eb6e078b978b9f3550aee79ac2a54dbba8152fc93725a658de50cf2de99,BINDING-BUDGET STRESS TEST_BASE_c0701eb6e078b978b9f3550aee79ac2a54dbba8152fc93725a658de50cf2de99,False,False,HCC012,Chicago,TRT_002,Road Diet (4-to-3 Lane Conversion),BASE,303060.0,81822643.3899,81519583.3899,269.988264,True,UNKNOWN,DOCUMENTED_CMF_SCENARIO,10,ANALYST_DEFINED_BINDING_BUDGET_STRESS_TEST; PROVISIONAL_PORTFOLIO_SCENARIO; ENGINEERING_REVIEW_REQUIRED
PORT_STR_BASE_B6M_EQ30,BINDING-BUDGET STRESS TEST,BASE,6000000.0,0.3,c0701eb6e078b978b9f3550aee79ac2a54dbba8152fc93725a658de50cf2de99,BINDING-BUDGET STRESS TEST_BASE_c0701eb6e078b978b9f3550aee79ac2a54dbba8152fc93725a658de50cf2de99,False,False,HCC043,Congress,TRT_002,Road Diet (4-to-3 Lane Conversion),BASE,145470.0,59575653.4753,59430183.4753,409.539104,False,UNKNOWN,DOCUMENTED_CMF_SCENARIO,11,ANALYST_DEFINED_BINDING_BUDGET_STRESS_TEST; PROVISIONAL_PORTFOLIO_SCENARIO; ENGINEERING_REVIEW_REQUIRED
PORT_STR_BASE_B6M_EQ30,BINDING-BUDGET STRESS TEST,BASE,6000000.0,0.3,c0701eb6e078b978b9f3550aee79ac2a54dbba8152fc93725a658de50cf2de99,BINDING-BUDGET STRESS TEST_BASE_c0701eb6e078b978b9f3550aee79ac2a54dbba8152fc93725a658de50cf2de99,False,False,HCC006,Fullerton,TRT_001,Pedestrian Refuge Islands & Medians,BASE,135000.0,53312619.8299,53177619.8299,394.908295,False,UNKNOWN,DOCUMENTED_CMF_SCENARIO,12,ANALYST_DEFINED_BINDING_BUDGET_STRESS_TEST; PROVISIONAL_PORTFOLIO_SCENARIO; ENGINEERING_REVIEW_REQUIRED
PORT_STR_BASE_B6M_EQ30,BINDING-BUDGET STRESS TEST,BASE,6000000.0,0.3,c0701eb6e078b978b9f3550aee79ac2a54dbba8152fc93725a658de50cf2de99,BINDING-BUDGET STRESS TEST_BASE_c0701eb6e078b978b9f3550aee79ac2a54dbba8152fc93725a658de50cf2de99,False,False,HCC040,Washington,TRT_002,Road Diet (4-to-3 Lane Conversion),BASE,191790.0,53116805.5292,52925015.5292,276.952946,False,UNKNOWN,DOCUMENTED_CMF_SCENARIO,13,ANALYST_DEFINED_BINDING_BUDGET_STRESS_TEST; PROVISIONAL_PORTFOLIO_SCENARIO; ENGINEERING_REVIEW_REQUIRED
PORT_STR_BASE_B6M_EQ30,BINDING-BUDGET STRESS TEST,BASE,6000000.0,0.3,c0701eb6e078b978b9f3550aee79ac2a54dbba8152fc93725a658de50cf2de99,BINDING-BUDGET STRESS TEST_BASE_c0701eb6e078b978b9f3550aee79ac2a54dbba8152fc93725a658de50cf2de99,False,False,HCC001,Devon,TRT_001,Pedestrian Refuge Islands & Medians,BASE,45000.0,33035192.1469,32990192.1469,734.115381,True,UNKNOWN,DOCUMENTED_CMF_SCENARIO,14,ANALYST_DEFINED_BINDING_BUDGET_STRESS_TEST; PROVISIONAL_PORTFOLIO_SCENARIO; ENGINEERING_REVIEW_REQUIRED
PORT_STR_BASE_B6M_EQ30,BINDING-BUDGET STRESS TEST,BASE,6000000.0,0.3,c0701eb6e078b978b9f3550aee79ac2a54dbba8152fc93725a658de50cf2de99,BINDING-BUDGET STRESS TEST_BASE_c0701eb6e078b978b9f3550aee79ac2a54dbba8152fc93725a658de50cf2de99,False,False,HCC027,Cottage Grove,TRT_001,Pedestrian Refuge Islands & Medians,BASE,60000.0,27478744.5197,27418744.5197,457.979075,True,UNKNOWN,DOCUMENTED_CMF_SCENARIO,15,ANALYST_DEFINED_BINDING_BUDGET_STRESS_TEST; PROVISIONAL_PORTFOLIO_SCENARIO; ENGINEERING_REVIEW_REQUIRED
PORT_STR_BASE_B6M_EQ30,BINDING-BUDGET STRESS TEST,BASE,6000000.0,0.3,c0701eb6e078b978b9f3550aee79ac2a54dbba8152fc93725a658de50cf2de99,BINDING-BUDGET STRESS TEST_BASE_c0701eb6e078b978b9f3550aee79ac2a54dbba8152fc93725a658de50cf2de99,False,False,HCC037,State,TRT_001,Pedestrian Refuge Islands & Medians,BASE,60000.0,25195602.2815,25135602.2815,419.926705,False,UNKNOWN,DOCUMENTED_CMF_SCENARIO,16,ANALYST_DEFINED_BINDING_BUDGET_STRESS_TEST; PROVISIONAL_PORTFOLIO_SCENARIO; ENGINEERING_REVIEW_REQUIRED
PORT_STR_BASE_B6M_EQ30,BINDING-BUDGET STRESS TEST,BASE,6000000.0,0.3,c0701eb6e078b978b9f3550aee79ac2a54dbba8152fc93725a658de50cf2de99,BINDING-BUDGET STRESS TEST_BASE_c0701eb6e078b978b9f3550aee79ac2a54dbba8152fc93725a658de50cf2de99,False,False,HCC024,Western,TRT_001,Pedestrian Refuge Islands & Medians,BASE,45000.0,24998344.9283,24953344.9283,555.518776,True,UNKNOWN,DOCUMENTED_CMF_SCENARIO,17,ANALYST_DEFINED_BINDING_BUDGET_STRESS_TEST; PROVISIONAL_PORTFOLIO_SCENARIO; ENGINEERING_REVIEW_REQUIRED
PORT_STR_BASE_B6M_EQ30,BINDING-BUDGET STRESS TEST,BASE,6000000.0,0.3,c0701eb6e078b978b9f3550aee79ac2a54dbba8152fc93725a658de50cf2de99,BINDING-BUDGET STRESS TEST_BASE_c0701eb6e078b978b9f3550aee79ac2a54dbba8152fc93725a658de50cf2de99,False,False,HCC021,Pulaski,TRT_001,Pedestrian Refuge Islands & Medians,BASE,90000.0,23749568.4195,23659568.4195,263.884094,True,UNKNOWN,DOCUMENTED_CMF_SCENARIO,18,ANALYST_DEFINED_BINDING_BUDGET_STRESS_TEST; PROVISIONAL_PORTFOLIO_SCENARIO; ENGINEERING_REVIEW_REQUIRED
PORT_STR_BASE_B6M_EQ30,BINDING-BUDGET STRESS TEST,BASE,6000000.0,0.3,c0701eb6e078b978b9f3550aee79ac2a54dbba8152fc93725a658de50cf2de99,BINDING-BUDGET STRESS TEST_BASE_c0701eb6e078b978b9f3550aee79ac2a54dbba8152fc93725a658de50cf2de99,False,False,HCC013,Chicago,TRT_001,Pedestrian Refuge Islands & Medians,BASE,45000.0,21678589.8878,21633589.8878,481.746442,True,UNKNOWN,DOCUMENTED_CMF_SCENARIO,19,ANALYST_DEFINED_BINDING_BUDGET_STRESS_TEST; PROVISIONAL_PORTFOLIO_SCENARIO; ENGINEERING_REVIEW_REQUIRED
PORT_STR_BASE_B6M_EQ30,BINDING-BUDGET STRESS TEST,BASE,6000000.0,0.3,c0701eb6e078b978b9f3550aee79ac2a54dbba8152fc93725a658de50cf2de99,BINDING-BUDGET STRESS TEST_BASE_c0701eb6e078b978b9f3550aee79ac2a54dbba8152fc93725a658de50cf2de99,False,False,HCC035,Ohio,TRT_001,Pedestrian Refuge Islands & Medians,BASE,30000.0,20920130.4412,20890130.4412,697.337681,False,UNKNOWN,DOCUMENTED_CMF_SCENARIO,20,ANALYST_DEFINED_BINDING_BUDGET_STRESS_TEST; PROVISIONAL_PORTFOLIO_SCENARIO; ENGINEERING_REVIEW_REQUIRED
PORT_STR_BASE_B6M_EQ30,BINDING-BUDGET STRESS TEST,BASE,6000000.0,0.3,c0701eb6e078b978b9f3550aee79ac2a54dbba8152fc93725a658de50cf2de99,BINDING-BUDGET STRESS TEST_BASE_c0701eb6e078b978b9f3550aee79ac2a54dbba8152fc93725a658de50cf2de99,False,False,HCC014,Chicago,TRT_001,Pedestrian Refuge Islands & Medians,BASE,75000.0,20707246.8513,20632246.8513,276.096625,False,UNKNOWN,DOCUMENTED_CMF_SCENARIO,21,ANALYST_DEFINED_BINDING_BUDGET_STRESS_TEST; PROVISIONAL_PORTFOLIO_SCENARIO; ENGINEERING_REVIEW_REQUIRED
PORT_STR_BASE_B6M_EQ30,BINDING-BUDGET STRESS TEST,BASE,6000000.0,0.3,c0701eb6e078b978b9f3550aee79ac2a54dbba8152fc93725a658de50cf2de99,BINDING-BUDGET STRESS TEST_BASE_c0701eb6e078b978b9f3550aee79ac2a54dbba8152fc93725a658de50cf2de99,False,False,HCC029,79th,TRT_001,Pedestrian Refuge Islands & Medians,BASE,45000.0,17379650.5142,17334650.5142,386.214456,True,UNKNOWN,DOCUMENTED_CMF_SCENARIO,22,ANALYST_DEFINED_BINDING_BUDGET_STRESS_TEST; PROVISIONAL_PORTFOLIO_SCENARIO; ENGINEERING_REVIEW_REQUIRED
PORT_STR_BASE_B6M_EQ30,BINDING-BUDGET STRESS TEST,BASE,6000000.0,0.3,c0701eb6e078b978b9f3550aee79ac2a54dbba8152fc93725a658de50cf2de99,BINDING-BUDGET STRESS TEST_BASE_c0701eb6e078b978b9f3550aee79ac2a54dbba8152fc93725a658de50cf2de99,False,False,HCC030,87th,TRT_001,Pedestrian Refuge Islands & Medians,BASE,60000.0,16809632.0626,16749632.0626,280.160534,True,UNKNOWN,DOCUMENTED_CMF_SCENARIO,23,ANALYST_DEFINED_BINDING_BUDGET_STRESS_TEST; PROVISIONAL_PORTFOLIO_SCENARIO; ENGINEERING_REVIEW_REQUIRED
PORT_STR_BASE_B6M_EQ30,BINDING-BUDGET STRESS TEST,BASE,6000000.0,0.3,c0701eb6e078b978b9f3550aee79ac2a54dbba8152fc93725a658de50cf2de99,BINDING-BUDGET STRESS TEST_BASE_c0701eb6e078b978b9f3550aee79ac2a54dbba8152fc93725a658de50cf2de99,False,False,HCC034,Ontario,TRT_001,Pedestrian Refuge Islands & Medians,BASE,30000.0,14268290.3652,14238290.3652,475.609679,False,UNKNOWN,DOCUMENTED_CMF_SCENARIO,24,ANALYST_DEFINED_BINDING_BUDGET_STRESS_TEST; PROVISIONAL_PORTFOLIO_SCENARIO; ENGINEERING_REVIEW_REQUIRED
PORT_STR_BASE_B6M_EQ30,BINDING-BUDGET STRESS TEST,BASE,6000000.0,0.3,c0701eb6e078b978b9f3550aee79ac2a54dbba8152fc93725a658de50cf2de99,BINDING-BUDGET STRESS TEST_BASE_c0701eb6e078b978b9f3550aee79ac2a54dbba8152fc93725a658de50cf2de99,False,False,HCC028,Ashland,TRT_001,Pedestrian Refuge Islands & Medians,BASE,45000.0,12295676.7747,12250676.7747,273.237262,True,UNKNOWN,DOCUMENTED_CMF_SCENARIO,25,ANALYST_DEFINED_BINDING_BUDGET_STRESS_TEST; PROVISIONAL_PORTFOLIO_SCENARIO; ENGINEERING_REVIEW_REQUIRED
PORT_STR_BASE_B6M_EQ30,BINDING-BUDGET STRESS TEST,BASE,6000000.0,0.3,c0701eb6e078b978b9f3550aee79ac2a54dbba8152fc93725a658de50cf2de99,BINDING-BUDGET STRESS TEST_BASE_c0701eb6e078b978b9f3550aee79ac2a54dbba8152fc93725a658de50cf2de99,False,False,HCC004,Belmont,TRT_001,Pedestrian Refuge Islands & Medians,BASE,45000.0,12010546.2282,11965546.2282,266.901027,False,UNKNOWN,DOCUMENTED_CMF_SCENARIO,26,ANALYST_DEFINED_BINDING_BUDGET_STRESS_TEST; PROVISIONAL_PORTFOLIO_SCENARIO; ENGINEERING_REVIEW_REQUIRED
PORT_STR_BASE_B6M_EQ30,BINDING-BUDGET STRESS TEST,BASE,6000000.0,0.3,c0701eb6e078b978b9f3550aee79ac2a54dbba8152fc93725a658de50cf2de99,BINDING-BUDGET STRESS TEST_BASE_c0701eb6e078b978b9f3550aee79ac2a54dbba8152fc93725a658de50cf2de99,False,False,HCC038,Fairbanks,TRT_001,Pedestrian Refuge Islands & Medians,BASE,15000.0,8990465.4071,8975465.4071,599.36436,False,UNKNOWN,DOCUMENTED_CMF_SCENARIO,27,ANALYST_DEFINED_BINDING_BUDGET_STRESS_TEST; PROVISIONAL_PORTFOLIO_SCENARIO; ENGINEERING_REVIEW_REQUIRED
PORT_STR_BASE_B6M_EQ30,BINDING-BUDGET STRESS TEST,BASE,6000000.0,0.3,c0701eb6e078b978b9f3550aee79ac2a54dbba8152fc93725a658de50cf2de99,BINDING-BUDGET STRESS TEST_BASE_c0701eb6e078b978b9f3550aee79ac2a54dbba8152fc93725a658de50cf2de99,False,False,HCC042,Dearborn,TRT_001,Pedestrian Refuge Islands & Medians,BASE,15000.0,5742922.2942,5727922.2942,382.861486,False,UNKNOWN,DOCUMENTED_CMF_SCENARIO,28,ANALYST_DEFINED_BINDING_BUDGET_STRESS_TEST; PROVISIONAL_PORTFOLIO_SCENARIO; ENGINEERING_REVIEW_REQUIRED
PORT_STR_BASE_B6M_EQ30,BINDING-BUDGET STRESS TEST,BASE,6000000.0,0.3,c0701eb6e078b978b9f3550aee79ac2a54dbba8152fc93725a658de50cf2de99,BINDING-BUDGET STRESS TEST_BASE_c0701eb6e078b978b9f3550aee79ac2a54dbba8152fc93725a658de50cf2de99,False,False,HCC041,Randolph,TRT_001,Pedestrian Refuge Islands & Medians,BASE,15000.0,4882188.7549,4867188.7549,325.47925,False,UNKNOWN,DOCUMENTED_CMF_SCENARIO,29,ANALYST_DEFINED_BINDING_BUDGET_STRESS_TEST; PROVISIONAL_PORTFOLIO_SCENARIO; ENGINEERING_REVIEW_REQUIRED
PORT_STR_BASE_B6M_EQ30,BINDING-BUDGET STRESS TEST,BASE,6000000.0,0.3,c0701eb6e078b978b9f3550aee79ac2a54dbba8152fc93725a658de50cf2de99,BINDING-BUDGET STRESS TEST_BASE_c0701eb6e078b978b9f3550aee79ac2a54dbba8152fc93725a658de50cf2de99,False,False,HCC033,Orleans,TRT_001,Pedestrian Refuge Islands & Medians,BASE,15000.0,4263487.793,4248487.793,284.23252,False,UNKNOWN,DOCUMENTED_CMF_SCENARIO,30,ANALYST_DEFINED_BINDING_BUDGET_STRESS_TEST; PROVISIONAL_PORTFOLIO_SCENARIO; ENGINEERING_REVIEW_REQUIRED
PORT_STR_BASE_B6M_EQ40,BINDING-BUDGET STRESS TEST,BASE,6000000.0,0.4,c0701eb6e078b978b9f3550aee79ac2a54dbba8152fc93725a658de50cf2de99,BINDING-BUDGET STRESS TEST_BASE_c0701eb6e078b978b9f3550aee79ac2a54dbba8152fc93725a658de50cf2de99,False,False,HCC017,Pulaski,TRT_002,Road Diet (4-to-3 Lane Conversion),BASE,755940.0,249366509.2623,248610569.2623,329.876061,True,UNKNOWN,DOCUMENTED_CMF_SCENARIO,1,ANALYST_DEFINED_BINDING_BUDGET_STRESS_TEST; PROVISIONAL_PORTFOLIO_SCENARIO; ENGINEERING_REVIEW_REQUIRED
PORT_STR_BASE_B6M_EQ40,BINDING-BUDGET STRESS TEST,BASE,6000000.0,0.4,c0701eb6e078b978b9f3550aee79ac2a54dbba8152fc93725a658de50cf2de99,BINDING-BUDGET STRESS TEST_BASE_c0701eb6e078b978b9f3550aee79ac2a54dbba8152fc93725a658de50cf2de99,False,False,HCC016,Cicero,TRT_002,Road Diet (4-to-3 Lane Conversion),BASE,527460.0,234424612.8023,233897152.8023,444.440551,True,UNKNOWN,DOCUMENTED_CMF_SCENARIO,2,ANALYST_DEFINED_BINDING_BUDGET_STRESS_TEST; PROVISIONAL_PORTFOLIO_SCENARIO; ENGINEERING_REVIEW_REQUIRED
PORT_STR_BASE_B6M_EQ40,BINDING-BUDGET STRESS TEST,BASE,6000000.0,0.4,c0701eb6e078b978b9f3550aee79ac2a54dbba8152fc93725a658de50cf2de99,BINDING-BUDGET STRESS TEST_BASE_c0701eb6e078b978b9f3550aee79ac2a54dbba8152fc93725a658de50cf2de99,False,False,HCC032,Michigan,TRT_002,Road Diet (4-to-3 Lane Conversion),BASE,691950.0,232632764.02,231940814.02,336.198806,False,UNKNOWN,DOCUMENTED_CMF_SCENARIO,3,ANALYST_DEFINED_BINDING_BUDGET_STRESS_TEST; PROVISIONAL_PORTFOLIO_SCENARIO; ENGINEERING_REVIEW_REQUIRED
PORT_STR_BASE_B6M_EQ40,BINDING-BUDGET STRESS TEST,BASE,6000000.0,0.4,c0701eb6e078b978b9f3550aee79ac2a54dbba8152fc93725a658de50cf2de99,BINDING-BUDGET STRESS TEST_BASE_c0701eb6e078b978b9f3550aee79ac2a54dbba8152fc93725a658de50cf2de99,False,False,HCC025,Stony Island,TRT_002,Road Diet (4-to-3 Lane Conversion),BASE,603330.0,211541491.8085,210938161.8085,350.623194,True,UNKNOWN,DOCUMENTED_CMF_SCENARIO,4,ANALYST_DEFINED_BINDING_BUDGET_STRESS_TEST; PROVISIONAL_PORTFOLIO_SCENARIO; ENGINEERING_REVIEW_REQUIRED
PORT_STR_BASE_B6M_EQ40,BINDING-BUDGET STRESS TEST,BASE,6000000.0,0.4,c0701eb6e078b978b9f3550aee79ac2a54dbba8152fc93725a658de50cf2de99,BINDING-BUDGET STRESS TEST_BASE_c0701eb6e078b978b9f3550aee79ac2a54dbba8152fc93725a658de50cf2de99,False,False,HCC015,Lake,TRT_002,Road Diet (4-to-3 Lane Conversion),BASE,571830.0,196799394.4306,196227564.4306,344.15717,True,UNKNOWN,DOCUMENTED_CMF_SCENARIO,5,ANALYST_DEFINED_BINDING_BUDGET_STRESS_TEST; PROVISIONAL_PORTFOLIO_SCENARIO; ENGINEERING_REVIEW_REQUIRED
PORT_STR_BASE_B6M_EQ40,BINDING-BUDGET STRESS TEST,BASE,6000000.0,0.4,c0701eb6e078b978b9f3550aee79ac2a54dbba8152fc93725a658de50cf2de99,BINDING-BUDGET STRESS TEST_BASE_c0701eb6e078b978b9f3550aee79ac2a54dbba8152fc93725a658de50cf2de99,False,False,HCC023,Ashland,TRT_002,Road Diet (4-to-3 Lane Conversion),BASE,376800.0,152356834.9555,151980034.9555,404.344042,True,UNKNOWN,DOCUMENTED_CMF_SCENARIO,6,ANALYST_DEFINED_BINDING_BUDGET_STRESS_TEST; PROVISIONAL_PORTFOLIO_SCENARIO; ENGINEERING_REVIEW_REQUIRED
PORT_STR_BASE_B6M_EQ40,BINDING-BUDGET STRESS TEST,BASE,6000000.0,0.4,c0701eb6e078b978b9f3550aee79ac2a54dbba8152fc93725a658de50cf2de99,BINDING-BUDGET STRESS TEST_BASE_c0701eb6e078b978b9f3550aee79ac2a54dbba8152fc93725a658de50cf2de99,False,False,HCC018,Roosevelt,TRT_002,Road Diet (4-to-3 Lane Conversion),BASE,352740.0,136669587.6734,136316847.6734,387.451346,False,UNKNOWN,DOCUMENTED_CMF_SCENARIO,7,ANALYST_DEFINED_BINDING_BUDGET_STRESS_TEST; PROVISIONAL_PORTFOLIO_SCENARIO; ENGINEERING_REVIEW_REQUIRED
PORT_STR_BASE_B6M_EQ40,BINDING-BUDGET STRESS TEST,BASE,6000000.0,0.4,c0701eb6e078b978b9f3550aee79ac2a54dbba8152fc93725a658de50cf2de99,BINDING-BUDGET STRESS TEST_BASE_c0701eb6e078b978b9f3550aee79ac2a54dbba8152fc93725a658de50cf2de99,False,False,HCC031,Stony Island,TRT_002,Road Diet (4-to-3 Lane Conversion),BASE,302730.0,117460806.4058,117158076.4058,388.005174,False,UNKNOWN,DOCUMENTED_CMF_SCENARIO,8,ANALYST_DEFINED_BINDING_BUDGET_STRESS_TEST; PROVISIONAL_PORTFOLIO_SCENARIO; ENGINEERING_REVIEW_REQUIRED
PORT_STR_BASE_B6M_EQ40,BINDING-BUDGET STRESS TEST,BASE,6000000.0,0.4,c0701eb6e078b978b9f3550aee79ac2a54dbba8152fc93725a658de50cf2de99,BINDING-BUDGET STRESS TEST_BASE_c0701eb6e078b978b9f3550aee79ac2a54dbba8152fc93725a658de50cf2de99,False,False,HCC011,North,TRT_002,Road Diet (4-to-3 Lane Conversion),BASE,306330.0,90747637.322,90441307.322,296.24143,True,UNKNOWN,DOCUMENTED_CMF_SCENARIO,9,ANALYST_DEFINED_BINDING_BUDGET_STRESS_TEST; PROVISIONAL_PORTFOLIO_SCENARIO; ENGINEERING_REVIEW_REQUIRED
PORT_STR_BASE_B6M_EQ40,BINDING-BUDGET STRESS TEST,BASE,6000000.0,0.4,c0701eb6e078b978b9f3550aee79ac2a54dbba8152fc93725a658de50cf2de99,BINDING-BUDGET STRESS TEST_BASE_c0701eb6e078b978b9f3550aee79ac2a54dbba8152fc93725a658de50cf2de99,False,False,HCC012,Chicago,TRT_002,Road Diet (4-to-3 Lane Conversion),BASE,303060.0,81822643.3899,81519583.3899,269.988264,True,UNKNOWN,DOCUMENTED_CMF_SCENARIO,10,ANALYST_DEFINED_BINDING_BUDGET_STRESS_TEST; PROVISIONAL_PORTFOLIO_SCENARIO; ENGINEERING_REVIEW_REQUIRED
PORT_STR_BASE_B6M_EQ40,BINDING-BUDGET STRESS TEST,BASE,6000000.0,0.4,c0701eb6e078b978b9f3550aee79ac2a54dbba8152fc93725a658de50cf2de99,BINDING-BUDGET STRESS TEST_BASE_c0701eb6e078b978b9f3550aee79ac2a54dbba8152fc93725a658de50cf2de99,False,False,HCC043,Congress,TRT_002,Road Diet (4-to-3 Lane Conversion),BASE,145470.0,59575653.4753,59430183.4753,409.539104,False,UNKNOWN,DOCUMENTED_CMF_SCENARIO,11,ANALYST_DEFINED_BINDING_BUDGET_STRESS_TEST; PROVISIONAL_PORTFOLIO_SCENARIO; ENGINEERING_REVIEW_REQUIRED
PORT_STR_BASE_B6M_EQ40,BINDING-BUDGET STRESS TEST,BASE,6000000.0,0.4,c0701eb6e078b978b9f3550aee79ac2a54dbba8152fc93725a658de50cf2de99,BINDING-BUDGET STRESS TEST_BASE_c0701eb6e078b978b9f3550aee79ac2a54dbba8152fc93725a658de50cf2de99,False,False,HCC006,Fullerton,TRT_001,Pedestrian Refuge Islands & Medians,BASE,135000.0,53312619.8299,53177619.8299,394.908295,False,UNKNOWN,DOCUMENTED_CMF_SCENARIO,12,ANALYST_DEFINED_BINDING_BUDGET_STRESS_TEST; PROVISIONAL_PORTFOLIO_SCENARIO; ENGINEERING_REVIEW_REQUIRED
PORT_STR_BASE_B6M_EQ40,BINDING-BUDGET STRESS TEST,BASE,6000000.0,0.4,c0701eb6e078b978b9f3550aee79ac2a54dbba8152fc93725a658de50cf2de99,BINDING-BUDGET STRESS TEST_BASE_c0701eb6e078b978b9f3550aee79ac2a54dbba8152fc93725a658de50cf2de99,False,False,HCC040,Washington,TRT_002,Road Diet (4-to-3 Lane Conversion),BASE,191790.0,53116805.5292,52925015.5292,276.952946,False,UNKNOWN,DOCUMENTED_CMF_SCENARIO,13,ANALYST_DEFINED_BINDING_BUDGET_STRESS_TEST; PROVISIONAL_PORTFOLIO_SCENARIO; ENGINEERING_REVIEW_REQUIRED
PORT_STR_BASE_B6M_EQ40,BINDING-BUDGET STRESS TEST,BASE,6000000.0,0.4,c0701eb6e078b978b9f3550aee79ac2a54dbba8152fc93725a658de50cf2de99,BINDING-BUDGET STRESS TEST_BASE_c0701eb6e078b978b9f3550aee79ac2a54dbba8152fc93725a658de50cf2de99,False,False,HCC001,Devon,TRT_001,Pedestrian Refuge Islands & Medians,BASE,45000.0,33035192.1469,32990192.1469,734.115381,True,UNKNOWN,DOCUMENTED_CMF_SCENARIO,14,ANALYST_DEFINED_BINDING_BUDGET_STRESS_TEST; PROVISIONAL_PORTFOLIO_SCENARIO; ENGINEERING_REVIEW_REQUIRED
PORT_STR_BASE_B6M_EQ40,BINDING-BUDGET STRESS TEST,BASE,6000000.0,0.4,c0701eb6e078b978b9f3550aee79ac2a54dbba8152fc93725a658de50cf2de99,BINDING-BUDGET STRESS TEST_BASE_c0701eb6e078b978b9f3550aee79ac2a54dbba8152fc93725a658de50cf2de99,False,False,HCC027,Cottage Grove,TRT_001,Pedestrian Refuge Islands & Medians,BASE,60000.0,27478744.5197,27418744.5197,457.979075,True,UNKNOWN,DOCUMENTED_CMF_SCENARIO,15,ANALYST_DEFINED_BINDING_BUDGET_STRESS_TEST; PROVISIONAL_PORTFOLIO_SCENARIO; ENGINEERING_REVIEW_REQUIRED
PORT_STR_BASE_B6M_EQ40,BINDING-BUDGET STRESS TEST,BASE,6000000.0,0.4,c0701eb6e078b978b9f3550aee79ac2a54dbba8152fc93725a658de50cf2de99,BINDING-BUDGET STRESS TEST_BASE_c0701eb6e078b978b9f3550aee79ac2a54dbba8152fc93725a658de50cf2de99,False,False,HCC037,State,TRT_001,Pedestrian Refuge Islands & Medians,BASE,60000.0,25195602.2815,25135602.2815,419.926705,False,UNKNOWN,DOCUMENTED_CMF_SCENARIO,16,ANALYST_DEFINED_BINDING_BUDGET_STRESS_TEST; PROVISIONAL_PORTFOLIO_SCENARIO; ENGINEERING_REVIEW_REQUIRED
PORT_STR_BASE_B6M_EQ40,BINDING-BUDGET STRESS TEST,BASE,6000000.0,0.4,c0701eb6e078b978b9f3550aee79ac2a54dbba8152fc93725a658de50cf2de99,BINDING-BUDGET STRESS TEST_BASE_c0701eb6e078b978b9f3550aee79ac2a54dbba8152fc93725a658de50cf2de99,False,False,HCC024,Western,TRT_001,Pedestrian Refuge Islands & Medians,BASE,45000.0,24998344.9283,24953344.9283,555.518776,True,UNKNOWN,DOCUMENTED_CMF_SCENARIO,17,ANALYST_DEFINED_BINDING_BUDGET_STRESS_TEST; PROVISIONAL_PORTFOLIO_SCENARIO; ENGINEERING_REVIEW_REQUIRED
PORT_STR_BASE_B6M_EQ40,BINDING-BUDGET STRESS TEST,BASE,6000000.0,0.4,c0701eb6e078b978b9f3550aee79ac2a54dbba8152fc93725a658de50cf2de99,BINDING-BUDGET STRESS TEST_BASE_c0701eb6e078b978b9f3550aee79ac2a54dbba8152fc93725a658de50cf2de99,False,False,HCC021,Pulaski,TRT_001,Pedestrian Refuge Islands & Medians,BASE,90000.0,23749568.4195,23659568.4195,263.884094,True,UNKNOWN,DOCUMENTED_CMF_SCENARIO,18,ANALYST_DEFINED_BINDING_BUDGET_STRESS_TEST; PROVISIONAL_PORTFOLIO_SCENARIO; ENGINEERING_REVIEW_REQUIRED
PORT_STR_BASE_B6M_EQ40,BINDING-BUDGET STRESS TEST,BASE,6000000.0,0.4,c0701eb6e078b978b9f3550aee79ac2a54dbba8152fc93725a658de50cf2de99,BINDING-BUDGET STRESS TEST_BASE_c0701eb6e078b978b9f3550aee79ac2a54dbba8152fc93725a658de50cf2de99,False,False,HCC013,Chicago,TRT_001,Pedestrian Refuge Islands & Medians,BASE,45000.0,21678589.8878,21633589.8878,481.746442,True,UNKNOWN,DOCUMENTED_CMF_SCENARIO,19,ANALYST_DEFINED_BINDING_BUDGET_STRESS_TEST; PROVISIONAL_PORTFOLIO_SCENARIO; ENGINEERING_REVIEW_REQUIRED
PORT_STR_BASE_B6M_EQ40,BINDING-BUDGET STRESS TEST,BASE,6000000.0,0.4,c0701eb6e078b978b9f3550aee79ac2a54dbba8152fc93725a658de50cf2de99,BINDING-BUDGET STRESS TEST_BASE_c0701eb6e078b978b9f3550aee79ac2a54dbba8152fc93725a658de50cf2de99,False,False,HCC035,Ohio,TRT_001,Pedestrian Refuge Islands & Medians,BASE,30000.0,20920130.4412,20890130.4412,697.337681,False,UNKNOWN,DOCUMENTED_CMF_SCENARIO,20,ANALYST_DEFINED_BINDING_BUDGET_STRESS_TEST; PROVISIONAL_PORTFOLIO_SCENARIO; ENGINEERING_REVIEW_REQUIRED
PORT_STR_BASE_B6M_EQ40,BINDING-BUDGET STRESS TEST,BASE,6000000.0,0.4,c0701eb6e078b978b9f3550aee79ac2a54dbba8152fc93725a658de50cf2de99,BINDING-BUDGET STRESS TEST_BASE_c0701eb6e078b978b9f3550aee79ac2a54dbba8152fc93725a658de50cf2de99,False,False,HCC014,Chicago,TRT_001,Pedestrian Refuge Islands & Medians,BASE,75000.0,20707246.8513,20632246.8513,276.096625,False,UNKNOWN,DOCUMENTED_CMF_SCENARIO,21,ANALYST_DEFINED_BINDING_BUDGET_STRESS_TEST; PROVISIONAL_PORTFOLIO_SCENARIO; ENGINEERING_REVIEW_REQUIRED
PORT_STR_BASE_B6M_EQ40,BINDING-BUDGET STRESS TEST,BASE,6000000.0,0.4,c0701eb6e078b978b9f3550aee79ac2a54dbba8152fc93725a658de50cf2de99,BINDING-BUDGET STRESS TEST_BASE_c0701eb6e078b978b9f3550aee79ac2a54dbba8152fc93725a658de50cf2de99,False,False,HCC029,79th,TRT_001,Pedestrian Refuge Islands & Medians,BASE,45000.0,17379650.5142,17334650.5142,386.214456,True,UNKNOWN,DOCUMENTED_CMF_SCENARIO,22,ANALYST_DEFINED_BINDING_BUDGET_STRESS_TEST; PROVISIONAL_PORTFOLIO_SCENARIO; ENGINEERING_REVIEW_REQUIRED
PORT_STR_BASE_B6M_EQ40,BINDING-BUDGET STRESS TEST,BASE,6000000.0,0.4,c0701eb6e078b978b9f3550aee79ac2a54dbba8152fc93725a658de50cf2de99,BINDING-BUDGET STRESS TEST_BASE_c0701eb6e078b978b9f3550aee79ac2a54dbba8152fc93725a658de50cf2de99,False,False,HCC030,87th,TRT_001,Pedestrian Refuge Islands & Medians,BASE,60000.0,16809632.0626,16749632.0626,280.160534,True,UNKNOWN,DOCUMENTED_CMF_SCENARIO,23,ANALYST_DEFINED_BINDING_BUDGET_STRESS_TEST; PROVISIONAL_PORTFOLIO_SCENARIO; ENGINEERING_REVIEW_REQUIRED
PORT_STR_BASE_B6M_EQ40,BINDING-BUDGET STRESS TEST,BASE,6000000.0,0.4,c0701eb6e078b978b9f3550aee79ac2a54dbba8152fc93725a658de50cf2de99,BINDING-BUDGET STRESS TEST_BASE_c0701eb6e078b978b9f3550aee79ac2a54dbba8152fc93725a658de50cf2de99,False,False,HCC034,Ontario,TRT_001,Pedestrian Refuge Islands & Medians,BASE,30000.0,14268290.3652,14238290.3652,475.609679,False,UNKNOWN,DOCUMENTED_CMF_SCENARIO,24,ANALYST_DEFINED_BINDING_BUDGET_STRESS_TEST; PROVISIONAL_PORTFOLIO_SCENARIO; ENGINEERING_REVIEW_REQUIRED
PORT_STR_BASE_B6M_EQ40,BINDING-BUDGET STRESS TEST,BASE,6000000.0,0.4,c0701eb6e078b978b9f3550aee79ac2a54dbba8152fc93725a658de50cf2de99,BINDING-BUDGET STRESS TEST_BASE_c0701eb6e078b978b9f3550aee79ac2a54dbba8152fc93725a658de50cf2de99,False,False,HCC028,Ashland,TRT_001,Pedestrian Refuge Islands & Medians,BASE,45000.0,12295676.7747,12250676.7747,273.237262,True,UNKNOWN,DOCUMENTED_CMF_SCENARIO,25,ANALYST_DEFINED_BINDING_BUDGET_STRESS_TEST; PROVISIONAL_PORTFOLIO_SCENARIO; ENGINEERING_REVIEW_REQUIRED
PORT_STR_BASE_B6M_EQ40,BINDING-BUDGET STRESS TEST,BASE,6000000.0,0.4,c0701eb6e078b978b9f3550aee79ac2a54dbba8152fc93725a658de50cf2de99,BINDING-BUDGET STRESS TEST_BASE_c0701eb6e078b978b9f3550aee79ac2a54dbba8152fc93725a658de50cf2de99,False,False,HCC004,Belmont,TRT_001,Pedestrian Refuge Islands & Medians,BASE,45000.0,12010546.2282,11965546.2282,266.901027,False,UNKNOWN,DOCUMENTED_CMF_SCENARIO,26,ANALYST_DEFINED_BINDING_BUDGET_STRESS_TEST; PROVISIONAL_PORTFOLIO_SCENARIO; ENGINEERING_REVIEW_REQUIRED
PORT_STR_BASE_B6M_EQ40,BINDING-BUDGET STRESS TEST,BASE,6000000.0,0.4,c0701eb6e078b978b9f3550aee79ac2a54dbba8152fc93725a658de50cf2de99,BINDING-BUDGET STRESS TEST_BASE_c0701eb6e078b978b9f3550aee79ac2a54dbba8152fc93725a658de50cf2de99,False,False,HCC038,Fairbanks,TRT_001,Pedestrian Refuge Islands & Medians,BASE,15000.0,8990465.4071,8975465.4071,599.36436,False,UNKNOWN,DOCUMENTED_CMF_SCENARIO,27,ANALYST_DEFINED_BINDING_BUDGET_STRESS_TEST; PROVISIONAL_PORTFOLIO_SCENARIO; ENGINEERING_REVIEW_REQUIRED
PORT_STR_BASE_B6M_EQ40,BINDING-BUDGET STRESS TEST,BASE,6000000.0,0.4,c0701eb6e078b978b9f3550aee79ac2a54dbba8152fc93725a658de50cf2de99,BINDING-BUDGET STRESS TEST_BASE_c0701eb6e078b978b9f3550aee79ac2a54dbba8152fc93725a658de50cf2de99,False,False,HCC042,Dearborn,TRT_001,Pedestrian Refuge Islands & Medians,BASE,15000.0,5742922.2942,5727922.2942,382.861486,False,UNKNOWN,DOCUMENTED_CMF_SCENARIO,28,ANALYST_DEFINED_BINDING_BUDGET_STRESS_TEST; PROVISIONAL_PORTFOLIO_SCENARIO; ENGINEERING_REVIEW_REQUIRED
PORT_STR_BASE_B6M_EQ40,BINDING-BUDGET STRESS TEST,BASE,6000000.0,0.4,c0701eb6e078b978b9f3550aee79ac2a54dbba8152fc93725a658de50cf2de99,BINDING-BUDGET STRESS TEST_BASE_c0701eb6e078b978b9f3550aee79ac2a54dbba8152fc93725a658de50cf2de99,False,False,HCC041,Randolph,TRT_001,Pedestrian Refuge Islands & Medians,BASE,15000.0,4882188.7549,4867188.7549,325.47925,False,UNKNOWN,DOCUMENTED_CMF_SCENARIO,29,ANALYST_DEFINED_BINDING_BUDGET_STRESS_TEST; PROVISIONAL_PORTFOLIO_SCENARIO; ENGINEERING_REVIEW_REQUIRED
PORT_STR_BASE_B6M_EQ40,BINDING-BUDGET STRESS TEST,BASE,6000000.0,0.4,c0701eb6e078b978b9f3550aee79ac2a54dbba8152fc93725a658de50cf2de99,BINDING-BUDGET STRESS TEST_BASE_c0701eb6e078b978b9f3550aee79ac2a54dbba8152fc93725a658de50cf2de99,False,False,HCC033,Orleans,TRT_001,Pedestrian Refuge Islands & Medians,BASE,15000.0,4263487.793,4248487.793,284.23252,False,UNKNOWN,DOCUMENTED_CMF_SCENARIO,30,ANALYST_DEFINED_BINDING_BUDGET_STRESS_TEST; PROVISIONAL_PORTFOLIO_SCENARIO; ENGINEERING_REVIEW_REQUIRED
