corridor_id,corridor_name,treatment_id,treatment_name,uncertainty_scenario,demand_risk_rank,demand_risk_percentile,physical_applicability_status,relevant_forecast_crashes,cmf_id,cmf,cmf_standard_error,crashes_averted_total,crashes_averted_k,crashes_averted_a,crashes_averted_b,crashes_averted_c,crashes_averted_o,annual_monetary_benefit,useful_life_years,real_discount_rate,present_value_factor,present_value_benefit,capital_project_cost,net_present_benefit,benefit_cost_ratio,equity_area_flag,required_governance_labels
HCC001,Devon,TRT_001,Pedestrian Refuge Islands & Medians,BASE,12,0.744186,APPLICABLE,18.450324,175,0.68,0.035,2.952052,0.004933,0.046133,2.124853,0.356044,0.420088,1053919.6937,20,0.03,14.877475,15679663.7478,45000.0,15634663.7478,348.436972,True,PROVISIONAL_SCENARIO; ENGINEERING_REVIEW_REQUIRED; ANALYST_DEFINED_COST_SCENARIO; ANALYST_DEFINED_ECONOMIC_SCENARIO
HCC001,Devon,TRT_001,Pedestrian Refuge Islands & Medians,CONSERVATIVE,12,0.744186,APPLICABLE,18.450324,175,0.7486,0.035,1.159603,0.001938,0.018122,0.834669,0.139859,0.165016,413992.8297,20,0.03,14.877475,6159167.9159,36000.0,6123167.9159,171.087998,True,PROVISIONAL_SCENARIO; ENGINEERING_REVIEW_REQUIRED; ANALYST_DEFINED_COST_SCENARIO; ANALYST_DEFINED_ECONOMIC_SCENARIO
HCC001,Devon,TRT_001,Pedestrian Refuge Islands & Medians,OPTIMISTIC,12,0.744186,APPLICABLE,18.450324,175,0.6114,0.035,5.377347,0.008985,0.084035,3.870553,0.648557,0.765217,1919780.592,20,0.03,14.877475,28561487.4956,60000.0,28501487.4956,476.024792,True,PROVISIONAL_SCENARIO; ENGINEERING_REVIEW_REQUIRED; ANALYST_DEFINED_COST_SCENARIO; ANALYST_DEFINED_ECONOMIC_SCENARIO
HCC001,Devon,TRT_002,Road Diet (4-to-3 Lane Conversion),BASE,12,0.744186,APPLICABLE,423.1587,3006,0.71,0.026,92.037017,0.100697,1.491404,7.046925,2.420125,80.976418,8819790.8715,20,0.03,14.877475,131216216.9645,448830.0,130767386.9645,292.351708,True,PROVISIONAL_SCENARIO; ENGINEERING_REVIEW_REQUIRED; ANALYST_DEFINED_COST_SCENARIO; ANALYST_DEFINED_ECONOMIC_SCENARIO
HCC001,Devon,TRT_002,Road Diet (4-to-3 Lane Conversion),CONSERVATIVE,12,0.744186,APPLICABLE,423.1587,3006,0.76096,0.026,50.575928,0.055335,0.819552,3.872407,1.3299,44.497938,4846627.1492,20,0.03,14.877475,72105573.5706,359064.0,71746509.5706,200.81538,True,PROVISIONAL_SCENARIO; ENGINEERING_REVIEW_REQUIRED; ANALYST_DEFINED_COST_SCENARIO; ANALYST_DEFINED_ECONOMIC_SCENARIO
HCC001,Devon,TRT_002,Road Diet (4-to-3 Lane Conversion),OPTIMISTIC,12,0.744186,APPLICABLE,423.1587,3006,0.65904,0.026,144.28019,0.157856,2.337973,11.046987,3.793866,126.94124,13826188.0254,20,0.03,14.877475,205698764.7642,478752.0,205220012.7642,429.656199,True,PROVISIONAL_SCENARIO; ENGINEERING_REVIEW_REQUIRED; ANALYST_DEFINED_COST_SCENARIO; ANALYST_DEFINED_ECONOMIC_SCENARIO
HCC001,Devon,TRT_004,RRFB at Uncontrolled Marked Pedestrian Crossing,BASE,12,0.744186,APPLICABLE,18.450324,9024,0.53,0.031,3.468661,0.005796,0.054207,2.496703,0.418352,0.493604,1238355.6401,10,0.03,8.530203,10563424.794,67500.0,10495924.794,156.495182,True,PROVISIONAL_SCENARIO; ENGINEERING_REVIEW_REQUIRED; ANALYST_DEFINED_COST_SCENARIO; ANALYST_DEFINED_ECONOMIC_SCENARIO
HCC001,Devon,TRT_004,RRFB at Uncontrolled Marked Pedestrian Crossing,CONSERVATIVE,12,0.744186,APPLICABLE,18.450324,9024,0.59076,0.031,1.510122,0.002523,0.0236,1.086969,0.182135,0.214896,539132.6193,10,0.03,8.530203,4598910.5986,54000.0,4544910.5986,85.165011,True,PROVISIONAL_SCENARIO; ENGINEERING_REVIEW_REQUIRED; ANALYST_DEFINED_COST_SCENARIO; ANALYST_DEFINED_ECONOMIC_SCENARIO
HCC001,Devon,TRT_004,RRFB at Uncontrolled Marked Pedestrian Crossing,OPTIMISTIC,12,0.744186,APPLICABLE,18.450324,9024,0.46924,0.031,5.875616,0.009818,0.091822,4.229202,0.708653,0.836122,2097669.0623,10,0.03,8.530203,17893542.5861,108000.0,17785542.5861,165.68095,True,PROVISIONAL_SCENARIO; ENGINEERING_REVIEW_REQUIRED; ANALYST_DEFINED_COST_SCENARIO; ANALYST_DEFINED_ECONOMIC_SCENARIO
HCC002,Broadway,TRT_001,Pedestrian Refuge Islands & Medians,BASE,19,0.581395,APPLICABLE,10.71273,175,0.68,0.035,1.714037,0.002032,0.019403,1.122259,0.309559,0.260784,564576.2744,20,0.03,14.877475,8399469.3297,60000.0,8339469.3297,139.991155,False,PROVISIONAL_SCENARIO; ENGINEERING_REVIEW_REQUIRED; ANALYST_DEFINED_COST_SCENARIO; ANALYST_DEFINED_ECONOMIC_SCENARIO
HCC002,Broadway,TRT_001,Pedestrian Refuge Islands & Medians,CONSERVATIVE,19,0.581395,APPLICABLE,10.71273,175,0.7486,0.035,0.673295,0.000798,0.007622,0.440837,0.121599,0.102439,221772.6178,20,0.03,14.877475,3299416.5461,36000.0,3263416.5461,91.65046,False,PROVISIONAL_SCENARIO; ENGINEERING_REVIEW_REQUIRED; ANALYST_DEFINED_COST_SCENARIO; ANALYST_DEFINED_ECONOMIC_SCENARIO
HCC002,Broadway,TRT_001,Pedestrian Refuge Islands & Medians,OPTIMISTIC,19,0.581395,APPLICABLE,10.71273,175,0.6114,0.035,3.122225,0.003702,0.035344,2.044265,0.563881,0.475034,1028410.9699,20,0.03,14.877475,15300158.3509,72000.0,15228158.3509,212.502199,False,PROVISIONAL_SCENARIO; ENGINEERING_REVIEW_REQUIRED; ANALYST_DEFINED_COST_SCENARIO; ANALYST_DEFINED_ECONOMIC_SCENARIO
HCC002,Broadway,TRT_002,Road Diet (4-to-3 Lane Conversion),BASE,19,0.581395,APPLICABLE,276.6247,3006,0.71,0.026,60.165932,0.031782,0.720628,5.516362,2.884761,50.906109,5366774.5765,20,0.03,14.877475,79844053.8437,555180.0,79288873.8437,143.816517,False,PROVISIONAL_SCENARIO; ENGINEERING_REVIEW_REQUIRED; ANALYST_DEFINED_COST_SCENARIO; ANALYST_DEFINED_ECONOMIC_SCENARIO
HCC002,Broadway,TRT_002,Road Diet (4-to-3 Lane Conversion),CONSERVATIVE,19,0.581395,APPLICABLE,276.6247,3006,0.76096,0.026,33.062217,0.017465,0.395997,3.031336,1.585226,27.973784,2949135.1604,20,0.03,14.877475,43875684.2087,444144.0,43431540.2087,98.78707,False,PROVISIONAL_SCENARIO; ENGINEERING_REVIEW_REQUIRED; ANALYST_DEFINED_COST_SCENARIO; ANALYST_DEFINED_ECONOMIC_SCENARIO
HCC002,Broadway,TRT_002,Road Diet (4-to-3 Lane Conversion),OPTIMISTIC,19,0.581395,APPLICABLE,276.6247,3006,0.65904,0.026,94.318051,0.049822,1.129679,8.647626,4.522245,79.802054,8413128.5499,20,0.03,14.877475,125166108.4991,592192.0,124573916.4991,211.360688,False,PROVISIONAL_SCENARIO; ENGINEERING_REVIEW_REQUIRED; ANALYST_DEFINED_COST_SCENARIO; ANALYST_DEFINED_ECONOMIC_SCENARIO
HCC002,Broadway,TRT_004,RRFB at Uncontrolled Marked Pedestrian Crossing,BASE,19,0.581395,APPLICABLE,10.71273,9024,0.53,0.031,2.013993,0.002388,0.022798,1.318655,0.363732,0.306421,663377.1225,10,0.03,8.530203,5658741.4119,90000.0,5568741.4119,62.874905,False,PROVISIONAL_SCENARIO; ENGINEERING_REVIEW_REQUIRED; ANALYST_DEFINED_COST_SCENARIO; ANALYST_DEFINED_ECONOMIC_SCENARIO
HCC002,Broadway,TRT_004,RRFB at Uncontrolled Marked Pedestrian Crossing,CONSERVATIVE,19,0.581395,APPLICABLE,10.71273,9024,0.59076,0.031,0.876816,0.00104,0.009926,0.574092,0.158355,0.133404,288808.9932,10,0.03,8.530203,2463599.293,54000.0,2409599.293,45.622209,False,PROVISIONAL_SCENARIO; ENGINEERING_REVIEW_REQUIRED; ANALYST_DEFINED_COST_SCENARIO; ANALYST_DEFINED_ECONOMIC_SCENARIO
HCC002,Broadway,TRT_004,RRFB at Uncontrolled Marked Pedestrian Crossing,OPTIMISTIC,19,0.581395,APPLICABLE,10.71273,9024,0.46924,0.031,3.411533,0.004045,0.038619,2.233689,0.61613,0.519051,1123704.3878,10,0.03,8.530203,9585426.3567,144000.0,9441426.3567,66.565461,False,PROVISIONAL_SCENARIO; ENGINEERING_REVIEW_REQUIRED; ANALYST_DEFINED_COST_SCENARIO; ANALYST_DEFINED_ECONOMIC_SCENARIO
HCC003,Western,TRT_001,Pedestrian Refuge Islands & Medians,BASE,30,0.325581,APPLICABLE,4.703259,175,0.68,0.035,0.752522,0.000458,0.007542,0.504973,0.133119,0.10643,243251.9282,20,0.03,14.877475,3618974.4466,45000.0,3573974.4466,80.421654,False,PROVISIONAL_SCENARIO; ENGINEERING_REVIEW_REQUIRED; ANALYST_DEFINED_COST_SCENARIO; ANALYST_DEFINED_ECONOMIC_SCENARIO
HCC003,Western,TRT_001,Pedestrian Refuge Islands & Medians,CONSERVATIVE,30,0.325581,APPLICABLE,4.703259,175,0.7486,0.035,0.2956,0.00018,0.002963,0.19836,0.052291,0.041807,95552.398,20,0.03,14.877475,1421578.3998,36000.0,1385578.3998,39.488289,False,PROVISIONAL_SCENARIO; ENGINEERING_REVIEW_REQUIRED; ANALYST_DEFINED_COST_SCENARIO; ANALYST_DEFINED_ECONOMIC_SCENARIO
HCC003,Western,TRT_001,Pedestrian Refuge Islands & Medians,OPTIMISTIC,30,0.325581,APPLICABLE,4.703259,175,0.6114,0.035,1.370765,0.000834,0.013738,0.91984,0.242484,0.193869,443098.5905,20,0.03,14.877475,6592188.1404,48000.0,6544188.1404,137.337253,False,PROVISIONAL_SCENARIO; ENGINEERING_REVIEW_REQUIRED; ANALYST_DEFINED_COST_SCENARIO; ANALYST_DEFINED_ECONOMIC_SCENARIO
HCC003,Western,TRT_002,Road Diet (4-to-3 Lane Conversion),BASE,30,0.325581,APPLICABLE,224.2267,3006,0.71,0.026,48.769356,0.033287,0.485167,3.301034,2.862385,42.052645,3973851.4284,20,0.03,14.877475,59120874.7246,302430.0,58818444.7246,195.486145,False,PROVISIONAL_SCENARIO; ENGINEERING_REVIEW_REQUIRED; ANALYST_DEFINED_COST_SCENARIO; ANALYST_DEFINED_ECONOMIC_SCENARIO
HCC003,Western,TRT_002,Road Diet (4-to-3 Lane Conversion),CONSERVATIVE,30,0.325581,APPLICABLE,224.2267,3006,0.76096,0.026,26.799602,0.018292,0.266608,1.813975,1.57293,23.108653,2183699.8746,20,0.03,14.877475,32487939.9866,241944.0,32245995.9866,134.278759,False,PROVISIONAL_SCENARIO; ENGINEERING_REVIEW_REQUIRED; ANALYST_DEFINED_COST_SCENARIO; ANALYST_DEFINED_ECONOMIC_SCENARIO
HCC003,Western,TRT_002,Road Diet (4-to-3 Lane Conversion),OPTIMISTIC,30,0.325581,APPLICABLE,224.2267,3006,0.65904,0.026,76.452411,0.052182,0.760564,5.174807,4.487167,65.923079,6229537.3932,20,0.03,14.877475,92679785.9591,322592.0,92357193.9591,287.297224,False,PROVISIONAL_SCENARIO; ENGINEERING_REVIEW_REQUIRED; ANALYST_DEFINED_COST_SCENARIO; ANALYST_DEFINED_ECONOMIC_SCENARIO
HCC003,Western,TRT_004,RRFB at Uncontrolled Marked Pedestrian Crossing,BASE,30,0.325581,APPLICABLE,4.703259,9024,0.53,0.031,0.884213,0.000538,0.008862,0.593343,0.156415,0.125055,285821.0156,10,0.03,8.530203,2438111.2384,67500.0,2370611.2384,36.120166,False,PROVISIONAL_SCENARIO; ENGINEERING_REVIEW_REQUIRED; ANALYST_DEFINED_COST_SCENARIO; ANALYST_DEFINED_ECONOMIC_SCENARIO
HCC003,Western,TRT_004,RRFB at Uncontrolled Marked Pedestrian Crossing,CONSERVATIVE,30,0.325581,APPLICABLE,4.703259,9024,0.59076,0.031,0.384952,0.000234,0.003858,0.258319,0.068097,0.054444,124435.5239,10,0.03,8.530203,1061460.2587,54000.0,1007460.2587,19.656671,False,PROVISIONAL_SCENARIO; ENGINEERING_REVIEW_REQUIRED; ANALYST_DEFINED_COST_SCENARIO; ANALYST_DEFINED_ECONOMIC_SCENARIO
HCC003,Western,TRT_004,RRFB at Uncontrolled Marked Pedestrian Crossing,OPTIMISTIC,30,0.325581,APPLICABLE,4.703259,9024,0.46924,0.031,1.497781,0.000911,0.015011,1.005073,0.264953,0.211833,484156.4753,10,0.03,8.530203,4129952.939,90000.0,4039952.939,45.888366,False,PROVISIONAL_SCENARIO; ENGINEERING_REVIEW_REQUIRED; ANALYST_DEFINED_COST_SCENARIO; ANALYST_DEFINED_ECONOMIC_SCENARIO
HCC004,Belmont,TRT_001,Pedestrian Refuge Islands & Medians,BASE,22,0.511628,APPLICABLE,7.846834,175,0.68,0.035,1.255493,0.000737,0.017659,0.797269,0.224351,0.215478,397845.6748,20,0.03,14.877475,5918939.0255,45000.0,5873939.0255,131.531978,False,PROVISIONAL_SCENARIO; ENGINEERING_REVIEW_REQUIRED; ANALYST_DEFINED_COST_SCENARIO; ANALYST_DEFINED_ECONOMIC_SCENARIO
HCC004,Belmont,TRT_001,Pedestrian Refuge Islands & Medians,CONSERVATIVE,22,0.511628,APPLICABLE,7.846834,175,0.7486,0.035,0.493174,0.000289,0.006937,0.313177,0.088128,0.084643,156278.7541,20,0.03,14.877475,2325033.2359,36000.0,2289033.2359,64.584257,False,PROVISIONAL_SCENARIO; ENGINEERING_REVIEW_REQUIRED; ANALYST_DEFINED_COST_SCENARIO; ANALYST_DEFINED_ECONOMIC_SCENARIO
HCC004,Belmont,TRT_001,Pedestrian Refuge Islands & Medians,OPTIMISTIC,22,0.511628,APPLICABLE,7.846834,175,0.6114,0.035,2.28696,0.001342,0.032166,1.452275,0.408669,0.392507,724700.762,20,0.03,14.877475,10781717.3686,48000.0,10733717.3686,224.619112,False,PROVISIONAL_SCENARIO; ENGINEERING_REVIEW_REQUIRED; ANALYST_DEFINED_COST_SCENARIO; ANALYST_DEFINED_ECONOMIC_SCENARIO
HCC004,Belmont,TRT_002,Road Diet (4-to-3 Lane Conversion),BASE,22,0.511628,APPLICABLE,266.9373,3006,0.71,0.026,58.058863,0.035933,0.814747,4.969847,2.44994,49.787081,5274541.4034,20,0.03,14.877475,78471857.129,301320.0,78170537.129,260.426978,False,PROVISIONAL_SCENARIO; ENGINEERING_REVIEW_REQUIRED; ANALYST_DEFINED_COST_SCENARIO; ANALYST_DEFINED_ECONOMIC_SCENARIO
HCC004,Belmont,TRT_002,Road Diet (4-to-3 Lane Conversion),CONSERVATIVE,22,0.511628,APPLICABLE,266.9373,3006,0.76096,0.026,31.904346,0.019746,0.447717,2.731016,1.346285,27.358859,2898451.4415,20,0.03,14.877475,43121638.4554,241056.0,42880582.4554,178.886393,False,PROVISIONAL_SCENARIO; ENGINEERING_REVIEW_REQUIRED; ANALYST_DEFINED_COST_SCENARIO; ANALYST_DEFINED_ECONOMIC_SCENARIO
HCC004,Belmont,TRT_002,Road Diet (4-to-3 Lane Conversion),OPTIMISTIC,22,0.511628,APPLICABLE,266.9373,3006,0.65904,0.026,91.014942,0.056329,1.277223,7.790891,3.840606,78.04783,8268540.8593,20,0.03,14.877475,123015008.7665,321408.0,122693600.7665,382.737856,False,PROVISIONAL_SCENARIO; ENGINEERING_REVIEW_REQUIRED; ANALYST_DEFINED_COST_SCENARIO; ANALYST_DEFINED_ECONOMIC_SCENARIO
HCC004,Belmont,TRT_004,RRFB at Uncontrolled Marked Pedestrian Crossing,BASE,22,0.511628,APPLICABLE,7.846834,9024,0.53,0.031,1.475205,0.000866,0.020749,0.936791,0.263612,0.253187,467468.6679,10,0.03,8.530203,3987602.5571,67500.0,3920102.5571,59.075593,False,PROVISIONAL_SCENARIO; ENGINEERING_REVIEW_REQUIRED; ANALYST_DEFINED_COST_SCENARIO; ANALYST_DEFINED_ECONOMIC_SCENARIO
HCC004,Belmont,TRT_004,RRFB at Uncontrolled Marked Pedestrian Crossing,CONSERVATIVE,22,0.511628,APPLICABLE,7.846834,9024,0.59076,0.031,0.642248,0.000377,0.009033,0.407843,0.114767,0.110228,203517.955,10,0.03,8.530203,1736049.4367,54000.0,1682049.4367,32.149064,False,PROVISIONAL_SCENARIO; ENGINEERING_REVIEW_REQUIRED; ANALYST_DEFINED_COST_SCENARIO; ANALYST_DEFINED_ECONOMIC_SCENARIO
HCC004,Belmont,TRT_004,RRFB at Uncontrolled Marked Pedestrian Crossing,OPTIMISTIC,22,0.511628,APPLICABLE,7.846834,9024,0.46924,0.031,2.498871,0.001467,0.035147,1.586845,0.446537,0.428877,791852.1389,10,0.03,8.530203,6754659.3614,90000.0,6664659.3614,75.051771,False,PROVISIONAL_SCENARIO; ENGINEERING_REVIEW_REQUIRED; ANALYST_DEFINED_COST_SCENARIO; ANALYST_DEFINED_ECONOMIC_SCENARIO
HCC005,Clark,TRT_001,Pedestrian Refuge Islands & Medians,BASE,13,0.72093,APPLICABLE,19.736783,175,0.68,0.035,3.157885,0.001592,0.050071,1.945483,0.628126,0.532613,996050.06,20,0.03,14.877475,14818709.7277,105000.0,14713709.7277,141.130569,False,PROVISIONAL_SCENARIO; ENGINEERING_REVIEW_REQUIRED; ANALYST_DEFINED_COST_SCENARIO; ANALYST_DEFINED_ECONOMIC_SCENARIO
HCC005,Clark,TRT_001,Pedestrian Refuge Islands & Medians,CONSERVATIVE,13,0.72093,APPLICABLE,19.736783,175,0.7486,0.035,1.240457,0.000625,0.019668,0.76421,0.246736,0.209217,391260.9142,20,0.03,14.877475,5820974.4149,72000.0,5748974.4149,80.846867,False,PROVISIONAL_SCENARIO; ENGINEERING_REVIEW_REQUIRED; ANALYST_DEFINED_COST_SCENARIO; ANALYST_DEFINED_ECONOMIC_SCENARIO
HCC005,Clark,TRT_001,Pedestrian Refuge Islands & Medians,OPTIMISTIC,13,0.72093,APPLICABLE,19.736783,175,0.6114,0.035,5.752285,0.0029,0.091207,3.54382,1.14417,0.970188,1814367.4375,20,0.03,14.877475,26993205.9384,120000.0,26873205.9384,224.943383,False,PROVISIONAL_SCENARIO; ENGINEERING_REVIEW_REQUIRED; ANALYST_DEFINED_COST_SCENARIO; ANALYST_DEFINED_ECONOMIC_SCENARIO
HCC005,Clark,TRT_002,Road Diet (4-to-3 Lane Conversion),BASE,13,0.72093,APPLICABLE,385.8266,3006,0.71,0.026,83.917368,0.014323,1.358557,8.71347,3.817431,69.927988,7938190.6772,20,0.03,14.877475,118100232.238,956460.0,117143772.238,123.476394,False,PROVISIONAL_SCENARIO; ENGINEERING_REVIEW_REQUIRED; ANALYST_DEFINED_COST_SCENARIO; ANALYST_DEFINED_ECONOMIC_SCENARIO
HCC005,Clark,TRT_002,Road Diet (4-to-3 Lane Conversion),CONSERVATIVE,13,0.72093,APPLICABLE,385.8266,3006,0.76096,0.026,46.114041,0.007871,0.74655,4.788202,2.097744,38.426635,4362172.6425,20,0.03,14.877475,64898113.8257,765168.0,64132945.8257,84.81551,False,PROVISIONAL_SCENARIO; ENGINEERING_REVIEW_REQUIRED; ANALYST_DEFINED_COST_SCENARIO; ANALYST_DEFINED_ECONOMIC_SCENARIO
HCC005,Clark,TRT_002,Road Diet (4-to-3 Lane Conversion),OPTIMISTIC,13,0.72093,APPLICABLE,385.8266,3006,0.65904,0.026,131.551567,0.022454,2.129717,13.659516,5.984328,109.621365,12444163.1876,20,0.03,14.877475,185137724.9833,1020224.0,184117500.9833,181.467722,False,PROVISIONAL_SCENARIO; ENGINEERING_REVIEW_REQUIRED; ANALYST_DEFINED_COST_SCENARIO; ANALYST_DEFINED_ECONOMIC_SCENARIO
HCC005,Clark,TRT_004,RRFB at Uncontrolled Marked Pedestrian Crossing,BASE,13,0.72093,APPLICABLE,19.736783,9024,0.53,0.031,3.710515,0.001871,0.058833,2.285943,0.738048,0.625821,1170358.8205,10,0.03,8.530203,9983398.1309,157500.0,9825898.1309,63.386655,False,PROVISIONAL_SCENARIO; ENGINEERING_REVIEW_REQUIRED; ANALYST_DEFINED_COST_SCENARIO; ANALYST_DEFINED_ECONOMIC_SCENARIO
HCC005,Clark,TRT_004,RRFB at Uncontrolled Marked Pedestrian Crossing,CONSERVATIVE,13,0.72093,APPLICABLE,19.736783,9024,0.59076,0.031,1.615416,0.000814,0.025614,0.995212,0.321318,0.272458,509529.4082,10,0.03,8.530203,4346389.2033,108000.0,4238389.2033,40.244344,False,PROVISIONAL_SCENARIO; ENGINEERING_REVIEW_REQUIRED; ANALYST_DEFINED_COST_SCENARIO; ANALYST_DEFINED_ECONOMIC_SCENARIO
HCC005,Clark,TRT_004,RRFB at Uncontrolled Marked Pedestrian Crossing,OPTIMISTIC,13,0.72093,APPLICABLE,19.736783,9024,0.46924,0.031,6.285297,0.003169,0.099658,3.872193,1.25019,1.060087,1982488.237,10,0.03,8.530203,16911026.7828,234000.0,16677026.7828,72.269345,False,PROVISIONAL_SCENARIO; ENGINEERING_REVIEW_REQUIRED; ANALYST_DEFINED_COST_SCENARIO; ANALYST_DEFINED_ECONOMIC_SCENARIO
HCC006,Fullerton,TRT_001,Pedestrian Refuge Islands & Medians,BASE,3,0.953488,APPLICABLE,23.917918,175,0.68,0.035,3.826867,0.00809,0.057452,2.581045,0.691663,0.488617,1368780.8285,20,0.03,14.877475,20364002.3648,135000.0,20229002.3648,150.844462,False,PROVISIONAL_SCENARIO; ENGINEERING_REVIEW_REQUIRED; ANALYST_DEFINED_COST_SCENARIO; ANALYST_DEFINED_ECONOMIC_SCENARIO
HCC006,Fullerton,TRT_001,Pedestrian Refuge Islands & Medians,CONSERVATIVE,3,0.953488,APPLICABLE,23.917918,175,0.7486,0.035,1.503241,0.003178,0.022568,1.013867,0.271694,0.191935,537674.2192,20,0.03,14.877475,7999234.6789,90000.0,7909234.6789,88.880385,False,PROVISIONAL_SCENARIO; ENGINEERING_REVIEW_REQUIRED; ANALYST_DEFINED_COST_SCENARIO; ANALYST_DEFINED_ECONOMIC_SCENARIO
HCC006,Fullerton,TRT_001,Pedestrian Refuge Islands & Medians,OPTIMISTIC,3,0.953488,APPLICABLE,23.917918,175,0.6114,0.035,6.970877,0.014736,0.104652,4.701535,1.259907,0.890047,2493319.8278,20,0.03,14.877475,37094303.0577,156000.0,36938303.0577,237.783994,False,PROVISIONAL_SCENARIO; ENGINEERING_REVIEW_REQUIRED; ANALYST_DEFINED_COST_SCENARIO; ANALYST_DEFINED_ECONOMIC_SCENARIO
HCC006,Fullerton,TRT_002,Road Diet (4-to-3 Lane Conversion),BASE,3,0.953488,APPLICABLE,777.0802,3006,0.71,0.026,169.014943,0.194817,2.699852,14.099126,8.93943,142.969089,17549064.302,20,0.03,14.877475,261085762.9777,1248570.0,259837192.9777,209.10783,False,PROVISIONAL_SCENARIO; ENGINEERING_REVIEW_REQUIRED; ANALYST_DEFINED_COST_SCENARIO; ANALYST_DEFINED_ECONOMIC_SCENARIO
HCC006,Fullerton,TRT_002,Road Diet (4-to-3 Lane Conversion),CONSERVATIVE,3,0.953488,APPLICABLE,777.0802,3006,0.76096,0.026,92.876626,0.107055,1.483615,7.747713,4.912371,78.563979,9643513.404,20,0.03,14.877475,143471128.2349,998856.0,142472272.2349,143.635447,False,PROVISIONAL_SCENARIO; ENGINEERING_REVIEW_REQUIRED; ANALYST_DEFINED_COST_SCENARIO; ANALYST_DEFINED_ECONOMIC_SCENARIO
HCC006,Fullerton,TRT_002,Road Diet (4-to-3 Lane Conversion),OPTIMISTIC,3,0.953488,APPLICABLE,777.0802,3006,0.65904,0.026,264.953265,0.305401,4.232375,22.102244,14.013739,224.122945,27510477.9973,20,0.03,14.877475,409286444.8041,1331808.0,407954636.8041,307.316404,False,PROVISIONAL_SCENARIO; ENGINEERING_REVIEW_REQUIRED; ANALYST_DEFINED_COST_SCENARIO; ANALYST_DEFINED_ECONOMIC_SCENARIO
HCC006,Fullerton,TRT_004,RRFB at Uncontrolled Marked Pedestrian Crossing,BASE,3,0.953488,APPLICABLE,23.917918,9024,0.53,0.031,4.496569,0.009506,0.067506,3.032728,0.812704,0.574125,1608317.4734,10,0.03,8.530203,13719274.2744,202500.0,13516774.2744,67.749503,False,PROVISIONAL_SCENARIO; ENGINEERING_REVIEW_REQUIRED; ANALYST_DEFINED_COST_SCENARIO; ANALYST_DEFINED_ECONOMIC_SCENARIO
HCC006,Fullerton,TRT_004,RRFB at Uncontrolled Marked Pedestrian Crossing,CONSERVATIVE,3,0.953488,APPLICABLE,23.917918,9024,0.59076,0.031,1.957634,0.004138,0.029389,1.320334,0.35382,0.249952,700199.8328,10,0.03,8.530203,5972846.6,135000.0,5837846.6,44.243308,False,PROVISIONAL_SCENARIO; ENGINEERING_REVIEW_REQUIRED; ANALYST_DEFINED_COST_SCENARIO; ANALYST_DEFINED_ECONOMIC_SCENARIO
HCC006,Fullerton,TRT_004,RRFB at Uncontrolled Marked Pedestrian Crossing,OPTIMISTIC,3,0.953488,APPLICABLE,23.917918,9024,0.46924,0.031,7.616804,0.016102,0.114349,5.137183,1.376651,0.972519,2724352.9219,10,0.03,8.530203,23239283.0229,306000.0,22933283.0229,75.945369,False,PROVISIONAL_SCENARIO; ENGINEERING_REVIEW_REQUIRED; ANALYST_DEFINED_COST_SCENARIO; ANALYST_DEFINED_ECONOMIC_SCENARIO
HCC007,Western,TRT_001,Pedestrian Refuge Islands & Medians,BASE,6,0.883721,APPLICABLE,12.489132,175,0.68,0.035,1.998261,0.000916,0.027654,1.275204,0.421789,0.272699,642703.3226,20,0.03,14.877475,9561802.5242,90000.0,9471802.5242,106.24225,False,PROVISIONAL_SCENARIO; ENGINEERING_REVIEW_REQUIRED; ANALYST_DEFINED_COST_SCENARIO; ANALYST_DEFINED_ECONOMIC_SCENARIO
HCC007,Western,TRT_001,Pedestrian Refuge Islands & Medians,CONSERVATIVE,6,0.883721,APPLICABLE,12.489132,175,0.7486,0.035,0.784942,0.00036,0.010863,0.500916,0.165684,0.10712,252461.8989,20,0.03,14.877475,3755995.554,54000.0,3701995.554,69.555473,False,PROVISIONAL_SCENARIO; ENGINEERING_REVIEW_REQUIRED; ANALYST_DEFINED_COST_SCENARIO; ANALYST_DEFINED_ECONOMIC_SCENARIO
HCC007,Western,TRT_001,Pedestrian Refuge Islands & Medians,OPTIMISTIC,6,0.883721,APPLICABLE,12.489132,175,0.6114,0.035,3.639957,0.001668,0.050373,2.322864,0.768314,0.496739,1170724.271,20,0.03,14.877475,17417420.9104,96000.0,17321420.9104,181.431468,False,PROVISIONAL_SCENARIO; ENGINEERING_REVIEW_REQUIRED; ANALYST_DEFINED_COST_SCENARIO; ANALYST_DEFINED_ECONOMIC_SCENARIO
HCC007,Western,TRT_002,Road Diet (4-to-3 Lane Conversion),BASE,6,0.883721,APPLICABLE,505.0011,3006,0.71,0.026,109.837848,0.063921,1.506435,8.63519,5.646685,93.926935,9761900.3868,20,0.03,14.877475,145232427.5956,787920.0,144444507.5956,184.323824,False,PROVISIONAL_SCENARIO; ENGINEERING_REVIEW_REQUIRED; ANALYST_DEFINED_COST_SCENARIO; ANALYST_DEFINED_ECONOMIC_SCENARIO
HCC007,Western,TRT_002,Road Diet (4-to-3 Lane Conversion),CONSERVATIVE,6,0.883721,APPLICABLE,505.0011,3006,0.76096,0.026,60.357791,0.035126,0.827812,4.745186,3.102951,51.61447,5364332.5712,20,0.03,14.877475,79807722.9712,630336.0,79177386.9712,126.611399,False,PROVISIONAL_SCENARIO; ENGINEERING_REVIEW_REQUIRED; ANALYST_DEFINED_COST_SCENARIO; ANALYST_DEFINED_ECONOMIC_SCENARIO
HCC007,Western,TRT_002,Road Diet (4-to-3 Lane Conversion),OPTIMISTIC,6,0.883721,APPLICABLE,505.0011,3006,0.65904,0.026,172.185345,0.100205,2.361537,13.536802,8.851926,147.242885,15303069.2225,20,0.03,14.877475,227671027.646,840448.0,226830579.646,270.892462,False,PROVISIONAL_SCENARIO; ENGINEERING_REVIEW_REQUIRED; ANALYST_DEFINED_COST_SCENARIO; ANALYST_DEFINED_ECONOMIC_SCENARIO
HCC007,Western,TRT_004,RRFB at Uncontrolled Marked Pedestrian Crossing,BASE,6,0.883721,APPLICABLE,12.489132,9024,0.53,0.031,2.347957,0.001076,0.032493,1.498365,0.495602,0.320422,755176.404,10,0.03,8.530203,6441807.9038,135000.0,6306807.9038,47.717096,False,PROVISIONAL_SCENARIO; ENGINEERING_REVIEW_REQUIRED; ANALYST_DEFINED_COST_SCENARIO; ANALYST_DEFINED_ECONOMIC_SCENARIO
HCC007,Western,TRT_004,RRFB at Uncontrolled Marked Pedestrian Crossing,CONSERVATIVE,6,0.883721,APPLICABLE,12.489132,9024,0.59076,0.031,1.02221,0.000468,0.014146,0.652331,0.215766,0.139499,328774.8847,10,0.03,8.530203,2804516.4538,81000.0,2723516.4538,34.62366,False,PROVISIONAL_SCENARIO; ENGINEERING_REVIEW_REQUIRED; ANALYST_DEFINED_COST_SCENARIO; ANALYST_DEFINED_ECONOMIC_SCENARIO
HCC007,Western,TRT_004,RRFB at Uncontrolled Marked Pedestrian Crossing,OPTIMISTIC,6,0.883721,APPLICABLE,12.489132,9024,0.46924,0.031,3.977239,0.001822,0.05504,2.538102,0.839507,0.542767,1279204.5581,10,0.03,8.530203,10911874.35,198000.0,10713874.35,55.110477,False,PROVISIONAL_SCENARIO; ENGINEERING_REVIEW_REQUIRED; ANALYST_DEFINED_COST_SCENARIO; ANALYST_DEFINED_ECONOMIC_SCENARIO
HCC008,Milwaukee,TRT_001,Pedestrian Refuge Islands & Medians,BASE,10,0.790698,APPLICABLE,18.265212,175,0.68,0.035,2.922434,0.002247,0.073459,1.913086,0.516801,0.41684,1009081.7764,20,0.03,14.877475,15012588.7605,120000.0,14892588.7605,125.104906,False,PROVISIONAL_SCENARIO; ENGINEERING_REVIEW_REQUIRED; ANALYST_DEFINED_COST_SCENARIO; ANALYST_DEFINED_ECONOMIC_SCENARIO
HCC008,Milwaukee,TRT_001,Pedestrian Refuge Islands & Medians,CONSERVATIVE,10,0.790698,APPLICABLE,18.265212,175,0.7486,0.035,1.147969,0.000882,0.028856,0.751484,0.203006,0.16374,396379.9353,20,0.03,14.877475,5897132.5225,72000.0,5825132.5225,81.904618,False,PROVISIONAL_SCENARIO; ENGINEERING_REVIEW_REQUIRED; ANALYST_DEFINED_COST_SCENARIO; ANALYST_DEFINED_ECONOMIC_SCENARIO
HCC008,Milwaukee,TRT_001,Pedestrian Refuge Islands & Medians,OPTIMISTIC,10,0.790698,APPLICABLE,18.265212,175,0.6114,0.035,5.323396,0.004092,0.133811,3.484807,0.941386,0.759301,1838105.5233,20,0.03,14.877475,27346368.714,132000.0,27214368.714,207.16946,False,PROVISIONAL_SCENARIO; ENGINEERING_REVIEW_REQUIRED; ANALYST_DEFINED_COST_SCENARIO; ANALYST_DEFINED_ECONOMIC_SCENARIO
HCC008,Milwaukee,TRT_002,Road Diet (4-to-3 Lane Conversion),BASE,10,0.790698,APPLICABLE,454.9346,3006,0.71,0.026,98.948275,0.016679,2.546588,13.706237,5.282188,77.243235,12350886.5637,20,0.03,14.877475,183750004.3565,1062120.0,182687884.3565,173.003055,False,PROVISIONAL_SCENARIO; ENGINEERING_REVIEW_REQUIRED; ANALYST_DEFINED_COST_SCENARIO; ANALYST_DEFINED_ECONOMIC_SCENARIO
HCC008,Milwaukee,TRT_002,Road Diet (4-to-3 Lane Conversion),CONSERVATIVE,10,0.790698,APPLICABLE,454.9346,3006,0.76096,0.026,54.373783,0.009165,1.399394,7.531814,2.902653,42.446489,6787025.1131,20,0.03,14.877475,100973795.4974,849696.0,100124099.4974,118.835202,False,PROVISIONAL_SCENARIO; ENGINEERING_REVIEW_REQUIRED; ANALYST_DEFINED_COST_SCENARIO; ANALYST_DEFINED_ECONOMIC_SCENARIO
HCC008,Milwaukee,TRT_002,Road Diet (4-to-3 Lane Conversion),OPTIMISTIC,10,0.790698,APPLICABLE,454.9346,3006,0.65904,0.026,155.114501,0.026147,3.992113,21.486339,8.280527,121.088981,19361647.2771,20,0.03,14.877475,288052420.6224,1132928.0,286919492.6224,254.254834,False,PROVISIONAL_SCENARIO; ENGINEERING_REVIEW_REQUIRED; ANALYST_DEFINED_COST_SCENARIO; ANALYST_DEFINED_ECONOMIC_SCENARIO
HCC008,Milwaukee,TRT_004,RRFB at Uncontrolled Marked Pedestrian Crossing,BASE,10,0.790698,APPLICABLE,18.265212,9024,0.53,0.031,3.43386,0.00264,0.086315,2.247877,0.607241,0.489787,1185671.0873,10,0.03,8.530203,10114014.8721,180000.0,9934014.8721,56.188972,False,PROVISIONAL_SCENARIO; ENGINEERING_REVIEW_REQUIRED; ANALYST_DEFINED_COST_SCENARIO; ANALYST_DEFINED_ECONOMIC_SCENARIO
HCC008,Milwaukee,TRT_004,RRFB at Uncontrolled Marked Pedestrian Crossing,CONSERVATIVE,10,0.790698,APPLICABLE,18.265212,9024,0.59076,0.031,1.494971,0.001149,0.037578,0.978639,0.26437,0.213235,516195.7827,10,0.03,8.530203,4403254.73,108000.0,4295254.73,40.770877,False,PROVISIONAL_SCENARIO; ENGINEERING_REVIEW_REQUIRED; ANALYST_DEFINED_COST_SCENARIO; ANALYST_DEFINED_ECONOMIC_SCENARIO
HCC008,Milwaukee,TRT_004,RRFB at Uncontrolled Marked Pedestrian Crossing,OPTIMISTIC,10,0.790698,APPLICABLE,18.265212,9024,0.46924,0.031,5.816667,0.004472,0.14621,3.807712,1.028615,0.829658,2008425.9136,10,0.03,8.530203,17132280.4261,270000.0,16862280.4261,63.45289,False,PROVISIONAL_SCENARIO; ENGINEERING_REVIEW_REQUIRED; ANALYST_DEFINED_COST_SCENARIO; ANALYST_DEFINED_ECONOMIC_SCENARIO
HCC009,Damen,TRT_001,Pedestrian Refuge Islands & Medians,BASE,21,0.534884,APPLICABLE,10.001659,175,0.68,0.035,1.600265,0.001653,0.035484,1.03566,0.282329,0.245139,546828.1136,20,0.03,14.877475,8135421.5124,75000.0,8060421.5124,108.472287,False,PROVISIONAL_SCENARIO; ENGINEERING_REVIEW_REQUIRED; ANALYST_DEFINED_COST_SCENARIO; ANALYST_DEFINED_ECONOMIC_SCENARIO
HCC009,Damen,TRT_001,Pedestrian Refuge Islands & Medians,CONSERVATIVE,21,0.534884,APPLICABLE,10.001659,175,0.7486,0.035,0.628604,0.000649,0.013939,0.40682,0.110902,0.096294,214800.9184,20,0.03,14.877475,3195695.2628,54000.0,3141695.2628,59.179542,False,PROVISIONAL_SCENARIO; ENGINEERING_REVIEW_REQUIRED; ANALYST_DEFINED_COST_SCENARIO; ANALYST_DEFINED_ECONOMIC_SCENARIO
HCC009,Damen,TRT_001,Pedestrian Refuge Islands & Medians,OPTIMISTIC,21,0.534884,APPLICABLE,10.001659,175,0.6114,0.035,2.914983,0.003011,0.064636,1.88652,0.51428,0.446536,996081.5856,20,0.03,14.877475,14819178.7487,84000.0,14735178.7487,176.418795,False,PROVISIONAL_SCENARIO; ENGINEERING_REVIEW_REQUIRED; ANALYST_DEFINED_COST_SCENARIO; ANALYST_DEFINED_ECONOMIC_SCENARIO
HCC009,Damen,TRT_002,Road Diet (4-to-3 Lane Conversion),BASE,21,0.534884,APPLICABLE,267.9219,3006,0.71,0.026,58.27307,0.06524,1.287087,6.461978,3.524813,46.872762,7288647.6575,20,0.03,14.877475,108436672.291,623130.0,107813542.291,174.019342,False,PROVISIONAL_SCENARIO; ENGINEERING_REVIEW_REQUIRED; ANALYST_DEFINED_COST_SCENARIO; ANALYST_DEFINED_ECONOMIC_SCENARIO
HCC009,Damen,TRT_002,Road Diet (4-to-3 Lane Conversion),CONSERVATIVE,21,0.534884,APPLICABLE,267.9219,3006,0.76096,0.026,32.022057,0.035851,0.707276,3.550968,1.936946,25.757391,4005237.5541,20,0.03,14.877475,59587821.0217,498504.0,59089317.0217,119.533286,False,PROVISIONAL_SCENARIO; ENGINEERING_REVIEW_REQUIRED; ANALYST_DEFINED_COST_SCENARIO; ANALYST_DEFINED_ECONOMIC_SCENARIO
HCC009,Damen,TRT_002,Road Diet (4-to-3 Lane Conversion),OPTIMISTIC,21,0.534884,APPLICABLE,267.9219,3006,0.65904,0.026,91.35074,0.102273,2.017679,10.130004,5.525611,73.47925,11425918.645,20,0.03,14.877475,169988817.3992,664672.0,169324145.3992,255.748425,False,PROVISIONAL_SCENARIO; ENGINEERING_REVIEW_REQUIRED; ANALYST_DEFINED_COST_SCENARIO; ANALYST_DEFINED_ECONOMIC_SCENARIO
HCC009,Damen,TRT_004,RRFB at Uncontrolled Marked Pedestrian Crossing,BASE,21,0.534884,APPLICABLE,10.001659,9024,0.53,0.031,1.880312,0.001942,0.041694,1.216901,0.331737,0.288038,642523.0334,10,0.03,8.530203,5480851.8024,112500.0,5368351.8024,48.718683,False,PROVISIONAL_SCENARIO; ENGINEERING_REVIEW_REQUIRED; ANALYST_DEFINED_COST_SCENARIO; ANALYST_DEFINED_ECONOMIC_SCENARIO
HCC009,Damen,TRT_004,RRFB at Uncontrolled Marked Pedestrian Crossing,CONSERVATIVE,21,0.534884,APPLICABLE,10.001659,9024,0.59076,0.031,0.818616,0.000846,0.018152,0.529792,0.144425,0.125401,279729.9215,10,0.03,8.530203,2386152.9698,81000.0,2305152.9698,29.458679,False,PROVISIONAL_SCENARIO; ENGINEERING_REVIEW_REQUIRED; ANALYST_DEFINED_COST_SCENARIO; ANALYST_DEFINED_ECONOMIC_SCENARIO
HCC009,Damen,TRT_004,RRFB at Uncontrolled Marked Pedestrian Crossing,OPTIMISTIC,21,0.534884,APPLICABLE,10.001659,9024,0.46924,0.031,3.185088,0.00329,0.070625,2.061327,0.561934,0.487912,1088379.3358,10,0.03,8.530203,9284096.4978,162000.0,9122096.4978,57.309238,False,PROVISIONAL_SCENARIO; ENGINEERING_REVIEW_REQUIRED; ANALYST_DEFINED_COST_SCENARIO; ANALYST_DEFINED_ECONOMIC_SCENARIO
HCC010,Ashland,TRT_001,Pedestrian Refuge Islands & Medians,BASE,5,0.906977,APPLICABLE,12.507869,175,0.68,0.035,2.001259,0.000989,0.031114,1.170503,0.44208,0.356572,615246.7101,20,0.03,14.877475,9153317.4628,105000.0,9048317.4628,87.174452,False,PROVISIONAL_SCENARIO; ENGINEERING_REVIEW_REQUIRED; ANALYST_DEFINED_COST_SCENARIO; ANALYST_DEFINED_ECONOMIC_SCENARIO
HCC010,Ashland,TRT_001,Pedestrian Refuge Islands & Medians,CONSERVATIVE,5,0.906977,APPLICABLE,12.507869,175,0.7486,0.035,0.78612,0.000389,0.012222,0.459788,0.173655,0.140066,241676.5983,20,0.03,14.877475,3595537.5159,72000.0,3523537.5159,49.938021,False,PROVISIONAL_SCENARIO; ENGINEERING_REVIEW_REQUIRED; ANALYST_DEFINED_COST_SCENARIO; ANALYST_DEFINED_ECONOMIC_SCENARIO
HCC010,Ashland,TRT_001,Pedestrian Refuge Islands & Medians,OPTIMISTIC,5,0.906977,APPLICABLE,12.507869,175,0.6114,0.035,3.645419,0.001802,0.056676,2.132144,0.805277,0.649518,1120710.3354,20,0.03,14.877475,16673339.8408,132000.0,16541339.8408,126.313181,False,PROVISIONAL_SCENARIO; ENGINEERING_REVIEW_REQUIRED; ANALYST_DEFINED_COST_SCENARIO; ANALYST_DEFINED_ECONOMIC_SCENARIO
HCC010,Ashland,TRT_002,Road Diet (4-to-3 Lane Conversion),BASE,5,0.906977,APPLICABLE,591.2525,3006,0.71,0.026,128.597419,0.088536,1.974375,10.806806,5.922195,109.69403,12128977.3736,20,0.03,14.877475,180448555.9594,1012500.0,179436055.9594,178.220796,False,PROVISIONAL_SCENARIO; ENGINEERING_REVIEW_REQUIRED; ANALYST_DEFINED_COST_SCENARIO; ANALYST_DEFINED_ECONOMIC_SCENARIO
HCC010,Ashland,TRT_002,Road Diet (4-to-3 Lane Conversion),CONSERVATIVE,5,0.906977,APPLICABLE,591.2525,3006,0.76096,0.026,70.666499,0.048652,1.084953,5.938526,3.254348,60.278761,6665082.1871,20,0.03,14.877475,99159592.6817,810000.0,98349592.6817,122.41925,False,PROVISIONAL_SCENARIO; ENGINEERING_REVIEW_REQUIRED; ANALYST_DEFINED_COST_SCENARIO; ANALYST_DEFINED_ECONOMIC_SCENARIO
HCC010,Ashland,TRT_002,Road Diet (4-to-3 Lane Conversion),OPTIMISTIC,5,0.906977,APPLICABLE,591.2525,3006,0.65904,0.026,201.593452,0.138792,3.095094,16.941097,9.283823,171.959892,19013775.2888,20,0.03,14.877475,282876963.8617,1080000.0,281796963.8617,261.923115,False,PROVISIONAL_SCENARIO; ENGINEERING_REVIEW_REQUIRED; ANALYST_DEFINED_COST_SCENARIO; ANALYST_DEFINED_ECONOMIC_SCENARIO
HCC010,Ashland,TRT_004,RRFB at Uncontrolled Marked Pedestrian Crossing,BASE,5,0.906977,APPLICABLE,12.507869,9024,0.53,0.031,2.351479,0.001162,0.036559,1.375341,0.519445,0.418972,722914.8844,10,0.03,8.530203,6166610.5976,157500.0,6009110.5976,39.153083,False,PROVISIONAL_SCENARIO; ENGINEERING_REVIEW_REQUIRED; ANALYST_DEFINED_COST_SCENARIO; ANALYST_DEFINED_ECONOMIC_SCENARIO
HCC010,Ashland,TRT_004,RRFB at Uncontrolled Marked Pedestrian Crossing,CONSERVATIVE,5,0.906977,APPLICABLE,12.507869,9024,0.59076,0.031,1.023744,0.000506,0.015916,0.598771,0.226146,0.182404,314729.4546,10,0.03,8.530203,2684706.0861,108000.0,2576706.0861,24.85839,False,PROVISIONAL_SCENARIO; ENGINEERING_REVIEW_REQUIRED; ANALYST_DEFINED_COST_SCENARIO; ANALYST_DEFINED_ECONOMIC_SCENARIO
HCC010,Ashland,TRT_004,RRFB at Uncontrolled Marked Pedestrian Crossing,OPTIMISTIC,5,0.906977,APPLICABLE,12.507869,9024,0.46924,0.031,3.983206,0.001969,0.061928,2.329711,0.879895,0.709703,1224556.2895,10,0.03,8.530203,10445713.5344,252000.0,10193713.5344,41.451244,False,PROVISIONAL_SCENARIO; ENGINEERING_REVIEW_REQUIRED; ANALYST_DEFINED_COST_SCENARIO; ANALYST_DEFINED_ECONOMIC_SCENARIO
HCC011,North,TRT_001,Pedestrian Refuge Islands & Medians,BASE,34,0.232558,APPLICABLE,6.593928,175,0.68,0.035,1.055028,0.003399,0.023295,0.680529,0.220928,0.126878,402881.8833,20,0.03,14.877475,5993865.0904,45000.0,5948865.0904,133.197002,True,PROVISIONAL_SCENARIO; ENGINEERING_REVIEW_REQUIRED; ANALYST_DEFINED_COST_SCENARIO; ANALYST_DEFINED_ECONOMIC_SCENARIO
HCC011,North,TRT_001,Pedestrian Refuge Islands & Medians,CONSERVATIVE,34,0.232558,APPLICABLE,6.593928,175,0.7486,0.035,0.414428,0.001335,0.00915,0.26732,0.086783,0.049839,158257.0398,20,0.03,14.877475,2354465.1308,36000.0,2318465.1308,65.401809,True,PROVISIONAL_SCENARIO; ENGINEERING_REVIEW_REQUIRED; ANALYST_DEFINED_COST_SCENARIO; ANALYST_DEFINED_ECONOMIC_SCENARIO
HCC011,North,TRT_001,Pedestrian Refuge Islands & Medians,OPTIMISTIC,34,0.232558,APPLICABLE,6.593928,175,0.6114,0.035,1.9218,0.006191,0.042433,1.239626,0.402434,0.231117,733874.5305,20,0.03,14.877475,10918199.8787,48000.0,10870199.8787,227.462497,True,PROVISIONAL_SCENARIO; ENGINEERING_REVIEW_REQUIRED; ANALYST_DEFINED_COST_SCENARIO; ANALYST_DEFINED_ECONOMIC_SCENARIO
HCC011,North,TRT_002,Road Diet (4-to-3 Lane Conversion),BASE,34,0.232558,APPLICABLE,192.2685,3006,0.71,0.026,41.818358,0.114049,0.944007,4.103548,2.291669,34.364026,6099666.6553,20,0.03,14.877475,90747637.322,306330.0,90441307.322,296.24143,True,PROVISIONAL_SCENARIO; ENGINEERING_REVIEW_REQUIRED; ANALYST_DEFINED_COST_SCENARIO; ANALYST_DEFINED_ECONOMIC_SCENARIO
HCC011,North,TRT_002,Road Diet (4-to-3 Lane Conversion),CONSERVATIVE,34,0.232558,APPLICABLE,192.2685,3006,0.76096,0.026,22.979909,0.062672,0.518748,2.25497,1.259311,18.883625,3351871.9938,20,0.03,14.877475,49867391.3229,245064.0,49622327.3229,203.487217,True,PROVISIONAL_SCENARIO; ENGINEERING_REVIEW_REQUIRED; ANALYST_DEFINED_COST_SCENARIO; ANALYST_DEFINED_ECONOMIC_SCENARIO
HCC011,North,TRT_002,Road Diet (4-to-3 Lane Conversion),OPTIMISTIC,34,0.232558,APPLICABLE,192.2685,3006,0.65904,0.026,65.555804,0.178787,1.479856,6.432853,3.592494,53.870153,9562033.76,20,0.03,14.877475,142258916.8796,326752.0,141932164.8796,435.37275,True,PROVISIONAL_SCENARIO; ENGINEERING_REVIEW_REQUIRED; ANALYST_DEFINED_COST_SCENARIO; ANALYST_DEFINED_ECONOMIC_SCENARIO
HCC011,North,TRT_004,RRFB at Uncontrolled Marked Pedestrian Crossing,BASE,34,0.232558,APPLICABLE,6.593928,9024,0.53,0.031,1.239658,0.003994,0.027371,0.799621,0.25959,0.149082,473386.2129,10,0.03,8.530203,4038080.4159,67500.0,3970580.4159,59.823414,True,PROVISIONAL_SCENARIO; ENGINEERING_REVIEW_REQUIRED; ANALYST_DEFINED_COST_SCENARIO; ANALYST_DEFINED_ECONOMIC_SCENARIO
HCC011,North,TRT_004,RRFB at Uncontrolled Marked Pedestrian Crossing,CONSERVATIVE,34,0.232558,APPLICABLE,6.593928,9024,0.59076,0.031,0.5397,0.001739,0.011916,0.348125,0.113016,0.064905,206094.2274,10,0.03,8.530203,1758025.5632,54000.0,1704025.5632,32.556029,True,PROVISIONAL_SCENARIO; ENGINEERING_REVIEW_REQUIRED; ANALYST_DEFINED_COST_SCENARIO; ANALYST_DEFINED_ECONOMIC_SCENARIO
HCC011,North,TRT_004,RRFB at Uncontrolled Marked Pedestrian Crossing,OPTIMISTIC,34,0.232558,APPLICABLE,6.593928,9024,0.46924,0.031,2.099876,0.006765,0.046364,1.35449,0.439724,0.252532,801875.9564,10,0.03,8.530203,6840164.5581,90000.0,6750164.5581,76.001828,True,PROVISIONAL_SCENARIO; ENGINEERING_REVIEW_REQUIRED; ANALYST_DEFINED_COST_SCENARIO; ANALYST_DEFINED_ECONOMIC_SCENARIO
HCC012,Chicago,TRT_001,Pedestrian Refuge Islands & Medians,BASE,37,0.162791,APPLICABLE,7.465,175,0.68,0.035,1.1944,0.001363,0.03777,0.83665,0.174534,0.144083,445787.3042,20,0.03,14.877475,6632189.4109,45000.0,6587189.4109,147.381987,True,PROVISIONAL_SCENARIO; ENGINEERING_REVIEW_REQUIRED; ANALYST_DEFINED_COST_SCENARIO; ANALYST_DEFINED_ECONOMIC_SCENARIO
HCC012,Chicago,TRT_001,Pedestrian Refuge Islands & Medians,CONSERVATIVE,37,0.162791,APPLICABLE,7.465,175,0.7486,0.035,0.469175,0.000535,0.014836,0.328646,0.068559,0.056598,175110.8254,20,0.03,14.877475,2605206.903,36000.0,2569206.903,72.366858,True,PROVISIONAL_SCENARIO; ENGINEERING_REVIEW_REQUIRED; ANALYST_DEFINED_COST_SCENARIO; ANALYST_DEFINED_ECONOMIC_SCENARIO
HCC012,Chicago,TRT_001,Pedestrian Refuge Islands & Medians,OPTIMISTIC,37,0.162791,APPLICABLE,7.465,175,0.6114,0.035,2.175674,0.002483,0.0688,1.52401,0.317925,0.262457,812029.4363,20,0.03,14.877475,12080947.5239,48000.0,12032947.5239,251.686407,True,PROVISIONAL_SCENARIO; ENGINEERING_REVIEW_REQUIRED; ANALYST_DEFINED_COST_SCENARIO; ANALYST_DEFINED_ECONOMIC_SCENARIO
HCC012,Chicago,TRT_002,Road Diet (4-to-3 Lane Conversion),BASE,37,0.162791,APPLICABLE,162.8642,3006,0.71,0.026,35.422998,0.05399,1.106591,4.597361,2.403746,27.211561,5499766.8729,20,0.03,14.877475,81822643.3899,303060.0,81519583.3899,269.988264,True,PROVISIONAL_SCENARIO; ENGINEERING_REVIEW_REQUIRED; ANALYST_DEFINED_COST_SCENARIO; ANALYST_DEFINED_ECONOMIC_SCENARIO
HCC012,Chicago,TRT_002,Road Diet (4-to-3 Lane Conversion),CONSERVATIVE,37,0.162791,APPLICABLE,162.8642,3006,0.76096,0.026,19.465548,0.029669,0.608091,2.526329,1.3209,14.953222,3022216.7202,20,0.03,14.877475,44962953.278,242448.0,44720505.278,185.454008,True,PROVISIONAL_SCENARIO; ENGINEERING_REVIEW_REQUIRED; ANALYST_DEFINED_COST_SCENARIO; ANALYST_DEFINED_ECONOMIC_SCENARIO
HCC012,Chicago,TRT_002,Road Diet (4-to-3 Lane Conversion),OPTIMISTIC,37,0.162791,APPLICABLE,162.8642,3006,0.65904,0.026,55.530231,0.084637,1.734728,7.206971,3.768189,42.657718,8621611.5539,20,0.03,14.877475,128267809.1504,323264.0,127944545.1504,396.789649,True,PROVISIONAL_SCENARIO; ENGINEERING_REVIEW_REQUIRED; ANALYST_DEFINED_COST_SCENARIO; ANALYST_DEFINED_ECONOMIC_SCENARIO
HCC012,Chicago,TRT_004,RRFB at Uncontrolled Marked Pedestrian Crossing,BASE,37,0.162791,APPLICABLE,7.465,9024,0.53,0.031,1.40342,0.001602,0.044379,0.983063,0.205078,0.169298,523800.0824,10,0.03,8.530203,4468120.9488,67500.0,4400620.9488,66.194384,True,PROVISIONAL_SCENARIO; ENGINEERING_REVIEW_REQUIRED; ANALYST_DEFINED_COST_SCENARIO; ANALYST_DEFINED_ECONOMIC_SCENARIO
HCC012,Chicago,TRT_004,RRFB at Uncontrolled Marked Pedestrian Crossing,CONSERVATIVE,37,0.162791,APPLICABLE,7.465,9024,0.59076,0.031,0.610995,0.000697,0.019321,0.427988,0.089283,0.073706,228042.4954,10,0.03,8.530203,1945248.7416,54000.0,1891248.7416,36.023125,True,PROVISIONAL_SCENARIO; ENGINEERING_REVIEW_REQUIRED; ANALYST_DEFINED_COST_SCENARIO; ANALYST_DEFINED_ECONOMIC_SCENARIO
HCC012,Chicago,TRT_004,RRFB at Uncontrolled Marked Pedestrian Crossing,OPTIMISTIC,37,0.162791,APPLICABLE,7.465,9024,0.46924,0.031,2.377274,0.002713,0.075175,1.665226,0.347384,0.286777,887272.7609,10,0.03,8.530203,7568616.6217,90000.0,7478616.6217,84.09574,True,PROVISIONAL_SCENARIO; ENGINEERING_REVIEW_REQUIRED; ANALYST_DEFINED_COST_SCENARIO; ANALYST_DEFINED_ECONOMIC_SCENARIO
HCC013,Chicago,TRT_001,Pedestrian Refuge Islands & Medians,BASE,35,0.209302,APPLICABLE,11.197235,175,0.68,0.035,1.791558,0.007454,0.035687,1.14086,0.308518,0.299039,686651.4987,20,0.03,14.877475,10215640.4096,45000.0,10170640.4096,227.014231,True,PROVISIONAL_SCENARIO; ENGINEERING_REVIEW_REQUIRED; ANALYST_DEFINED_COST_SCENARIO; ANALYST_DEFINED_ECONOMIC_SCENARIO
HCC013,Chicago,TRT_001,Pedestrian Refuge Islands & Medians,CONSERVATIVE,35,0.209302,APPLICABLE,11.197235,175,0.7486,0.035,0.703746,0.002928,0.014018,0.448144,0.12119,0.117466,269725.2918,20,0.03,14.877475,4012831.2484,36000.0,3976831.2484,111.467535,True,PROVISIONAL_SCENARIO; ENGINEERING_REVIEW_REQUIRED; ANALYST_DEFINED_COST_SCENARIO; ANALYST_DEFINED_ECONOMIC_SCENARIO
HCC013,Chicago,TRT_001,Pedestrian Refuge Islands & Medians,OPTIMISTIC,35,0.209302,APPLICABLE,11.197235,175,0.6114,0.035,3.263434,0.013578,0.065006,2.078148,0.561984,0.544717,1250778.6206,20,0.03,14.877475,18608427.4836,48000.0,18560427.4836,387.675573,True,PROVISIONAL_SCENARIO; ENGINEERING_REVIEW_REQUIRED; ANALYST_DEFINED_COST_SCENARIO; ANALYST_DEFINED_ECONOMIC_SCENARIO
HCC013,Chicago,TRT_002,Road Diet (4-to-3 Lane Conversion),BASE,35,0.209302,APPLICABLE,190.8511,3006,0.71,0.026,41.510114,0.07834,0.921235,5.313524,2.893465,32.302375,6040361.7073,20,0.03,14.877475,89865329.449,302070.0,89563259.449,297.498359,True,PROVISIONAL_SCENARIO; ENGINEERING_REVIEW_REQUIRED; ANALYST_DEFINED_COST_SCENARIO; ANALYST_DEFINED_ECONOMIC_SCENARIO
HCC013,Chicago,TRT_002,Road Diet (4-to-3 Lane Conversion),CONSERVATIVE,35,0.209302,APPLICABLE,190.8511,3006,0.76096,0.026,22.810523,0.043049,0.506235,2.919873,1.590009,17.750712,3319282.9023,20,0.03,14.877475,49382547.9344,241656.0,49140891.9344,204.350597,True,PROVISIONAL_SCENARIO; ENGINEERING_REVIEW_REQUIRED; ANALYST_DEFINED_COST_SCENARIO; ANALYST_DEFINED_ECONOMIC_SCENARIO
HCC013,Chicago,TRT_002,Road Diet (4-to-3 Lane Conversion),OPTIMISTIC,35,0.209302,APPLICABLE,190.8511,3006,0.65904,0.026,65.072591,0.122808,1.444158,8.329652,4.535889,50.638243,9469065.4149,20,0.03,14.877475,140875782.6617,322208.0,140553574.6617,437.220003,True,PROVISIONAL_SCENARIO; ENGINEERING_REVIEW_REQUIRED; ANALYST_DEFINED_COST_SCENARIO; ANALYST_DEFINED_ECONOMIC_SCENARIO
HCC013,Chicago,TRT_004,RRFB at Uncontrolled Marked Pedestrian Crossing,BASE,35,0.209302,APPLICABLE,11.197235,9024,0.53,0.031,2.10508,0.008759,0.041932,1.340511,0.362508,0.35137,806815.511,10,0.03,8.530203,6882299.9603,67500.0,6814799.9603,101.959999,True,PROVISIONAL_SCENARIO; ENGINEERING_REVIEW_REQUIRED; ANALYST_DEFINED_COST_SCENARIO; ANALYST_DEFINED_ECONOMIC_SCENARIO
HCC013,Chicago,TRT_004,RRFB at Uncontrolled Marked Pedestrian Crossing,CONSERVATIVE,35,0.209302,APPLICABLE,11.197235,9024,0.59076,0.031,0.916471,0.003813,0.018256,0.583607,0.157822,0.152973,351256.5742,10,0.03,8.530203,2996289.8253,54000.0,2942289.8253,55.486849,True,PROVISIONAL_SCENARIO; ENGINEERING_REVIEW_REQUIRED; ANALYST_DEFINED_COST_SCENARIO; ANALYST_DEFINED_ECONOMIC_SCENARIO
HCC013,Chicago,TRT_004,RRFB at Uncontrolled Marked Pedestrian Crossing,OPTIMISTIC,35,0.209302,APPLICABLE,11.197235,9024,0.46924,0.031,3.565827,0.014836,0.07103,2.270711,0.614058,0.595191,1366676.8104,10,0.03,8.530203,11658030.4051,90000.0,11568030.4051,129.533671,True,PROVISIONAL_SCENARIO; ENGINEERING_REVIEW_REQUIRED; ANALYST_DEFINED_COST_SCENARIO; ANALYST_DEFINED_ECONOMIC_SCENARIO
HCC014,Chicago,TRT_001,Pedestrian Refuge Islands & Medians,BASE,14,0.697674,APPLICABLE,12.642354,175,0.68,0.035,2.022777,0.002542,0.036977,1.277173,0.40829,0.297795,683054.5317,20,0.03,14.877475,10162126.6231,75000.0,10087126.6231,135.495022,False,PROVISIONAL_SCENARIO; ENGINEERING_REVIEW_REQUIRED; ANALYST_DEFINED_COST_SCENARIO; ANALYST_DEFINED_ECONOMIC_SCENARIO
HCC014,Chicago,TRT_001,Pedestrian Refuge Islands & Medians,CONSERVATIVE,14,0.697674,APPLICABLE,12.642354,175,0.7486,0.035,0.794572,0.000999,0.014525,0.501689,0.160381,0.116978,268312.3582,20,0.03,14.877475,3991810.3642,54000.0,3937810.3642,73.922414,False,PROVISIONAL_SCENARIO; ENGINEERING_REVIEW_REQUIRED; ANALYST_DEFINED_COST_SCENARIO; ANALYST_DEFINED_ECONOMIC_SCENARIO
HCC014,Chicago,TRT_001,Pedestrian Refuge Islands & Medians,OPTIMISTIC,14,0.697674,APPLICABLE,12.642354,175,0.6114,0.035,3.684614,0.004631,0.067355,2.32645,0.743726,0.542452,1244226.5203,20,0.03,14.877475,18510948.777,84000.0,18426948.777,220.368438,False,PROVISIONAL_SCENARIO; ENGINEERING_REVIEW_REQUIRED; ANALYST_DEFINED_COST_SCENARIO; ANALYST_DEFINED_ECONOMIC_SCENARIO
HCC014,Chicago,TRT_002,Road Diet (4-to-3 Lane Conversion),BASE,14,0.697674,APPLICABLE,330.4894,3006,0.71,0.026,71.881515,0.079107,1.325234,6.994782,4.003452,59.4523,8105601.1964,20,0.03,14.877475,120590878.0288,642630.0,119948248.0288,187.652114,False,PROVISIONAL_SCENARIO; ENGINEERING_REVIEW_REQUIRED; ANALYST_DEFINED_COST_SCENARIO; ANALYST_DEFINED_ECONOMIC_SCENARIO
HCC014,Chicago,TRT_002,Road Diet (4-to-3 Lane Conversion),CONSERVATIVE,14,0.697674,APPLICABLE,330.4894,3006,0.76096,0.026,39.500132,0.04347,0.728239,3.843753,2.199966,32.670064,4454167.6092,20,0.03,14.877475,66266766.6299,514104.0,65752662.6299,128.89759,False,PROVISIONAL_SCENARIO; ENGINEERING_REVIEW_REQUIRED; ANALYST_DEFINED_COST_SCENARIO; ANALYST_DEFINED_ECONOMIC_SCENARIO
HCC014,Chicago,TRT_002,Road Diet (4-to-3 Lane Conversion),OPTIMISTIC,14,0.697674,APPLICABLE,330.4894,3006,0.65904,0.026,112.683776,0.12401,2.07748,10.965245,6.27594,93.199339,12706601.3055,20,0.03,14.877475,189042141.4837,685472.0,188356669.4837,275.7839,False,PROVISIONAL_SCENARIO; ENGINEERING_REVIEW_REQUIRED; ANALYST_DEFINED_COST_SCENARIO; ANALYST_DEFINED_ECONOMIC_SCENARIO
HCC014,Chicago,TRT_004,RRFB at Uncontrolled Marked Pedestrian Crossing,BASE,14,0.697674,APPLICABLE,12.642354,9024,0.53,0.031,2.376762,0.002987,0.043447,1.500678,0.479741,0.349909,802589.0747,10,0.03,8.530203,6846247.6018,112500.0,6733747.6018,60.855534,False,PROVISIONAL_SCENARIO; ENGINEERING_REVIEW_REQUIRED; ANALYST_DEFINED_COST_SCENARIO; ANALYST_DEFINED_ECONOMIC_SCENARIO
HCC014,Chicago,TRT_004,RRFB at Uncontrolled Marked Pedestrian Crossing,CONSERVATIVE,14,0.697674,APPLICABLE,12.642354,9024,0.59076,0.031,1.034751,0.0013,0.018915,0.653338,0.208861,0.152337,349416.5457,10,0.03,8.530203,2980594.0091,81000.0,2899594.0091,36.797457,False,PROVISIONAL_SCENARIO; ENGINEERING_REVIEW_REQUIRED; ANALYST_DEFINED_COST_SCENARIO; ANALYST_DEFINED_ECONOMIC_SCENARIO
HCC014,Chicago,TRT_004,RRFB at Uncontrolled Marked Pedestrian Crossing,OPTIMISTIC,14,0.697674,APPLICABLE,12.642354,9024,0.46924,0.031,4.026033,0.00506,0.073596,2.542021,0.81264,0.592716,1359517.5871,10,0.03,8.530203,11596960.7781,162000.0,11434960.7781,71.586178,False,PROVISIONAL_SCENARIO; ENGINEERING_REVIEW_REQUIRED; ANALYST_DEFINED_COST_SCENARIO; ANALYST_DEFINED_ECONOMIC_SCENARIO
HCC015,Lake,TRT_001,Pedestrian Refuge Islands & Medians,BASE,25,0.44186,APPLICABLE,5.349601,175,0.68,0.035,0.855936,0.002646,0.031146,0.578334,0.120263,0.123546,344341.0587,20,0.03,14.877475,5122925.4449,60000.0,5062925.4449,85.382091,True,PROVISIONAL_SCENARIO; ENGINEERING_REVIEW_REQUIRED; ANALYST_DEFINED_COST_SCENARIO; ANALYST_DEFINED_ECONOMIC_SCENARIO
HCC015,Lake,TRT_001,Pedestrian Refuge Islands & Medians,CONSERVATIVE,25,0.44186,APPLICABLE,5.349601,175,0.7486,0.035,0.336222,0.00104,0.012235,0.227177,0.047241,0.04853,135261.4721,20,0.03,14.877475,2012349.1513,36000.0,1976349.1513,55.898588,True,PROVISIONAL_SCENARIO; ENGINEERING_REVIEW_REQUIRED; ANALYST_DEFINED_COST_SCENARIO; ANALYST_DEFINED_ECONOMIC_SCENARIO
HCC015,Lake,TRT_001,Pedestrian Refuge Islands & Medians,OPTIMISTIC,25,0.44186,APPLICABLE,5.349601,175,0.6114,0.035,1.559141,0.004821,0.056735,1.053472,0.219067,0.225047,627238.7598,20,0.03,14.877475,9331728.8807,72000.0,9259728.8807,129.607346,True,PROVISIONAL_SCENARIO; ENGINEERING_REVIEW_REQUIRED; ANALYST_DEFINED_COST_SCENARIO; ANALYST_DEFINED_ECONOMIC_SCENARIO
HCC015,Lake,TRT_002,Road Diet (4-to-3 Lane Conversion),BASE,25,0.44186,APPLICABLE,257.2867,3006,0.71,0.026,55.959857,0.312907,1.896403,8.420346,5.036534,40.210677,13228010.5513,20,0.03,14.877475,196799394.4306,571830.0,196227564.4306,344.15717,True,PROVISIONAL_SCENARIO; ENGINEERING_REVIEW_REQUIRED; ANALYST_DEFINED_COST_SCENARIO; ANALYST_DEFINED_ECONOMIC_SCENARIO
HCC015,Lake,TRT_002,Road Diet (4-to-3 Lane Conversion),CONSERVATIVE,25,0.44186,APPLICABLE,257.2867,3006,0.76096,0.026,30.750906,0.171948,1.042106,4.627125,2.767662,22.09646,7269019.8671,20,0.03,14.877475,108144660.3326,457464.0,107687196.3326,236.400373,True,PROVISIONAL_SCENARIO; ENGINEERING_REVIEW_REQUIRED; ANALYST_DEFINED_COST_SCENARIO; ANALYST_DEFINED_ECONOMIC_SCENARIO
HCC015,Lake,TRT_002,Road Diet (4-to-3 Lane Conversion),OPTIMISTIC,25,0.44186,APPLICABLE,257.2867,3006,0.65904,0.026,87.724473,0.490523,2.972862,13.200005,7.895432,63.035552,20736655.0693,20,0.03,14.877475,308509064.483,609952.0,307899112.483,505.792365,True,PROVISIONAL_SCENARIO; ENGINEERING_REVIEW_REQUIRED; ANALYST_DEFINED_COST_SCENARIO; ANALYST_DEFINED_ECONOMIC_SCENARIO
HCC015,Lake,TRT_004,RRFB at Uncontrolled Marked Pedestrian Crossing,BASE,25,0.44186,APPLICABLE,5.349601,9024,0.53,0.031,1.005725,0.00311,0.036597,0.679543,0.141309,0.145167,404600.744,10,0.03,8.530203,3451326.4144,90000.0,3361326.4144,38.348071,True,PROVISIONAL_SCENARIO; ENGINEERING_REVIEW_REQUIRED; ANALYST_DEFINED_COST_SCENARIO; ANALYST_DEFINED_ECONOMIC_SCENARIO
HCC015,Lake,TRT_004,RRFB at Uncontrolled Marked Pedestrian Crossing,CONSERVATIVE,25,0.44186,APPLICABLE,5.349601,9024,0.59076,0.031,0.437854,0.001354,0.015933,0.295847,0.061521,0.0632,176147.6686,10,0.03,8.530203,1502575.3424,54000.0,1448575.3424,27.825469,True,PROVISIONAL_SCENARIO; ENGINEERING_REVIEW_REQUIRED; ANALYST_DEFINED_COST_SCENARIO; ANALYST_DEFINED_ECONOMIC_SCENARIO
HCC015,Lake,TRT_004,RRFB at Uncontrolled Marked Pedestrian Crossing,OPTIMISTIC,25,0.44186,APPLICABLE,5.349601,9024,0.46924,0.031,1.703612,0.005267,0.061992,1.151088,0.239366,0.2459,685359.2263,10,0.03,8.530203,5846253.2162,144000.0,5702253.2162,40.598981,True,PROVISIONAL_SCENARIO; ENGINEERING_REVIEW_REQUIRED; ANALYST_DEFINED_COST_SCENARIO; ANALYST_DEFINED_ECONOMIC_SCENARIO
HCC016,Cicero,TRT_001,Pedestrian Refuge Islands & Medians,BASE,7,0.860465,APPLICABLE,18.422063,175,0.68,0.035,2.94753,0.007522,0.075594,1.993324,0.537638,0.333452,1130636.5391,20,0.03,14.877475,16821016.6873,60000.0,16761016.6873,280.350278,True,PROVISIONAL_SCENARIO; ENGINEERING_REVIEW_REQUIRED; ANALYST_DEFINED_COST_SCENARIO; ANALYST_DEFINED_ECONOMIC_SCENARIO
HCC016,Cicero,TRT_001,Pedestrian Refuge Islands & Medians,CONSERVATIVE,7,0.860465,APPLICABLE,18.422063,175,0.7486,0.035,1.157827,0.002955,0.029694,0.783003,0.211191,0.130984,444128.1655,20,0.03,14.877475,6607505.6175,36000.0,6571505.6175,183.541823,True,PROVISIONAL_SCENARIO; ENGINEERING_REVIEW_REQUIRED; ANALYST_DEFINED_COST_SCENARIO; ANALYST_DEFINED_ECONOMIC_SCENARIO
HCC016,Cicero,TRT_001,Pedestrian Refuge Islands & Medians,OPTIMISTIC,7,0.860465,APPLICABLE,18.422063,175,0.6114,0.035,5.36911,0.013703,0.137699,3.630964,0.979342,0.607403,2059525.1208,20,0.03,14.877475,30640533.2094,72000.0,30568533.2094,425.562961,True,PROVISIONAL_SCENARIO; ENGINEERING_REVIEW_REQUIRED; ANALYST_DEFINED_COST_SCENARIO; ANALYST_DEFINED_ECONOMIC_SCENARIO
HCC016,Cicero,TRT_002,Road Diet (4-to-3 Lane Conversion),BASE,7,0.860465,APPLICABLE,494.7267,3006,0.71,0.026,107.602953,0.199314,2.834937,12.239151,7.329228,84.924929,15757016.2276,20,0.03,14.877475,234424612.8023,527460.0,233897152.8023,444.440551,True,PROVISIONAL_SCENARIO; ENGINEERING_REVIEW_REQUIRED; ANALYST_DEFINED_COST_SCENARIO; ANALYST_DEFINED_ECONOMIC_SCENARIO
HCC016,Cicero,TRT_002,Road Diet (4-to-3 Lane Conversion),CONSERVATIVE,7,0.860465,APPLICABLE,494.7267,3006,0.76096,0.026,59.129678,0.109526,1.557847,6.725625,4.027537,46.667713,8658752.0898,20,0.03,14.877475,128820366.5386,421968.0,128398398.5386,305.284682,True,PROVISIONAL_SCENARIO; ENGINEERING_REVIEW_REQUIRED; ANALYST_DEFINED_COST_SCENARIO; ANALYST_DEFINED_ECONOMIC_SCENARIO
HCC016,Cicero,TRT_002,Road Diet (4-to-3 Lane Conversion),OPTIMISTIC,7,0.860465,APPLICABLE,494.7267,3006,0.65904,0.026,168.681852,0.312451,4.444138,19.186488,11.489533,133.131052,24701205.7608,20,0.03,14.877475,367491567.7291,562624.0,366928943.7291,653.174354,True,PROVISIONAL_SCENARIO; ENGINEERING_REVIEW_REQUIRED; ANALYST_DEFINED_COST_SCENARIO; ANALYST_DEFINED_ECONOMIC_SCENARIO
HCC016,Cicero,TRT_004,RRFB at Uncontrolled Marked Pedestrian Crossing,BASE,7,0.860465,APPLICABLE,18.422063,9024,0.53,0.031,3.463348,0.008839,0.088823,2.342156,0.631725,0.391806,1328497.9335,10,0.03,8.530203,11332356.8408,90000.0,11242356.8408,125.915076,True,PROVISIONAL_SCENARIO; ENGINEERING_REVIEW_REQUIRED; ANALYST_DEFINED_COST_SCENARIO; ANALYST_DEFINED_ECONOMIC_SCENARIO
HCC016,Cicero,TRT_004,RRFB at Uncontrolled Marked Pedestrian Crossing,CONSERVATIVE,7,0.860465,APPLICABLE,18.422063,9024,0.59076,0.031,1.507809,0.003848,0.03867,1.019685,0.275029,0.170577,578377.1216,10,0.03,8.530203,4933674.1633,54000.0,4879674.1633,91.364336,True,PROVISIONAL_SCENARIO; ENGINEERING_REVIEW_REQUIRED; ANALYST_DEFINED_COST_SCENARIO; ANALYST_DEFINED_ECONOMIC_SCENARIO
HCC016,Cicero,TRT_004,RRFB at Uncontrolled Marked Pedestrian Crossing,OPTIMISTIC,7,0.860465,APPLICABLE,18.422063,9024,0.46924,0.031,5.866616,0.014972,0.150458,3.967412,1.070088,0.663686,2250362.4357,10,0.03,8.530203,19196048.0325,144000.0,19052048.0325,133.305889,True,PROVISIONAL_SCENARIO; ENGINEERING_REVIEW_REQUIRED; ANALYST_DEFINED_COST_SCENARIO; ANALYST_DEFINED_ECONOMIC_SCENARIO
HCC017,Pulaski,TRT_001,Pedestrian Refuge Islands & Medians,BASE,11,0.767442,APPLICABLE,22.058019,175,0.68,0.035,3.529283,0.010231,0.128283,2.430091,0.560395,0.400282,1437372.8177,20,0.03,14.877475,21384477.9598,90000.0,21294477.9598,237.605311,True,PROVISIONAL_SCENARIO; ENGINEERING_REVIEW_REQUIRED; ANALYST_DEFINED_COST_SCENARIO; ANALYST_DEFINED_ECONOMIC_SCENARIO
HCC017,Pulaski,TRT_001,Pedestrian Refuge Islands & Medians,CONSERVATIVE,11,0.767442,APPLICABLE,22.058019,175,0.7486,0.035,1.386346,0.004019,0.050391,0.95457,0.22013,0.157236,564618.0099,20,0.03,14.877475,8400090.2486,54000.0,8346090.2486,155.557227,True,PROVISIONAL_SCENARIO; ENGINEERING_REVIEW_REQUIRED; ANALYST_DEFINED_COST_SCENARIO; ANALYST_DEFINED_ECONOMIC_SCENARIO
HCC017,Pulaski,TRT_001,Pedestrian Refuge Islands & Medians,OPTIMISTIC,11,0.767442,APPLICABLE,22.058019,175,0.6114,0.035,6.42881,0.018637,0.233676,4.426562,1.020795,0.729139,2618264.4232,20,0.03,14.877475,38953163.1336,96000.0,38857163.1336,405.762116,True,PROVISIONAL_SCENARIO; ENGINEERING_REVIEW_REQUIRED; ANALYST_DEFINED_COST_SCENARIO; ANALYST_DEFINED_ECONOMIC_SCENARIO
HCC017,Pulaski,TRT_002,Road Diet (4-to-3 Lane Conversion),BASE,11,0.767442,APPLICABLE,436.1964,3006,0.71,0.026,94.872717,0.181524,3.541975,13.152376,7.288474,70.606645,16761346.371,20,0.03,14.877475,249366509.2623,755940.0,248610569.2623,329.876061,True,PROVISIONAL_SCENARIO; ENGINEERING_REVIEW_REQUIRED; ANALYST_DEFINED_COST_SCENARIO; ANALYST_DEFINED_ECONOMIC_SCENARIO
HCC017,Pulaski,TRT_002,Road Diet (4-to-3 Lane Conversion),CONSERVATIVE,11,0.767442,APPLICABLE,436.1964,3006,0.76096,0.026,52.134194,0.099751,1.946376,7.227458,4.005142,38.799569,9210648.8196,20,0.03,14.877475,137031196.2622,604752.0,136426444.2622,226.590729,True,PROVISIONAL_SCENARIO; ENGINEERING_REVIEW_REQUIRED; ANALYST_DEFINED_COST_SCENARIO; ANALYST_DEFINED_ECONOMIC_SCENARIO
HCC017,Pulaski,TRT_002,Road Diet (4-to-3 Lane Conversion),OPTIMISTIC,11,0.767442,APPLICABLE,436.1964,3006,0.65904,0.026,148.725525,0.284563,5.552514,20.618089,11.425646,110.685249,26275626.0169,20,0.03,14.877475,390914965.5085,806336.0,390108629.5085,484.804059,True,PROVISIONAL_SCENARIO; ENGINEERING_REVIEW_REQUIRED; ANALYST_DEFINED_COST_SCENARIO; ANALYST_DEFINED_ECONOMIC_SCENARIO
HCC017,Pulaski,TRT_004,RRFB at Uncontrolled Marked Pedestrian Crossing,BASE,11,0.767442,APPLICABLE,22.058019,9024,0.53,0.031,4.146908,0.012022,0.150733,2.855357,0.658464,0.470332,1688913.0607,10,0.03,8.530203,14406770.9818,135000.0,14271770.9818,106.716822,True,PROVISIONAL_SCENARIO; ENGINEERING_REVIEW_REQUIRED; ANALYST_DEFINED_COST_SCENARIO; ANALYST_DEFINED_ECONOMIC_SCENARIO
HCC017,Pulaski,TRT_004,RRFB at Uncontrolled Marked Pedestrian Crossing,CONSERVATIVE,11,0.767442,APPLICABLE,22.058019,9024,0.59076,0.031,1.805405,0.005234,0.065623,1.243113,0.28667,0.204764,735288.0649,10,0.03,8.530203,6272156.3368,81000.0,6191156.3368,77.434029,True,PROVISIONAL_SCENARIO; ENGINEERING_REVIEW_REQUIRED; ANALYST_DEFINED_COST_SCENARIO; ANALYST_DEFINED_ECONOMIC_SCENARIO
HCC017,Pulaski,TRT_004,RRFB at Uncontrolled Marked Pedestrian Crossing,OPTIMISTIC,11,0.767442,APPLICABLE,22.058019,9024,0.46924,0.031,7.024508,0.020364,0.255329,4.836731,1.115382,0.796702,2860874.9876,10,0.03,8.530203,24403843.935,198000.0,24205843.935,123.251737,True,PROVISIONAL_SCENARIO; ENGINEERING_REVIEW_REQUIRED; ANALYST_DEFINED_COST_SCENARIO; ANALYST_DEFINED_ECONOMIC_SCENARIO
HCC018,Roosevelt,TRT_001,Pedestrian Refuge Islands & Medians,BASE,9,0.813953,APPLICABLE,15.51474,175,0.68,0.035,2.482358,0.002286,0.03452,1.48104,0.511355,0.453158,776954.2746,20,0.03,14.877475,11559117.6882,45000.0,11514117.6882,256.869282,False,PROVISIONAL_SCENARIO; ENGINEERING_REVIEW_REQUIRED; ANALYST_DEFINED_COST_SCENARIO; ANALYST_DEFINED_ECONOMIC_SCENARIO
HCC018,Roosevelt,TRT_001,Pedestrian Refuge Islands & Medians,CONSERVATIVE,9,0.813953,APPLICABLE,15.51474,175,0.7486,0.035,0.975101,0.000898,0.01356,0.581771,0.200866,0.178006,305197.351,20,0.03,14.877475,4540565.9169,36000.0,4504565.9169,126.126831,False,PROVISIONAL_SCENARIO; ENGINEERING_REVIEW_REQUIRED; ANALYST_DEFINED_COST_SCENARIO; ANALYST_DEFINED_ECONOMIC_SCENARIO
HCC018,Roosevelt,TRT_001,Pedestrian Refuge Islands & Medians,OPTIMISTIC,9,0.813953,APPLICABLE,15.51474,175,0.6114,0.035,4.521771,0.004164,0.06288,2.697807,0.931464,0.825455,1415270.7708,20,0.03,14.877475,21055655.314,48000.0,21007655.314,438.659486,False,PROVISIONAL_SCENARIO; ENGINEERING_REVIEW_REQUIRED; ANALYST_DEFINED_COST_SCENARIO; ANALYST_DEFINED_ECONOMIC_SCENARIO
HCC018,Roosevelt,TRT_002,Road Diet (4-to-3 Lane Conversion),BASE,9,0.813953,APPLICABLE,455.8904,3006,0.71,0.026,99.156162,0.082816,1.387374,7.677531,4.934802,85.018739,9186343.0424,20,0.03,14.877475,136669587.6734,352740.0,136316847.6734,387.451346,False,PROVISIONAL_SCENARIO; ENGINEERING_REVIEW_REQUIRED; ANALYST_DEFINED_COST_SCENARIO; ANALYST_DEFINED_ECONOMIC_SCENARIO
HCC018,Roosevelt,TRT_002,Road Diet (4-to-3 Lane Conversion),CONSERVATIVE,9,0.813953,APPLICABLE,455.8904,3006,0.76096,0.026,54.488021,0.045509,0.762386,4.218936,2.711759,46.719263,5048053.887,20,0.03,14.877475,75102294.7988,282192.0,74820102.7988,266.138993,False,PROVISIONAL_SCENARIO; ENGINEERING_REVIEW_REQUIRED; ANALYST_DEFINED_COST_SCENARIO; ANALYST_DEFINED_ECONOMIC_SCENARIO
HCC018,Roosevelt,TRT_002,Road Diet (4-to-3 Lane Conversion),OPTIMISTIC,9,0.813953,APPLICABLE,455.8904,3006,0.65904,0.026,155.440391,0.129825,2.174893,12.035545,7.735955,133.278111,14400807.0057,20,0.03,14.877475,214247644.1983,376256.0,213871388.1983,569.419874,False,PROVISIONAL_SCENARIO; ENGINEERING_REVIEW_REQUIRED; ANALYST_DEFINED_COST_SCENARIO; ANALYST_DEFINED_ECONOMIC_SCENARIO
HCC018,Roosevelt,TRT_004,RRFB at Uncontrolled Marked Pedestrian Crossing,BASE,9,0.813953,APPLICABLE,15.51474,9024,0.53,0.031,2.916771,0.002686,0.040561,1.740222,0.600842,0.532461,912921.2727,10,0.03,8.530203,7787403.6299,67500.0,7719903.6299,115.368943,False,PROVISIONAL_SCENARIO; ENGINEERING_REVIEW_REQUIRED; ANALYST_DEFINED_COST_SCENARIO; ANALYST_DEFINED_ECONOMIC_SCENARIO
HCC018,Roosevelt,TRT_004,RRFB at Uncontrolled Marked Pedestrian Crossing,CONSERVATIVE,9,0.813953,APPLICABLE,15.51474,9024,0.59076,0.031,1.26985,0.001169,0.017659,0.757626,0.261583,0.231813,397450.9592,10,0.03,8.530203,3390337.2994,54000.0,3336337.2994,62.784024,False,PROVISIONAL_SCENARIO; ENGINEERING_REVIEW_REQUIRED; ANALYST_DEFINED_COST_SCENARIO; ANALYST_DEFINED_ECONOMIC_SCENARIO
HCC018,Roosevelt,TRT_004,RRFB at Uncontrolled Marked Pedestrian Crossing,OPTIMISTIC,9,0.813953,APPLICABLE,15.51474,9024,0.46924,0.031,4.940762,0.00455,0.068707,2.947788,1.017775,0.901943,1546410.9405,10,0.03,8.530203,13191198.9912,90000.0,13101198.9912,146.568878,False,PROVISIONAL_SCENARIO; ENGINEERING_REVIEW_REQUIRED; ANALYST_DEFINED_COST_SCENARIO; ANALYST_DEFINED_ECONOMIC_SCENARIO
HCC019,Lake Shore Drive,TRT_001,Pedestrian Refuge Islands & Medians,BASE,1,1.0,APPLICABLE,6.015317,175,0.68,0.035,0.962451,0.002228,0.015267,0.636068,0.175441,0.133447,344206.6474,20,0.03,14.877475,5120925.7428,90000.0,5030925.7428,56.899175,False,PROVISIONAL_SCENARIO; ENGINEERING_REVIEW_REQUIRED; ANALYST_DEFINED_COST_SCENARIO; ANALYST_DEFINED_ECONOMIC_SCENARIO
HCC019,Lake Shore Drive,TRT_001,Pedestrian Refuge Islands & Medians,CONSERVATIVE,1,1.0,APPLICABLE,6.015317,175,0.7486,0.035,0.378063,0.000875,0.005997,0.249855,0.068915,0.05242,135208.6737,20,0.03,14.877475,2011563.6434,54000.0,1957563.6434,37.251179,False,PROVISIONAL_SCENARIO; ENGINEERING_REVIEW_REQUIRED; ANALYST_DEFINED_COST_SCENARIO; ANALYST_DEFINED_ECONOMIC_SCENARIO
HCC019,Lake Shore Drive,TRT_001,Pedestrian Refuge Islands & Medians,OPTIMISTIC,1,1.0,APPLICABLE,6.015317,175,0.6114,0.035,1.753164,0.004058,0.02781,1.158637,0.319577,0.243083,626993.9211,20,0.03,14.877475,9328086.2984,96000.0,9232086.2984,97.167566,False,PROVISIONAL_SCENARIO; ENGINEERING_REVIEW_REQUIRED; ANALYST_DEFINED_COST_SCENARIO; ANALYST_DEFINED_ECONOMIC_SCENARIO
HCC019,Lake Shore Drive,TRT_002,Road Diet (4-to-3 Lane Conversion),BASE,1,1.0,NOT_APPLICABLE,999.6909,3006,0.71,0.026,217.432771,0.226735,3.725561,17.694543,10.931481,184.684947,22351582.0549,20,0.03,14.877475,332535100.1132,754830.0,331780270.1132,440.543036,False,PROVISIONAL_SCENARIO; ENGINEERING_REVIEW_REQUIRED; ANALYST_DEFINED_COST_SCENARIO; ANALYST_DEFINED_ECONOMIC_SCENARIO
HCC019,Lake Shore Drive,TRT_002,Road Diet (4-to-3 Lane Conversion),CONSERVATIVE,1,1.0,NOT_APPLICABLE,999.6909,3006,0.76096,0.026,119.483056,0.124595,2.04726,9.723456,6.007037,101.487563,12282579.7113,20,0.03,14.877475,182733770.876,603864.0,182129906.876,302.607493,False,PROVISIONAL_SCENARIO; ENGINEERING_REVIEW_REQUIRED; ANALYST_DEFINED_COST_SCENARIO; ANALYST_DEFINED_ECONOMIC_SCENARIO
HCC019,Lake Shore Drive,TRT_002,Road Diet (4-to-3 Lane Conversion),OPTIMISTIC,1,1.0,NOT_APPLICABLE,999.6909,3006,0.65904,0.026,340.854609,0.355438,5.84031,27.738534,17.136542,289.518067,35039059.3905,20,0.03,14.877475,521292725.2166,805152.0,520487573.2166,647.446352,False,PROVISIONAL_SCENARIO; ENGINEERING_REVIEW_REQUIRED; ANALYST_DEFINED_COST_SCENARIO; ANALYST_DEFINED_ECONOMIC_SCENARIO
HCC019,Lake Shore Drive,TRT_004,RRFB at Uncontrolled Marked Pedestrian Crossing,BASE,1,1.0,APPLICABLE,6.015317,9024,0.53,0.031,1.13088,0.002617,0.017939,0.74738,0.206143,0.156801,404442.8106,10,0.03,8.530203,3449979.2107,135000.0,3314979.2107,25.555402,False,PROVISIONAL_SCENARIO; ENGINEERING_REVIEW_REQUIRED; ANALYST_DEFINED_COST_SCENARIO; ANALYST_DEFINED_ECONOMIC_SCENARIO
HCC019,Lake Shore Drive,TRT_004,RRFB at Uncontrolled Marked Pedestrian Crossing,CONSERVATIVE,1,1.0,APPLICABLE,6.015317,9024,0.59076,0.031,0.492342,0.00114,0.00781,0.32538,0.089747,0.068265,176078.9105,10,0.03,8.530203,1501988.8215,81000.0,1420988.8215,18.543072,False,PROVISIONAL_SCENARIO; ENGINEERING_REVIEW_REQUIRED; ANALYST_DEFINED_COST_SCENARIO; ANALYST_DEFINED_ECONOMIC_SCENARIO
HCC019,Lake Shore Drive,TRT_004,RRFB at Uncontrolled Marked Pedestrian Crossing,OPTIMISTIC,1,1.0,APPLICABLE,6.015317,9024,0.46924,0.031,1.915614,0.004434,0.030387,1.265997,0.349189,0.265607,685091.7006,10,0.03,8.530203,5843971.1676,198000.0,5645971.1676,29.515006,False,PROVISIONAL_SCENARIO; ENGINEERING_REVIEW_REQUIRED; ANALYST_DEFINED_COST_SCENARIO; ANALYST_DEFINED_ECONOMIC_SCENARIO
HCC020,Western Ave/Blvd,TRT_001,Pedestrian Refuge Islands & Medians,BASE,28,0.372093,APPLICABLE,4.818091,175,0.68,0.035,0.770895,0.001903,0.013946,0.49898,0.173753,0.082312,282856.2464,20,0.03,14.877475,4208186.6943,75000.0,4133186.6943,56.109156,True,PROVISIONAL_SCENARIO; ENGINEERING_REVIEW_REQUIRED; ANALYST_DEFINED_COST_SCENARIO; ANALYST_DEFINED_ECONOMIC_SCENARIO
HCC020,Western Ave/Blvd,TRT_001,Pedestrian Refuge Islands & Medians,CONSERVATIVE,28,0.372093,APPLICABLE,4.818091,175,0.7486,0.035,0.302817,0.000748,0.005478,0.196005,0.068252,0.032333,111109.4693,20,0.03,14.877475,1653028.3359,54000.0,1599028.3359,30.611636,True,PROVISIONAL_SCENARIO; ENGINEERING_REVIEW_REQUIRED; ANALYST_DEFINED_COST_SCENARIO; ANALYST_DEFINED_ECONOMIC_SCENARIO
HCC020,Western Ave/Blvd,TRT_001,Pedestrian Refuge Islands & Medians,OPTIMISTIC,28,0.372093,APPLICABLE,4.818091,175,0.6114,0.035,1.404233,0.003467,0.025404,0.908923,0.316502,0.149937,515240.3313,20,0.03,14.877475,7665475.0754,96000.0,7569475.0754,79.848699,True,PROVISIONAL_SCENARIO; ENGINEERING_REVIEW_REQUIRED; ANALYST_DEFINED_COST_SCENARIO; ANALYST_DEFINED_ECONOMIC_SCENARIO
HCC020,Western Ave/Blvd,TRT_002,Road Diet (4-to-3 Lane Conversion),BASE,28,0.372093,APPLICABLE,236.7948,3006,0.71,0.026,51.502819,0.082988,0.975895,5.942554,3.080362,41.362606,6651652.9276,20,0.03,14.877475,98959799.2104,733890.0,98225909.2104,134.842823,True,PROVISIONAL_SCENARIO; ENGINEERING_REVIEW_REQUIRED; ANALYST_DEFINED_COST_SCENARIO; ANALYST_DEFINED_ECONOMIC_SCENARIO
HCC020,Western Ave/Blvd,TRT_002,Road Diet (4-to-3 Lane Conversion),CONSERVATIVE,28,0.372093,APPLICABLE,236.7948,3006,0.76096,0.026,28.301687,0.045603,0.536271,3.265536,1.692712,22.729465,3655197.9674,20,0.03,14.877475,54380115.8695,587112.0,53793003.8695,92.62307,True,PROVISIONAL_SCENARIO; ENGINEERING_REVIEW_REQUIRED; ANALYST_DEFINED_COST_SCENARIO; ANALYST_DEFINED_ECONOMIC_SCENARIO
HCC020,Western Ave/Blvd,TRT_002,Road Diet (4-to-3 Lane Conversion),OPTIMISTIC,28,0.372093,APPLICABLE,236.7948,3006,0.65904,0.026,80.737476,0.130094,1.529844,9.315739,4.828875,64.841352,10427345.2054,20,0.03,14.877475,155132566.1552,782816.0,154349750.1552,198.172452,True,PROVISIONAL_SCENARIO; ENGINEERING_REVIEW_REQUIRED; ANALYST_DEFINED_COST_SCENARIO; ANALYST_DEFINED_ECONOMIC_SCENARIO
HCC020,Western Ave/Blvd,TRT_004,RRFB at Uncontrolled Marked Pedestrian Crossing,BASE,28,0.372093,APPLICABLE,4.818091,9024,0.53,0.031,0.905801,0.002236,0.016387,0.586301,0.20416,0.096717,332356.0895,10,0.03,8.530203,2835064.8572,112500.0,2722564.8572,25.200577,True,PROVISIONAL_SCENARIO; ENGINEERING_REVIEW_REQUIRED; ANALYST_DEFINED_COST_SCENARIO; ANALYST_DEFINED_ECONOMIC_SCENARIO
HCC020,Western Ave/Blvd,TRT_004,RRFB at Uncontrolled Marked Pedestrian Crossing,CONSERVATIVE,28,0.372093,APPLICABLE,4.818091,9024,0.59076,0.031,0.394351,0.000974,0.007134,0.255253,0.088883,0.042107,144695.1128,10,0.03,8.530203,1234278.6619,81000.0,1153278.6619,15.238008,True,PROVISIONAL_SCENARIO; ENGINEERING_REVIEW_REQUIRED; ANALYST_DEFINED_COST_SCENARIO; ANALYST_DEFINED_ECONOMIC_SCENARIO
HCC020,Western Ave/Blvd,TRT_004,RRFB at Uncontrolled Marked Pedestrian Crossing,OPTIMISTIC,28,0.372093,APPLICABLE,4.818091,9024,0.46924,0.031,1.53435,0.003788,0.027758,0.993144,0.34583,0.16383,562982.9299,10,0.03,8.530203,4802358.586,180000.0,4622358.586,26.67977,True,PROVISIONAL_SCENARIO; ENGINEERING_REVIEW_REQUIRED; ANALYST_DEFINED_COST_SCENARIO; ANALYST_DEFINED_ECONOMIC_SCENARIO
HCC021,Pulaski,TRT_001,Pedestrian Refuge Islands & Medians,BASE,4,0.930233,APPLICABLE,10.040335,175,0.68,0.035,1.606454,0.00334,0.023902,0.999767,0.300562,0.278882,544616.1094,20,0.03,14.877475,8102512.4765,90000.0,8012512.4765,90.027916,True,PROVISIONAL_SCENARIO; ENGINEERING_REVIEW_REQUIRED; ANALYST_DEFINED_COST_SCENARIO; ANALYST_DEFINED_ECONOMIC_SCENARIO
HCC021,Pulaski,TRT_001,Pedestrian Refuge Islands & Medians,CONSERVATIVE,4,0.930233,APPLICABLE,10.040335,175,0.7486,0.035,0.631035,0.001312,0.009389,0.392721,0.118064,0.109548,213932.0155,20,0.03,14.877475,3182768.1822,54000.0,3128768.1822,58.940152,True,PROVISIONAL_SCENARIO; ENGINEERING_REVIEW_REQUIRED; ANALYST_DEFINED_COST_SCENARIO; ANALYST_DEFINED_ECONOMIC_SCENARIO
HCC021,Pulaski,TRT_001,Pedestrian Refuge Islands & Medians,OPTIMISTIC,4,0.930233,APPLICABLE,10.040335,175,0.6114,0.035,2.926256,0.006085,0.043539,1.821138,0.547492,0.508002,992052.2818,20,0.03,14.877475,14759232.8829,96000.0,14663232.8829,153.742009,True,PROVISIONAL_SCENARIO; ENGINEERING_REVIEW_REQUIRED; ANALYST_DEFINED_COST_SCENARIO; ANALYST_DEFINED_ECONOMIC_SCENARIO
HCC021,Pulaski,TRT_002,Road Diet (4-to-3 Lane Conversion),BASE,4,0.930233,APPLICABLE,599.5113,3006,0.71,0.026,130.393708,0.200371,2.010863,10.956012,5.63362,111.409156,14008506.827,20,0.03,14.877475,208411208.1513,791460.0,207619748.1513,263.325005,True,PROVISIONAL_SCENARIO; ENGINEERING_REVIEW_REQUIRED; ANALYST_DEFINED_COST_SCENARIO; ANALYST_DEFINED_ECONOMIC_SCENARIO
HCC021,Pulaski,TRT_002,Road Diet (4-to-3 Lane Conversion),CONSERVATIVE,4,0.930233,APPLICABLE,599.5113,3006,0.76096,0.026,71.653591,0.110107,1.105004,6.020518,3.095771,61.221252,7697916.0274,20,0.03,14.877475,114525552.1758,633168.0,113892384.1758,180.877038,True,PROVISIONAL_SCENARIO; ENGINEERING_REVIEW_REQUIRED; ANALYST_DEFINED_COST_SCENARIO; ANALYST_DEFINED_ECONOMIC_SCENARIO
HCC021,Pulaski,TRT_002,Road Diet (4-to-3 Lane Conversion),OPTIMISTIC,4,0.930233,APPLICABLE,599.5113,3006,0.65904,0.026,204.409373,0.314108,3.152294,17.174998,8.831444,174.648579,21960186.1505,20,0.03,14.877475,326712117.3851,844224.0,325867893.3851,386.996955,True,PROVISIONAL_SCENARIO; ENGINEERING_REVIEW_REQUIRED; ANALYST_DEFINED_COST_SCENARIO; ANALYST_DEFINED_ECONOMIC_SCENARIO
HCC021,Pulaski,TRT_004,RRFB at Uncontrolled Marked Pedestrian Crossing,BASE,4,0.930233,APPLICABLE,10.040335,9024,0.53,0.031,1.887583,0.003925,0.028085,1.174726,0.35316,0.327687,639923.9286,10,0.03,8.530203,5458680.9108,135000.0,5323680.9108,40.434673,True,PROVISIONAL_SCENARIO; ENGINEERING_REVIEW_REQUIRED; ANALYST_DEFINED_COST_SCENARIO; ANALYST_DEFINED_ECONOMIC_SCENARIO
HCC021,Pulaski,TRT_004,RRFB at Uncontrolled Marked Pedestrian Crossing,CONSERVATIVE,4,0.930233,APPLICABLE,10.040335,9024,0.59076,0.031,0.821781,0.001709,0.012227,0.511431,0.153752,0.142662,278598.3708,10,0.03,8.530203,2376500.6127,81000.0,2295500.6127,29.339514,True,PROVISIONAL_SCENARIO; ENGINEERING_REVIEW_REQUIRED; ANALYST_DEFINED_COST_SCENARIO; ANALYST_DEFINED_ECONOMIC_SCENARIO
HCC021,Pulaski,TRT_004,RRFB at Uncontrolled Marked Pedestrian Crossing,OPTIMISTIC,4,0.930233,APPLICABLE,10.040335,9024,0.46924,0.031,3.197405,0.006649,0.047573,1.989886,0.598223,0.555074,1083976.6734,10,0.03,8.530203,9246540.8943,198000.0,9048540.8943,46.699701,True,PROVISIONAL_SCENARIO; ENGINEERING_REVIEW_REQUIRED; ANALYST_DEFINED_COST_SCENARIO; ANALYST_DEFINED_ECONOMIC_SCENARIO
HCC022,Garfield,TRT_001,Pedestrian Refuge Islands & Medians,BASE,32,0.27907,APPLICABLE,6.032438,175,0.68,0.035,0.96519,0.000837,0.016927,0.626673,0.164041,0.156712,319289.856,20,0.03,14.877475,4750226.8052,60000.0,4690226.8052,79.170447,True,PROVISIONAL_SCENARIO; ENGINEERING_REVIEW_REQUIRED; ANALYST_DEFINED_COST_SCENARIO; ANALYST_DEFINED_ECONOMIC_SCENARIO
HCC022,Garfield,TRT_001,Pedestrian Refuge Islands & Medians,CONSERVATIVE,32,0.27907,APPLICABLE,6.032438,175,0.7486,0.035,0.379139,0.000329,0.006649,0.246165,0.064437,0.061558,125421.0465,20,0.03,14.877475,1865948.4669,36000.0,1829948.4669,51.831902,True,PROVISIONAL_SCENARIO; ENGINEERING_REVIEW_REQUIRED; ANALYST_DEFINED_COST_SCENARIO; ANALYST_DEFINED_ECONOMIC_SCENARIO
HCC022,Garfield,TRT_001,Pedestrian Refuge Islands & Medians,OPTIMISTIC,32,0.27907,APPLICABLE,6.032438,175,0.6114,0.035,1.758154,0.001525,0.030834,1.141524,0.298812,0.28546,581606.4282,20,0.03,14.877475,8652835.0148,60000.0,8592835.0148,144.213917,True,PROVISIONAL_SCENARIO; ENGINEERING_REVIEW_REQUIRED; ANALYST_DEFINED_COST_SCENARIO; ANALYST_DEFINED_ECONOMIC_SCENARIO
HCC022,Garfield,TRT_002,Road Diet (4-to-3 Lane Conversion),BASE,32,0.27907,APPLICABLE,212.7078,3006,0.71,0.026,46.263947,0.034168,0.817315,5.942857,2.993953,36.446907,5494196.4454,20,0.03,14.877475,81739769.4948,452250.0,81287519.4948,180.740231,True,PROVISIONAL_SCENARIO; ENGINEERING_REVIEW_REQUIRED; ANALYST_DEFINED_COST_SCENARIO; ANALYST_DEFINED_ECONOMIC_SCENARIO
HCC022,Garfield,TRT_002,Road Diet (4-to-3 Lane Conversion),CONSERVATIVE,32,0.27907,APPLICABLE,212.7078,3006,0.76096,0.026,25.422836,0.018776,0.449129,3.265702,1.645229,20.028204,3019155.6743,20,0.03,14.877475,44917412.6438,361800.0,44555612.6438,124.149841,True,PROVISIONAL_SCENARIO; ENGINEERING_REVIEW_REQUIRED; ANALYST_DEFINED_COST_SCENARIO; ANALYST_DEFINED_ECONOMIC_SCENARIO
HCC022,Garfield,TRT_002,Road Diet (4-to-3 Lane Conversion),OPTIMISTIC,32,0.27907,APPLICABLE,212.7078,3006,0.65904,0.026,72.524851,0.053563,1.28125,9.316213,4.693417,57.135345,8612879.1725,20,0.03,14.877475,128137893.3653,482400.0,127655493.3653,265.625815,True,PROVISIONAL_SCENARIO; ENGINEERING_REVIEW_REQUIRED; ANALYST_DEFINED_COST_SCENARIO; ANALYST_DEFINED_ECONOMIC_SCENARIO
HCC022,Garfield,TRT_004,RRFB at Uncontrolled Marked Pedestrian Crossing,BASE,32,0.27907,APPLICABLE,6.032438,9024,0.53,0.031,1.134098,0.000984,0.019889,0.73634,0.192749,0.184136,375165.5807,10,0.03,8.530203,3200238.5012,90000.0,3110238.5012,35.558206,True,PROVISIONAL_SCENARIO; ENGINEERING_REVIEW_REQUIRED; ANALYST_DEFINED_COST_SCENARIO; ANALYST_DEFINED_ECONOMIC_SCENARIO
HCC022,Garfield,TRT_004,RRFB at Uncontrolled Marked Pedestrian Crossing,CONSERVATIVE,32,0.27907,APPLICABLE,6.032438,9024,0.59076,0.031,0.493743,0.000428,0.008659,0.320574,0.083915,0.080166,163332.7258,10,0.03,8.530203,1393261.2811,54000.0,1339261.2811,25.801135,True,PROVISIONAL_SCENARIO; ENGINEERING_REVIEW_REQUIRED; ANALYST_DEFINED_COST_SCENARIO; ANALYST_DEFINED_ECONOMIC_SCENARIO
HCC022,Garfield,TRT_004,RRFB at Uncontrolled Marked Pedestrian Crossing,OPTIMISTIC,32,0.27907,APPLICABLE,6.032438,9024,0.46924,0.031,1.921066,0.001666,0.033691,1.247298,0.3265,0.311911,635498.5648,10,0.03,8.530203,5420931.6602,126000.0,5294931.6602,43.023267,True,PROVISIONAL_SCENARIO; ENGINEERING_REVIEW_REQUIRED; ANALYST_DEFINED_COST_SCENARIO; ANALYST_DEFINED_ECONOMIC_SCENARIO
HCC023,Ashland,TRT_001,Pedestrian Refuge Islands & Medians,BASE,26,0.418605,APPLICABLE,13.044008,175,0.68,0.035,2.087041,0.010938,0.056607,1.349401,0.355459,0.314636,867986.6665,20,0.03,14.877475,12913449.8094,45000.0,12868449.8094,286.965551,True,PROVISIONAL_SCENARIO; ENGINEERING_REVIEW_REQUIRED; ANALYST_DEFINED_COST_SCENARIO; ANALYST_DEFINED_ECONOMIC_SCENARIO
HCC023,Ashland,TRT_001,Pedestrian Refuge Islands & Medians,CONSERVATIVE,26,0.418605,APPLICABLE,13.044008,175,0.7486,0.035,0.819816,0.004297,0.022236,0.530062,0.139629,0.123593,340956.0124,20,0.03,14.877475,5072564.5033,36000.0,5036564.5033,140.90457,True,PROVISIONAL_SCENARIO; ENGINEERING_REVIEW_REQUIRED; ANALYST_DEFINED_COST_SCENARIO; ANALYST_DEFINED_ECONOMIC_SCENARIO
HCC023,Ashland,TRT_001,Pedestrian Refuge Islands & Medians,OPTIMISTIC,26,0.418605,APPLICABLE,13.044008,175,0.6114,0.035,3.801676,0.019924,0.103113,2.458018,0.647491,0.573129,1581091.9621,20,0.03,14.877475,23522655.9185,48000.0,23474655.9185,490.055332,True,PROVISIONAL_SCENARIO; ENGINEERING_REVIEW_REQUIRED; ANALYST_DEFINED_COST_SCENARIO; ANALYST_DEFINED_ECONOMIC_SCENARIO
HCC023,Ashland,TRT_002,Road Diet (4-to-3 Lane Conversion),BASE,26,0.418605,APPLICABLE,244.0052,3006,0.71,0.026,53.071131,0.230573,1.48702,6.414365,3.980464,40.957631,10240772.4688,20,0.03,14.877475,152356834.9555,376800.0,151980034.9555,404.344042,True,PROVISIONAL_SCENARIO; ENGINEERING_REVIEW_REQUIRED; ANALYST_DEFINED_COST_SCENARIO; ANALYST_DEFINED_ECONOMIC_SCENARIO
HCC023,Ashland,TRT_002,Road Diet (4-to-3 Lane Conversion),CONSERVATIVE,26,0.418605,APPLICABLE,244.0052,3006,0.76096,0.026,29.163502,0.126704,0.817143,3.524804,2.187334,22.506924,5627481.0366,20,0.03,14.877475,83722707.6501,301440.0,83421267.6501,277.742528,True,PROVISIONAL_SCENARIO; ENGINEERING_REVIEW_REQUIRED; ANALYST_DEFINED_COST_SCENARIO; ANALYST_DEFINED_ECONOMIC_SCENARIO
HCC023,Ashland,TRT_002,Road Diet (4-to-3 Lane Conversion),OPTIMISTIC,26,0.418605,APPLICABLE,244.0052,3006,0.65904,0.026,83.196013,0.361454,2.3311,10.055365,6.239904,64.2065,16053764.5101,20,0.03,14.877475,238839477.9147,401920.0,238437557.9147,594.246312,True,PROVISIONAL_SCENARIO; ENGINEERING_REVIEW_REQUIRED; ANALYST_DEFINED_COST_SCENARIO; ANALYST_DEFINED_ECONOMIC_SCENARIO
HCC023,Ashland,TRT_004,RRFB at Uncontrolled Marked Pedestrian Crossing,BASE,26,0.418605,APPLICABLE,13.044008,9024,0.53,0.031,2.452273,0.012852,0.066513,1.585546,0.417665,0.369698,1019884.3331,10,0.03,8.530203,8699820.2313,67500.0,8632320.2313,128.886226,True,PROVISIONAL_SCENARIO; ENGINEERING_REVIEW_REQUIRED; ANALYST_DEFINED_COST_SCENARIO; ANALYST_DEFINED_ECONOMIC_SCENARIO
HCC023,Ashland,TRT_004,RRFB at Uncontrolled Marked Pedestrian Crossing,CONSERVATIVE,26,0.418605,APPLICABLE,13.044008,9024,0.59076,0.031,1.067626,0.005595,0.028957,0.690286,0.181835,0.160952,444018.5792,10,0.03,8.530203,3787568.5441,54000.0,3733568.5441,70.140158,True,PROVISIONAL_SCENARIO; ENGINEERING_REVIEW_REQUIRED; ANALYST_DEFINED_COST_SCENARIO; ANALYST_DEFINED_ECONOMIC_SCENARIO
HCC023,Ashland,TRT_004,RRFB at Uncontrolled Marked Pedestrian Crossing,OPTIMISTIC,26,0.418605,APPLICABLE,13.044008,9024,0.46924,0.031,4.153942,0.02177,0.112668,2.68578,0.707488,0.626236,1727597.2616,10,0.03,8.530203,14736755.0615,108000.0,14628755.0615,136.451436,True,PROVISIONAL_SCENARIO; ENGINEERING_REVIEW_REQUIRED; ANALYST_DEFINED_COST_SCENARIO; ANALYST_DEFINED_ECONOMIC_SCENARIO
HCC024,Western,TRT_001,Pedestrian Refuge Islands & Medians,BASE,18,0.604651,APPLICABLE,10.62507,175,0.68,0.035,1.700011,0.004869,0.036118,1.151841,0.316379,0.190805,649916.3619,20,0.03,14.877475,9669114.3355,45000.0,9624114.3355,214.869207,True,PROVISIONAL_SCENARIO; ENGINEERING_REVIEW_REQUIRED; ANALYST_DEFINED_COST_SCENARIO; ANALYST_DEFINED_ECONOMIC_SCENARIO
HCC024,Western,TRT_001,Pedestrian Refuge Islands & Medians,CONSERVATIVE,18,0.604651,APPLICABLE,10.62507,175,0.7486,0.035,0.667786,0.001912,0.014187,0.452458,0.124278,0.074951,255295.2709,20,0.03,14.877475,3798148.9749,36000.0,3762148.9749,105.504138,True,PROVISIONAL_SCENARIO; ENGINEERING_REVIEW_REQUIRED; ANALYST_DEFINED_COST_SCENARIO; ANALYST_DEFINED_ECONOMIC_SCENARIO
HCC024,Western,TRT_001,Pedestrian Refuge Islands & Medians,OPTIMISTIC,18,0.604651,APPLICABLE,10.62507,175,0.6114,0.035,3.096677,0.008869,0.06579,2.09815,0.576304,0.347563,1183863.273,20,0.03,14.877475,17612896.0818,60000.0,17552896.0818,293.548268,True,PROVISIONAL_SCENARIO; ENGINEERING_REVIEW_REQUIRED; ANALYST_DEFINED_COST_SCENARIO; ANALYST_DEFINED_ECONOMIC_SCENARIO
HCC024,Western,TRT_002,Road Diet (4-to-3 Lane Conversion),BASE,18,0.604651,APPLICABLE,295.7182,3006,0.71,0.026,64.318708,0.112881,1.437804,6.225144,3.790184,52.706247,8376244.8346,20,0.03,14.877475,124617371.9512,413850.0,124203521.9512,301.117245,True,PROVISIONAL_SCENARIO; ENGINEERING_REVIEW_REQUIRED; ANALYST_DEFINED_COST_SCENARIO; ANALYST_DEFINED_ECONOMIC_SCENARIO
HCC024,Western,TRT_002,Road Diet (4-to-3 Lane Conversion),CONSERVATIVE,18,0.604651,APPLICABLE,295.7182,3006,0.76096,0.026,35.344239,0.06203,0.790098,3.420824,2.082772,28.962991,4602890.9546,20,0.03,14.877475,68479394.4626,331080.0,68148314.4626,206.836397,True,PROVISIONAL_SCENARIO; ENGINEERING_REVIEW_REQUIRED; ANALYST_DEFINED_COST_SCENARIO; ANALYST_DEFINED_ECONOMIC_SCENARIO
HCC024,Western,TRT_002,Road Diet (4-to-3 Lane Conversion),OPTIMISTIC,18,0.604651,APPLICABLE,295.7182,3006,0.65904,0.026,100.828077,0.176955,2.253948,9.758737,5.941615,82.624008,13130870.983,20,0.03,14.877475,195354202.9447,441440.0,194912762.9447,442.538517,True,PROVISIONAL_SCENARIO; ENGINEERING_REVIEW_REQUIRED; ANALYST_DEFINED_COST_SCENARIO; ANALYST_DEFINED_ECONOMIC_SCENARIO
HCC024,Western,TRT_004,RRFB at Uncontrolled Marked Pedestrian Crossing,BASE,18,0.604651,APPLICABLE,10.62507,9024,0.53,0.031,1.997513,0.005721,0.042438,1.353413,0.371745,0.224196,763651.7252,10,0.03,8.530203,6514104.1128,67500.0,6446604.1128,96.505246,True,PROVISIONAL_SCENARIO; ENGINEERING_REVIEW_REQUIRED; ANALYST_DEFINED_COST_SCENARIO; ANALYST_DEFINED_ECONOMIC_SCENARIO
HCC024,Western,TRT_004,RRFB at Uncontrolled Marked Pedestrian Crossing,CONSERVATIVE,18,0.604651,APPLICABLE,10.62507,9024,0.59076,0.031,0.869641,0.002491,0.018476,0.589224,0.161844,0.097606,332464.7149,10,0.03,8.530203,2835991.4544,54000.0,2781991.4544,52.51836,True,PROVISIONAL_SCENARIO; ENGINEERING_REVIEW_REQUIRED; ANALYST_DEFINED_COST_SCENARIO; ANALYST_DEFINED_ECONOMIC_SCENARIO
HCC024,Western,TRT_004,RRFB at Uncontrolled Marked Pedestrian Crossing,OPTIMISTIC,18,0.604651,APPLICABLE,10.62507,9024,0.46924,0.031,3.383617,0.00969,0.071887,2.292567,0.629705,0.379768,1293561.0309,10,0.03,8.530203,11034337.9753,108000.0,10926337.9753,102.169796,True,PROVISIONAL_SCENARIO; ENGINEERING_REVIEW_REQUIRED; ANALYST_DEFINED_COST_SCENARIO; ANALYST_DEFINED_ECONOMIC_SCENARIO
HCC025,Stony Island,TRT_001,Pedestrian Refuge Islands & Medians,BASE,8,0.837209,APPLICABLE,10.799823,175,0.68,0.035,1.727972,0.002504,0.037804,1.109201,0.329233,0.24923,602292.1091,20,0.03,14.877475,8960585.712,75000.0,8885585.712,119.474476,True,PROVISIONAL_SCENARIO; ENGINEERING_REVIEW_REQUIRED; ANALYST_DEFINED_COST_SCENARIO; ANALYST_DEFINED_ECONOMIC_SCENARIO
HCC025,Stony Island,TRT_001,Pedestrian Refuge Islands & Medians,CONSERVATIVE,8,0.837209,APPLICABLE,10.799823,175,0.7486,0.035,0.678769,0.000983,0.01485,0.435708,0.129327,0.097901,236587.8691,20,0.03,14.877475,3519830.075,54000.0,3465830.075,65.182038,True,PROVISIONAL_SCENARIO; ENGINEERING_REVIEW_REQUIRED; ANALYST_DEFINED_COST_SCENARIO; ANALYST_DEFINED_ECONOMIC_SCENARIO
HCC025,Stony Island,TRT_001,Pedestrian Refuge Islands & Medians,OPTIMISTIC,8,0.837209,APPLICABLE,10.799823,175,0.6114,0.035,3.147608,0.00456,0.068863,2.020479,0.599718,0.453988,1097112.72,20,0.03,14.877475,16322266.9111,84000.0,16238266.9111,194.312701,True,PROVISIONAL_SCENARIO; ENGINEERING_REVIEW_REQUIRED; ANALYST_DEFINED_COST_SCENARIO; ANALYST_DEFINED_ECONOMIC_SCENARIO
HCC025,Stony Island,TRT_002,Road Diet (4-to-3 Lane Conversion),BASE,8,0.837209,APPLICABLE,475.861,3006,0.71,0.026,103.499768,0.18001,2.234285,11.604006,7.81795,81.532813,14218911.058,20,0.03,14.877475,211541491.8085,603330.0,210938161.8085,350.623194,True,PROVISIONAL_SCENARIO; ENGINEERING_REVIEW_REQUIRED; ANALYST_DEFINED_COST_SCENARIO; ANALYST_DEFINED_ECONOMIC_SCENARIO
HCC025,Stony Island,TRT_002,Road Diet (4-to-3 Lane Conversion),CONSERVATIVE,8,0.837209,APPLICABLE,475.861,3006,0.76096,0.026,56.874907,0.098918,1.227778,6.376601,4.296099,44.803686,7813536.78,20,0.03,14.877475,116245697.0159,482664.0,115763033.0159,240.841863,True,PROVISIONAL_SCENARIO; ENGINEERING_REVIEW_REQUIRED; ANALYST_DEFINED_COST_SCENARIO; ANALYST_DEFINED_ECONOMIC_SCENARIO
HCC025,Stony Island,TRT_002,Road Diet (4-to-3 Lane Conversion),OPTIMISTIC,8,0.837209,APPLICABLE,475.861,3006,0.65904,0.026,162.249567,0.282189,3.502537,18.190813,12.255671,127.813462,22290022.5947,20,0.03,14.877475,331619250.7909,643552.0,330975698.7909,515.295191,True,PROVISIONAL_SCENARIO; ENGINEERING_REVIEW_REQUIRED; ANALYST_DEFINED_COST_SCENARIO; ANALYST_DEFINED_ECONOMIC_SCENARIO
HCC025,Stony Island,TRT_004,RRFB at Uncontrolled Marked Pedestrian Crossing,BASE,8,0.837209,APPLICABLE,10.799823,9024,0.53,0.031,2.030367,0.002942,0.04442,1.303311,0.386849,0.292845,707693.2282,10,0.03,8.530203,6036766.7829,112500.0,5924266.7829,53.660149,True,PROVISIONAL_SCENARIO; ENGINEERING_REVIEW_REQUIRED; ANALYST_DEFINED_COST_SCENARIO; ANALYST_DEFINED_ECONOMIC_SCENARIO
HCC025,Stony Island,TRT_004,RRFB at Uncontrolled Marked Pedestrian Crossing,CONSERVATIVE,8,0.837209,APPLICABLE,10.799823,9024,0.59076,0.031,0.883944,0.001281,0.019339,0.567412,0.168419,0.127494,308102.5284,10,0.03,8.530203,2628177.0619,81000.0,2547177.0619,32.44663,True,PROVISIONAL_SCENARIO; ENGINEERING_REVIEW_REQUIRED; ANALYST_DEFINED_COST_SCENARIO; ANALYST_DEFINED_ECONOMIC_SCENARIO
HCC025,Stony Island,TRT_004,RRFB at Uncontrolled Marked Pedestrian Crossing,OPTIMISTIC,8,0.837209,APPLICABLE,10.799823,9024,0.46924,0.031,3.439269,0.004983,0.075243,2.207698,0.655289,0.496055,1198772.0994,10,0.03,8.530203,10225769.1628,162000.0,10063769.1628,63.122032,True,PROVISIONAL_SCENARIO; ENGINEERING_REVIEW_REQUIRED; ANALYST_DEFINED_COST_SCENARIO; ANALYST_DEFINED_ECONOMIC_SCENARIO
HCC026,Halsted,TRT_001,Pedestrian Refuge Islands & Medians,BASE,29,0.348837,APPLICABLE,7.274411,175,0.68,0.035,1.163906,0.000829,0.031245,0.749021,0.195507,0.187304,397544.6528,20,0.03,14.877475,5914460.578,60000.0,5854460.578,98.574343,True,PROVISIONAL_SCENARIO; ENGINEERING_REVIEW_REQUIRED; ANALYST_DEFINED_COST_SCENARIO; ANALYST_DEFINED_ECONOMIC_SCENARIO
HCC026,Halsted,TRT_001,Pedestrian Refuge Islands & Medians,CONSERVATIVE,29,0.348837,APPLICABLE,7.274411,175,0.7486,0.035,0.457197,0.000326,0.012273,0.294225,0.076798,0.073575,156160.5089,20,0.03,14.877475,2323274.0458,36000.0,2287274.0458,64.53539,True,PROVISIONAL_SCENARIO; ENGINEERING_REVIEW_REQUIRED; ANALYST_DEFINED_COST_SCENARIO; ANALYST_DEFINED_ECONOMIC_SCENARIO
HCC026,Halsted,TRT_001,Pedestrian Refuge Islands & Medians,OPTIMISTIC,29,0.348837,APPLICABLE,7.274411,175,0.6114,0.035,2.120127,0.00151,0.056915,1.364388,0.356128,0.341186,724152.4316,20,0.03,14.877475,10773559.5966,60000.0,10713559.5966,179.559327,True,PROVISIONAL_SCENARIO; ENGINEERING_REVIEW_REQUIRED; ANALYST_DEFINED_COST_SCENARIO; ANALYST_DEFINED_ECONOMIC_SCENARIO
HCC026,Halsted,TRT_002,Road Diet (4-to-3 Lane Conversion),BASE,29,0.348837,APPLICABLE,235.6153,3006,0.71,0.026,51.246378,0.073785,1.338421,5.701622,4.623012,39.438375,7310941.1557,20,0.03,14.877475,108768343.2502,452070.0,108316273.2502,240.600666,True,PROVISIONAL_SCENARIO; ENGINEERING_REVIEW_REQUIRED; ANALYST_DEFINED_COST_SCENARIO; ANALYST_DEFINED_ECONOMIC_SCENARIO
HCC026,Halsted,TRT_002,Road Diet (4-to-3 Lane Conversion),CONSERVATIVE,29,0.348837,APPLICABLE,235.6153,3006,0.76096,0.026,28.160768,0.040546,0.735486,3.133139,2.540425,21.672067,4017488.2158,20,0.03,14.877475,59770079.9322,361656.0,59408423.9322,165.267768,True,PROVISIONAL_SCENARIO; ENGINEERING_REVIEW_REQUIRED; ANALYST_DEFINED_COST_SCENARIO; ANALYST_DEFINED_ECONOMIC_SCENARIO
HCC026,Halsted,TRT_002,Road Diet (4-to-3 Lane Conversion),OPTIMISTIC,29,0.348837,APPLICABLE,235.6153,3006,0.65904,0.026,80.335471,0.115668,2.098152,8.938045,7.247182,61.824866,11460866.6503,20,0.03,14.877475,170508755.4693,482208.0,170026547.4693,353.600014,True,PROVISIONAL_SCENARIO; ENGINEERING_REVIEW_REQUIRED; ANALYST_DEFINED_COST_SCENARIO; ANALYST_DEFINED_ECONOMIC_SCENARIO
HCC026,Halsted,TRT_004,RRFB at Uncontrolled Marked Pedestrian Crossing,BASE,29,0.348837,APPLICABLE,7.274411,9024,0.53,0.031,1.367589,0.000974,0.036713,0.880099,0.229721,0.220082,467114.967,10,0.03,8.530203,3984585.417,90000.0,3894585.417,44.273171,True,PROVISIONAL_SCENARIO; ENGINEERING_REVIEW_REQUIRED; ANALYST_DEFINED_COST_SCENARIO; ANALYST_DEFINED_ECONOMIC_SCENARIO
HCC026,Halsted,TRT_004,RRFB at Uncontrolled Marked Pedestrian Crossing,CONSERVATIVE,29,0.348837,APPLICABLE,7.274411,9024,0.59076,0.031,0.595396,0.000424,0.015983,0.383162,0.100012,0.095815,203363.9671,10,0.03,8.530203,1734735.8894,54000.0,1680735.8894,32.124739,True,PROVISIONAL_SCENARIO; ENGINEERING_REVIEW_REQUIRED; ANALYST_DEFINED_COST_SCENARIO; ANALYST_DEFINED_ECONOMIC_SCENARIO
HCC026,Halsted,TRT_004,RRFB at Uncontrolled Marked Pedestrian Crossing,OPTIMISTIC,29,0.348837,APPLICABLE,7.274411,9024,0.46924,0.031,2.31658,0.00165,0.062189,1.490813,0.389128,0.3728,791252.9997,10,0.03,8.530203,6749548.5827,126000.0,6623548.5827,53.567846,True,PROVISIONAL_SCENARIO; ENGINEERING_REVIEW_REQUIRED; ANALYST_DEFINED_COST_SCENARIO; ANALYST_DEFINED_ECONOMIC_SCENARIO
HCC027,Cottage Grove,TRT_001,Pedestrian Refuge Islands & Medians,BASE,27,0.395349,APPLICABLE,12.097728,175,0.68,0.035,1.935637,0.007373,0.046374,1.24068,0.374039,0.267171,754733.6419,20,0.03,14.877475,11228530.7839,60000.0,11168530.7839,187.14218,True,PROVISIONAL_SCENARIO; ENGINEERING_REVIEW_REQUIRED; ANALYST_DEFINED_COST_SCENARIO; ANALYST_DEFINED_ECONOMIC_SCENARIO
HCC027,Cottage Grove,TRT_001,Pedestrian Refuge Islands & Medians,CONSERVATIVE,27,0.395349,APPLICABLE,12.097728,175,0.7486,0.035,0.760342,0.002896,0.018216,0.487355,0.146927,0.104948,296468.8087,20,0.03,14.877475,4410707.2486,36000.0,4374707.2486,122.519646,True,PROVISIONAL_SCENARIO; ENGINEERING_REVIEW_REQUIRED; ANALYST_DEFINED_COST_SCENARIO; ANALYST_DEFINED_ECONOMIC_SCENARIO
HCC027,Cottage Grove,TRT_001,Pedestrian Refuge Islands & Medians,OPTIMISTIC,27,0.395349,APPLICABLE,12.097728,175,0.6114,0.035,3.525883,0.01343,0.084472,2.259977,0.681335,0.486668,1374794.4996,20,0.03,14.877475,20453470.6061,60000.0,20393470.6061,340.891177,True,PROVISIONAL_SCENARIO; ENGINEERING_REVIEW_REQUIRED; ANALYST_DEFINED_COST_SCENARIO; ANALYST_DEFINED_ECONOMIC_SCENARIO
HCC027,Cottage Grove,TRT_002,Road Diet (4-to-3 Lane Conversion),BASE,27,0.395349,APPLICABLE,239.9107,3006,0.71,0.026,52.180577,0.137737,1.311149,5.475319,3.078805,42.115827,7932518.9752,20,0.03,14.877475,118015851.6338,454230.0,117561621.6338,259.815185,True,PROVISIONAL_SCENARIO; ENGINEERING_REVIEW_REQUIRED; ANALYST_DEFINED_COST_SCENARIO; ANALYST_DEFINED_ECONOMIC_SCENARIO
HCC027,Cottage Grove,TRT_002,Road Diet (4-to-3 Lane Conversion),CONSERVATIVE,27,0.395349,APPLICABLE,239.9107,3006,0.76096,0.026,28.674127,0.075689,0.720499,3.008782,1.691856,23.143373,4359055.9444,20,0.03,14.877475,64851745.2289,363384.0,64488361.2289,178.466155,True,PROVISIONAL_SCENARIO; ENGINEERING_REVIEW_REQUIRED; ANALYST_DEFINED_COST_SCENARIO; ANALYST_DEFINED_ECONOMIC_SCENARIO
HCC027,Cottage Grove,TRT_002,Road Diet (4-to-3 Lane Conversion),OPTIMISTIC,27,0.395349,APPLICABLE,239.9107,3006,0.65904,0.026,81.799952,0.215921,2.055399,8.583287,4.826434,66.022126,12435272.045,20,0.03,14.877475,185005447.2325,484512.0,184520935.2325,381.838731,True,PROVISIONAL_SCENARIO; ENGINEERING_REVIEW_REQUIRED; ANALYST_DEFINED_COST_SCENARIO; ANALYST_DEFINED_ECONOMIC_SCENARIO
HCC027,Cottage Grove,TRT_004,RRFB at Uncontrolled Marked Pedestrian Crossing,BASE,27,0.395349,APPLICABLE,12.097728,9024,0.53,0.031,2.274373,0.008663,0.054489,1.4578,0.439496,0.313926,886812.0292,10,0.03,8.530203,7564686.4876,90000.0,7474686.4876,84.052072,True,PROVISIONAL_SCENARIO; ENGINEERING_REVIEW_REQUIRED; ANALYST_DEFINED_COST_SCENARIO; ANALYST_DEFINED_ECONOMIC_SCENARIO
HCC027,Cottage Grove,TRT_004,RRFB at Uncontrolled Marked Pedestrian Crossing,CONSERVATIVE,27,0.395349,APPLICABLE,12.097728,9024,0.59076,0.031,0.990175,0.003772,0.023722,0.63467,0.19134,0.136671,386083.9945,10,0.03,8.530203,3293374.7853,54000.0,3239374.7853,60.988422,True,PROVISIONAL_SCENARIO; ENGINEERING_REVIEW_REQUIRED; ANALYST_DEFINED_COST_SCENARIO; ANALYST_DEFINED_ECONOMIC_SCENARIO
HCC027,Cottage Grove,TRT_004,RRFB at Uncontrolled Marked Pedestrian Crossing,OPTIMISTIC,27,0.395349,APPLICABLE,12.097728,9024,0.46924,0.031,3.852594,0.014674,0.0923,2.469388,0.744469,0.531763,1502184.1042,10,0.03,8.530203,12813935.1069,126000.0,12687935.1069,101.697898,True,PROVISIONAL_SCENARIO; ENGINEERING_REVIEW_REQUIRED; ANALYST_DEFINED_COST_SCENARIO; ANALYST_DEFINED_ECONOMIC_SCENARIO
HCC028,Ashland,TRT_001,Pedestrian Refuge Islands & Medians,BASE,36,0.186047,APPLICABLE,8.600604,175,0.68,0.035,1.376097,0.001073,0.028388,0.900125,0.274126,0.172385,470412.473,20,0.03,14.877475,6998549.7408,45000.0,6953549.7408,155.523328,True,PROVISIONAL_SCENARIO; ENGINEERING_REVIEW_REQUIRED; ANALYST_DEFINED_COST_SCENARIO; ANALYST_DEFINED_ECONOMIC_SCENARIO
HCC028,Ashland,TRT_001,Pedestrian Refuge Islands & Medians,CONSERVATIVE,36,0.186047,APPLICABLE,8.600604,175,0.7486,0.035,0.540548,0.000421,0.011151,0.35358,0.10768,0.067715,184783.8995,20,0.03,14.877475,2749117.8201,36000.0,2713117.8201,76.364384,True,PROVISIONAL_SCENARIO; ENGINEERING_REVIEW_REQUIRED; ANALYST_DEFINED_COST_SCENARIO; ANALYST_DEFINED_ECONOMIC_SCENARIO
HCC028,Ashland,TRT_001,Pedestrian Refuge Islands & Medians,OPTIMISTIC,36,0.186047,APPLICABLE,8.600604,175,0.6114,0.035,2.506646,0.001954,0.05171,1.639634,0.499338,0.31401,856885.7203,20,0.03,14.877475,12748295.7623,48000.0,12700295.7623,265.589495,True,PROVISIONAL_SCENARIO; ENGINEERING_REVIEW_REQUIRED; ANALYST_DEFINED_COST_SCENARIO; ANALYST_DEFINED_ECONOMIC_SCENARIO
HCC028,Ashland,TRT_002,Road Diet (4-to-3 Lane Conversion),BASE,36,0.186047,APPLICABLE,163.8207,3006,0.71,0.026,35.631002,0.011258,0.75156,3.943801,2.015102,28.86071,3910573.0516,20,0.03,14.877475,58179452.2656,339300.0,57840152.2656,171.469061,True,PROVISIONAL_SCENARIO; ENGINEERING_REVIEW_REQUIRED; ANALYST_DEFINED_COST_SCENARIO; ANALYST_DEFINED_ECONOMIC_SCENARIO
HCC028,Ashland,TRT_002,Road Diet (4-to-3 Lane Conversion),CONSERVATIVE,36,0.186047,APPLICABLE,163.8207,3006,0.76096,0.026,19.57985,0.006187,0.412995,2.167187,1.107333,15.859458,2148927.3155,20,0.03,14.877475,31970612.114,271440.0,31699172.114,117.781506,True,PROVISIONAL_SCENARIO; ENGINEERING_REVIEW_REQUIRED; ANALYST_DEFINED_COST_SCENARIO; ANALYST_DEFINED_ECONOMIC_SCENARIO
HCC028,Ashland,TRT_002,Road Diet (4-to-3 Lane Conversion),OPTIMISTIC,36,0.186047,APPLICABLE,163.8207,3006,0.65904,0.026,55.856306,0.017649,1.17817,6.182429,3.158939,45.242977,6130340.1733,20,0.03,14.877475,91203981.8137,361920.0,90842061.8137,252.000392,True,PROVISIONAL_SCENARIO; ENGINEERING_REVIEW_REQUIRED; ANALYST_DEFINED_COST_SCENARIO; ANALYST_DEFINED_ECONOMIC_SCENARIO
HCC028,Ashland,TRT_004,RRFB at Uncontrolled Marked Pedestrian Crossing,BASE,36,0.186047,APPLICABLE,8.600604,9024,0.53,0.031,1.616914,0.001261,0.033356,1.057647,0.322098,0.202552,552734.6558,10,0.03,8.530203,4714938.7285,67500.0,4647438.7285,69.850944,True,PROVISIONAL_SCENARIO; ENGINEERING_REVIEW_REQUIRED; ANALYST_DEFINED_COST_SCENARIO; ANALYST_DEFINED_ECONOMIC_SCENARIO
HCC028,Ashland,TRT_004,RRFB at Uncontrolled Marked Pedestrian Crossing,CONSERVATIVE,36,0.186047,APPLICABLE,8.600604,9024,0.59076,0.031,0.703942,0.000549,0.014522,0.460459,0.140229,0.088183,240639.5006,10,0.03,8.530203,2052703.7503,54000.0,1998703.7503,38.013032,True,PROVISIONAL_SCENARIO; ENGINEERING_REVIEW_REQUIRED; ANALYST_DEFINED_COST_SCENARIO; ANALYST_DEFINED_ECONOMIC_SCENARIO
HCC028,Ashland,TRT_004,RRFB at Uncontrolled Marked Pedestrian Crossing,OPTIMISTIC,36,0.186047,APPLICABLE,8.600604,9024,0.46924,0.031,2.738914,0.002136,0.056501,1.791564,0.545607,0.343106,936285.4656,10,0.03,8.530203,7986704.9347,90000.0,7896704.9347,88.741166,True,PROVISIONAL_SCENARIO; ENGINEERING_REVIEW_REQUIRED; ANALYST_DEFINED_COST_SCENARIO; ANALYST_DEFINED_ECONOMIC_SCENARIO
HCC029,79th,TRT_001,Pedestrian Refuge Islands & Medians,BASE,31,0.302326,APPLICABLE,9.963638,175,0.68,0.035,1.594182,0.0035,0.025238,0.997896,0.342108,0.22544,556261.6587,20,0.03,14.877475,8275768.8435,45000.0,8230768.8435,183.905974,True,PROVISIONAL_SCENARIO; ENGINEERING_REVIEW_REQUIRED; ANALYST_DEFINED_COST_SCENARIO; ANALYST_DEFINED_ECONOMIC_SCENARIO
HCC029,79th,TRT_001,Pedestrian Refuge Islands & Medians,CONSERVATIVE,31,0.302326,APPLICABLE,9.963638,175,0.7486,0.035,0.626215,0.001375,0.009914,0.391986,0.134384,0.088556,218506.5328,20,0.03,14.877475,3250825.4488,36000.0,3214825.4488,90.300707,True,PROVISIONAL_SCENARIO; ENGINEERING_REVIEW_REQUIRED; ANALYST_DEFINED_COST_SCENARIO; ANALYST_DEFINED_ECONOMIC_SCENARIO
HCC029,79th,TRT_001,Pedestrian Refuge Islands & Medians,OPTIMISTIC,31,0.302326,APPLICABLE,9.963638,175,0.6114,0.035,2.903902,0.006376,0.045973,1.817731,0.623171,0.410652,1013265.3777,20,0.03,14.877475,15074830.184,48000.0,15026830.184,314.058962,True,PROVISIONAL_SCENARIO; ENGINEERING_REVIEW_REQUIRED; ANALYST_DEFINED_COST_SCENARIO; ANALYST_DEFINED_ECONOMIC_SCENARIO
HCC029,79th,TRT_002,Road Diet (4-to-3 Lane Conversion),BASE,31,0.302326,APPLICABLE,215.4951,3006,0.71,0.026,46.870138,0.06622,0.778711,5.422465,2.718482,37.837499,5709788.2147,20,0.03,14.877475,84947230.6221,337920.0,84609310.6221,251.382666,True,PROVISIONAL_SCENARIO; ENGINEERING_REVIEW_REQUIRED; ANALYST_DEFINED_COST_SCENARIO; ANALYST_DEFINED_ECONOMIC_SCENARIO
HCC029,79th,TRT_002,Road Diet (4-to-3 Lane Conversion),CONSERVATIVE,31,0.302326,APPLICABLE,215.4951,3006,0.76096,0.026,25.755949,0.036389,0.427915,2.979738,1.493853,20.792358,3137627.0686,20,0.03,14.877475,46679967.8343,270336.0,46409631.8343,172.673887,True,PROVISIONAL_SCENARIO; ENGINEERING_REVIEW_REQUIRED; ANALYST_DEFINED_COST_SCENARIO; ANALYST_DEFINED_ECONOMIC_SCENARIO
HCC029,79th,TRT_002,Road Diet (4-to-3 Lane Conversion),OPTIMISTIC,31,0.302326,APPLICABLE,215.4951,3006,0.65904,0.026,73.475137,0.103808,1.220732,8.500431,4.261579,59.315281,8950847.7686,20,0.03,14.877475,133166012.6571,360448.0,132805564.6571,369.445836,True,PROVISIONAL_SCENARIO; ENGINEERING_REVIEW_REQUIRED; ANALYST_DEFINED_COST_SCENARIO; ANALYST_DEFINED_ECONOMIC_SCENARIO
HCC029,79th,TRT_004,RRFB at Uncontrolled Marked Pedestrian Crossing,BASE,31,0.302326,APPLICABLE,9.963638,9024,0.53,0.031,1.873164,0.004113,0.029655,1.172528,0.401977,0.264892,653607.449,10,0.03,8.530203,5575404.1156,67500.0,5507904.1156,82.598579,True,PROVISIONAL_SCENARIO; ENGINEERING_REVIEW_REQUIRED; ANALYST_DEFINED_COST_SCENARIO; ANALYST_DEFINED_ECONOMIC_SCENARIO
HCC029,79th,TRT_004,RRFB at Uncontrolled Marked Pedestrian Crossing,CONSERVATIVE,31,0.302326,APPLICABLE,9.963638,9024,0.59076,0.031,0.815504,0.00179,0.012911,0.510474,0.175005,0.115324,284555.6515,10,0.03,8.530203,2427317.4258,54000.0,2373317.4258,44.950323,True,PROVISIONAL_SCENARIO; ENGINEERING_REVIEW_REQUIRED; ANALYST_DEFINED_COST_SCENARIO; ANALYST_DEFINED_ECONOMIC_SCENARIO
HCC029,79th,TRT_004,RRFB at Uncontrolled Marked Pedestrian Crossing,OPTIMISTIC,31,0.302326,APPLICABLE,9.963638,9024,0.46924,0.031,3.17298,0.006966,0.050233,1.986163,0.680914,0.448704,1107155.3924,10,0.03,8.530203,9444260.0694,90000.0,9354260.0694,104.936223,True,PROVISIONAL_SCENARIO; ENGINEERING_REVIEW_REQUIRED; ANALYST_DEFINED_COST_SCENARIO; ANALYST_DEFINED_ECONOMIC_SCENARIO
HCC030,87th,TRT_001,Pedestrian Refuge Islands & Medians,BASE,16,0.651163,APPLICABLE,7.426356,175,0.68,0.035,1.188217,0.001834,0.024644,0.838786,0.215167,0.107786,439416.2152,20,0.03,14.877475,6537403.6952,60000.0,6477403.6952,108.956728,True,PROVISIONAL_SCENARIO; ENGINEERING_REVIEW_REQUIRED; ANALYST_DEFINED_COST_SCENARIO; ANALYST_DEFINED_ECONOMIC_SCENARIO
HCC030,87th,TRT_001,Pedestrian Refuge Islands & Medians,CONSERVATIVE,16,0.651163,APPLICABLE,7.426356,175,0.7486,0.035,0.466746,0.000721,0.00968,0.329486,0.08452,0.04234,172608.182,20,0.03,14.877475,2567973.889,36000.0,2531973.889,71.332608,True,PROVISIONAL_SCENARIO; ENGINEERING_REVIEW_REQUIRED; ANALYST_DEFINED_COST_SCENARIO; ANALYST_DEFINED_ECONOMIC_SCENARIO
HCC030,87th,TRT_001,Pedestrian Refuge Islands & Medians,OPTIMISTIC,16,0.651163,APPLICABLE,7.426356,175,0.6114,0.035,2.164411,0.003341,0.044891,1.527901,0.39194,0.196339,800424.0995,20,0.03,14.877475,11908289.4185,60000.0,11848289.4185,198.47149,True,PROVISIONAL_SCENARIO; ENGINEERING_REVIEW_REQUIRED; ANALYST_DEFINED_COST_SCENARIO; ANALYST_DEFINED_ECONOMIC_SCENARIO
HCC030,87th,TRT_002,Road Diet (4-to-3 Lane Conversion),BASE,16,0.651163,APPLICABLE,308.7631,3006,0.71,0.026,67.15604,0.05907,1.437442,6.964762,4.656175,53.95888,7999175.7157,20,0.03,14.877475,119007535.6147,452370.0,118555165.6147,263.075658,True,PROVISIONAL_SCENARIO; ENGINEERING_REVIEW_REQUIRED; ANALYST_DEFINED_COST_SCENARIO; ANALYST_DEFINED_ECONOMIC_SCENARIO
HCC030,87th,TRT_002,Road Diet (4-to-3 Lane Conversion),CONSERVATIVE,16,0.651163,APPLICABLE,308.7631,3006,0.76096,0.026,36.903402,0.03246,0.789899,3.827257,2.558649,29.651335,4395684.9726,20,0.03,14.877475,65396692.6743,361896.0,65034796.6743,180.705763,True,PROVISIONAL_SCENARIO; ENGINEERING_REVIEW_REQUIRED; ANALYST_DEFINED_COST_SCENARIO; ANALYST_DEFINED_ECONOMIC_SCENARIO
HCC030,87th,TRT_002,Road Diet (4-to-3 Lane Conversion),OPTIMISTIC,16,0.651163,APPLICABLE,308.7631,3006,0.65904,0.026,105.27597,0.092601,2.25338,10.918185,7.29917,84.587678,12539765.2967,20,0.03,14.877475,186560042.9571,482528.0,186077514.9571,386.630502,True,PROVISIONAL_SCENARIO; ENGINEERING_REVIEW_REQUIRED; ANALYST_DEFINED_COST_SCENARIO; ANALYST_DEFINED_ECONOMIC_SCENARIO
HCC030,87th,TRT_004,RRFB at Uncontrolled Marked Pedestrian Crossing,BASE,16,0.651163,APPLICABLE,7.426356,9024,0.53,0.031,1.396155,0.002155,0.028957,0.985573,0.252821,0.126649,516314.0529,10,0.03,8.530203,4404263.5986,90000.0,4314263.5986,48.936262,True,PROVISIONAL_SCENARIO; ENGINEERING_REVIEW_REQUIRED; ANALYST_DEFINED_COST_SCENARIO; ANALYST_DEFINED_ECONOMIC_SCENARIO
HCC030,87th,TRT_004,RRFB at Uncontrolled Marked Pedestrian Crossing,CONSERVATIVE,16,0.651163,APPLICABLE,7.426356,9024,0.59076,0.031,0.607832,0.000938,0.012607,0.429081,0.110069,0.055138,224783.3649,10,0.03,8.530203,1917447.6969,54000.0,1863447.6969,35.508291,True,PROVISIONAL_SCENARIO; ENGINEERING_REVIEW_REQUIRED; ANALYST_DEFINED_COST_SCENARIO; ANALYST_DEFINED_ECONOMIC_SCENARIO
HCC030,87th,TRT_004,RRFB at Uncontrolled Marked Pedestrian Crossing,OPTIMISTIC,16,0.651163,APPLICABLE,7.426356,9024,0.46924,0.031,2.364967,0.003651,0.04905,1.669477,0.428257,0.214532,874592.064,10,0.03,8.530203,7460447.705,126000.0,7334447.705,59.209902,True,PROVISIONAL_SCENARIO; ENGINEERING_REVIEW_REQUIRED; ANALYST_DEFINED_COST_SCENARIO; ANALYST_DEFINED_ECONOMIC_SCENARIO
HCC031,Stony Island,TRT_001,Pedestrian Refuge Islands & Medians,BASE,17,0.627907,APPLICABLE,2.648817,175,0.68,0.035,0.423811,0.000937,0.006344,0.254076,0.102018,0.060436,145325.8862,20,0.03,14.877475,2162082.2193,45000.0,2117082.2193,48.046272,False,PROVISIONAL_SCENARIO; ENGINEERING_REVIEW_REQUIRED; ANALYST_DEFINED_COST_SCENARIO; ANALYST_DEFINED_ECONOMIC_SCENARIO
HCC031,Stony Island,TRT_001,Pedestrian Refuge Islands & Medians,CONSERVATIVE,17,0.627907,APPLICABLE,2.648817,175,0.7486,0.035,0.166478,0.000368,0.002492,0.099804,0.040074,0.02374,57085.8247,20,0.03,14.877475,849292.9217,36000.0,813292.9217,23.59147,False,PROVISIONAL_SCENARIO; ENGINEERING_REVIEW_REQUIRED; ANALYST_DEFINED_COST_SCENARIO; ANALYST_DEFINED_ECONOMIC_SCENARIO
HCC031,Stony Island,TRT_001,Pedestrian Refuge Islands & Medians,OPTIMISTIC,17,0.627907,APPLICABLE,2.648817,175,0.6114,0.035,0.771998,0.001706,0.011556,0.462816,0.185832,0.110088,264720.1847,20,0.03,14.877475,3938367.8925,48000.0,3890367.8925,82.049331,False,PROVISIONAL_SCENARIO; ENGINEERING_REVIEW_REQUIRED; ANALYST_DEFINED_COST_SCENARIO; ANALYST_DEFINED_ECONOMIC_SCENARIO
HCC031,Stony Island,TRT_002,Road Diet (4-to-3 Lane Conversion),BASE,17,0.627907,APPLICABLE,298.6259,3006,0.71,0.026,64.951133,0.118006,0.997815,6.712283,3.732961,53.363513,7895211.2175,20,0.03,14.877475,117460806.4058,302730.0,117158076.4058,388.005174,False,PROVISIONAL_SCENARIO; ENGINEERING_REVIEW_REQUIRED; ANALYST_DEFINED_COST_SCENARIO; ANALYST_DEFINED_ECONOMIC_SCENARIO
HCC031,Stony Island,TRT_002,Road Diet (4-to-3 Lane Conversion),CONSERVATIVE,17,0.627907,APPLICABLE,298.6259,3006,0.76096,0.026,35.691768,0.064846,0.548316,3.688515,2.051327,29.32417,4338554.6883,20,0.03,14.877475,64546738.3063,242184.0,64304554.3063,266.519416,False,PROVISIONAL_SCENARIO; ENGINEERING_REVIEW_REQUIRED; ANALYST_DEFINED_COST_SCENARIO; ANALYST_DEFINED_ECONOMIC_SCENARIO
HCC031,Stony Island,TRT_002,Road Diet (4-to-3 Lane Conversion),OPTIMISTIC,17,0.627907,APPLICABLE,298.6259,3006,0.65904,0.026,101.819487,0.18499,1.564206,10.522391,5.85191,83.65436,12376787.2032,20,0.03,14.877475,184135340.4695,322912.0,183812428.4695,570.233811,False,PROVISIONAL_SCENARIO; ENGINEERING_REVIEW_REQUIRED; ANALYST_DEFINED_COST_SCENARIO; ANALYST_DEFINED_ECONOMIC_SCENARIO
HCC031,Stony Island,TRT_004,RRFB at Uncontrolled Marked Pedestrian Crossing,BASE,17,0.627907,APPLICABLE,2.648817,9024,0.53,0.031,0.497978,0.001101,0.007454,0.298539,0.119871,0.071012,170757.9163,10,0.03,8.530203,1456599.6624,67500.0,1389099.6624,21.579254,False,PROVISIONAL_SCENARIO; ENGINEERING_REVIEW_REQUIRED; ANALYST_DEFINED_COST_SCENARIO; ANALYST_DEFINED_ECONOMIC_SCENARIO
HCC031,Stony Island,TRT_004,RRFB at Uncontrolled Marked Pedestrian Crossing,CONSERVATIVE,17,0.627907,APPLICABLE,2.648817,9024,0.59076,0.031,0.2168,0.000479,0.003245,0.129973,0.052187,0.030916,74341.4571,10,0.03,8.530203,634147.7083,54000.0,580147.7083,11.743476,False,PROVISIONAL_SCENARIO; ENGINEERING_REVIEW_REQUIRED; ANALYST_DEFINED_COST_SCENARIO; ANALYST_DEFINED_ECONOMIC_SCENARIO
HCC031,Stony Island,TRT_004,RRFB at Uncontrolled Marked Pedestrian Crossing,OPTIMISTIC,17,0.627907,APPLICABLE,2.648817,9024,0.46924,0.031,0.843532,0.001864,0.012627,0.5057,0.203051,0.120289,289249.3777,10,0.03,8.530203,2467355.8622,90000.0,2377355.8622,27.415065,False,PROVISIONAL_SCENARIO; ENGINEERING_REVIEW_REQUIRED; ANALYST_DEFINED_COST_SCENARIO; ANALYST_DEFINED_ECONOMIC_SCENARIO
HCC032,Michigan,TRT_001,Pedestrian Refuge Islands & Medians,BASE,2,0.976744,APPLICABLE,27.830761,175,0.68,0.035,4.452922,0.001466,0.071725,2.81841,0.6757,0.885621,1382285.3535,20,0.03,14.877475,20564915.5972,75000.0,20489915.5972,274.198875,False,PROVISIONAL_SCENARIO; ENGINEERING_REVIEW_REQUIRED; ANALYST_DEFINED_COST_SCENARIO; ANALYST_DEFINED_ECONOMIC_SCENARIO
HCC032,Michigan,TRT_001,Pedestrian Refuge Islands & Medians,CONSERVATIVE,2,0.976744,APPLICABLE,27.830761,175,0.7486,0.035,1.749163,0.000576,0.028175,1.107106,0.265424,0.347883,542978.9654,20,0.03,14.877475,8078155.908,54000.0,8024155.908,149.59548,False,PROVISIONAL_SCENARIO; ENGINEERING_REVIEW_REQUIRED; ANALYST_DEFINED_COST_SCENARIO; ANALYST_DEFINED_ECONOMIC_SCENARIO
HCC032,Michigan,TRT_001,Pedestrian Refuge Islands & Medians,OPTIMISTIC,2,0.976744,APPLICABLE,27.830761,175,0.6114,0.035,8.111275,0.002671,0.130652,5.133909,1.23083,1.613213,2517919.1643,20,0.03,14.877475,37460279.0675,84000.0,37376279.0675,445.955703,False,PROVISIONAL_SCENARIO; ENGINEERING_REVIEW_REQUIRED; ANALYST_DEFINED_COST_SCENARIO; ANALYST_DEFINED_ECONOMIC_SCENARIO
HCC032,Michigan,TRT_002,Road Diet (4-to-3 Lane Conversion),BASE,2,0.976744,APPLICABLE,831.0413,3006,0.71,0.026,180.751661,0.092334,2.878616,12.762153,7.335403,157.48724,15636575.8438,20,0.03,14.877475,232632764.02,691950.0,231940814.02,336.198806,False,PROVISIONAL_SCENARIO; ENGINEERING_REVIEW_REQUIRED; ANALYST_DEFINED_COST_SCENARIO; ANALYST_DEFINED_ECONOMIC_SCENARIO
HCC032,Michigan,TRT_002,Road Diet (4-to-3 Lane Conversion),CONSERVATIVE,2,0.976744,APPLICABLE,831.0413,3006,0.76096,0.026,99.326154,0.050739,1.581849,7.013023,4.03093,86.541954,8592568.0223,20,0.03,14.877475,127835714.7387,553560.0,127282154.7387,230.933801,False,PROVISIONAL_SCENARIO; ENGINEERING_REVIEW_REQUIRED; ANALYST_DEFINED_COST_SCENARIO; ANALYST_DEFINED_ECONOMIC_SCENARIO
HCC032,Michigan,TRT_002,Road Diet (4-to-3 Lane Conversion),OPTIMISTIC,2,0.976744,APPLICABLE,831.0413,3006,0.65904,0.026,283.35212,0.144746,4.512611,20.006362,11.499213,246.882067,24512399.5389,20,0.03,14.877475,364682607.9092,738080.0,363944527.9092,494.096315,False,PROVISIONAL_SCENARIO; ENGINEERING_REVIEW_REQUIRED; ANALYST_DEFINED_COST_SCENARIO; ANALYST_DEFINED_ECONOMIC_SCENARIO
HCC032,Michigan,TRT_004,RRFB at Uncontrolled Marked Pedestrian Crossing,BASE,2,0.976744,APPLICABLE,27.830761,9024,0.53,0.031,5.232183,0.001723,0.084277,3.311631,0.793948,1.040604,1624185.2904,10,0.03,8.530203,13854629.9717,112500.0,13742129.9717,123.152266,False,PROVISIONAL_SCENARIO; ENGINEERING_REVIEW_REQUIRED; ANALYST_DEFINED_COST_SCENARIO; ANALYST_DEFINED_ECONOMIC_SCENARIO
HCC032,Michigan,TRT_004,RRFB at Uncontrolled Marked Pedestrian Crossing,CONSERVATIVE,2,0.976744,APPLICABLE,27.830761,9024,0.59076,0.031,2.277892,0.00075,0.036691,1.441757,0.345654,0.453039,707108.0726,10,0.03,8.530203,6031775.2868,81000.0,5950775.2868,74.466362,False,PROVISIONAL_SCENARIO; ENGINEERING_REVIEW_REQUIRED; ANALYST_DEFINED_COST_SCENARIO; ANALYST_DEFINED_ECONOMIC_SCENARIO
HCC032,Michigan,TRT_004,RRFB at Uncontrolled Marked Pedestrian Crossing,OPTIMISTIC,2,0.976744,APPLICABLE,27.830761,9024,0.46924,0.031,8.862873,0.002918,0.142758,5.609621,1.34488,1.762695,2751231.6534,10,0.03,8.530203,23468564.0545,180000.0,23288564.0545,130.380911,False,PROVISIONAL_SCENARIO; ENGINEERING_REVIEW_REQUIRED; ANALYST_DEFINED_COST_SCENARIO; ANALYST_DEFINED_ECONOMIC_SCENARIO
HCC033,Orleans,TRT_001,Pedestrian Refuge Islands & Medians,BASE,41,0.069767,APPLICABLE,2.285599,175,0.68,0.035,0.365696,0.000175,0.002664,0.23121,0.079768,0.051878,113384.8583,20,0.03,14.877475,1686880.3785,15000.0,1671880.3785,112.458692,False,PROVISIONAL_SCENARIO; ENGINEERING_REVIEW_REQUIRED; ANALYST_DEFINED_COST_SCENARIO; ANALYST_DEFINED_ECONOMIC_SCENARIO
HCC033,Orleans,TRT_001,Pedestrian Refuge Islands & Medians,CONSERVATIVE,41,0.069767,APPLICABLE,2.285599,175,0.7486,0.035,0.14365,6.9e-05,0.001047,0.090822,0.031334,0.020379,44538.9896,20,0.03,14.877475,662627.6987,18000.0,644627.6987,36.81265,False,PROVISIONAL_SCENARIO; ENGINEERING_REVIEW_REQUIRED; ANALYST_DEFINED_COST_SCENARIO; ANALYST_DEFINED_ECONOMIC_SCENARIO
HCC033,Orleans,TRT_001,Pedestrian Refuge Islands & Medians,OPTIMISTIC,41,0.069767,APPLICABLE,2.285599,175,0.6114,0.035,0.666138,0.000319,0.004853,0.421164,0.145302,0.0945,206537.6059,20,0.03,14.877475,3072758.0395,12000.0,3060758.0395,256.06317,False,PROVISIONAL_SCENARIO; ENGINEERING_REVIEW_REQUIRED; ANALYST_DEFINED_COST_SCENARIO; ANALYST_DEFINED_ECONOMIC_SCENARIO
HCC033,Orleans,TRT_002,Road Diet (4-to-3 Lane Conversion),BASE,41,0.069767,APPLICABLE,101.3864,3006,0.71,0.026,22.051564,0.006907,0.164301,1.553744,0.723429,19.538263,1488870.1828,20,0.03,14.877475,22150628.7156,86490.0,22064138.7156,256.10624,False,PROVISIONAL_SCENARIO; ENGINEERING_REVIEW_REQUIRED; ANALYST_DEFINED_COST_SCENARIO; ANALYST_DEFINED_ECONOMIC_SCENARIO
HCC033,Orleans,TRT_002,Road Diet (4-to-3 Lane Conversion),CONSERVATIVE,41,0.069767,APPLICABLE,101.3864,3006,0.76096,0.026,12.117715,0.003795,0.090286,0.853809,0.397537,10.736613,818159.8356,20,0.03,14.877475,12172152.3866,69192.0,12102960.3866,175.918493,False,PROVISIONAL_SCENARIO; ENGINEERING_REVIEW_REQUIRED; ANALYST_DEFINED_COST_SCENARIO; ANALYST_DEFINED_ECONOMIC_SCENARIO
HCC033,Orleans,TRT_002,Road Diet (4-to-3 Lane Conversion),OPTIMISTIC,41,0.069767,APPLICABLE,101.3864,3006,0.65904,0.026,34.568741,0.010827,0.257563,2.4357,1.134071,30.62881,2334000.8163,20,0.03,14.877475,34724038.4684,92256.0,34631782.4684,376.387861,False,PROVISIONAL_SCENARIO; ENGINEERING_REVIEW_REQUIRED; ANALYST_DEFINED_COST_SCENARIO; ANALYST_DEFINED_ECONOMIC_SCENARIO
HCC033,Orleans,TRT_004,RRFB at Uncontrolled Marked Pedestrian Crossing,BASE,41,0.069767,APPLICABLE,2.285599,9024,0.53,0.031,0.429693,0.000206,0.003131,0.271672,0.093727,0.060957,133227.2085,10,0.03,8.530203,1136455.1117,22500.0,1113955.1117,50.509116,False,PROVISIONAL_SCENARIO; ENGINEERING_REVIEW_REQUIRED; ANALYST_DEFINED_COST_SCENARIO; ANALYST_DEFINED_ECONOMIC_SCENARIO
HCC033,Orleans,TRT_004,RRFB at Uncontrolled Marked Pedestrian Crossing,CONSERVATIVE,41,0.069767,APPLICABLE,2.285599,9024,0.59076,0.031,0.187072,9e-05,0.001363,0.118276,0.040805,0.026538,58002.0243,10,0.03,8.530203,494769.0318,27000.0,467769.0318,18.324779,False,PROVISIONAL_SCENARIO; ENGINEERING_REVIEW_REQUIRED; ANALYST_DEFINED_COST_SCENARIO; ANALYST_DEFINED_ECONOMIC_SCENARIO
HCC033,Orleans,TRT_004,RRFB at Uncontrolled Marked Pedestrian Crossing,OPTIMISTIC,41,0.069767,APPLICABLE,2.285599,9024,0.46924,0.031,0.727863,0.000348,0.005303,0.460189,0.158766,0.103256,225675.5527,10,0.03,8.530203,1925058.2396,36000.0,1889058.2396,53.47384,False,PROVISIONAL_SCENARIO; ENGINEERING_REVIEW_REQUIRED; ANALYST_DEFINED_COST_SCENARIO; ANALYST_DEFINED_ECONOMIC_SCENARIO
HCC034,Ontario,TRT_001,Pedestrian Refuge Islands & Medians,BASE,23,0.488372,APPLICABLE,12.394902,175,0.68,0.035,1.983184,0.000901,0.021592,1.267662,0.287895,0.405134,604242.9653,20,0.03,14.877475,8989609.5258,30000.0,8959609.5258,299.653651,False,PROVISIONAL_SCENARIO; ENGINEERING_REVIEW_REQUIRED; ANALYST_DEFINED_COST_SCENARIO; ANALYST_DEFINED_ECONOMIC_SCENARIO
HCC034,Ontario,TRT_001,Pedestrian Refuge Islands & Medians,CONSERVATIVE,23,0.488372,APPLICABLE,12.394902,175,0.7486,0.035,0.77902,0.000354,0.008482,0.497953,0.113089,0.159142,237354.1898,20,0.03,14.877475,3531230.9919,18000.0,3513230.9919,196.1795,False,PROVISIONAL_SCENARIO; ENGINEERING_REVIEW_REQUIRED; ANALYST_DEFINED_COST_SCENARIO; ANALYST_DEFINED_ECONOMIC_SCENARIO
HCC034,Ontario,TRT_001,Pedestrian Refuge Islands & Medians,OPTIMISTIC,23,0.488372,APPLICABLE,12.394902,175,0.6114,0.035,3.612494,0.001641,0.039332,2.309126,0.524418,0.737977,1100666.3265,20,0.03,14.877475,16375135.6019,36000.0,16339135.6019,454.864878,False,PROVISIONAL_SCENARIO; ENGINEERING_REVIEW_REQUIRED; ANALYST_DEFINED_COST_SCENARIO; ANALYST_DEFINED_ECONOMIC_SCENARIO
HCC034,Ontario,TRT_002,Road Diet (4-to-3 Lane Conversion),BASE,23,0.488372,APPLICABLE,266.7526,3006,0.71,0.026,58.018633,0.011712,0.646345,4.121992,2.564881,50.645768,4313643.8029,20,0.03,14.877475,64176127.2349,260010.0,63916117.2349,246.821765,False,PROVISIONAL_SCENARIO; ENGINEERING_REVIEW_REQUIRED; ANALYST_DEFINED_COST_SCENARIO; ANALYST_DEFINED_ECONOMIC_SCENARIO
HCC034,Ontario,TRT_002,Road Diet (4-to-3 Lane Conversion),CONSERVATIVE,23,0.488372,APPLICABLE,266.7526,3006,0.76096,0.026,31.882239,0.006436,0.355178,2.265106,1.409446,27.830723,2370421.6429,20,0.03,14.877475,35265888.4006,208008.0,35057880.4006,169.54102,False,PROVISIONAL_SCENARIO; ENGINEERING_REVIEW_REQUIRED; ANALYST_DEFINED_COST_SCENARIO; ANALYST_DEFINED_ECONOMIC_SCENARIO
HCC034,Ontario,TRT_002,Road Diet (4-to-3 Lane Conversion),OPTIMISTIC,23,0.488372,APPLICABLE,266.7526,3006,0.65904,0.026,90.951877,0.01836,1.013231,6.461768,4.02079,79.393936,6762206.8554,20,0.03,14.877475,100604562.4921,277344.0,100327218.4921,362.742884,False,PROVISIONAL_SCENARIO; ENGINEERING_REVIEW_REQUIRED; ANALYST_DEFINED_COST_SCENARIO; ANALYST_DEFINED_ECONOMIC_SCENARIO
HCC034,Ontario,TRT_004,RRFB at Uncontrolled Marked Pedestrian Crossing,BASE,23,0.488372,APPLICABLE,12.394902,9024,0.53,0.031,2.330241,0.001059,0.025371,1.489503,0.338276,0.476032,709985.4842,10,0.03,8.530203,6056320.1916,45000.0,6011320.1916,134.584893,False,PROVISIONAL_SCENARIO; ENGINEERING_REVIEW_REQUIRED; ANALYST_DEFINED_COST_SCENARIO; ANALYST_DEFINED_ECONOMIC_SCENARIO
HCC034,Ontario,TRT_004,RRFB at Uncontrolled Marked Pedestrian Crossing,CONSERVATIVE,23,0.488372,APPLICABLE,12.394902,9024,0.59076,0.031,1.014498,0.000461,0.011046,0.648473,0.147273,0.207246,309100.4889,10,0.03,8.530203,2636689.8673,27000.0,2609689.8673,97.65518,False,PROVISIONAL_SCENARIO; ENGINEERING_REVIEW_REQUIRED; ANALYST_DEFINED_COST_SCENARIO; ANALYST_DEFINED_ECONOMIC_SCENARIO
HCC034,Ontario,TRT_004,RRFB at Uncontrolled Marked Pedestrian Crossing,OPTIMISTIC,23,0.488372,APPLICABLE,12.394902,9024,0.46924,0.031,3.947231,0.001794,0.042977,2.523091,0.573011,0.806358,1202654.986,10,0.03,8.530203,10258890.9731,72000.0,10186890.9731,142.484597,False,PROVISIONAL_SCENARIO; ENGINEERING_REVIEW_REQUIRED; ANALYST_DEFINED_COST_SCENARIO; ANALYST_DEFINED_ECONOMIC_SCENARIO
HCC035,Ohio,TRT_001,Pedestrian Refuge Islands & Medians,BASE,20,0.55814,APPLICABLE,11.542998,175,0.68,0.035,1.84688,0.002068,0.028926,1.218762,0.296185,0.300938,616431.6046,20,0.03,14.877475,9170945.701,30000.0,9140945.701,305.69819,False,PROVISIONAL_SCENARIO; ENGINEERING_REVIEW_REQUIRED; ANALYST_DEFINED_COST_SCENARIO; ANALYST_DEFINED_ECONOMIC_SCENARIO
HCC035,Ohio,TRT_001,Pedestrian Refuge Islands & Medians,CONSERVATIVE,20,0.55814,APPLICABLE,11.542998,175,0.7486,0.035,0.725477,0.000812,0.011363,0.478745,0.116345,0.118212,242142.0397,20,0.03,14.877475,3602462.1082,18000.0,3584462.1082,200.136784,False,PROVISIONAL_SCENARIO; ENGINEERING_REVIEW_REQUIRED; ANALYST_DEFINED_COST_SCENARIO; ANALYST_DEFINED_ECONOMIC_SCENARIO
HCC035,Ohio,TRT_001,Pedestrian Refuge Islands & Medians,OPTIMISTIC,20,0.55814,APPLICABLE,11.542998,175,0.6114,0.035,3.364207,0.003766,0.052691,2.220052,0.53952,0.548178,1122868.6948,20,0.03,14.877475,16705450.7785,36000.0,16669450.7785,464.040299,False,PROVISIONAL_SCENARIO; ENGINEERING_REVIEW_REQUIRED; ANALYST_DEFINED_COST_SCENARIO; ANALYST_DEFINED_ECONOMIC_SCENARIO
HCC035,Ohio,TRT_002,Road Diet (4-to-3 Lane Conversion),BASE,20,0.55814,APPLICABLE,273.4123,3006,0.71,0.026,59.467117,0.036406,0.961563,4.779624,1.854877,51.80477,5374167.2672,20,0.03,14.877475,79954038.4135,260070.0,79693968.4135,307.432762,False,PROVISIONAL_SCENARIO; ENGINEERING_REVIEW_REQUIRED; ANALYST_DEFINED_COST_SCENARIO; ANALYST_DEFINED_ECONOMIC_SCENARIO
HCC035,Ohio,TRT_002,Road Diet (4-to-3 Lane Conversion),CONSERVATIVE,20,0.55814,APPLICABLE,273.4123,3006,0.76096,0.026,32.678206,0.020006,0.528395,2.626486,1.019287,28.467614,2953197.5714,20,0.03,14.877475,43936122.6261,208056.0,43728066.6261,211.174504,False,PROVISIONAL_SCENARIO; ENGINEERING_REVIEW_REQUIRED; ANALYST_DEFINED_COST_SCENARIO; ANALYST_DEFINED_ECONOMIC_SCENARIO
HCC035,Ohio,TRT_002,Road Diet (4-to-3 Lane Conversion),OPTIMISTIC,20,0.55814,APPLICABLE,273.4123,3006,0.65904,0.026,93.222566,0.057071,1.507376,7.492692,2.907765,81.210824,8424717.5697,20,0.03,14.877475,125338523.8503,277408.0,125061115.8503,451.820149,False,PROVISIONAL_SCENARIO; ENGINEERING_REVIEW_REQUIRED; ANALYST_DEFINED_COST_SCENARIO; ANALYST_DEFINED_ECONOMIC_SCENARIO
HCC035,Ohio,TRT_004,RRFB at Uncontrolled Marked Pedestrian Crossing,BASE,20,0.55814,APPLICABLE,11.542998,9024,0.53,0.031,2.170084,0.00243,0.033988,1.432046,0.348018,0.353602,724307.1354,10,0.03,8.530203,6178486.7814,45000.0,6133486.7814,137.299706,False,PROVISIONAL_SCENARIO; ENGINEERING_REVIEW_REQUIRED; ANALYST_DEFINED_COST_SCENARIO; ANALYST_DEFINED_ECONOMIC_SCENARIO
HCC035,Ohio,TRT_004,RRFB at Uncontrolled Marked Pedestrian Crossing,CONSERVATIVE,20,0.55814,APPLICABLE,11.542998,9024,0.59076,0.031,0.944771,0.001058,0.014797,0.623458,0.151514,0.153945,315335.5873,10,0.03,8.530203,2689876.5217,27000.0,2662876.5217,99.625056,False,PROVISIONAL_SCENARIO; ENGINEERING_REVIEW_REQUIRED; ANALYST_DEFINED_COST_SCENARIO; ANALYST_DEFINED_ECONOMIC_SCENARIO
HCC035,Ohio,TRT_004,RRFB at Uncontrolled Marked Pedestrian Crossing,OPTIMISTIC,20,0.55814,APPLICABLE,11.542998,9024,0.46924,0.031,3.675937,0.004115,0.057574,2.425763,0.589512,0.598972,1226914.6443,10,0.03,8.530203,10465830.779,72000.0,10393830.779,145.358761,False,PROVISIONAL_SCENARIO; ENGINEERING_REVIEW_REQUIRED; ANALYST_DEFINED_COST_SCENARIO; ANALYST_DEFINED_ECONOMIC_SCENARIO
HCC036,LaSalle,TRT_001,Pedestrian Refuge Islands & Medians,BASE,43,0.023256,APPLICABLE,3.057774,175,0.68,0.035,0.489244,0.000818,0.005084,0.283573,0.104685,0.095084,153773.7746,20,0.03,14.877475,2287765.4662,15000.0,2272765.4662,152.517698,False,PROVISIONAL_SCENARIO; ENGINEERING_REVIEW_REQUIRED; ANALYST_DEFINED_COST_SCENARIO; ANALYST_DEFINED_ECONOMIC_SCENARIO
HCC036,LaSalle,TRT_001,Pedestrian Refuge Islands & Medians,CONSERVATIVE,43,0.023256,APPLICABLE,3.057774,175,0.7486,0.035,0.192181,0.000321,0.001997,0.111391,0.041122,0.03735,60404.2608,20,0.03,14.877475,898662.8722,18000.0,880662.8722,49.925715,False,PROVISIONAL_SCENARIO; ENGINEERING_REVIEW_REQUIRED; ANALYST_DEFINED_COST_SCENARIO; ANALYST_DEFINED_ECONOMIC_SCENARIO
HCC036,LaSalle,TRT_001,Pedestrian Refuge Islands & Medians,OPTIMISTIC,43,0.023256,APPLICABLE,3.057774,175,0.6114,0.035,0.891188,0.00149,0.009261,0.516546,0.190691,0.173201,280108.5413,20,0.03,14.877475,4167307.7819,24000.0,4143307.7819,173.637824,False,PROVISIONAL_SCENARIO; ENGINEERING_REVIEW_REQUIRED; ANALYST_DEFINED_COST_SCENARIO; ANALYST_DEFINED_ECONOMIC_SCENARIO
HCC036,LaSalle,TRT_002,Road Diet (4-to-3 Lane Conversion),BASE,43,0.023256,APPLICABLE,67.796,3006,0.71,0.026,14.74563,0.014276,0.163597,1.272814,0.733924,12.560277,1373448.5204,20,0.03,14.877475,20433445.8346,130050.0,20303395.8346,157.119922,False,PROVISIONAL_SCENARIO; ENGINEERING_REVIEW_REQUIRED; ANALYST_DEFINED_COST_SCENARIO; ANALYST_DEFINED_ECONOMIC_SCENARIO
HCC036,LaSalle,TRT_002,Road Diet (4-to-3 Lane Conversion),CONSERVATIVE,43,0.023256,APPLICABLE,67.796,3006,0.76096,0.026,8.102978,0.007845,0.089899,0.699433,0.403304,6.902089,754733.6421,20,0.03,14.877475,11228530.7869,104040.0,11124490.7869,107.925133,False,PROVISIONAL_SCENARIO; ENGINEERING_REVIEW_REQUIRED; ANALYST_DEFINED_COST_SCENARIO; ANALYST_DEFINED_ECONOMIC_SCENARIO
HCC036,LaSalle,TRT_002,Road Diet (4-to-3 Lane Conversion),OPTIMISTIC,43,0.023256,APPLICABLE,67.796,3006,0.65904,0.026,23.115724,0.022379,0.25646,1.995304,1.150522,19.689894,2153062.1035,20,0.03,14.877475,32032127.3185,138720.0,31893407.3185,230.912106,False,PROVISIONAL_SCENARIO; ENGINEERING_REVIEW_REQUIRED; ANALYST_DEFINED_COST_SCENARIO; ANALYST_DEFINED_ECONOMIC_SCENARIO
HCC036,LaSalle,TRT_004,RRFB at Uncontrolled Marked Pedestrian Crossing,BASE,43,0.023256,APPLICABLE,3.057774,9024,0.53,0.031,0.574861,0.000961,0.005974,0.333198,0.123005,0.111723,180684.1852,10,0.03,8.530203,1541272.749,22500.0,1518772.749,68.501011,False,PROVISIONAL_SCENARIO; ENGINEERING_REVIEW_REQUIRED; ANALYST_DEFINED_COST_SCENARIO; ANALYST_DEFINED_ECONOMIC_SCENARIO
HCC036,LaSalle,TRT_004,RRFB at Uncontrolled Marked Pedestrian Crossing,CONSERVATIVE,43,0.023256,APPLICABLE,3.057774,9024,0.59076,0.031,0.250273,0.000418,0.002601,0.145062,0.053552,0.04864,78662.9744,10,0.03,8.530203,671011.1274,27000.0,644011.1274,24.852264,False,PROVISIONAL_SCENARIO; ENGINEERING_REVIEW_REQUIRED; ANALYST_DEFINED_COST_SCENARIO; ANALYST_DEFINED_ECONOMIC_SCENARIO
HCC036,LaSalle,TRT_004,RRFB at Uncontrolled Marked Pedestrian Crossing,OPTIMISTIC,43,0.023256,APPLICABLE,3.057774,9024,0.46924,0.031,0.973766,0.001628,0.010119,0.56441,0.20836,0.18925,306063.6323,10,0.03,8.530203,2610784.8647,36000.0,2574784.8647,72.521802,False,PROVISIONAL_SCENARIO; ENGINEERING_REVIEW_REQUIRED; ANALYST_DEFINED_COST_SCENARIO; ANALYST_DEFINED_ECONOMIC_SCENARIO
HCC037,State,TRT_001,Pedestrian Refuge Islands & Medians,BASE,24,0.465116,APPLICABLE,16.38797,175,0.68,0.035,2.622075,0.004364,0.045489,1.424072,0.634805,0.513344,833353.2827,20,0.03,14.877475,12398192.5128,60000.0,12338192.5128,206.636542,False,PROVISIONAL_SCENARIO; ENGINEERING_REVIEW_REQUIRED; ANALYST_DEFINED_COST_SCENARIO; ANALYST_DEFINED_ECONOMIC_SCENARIO
HCC037,State,TRT_001,Pedestrian Refuge Islands & Medians,CONSERVATIVE,24,0.465116,APPLICABLE,16.38797,175,0.7486,0.035,1.029984,0.001714,0.017869,0.559393,0.249359,0.201648,327351.5863,20,0.03,14.877475,4870164.9964,36000.0,4834164.9964,135.282361,False,PROVISIONAL_SCENARIO; ENGINEERING_REVIEW_REQUIRED; ANALYST_DEFINED_COST_SCENARIO; ANALYST_DEFINED_ECONOMIC_SCENARIO
HCC037,State,TRT_001,Pedestrian Refuge Islands & Medians,OPTIMISTIC,24,0.465116,APPLICABLE,16.38797,175,0.6114,0.035,4.776274,0.007949,0.082862,2.594037,1.156338,0.935089,1518005.089,20,0.03,14.877475,22584082.5491,60000.0,22524082.5491,376.401376,False,PROVISIONAL_SCENARIO; ENGINEERING_REVIEW_REQUIRED; ANALYST_DEFINED_COST_SCENARIO; ANALYST_DEFINED_ECONOMIC_SCENARIO
HCC037,State,TRT_002,Road Diet (4-to-3 Lane Conversion),BASE,24,0.465116,APPLICABLE,262.174,3006,0.71,0.026,57.022845,0.068572,1.0156,4.428217,2.729807,48.711844,5968663.4661,20,0.03,14.877475,88798640.6676,458460.0,88340180.6676,193.68896,False,PROVISIONAL_SCENARIO; ENGINEERING_REVIEW_REQUIRED; ANALYST_DEFINED_COST_SCENARIO; ANALYST_DEFINED_ECONOMIC_SCENARIO
HCC037,State,TRT_002,Road Diet (4-to-3 Lane Conversion),CONSERVATIVE,24,0.465116,APPLICABLE,262.174,3006,0.76096,0.026,31.335036,0.037681,0.55809,2.433382,1.500076,26.767998,3279883.4826,20,0.03,14.877475,48796384.0579,366768.0,48429616.0579,133.044279,False,PROVISIONAL_SCENARIO; ENGINEERING_REVIEW_REQUIRED; ANALYST_DEFINED_COST_SCENARIO; ANALYST_DEFINED_ECONOMIC_SCENARIO
HCC037,State,TRT_002,Road Diet (4-to-3 Lane Conversion),OPTIMISTIC,24,0.465116,APPLICABLE,262.174,3006,0.65904,0.026,89.390847,0.107495,1.592088,6.941816,4.279334,76.362254,9356668.9444,20,0.03,14.877475,139203606.9978,489024.0,138714582.9978,284.655982,False,PROVISIONAL_SCENARIO; ENGINEERING_REVIEW_REQUIRED; ANALYST_DEFINED_COST_SCENARIO; ANALYST_DEFINED_ECONOMIC_SCENARIO
HCC037,State,TRT_004,RRFB at Uncontrolled Marked Pedestrian Crossing,BASE,24,0.465116,APPLICABLE,16.38797,9024,0.53,0.031,3.080938,0.005128,0.05345,1.673285,0.745896,0.60318,979190.1071,10,0.03,8.530203,8352690.2296,90000.0,8262690.2296,92.807669,False,PROVISIONAL_SCENARIO; ENGINEERING_REVIEW_REQUIRED; ANALYST_DEFINED_COST_SCENARIO; ANALYST_DEFINED_ECONOMIC_SCENARIO
HCC037,State,TRT_004,RRFB at Uncontrolled Marked Pedestrian Crossing,CONSERVATIVE,24,0.465116,APPLICABLE,16.38797,9024,0.59076,0.031,1.341323,0.002232,0.02327,0.728484,0.324735,0.262601,426301.8717,10,0.03,8.530203,3636441.4357,54000.0,3582441.4357,67.341508,False,PROVISIONAL_SCENARIO; ENGINEERING_REVIEW_REQUIRED; ANALYST_DEFINED_COST_SCENARIO; ANALYST_DEFINED_ECONOMIC_SCENARIO
HCC037,State,TRT_004,RRFB at Uncontrolled Marked Pedestrian Crossing,OPTIMISTIC,24,0.465116,APPLICABLE,16.38797,9024,0.46924,0.031,5.218847,0.008686,0.09054,2.834402,1.263485,1.021735,1658664.7062,10,0.03,8.530203,14148746.3818,126000.0,14022746.3818,112.291638,False,PROVISIONAL_SCENARIO; ENGINEERING_REVIEW_REQUIRED; ANALYST_DEFINED_COST_SCENARIO; ANALYST_DEFINED_ECONOMIC_SCENARIO
HCC038,Fairbanks,TRT_001,Pedestrian Refuge Islands & Medians,BASE,39,0.116279,APPLICABLE,7.13592,175,0.68,0.035,1.141747,0.00066,0.011691,0.80342,0.185147,0.14083,379424.947,20,0.03,14.877475,5644885.1104,15000.0,5629885.1104,376.325674,False,PROVISIONAL_SCENARIO; ENGINEERING_REVIEW_REQUIRED; ANALYST_DEFINED_COST_SCENARIO; ANALYST_DEFINED_ECONOMIC_SCENARIO
HCC038,Fairbanks,TRT_001,Pedestrian Refuge Islands & Medians,CONSERVATIVE,39,0.116279,APPLICABLE,7.13592,175,0.7486,0.035,0.448493,0.000259,0.004592,0.315593,0.072728,0.05532,149042.862,20,0.03,14.877475,2217381.4324,18000.0,2199381.4324,123.187857,False,PROVISIONAL_SCENARIO; ENGINEERING_REVIEW_REQUIRED; ANALYST_DEFINED_COST_SCENARIO; ANALYST_DEFINED_ECONOMIC_SCENARIO
HCC038,Fairbanks,TRT_001,Pedestrian Refuge Islands & Medians,OPTIMISTIC,39,0.116279,APPLICABLE,7.13592,175,0.6114,0.035,2.079764,0.001202,0.021296,1.463479,0.337257,0.25653,691146.255,20,0.03,14.877475,10282511.0339,24000.0,10258511.0339,428.43796,False,PROVISIONAL_SCENARIO; ENGINEERING_REVIEW_REQUIRED; ANALYST_DEFINED_COST_SCENARIO; ANALYST_DEFINED_ECONOMIC_SCENARIO
HCC038,Fairbanks,TRT_002,Road Diet (4-to-3 Lane Conversion),BASE,39,0.116279,APPLICABLE,124.2741,3006,0.71,0.026,27.029617,0.009312,0.283075,2.294749,1.095852,23.345291,2159501.1195,20,0.03,14.877475,32127923.6162,112920.0,32015003.6162,284.519338,False,PROVISIONAL_SCENARIO; ENGINEERING_REVIEW_REQUIRED; ANALYST_DEFINED_COST_SCENARIO; ANALYST_DEFINED_ECONOMIC_SCENARIO
HCC038,Fairbanks,TRT_002,Road Diet (4-to-3 Lane Conversion),CONSERVATIVE,39,0.116279,APPLICABLE,124.2741,3006,0.76096,0.026,14.85324,0.005117,0.155555,1.261004,0.60219,12.82864,1186683.0979,20,0.03,14.877475,17654847.9568,90336.0,17564511.9568,195.435352,False,PROVISIONAL_SCENARIO; ENGINEERING_REVIEW_REQUIRED; ANALYST_DEFINED_COST_SCENARIO; ANALYST_DEFINED_ECONOMIC_SCENARIO
HCC038,Fairbanks,TRT_002,Road Diet (4-to-3 Lane Conversion),OPTIMISTIC,39,0.116279,APPLICABLE,124.2741,3006,0.65904,0.026,42.372497,0.014598,0.443758,3.597323,1.717893,36.596829,3385303.4561,20,0.03,14.877475,50364767.0629,120448.0,50244319.0629,418.145316,False,PROVISIONAL_SCENARIO; ENGINEERING_REVIEW_REQUIRED; ANALYST_DEFINED_COST_SCENARIO; ANALYST_DEFINED_ECONOMIC_SCENARIO
HCC038,Fairbanks,TRT_004,RRFB at Uncontrolled Marked Pedestrian Crossing,BASE,39,0.116279,APPLICABLE,7.13592,9024,0.53,0.031,1.341553,0.000775,0.013737,0.944018,0.217548,0.165475,445824.3127,10,0.03,8.530203,3802971.8171,22500.0,3780471.8171,169.02097,False,PROVISIONAL_SCENARIO; ENGINEERING_REVIEW_REQUIRED; ANALYST_DEFINED_COST_SCENARIO; ANALYST_DEFINED_ECONOMIC_SCENARIO
HCC038,Fairbanks,TRT_004,RRFB at Uncontrolled Marked Pedestrian Crossing,CONSERVATIVE,39,0.116279,APPLICABLE,7.13592,9024,0.59076,0.031,0.584061,0.000337,0.00598,0.410989,0.094712,0.072042,194094.8316,10,0.03,8.530203,1655668.2834,27000.0,1628668.2834,61.321048,False,PROVISIONAL_SCENARIO; ENGINEERING_REVIEW_REQUIRED; ANALYST_DEFINED_COST_SCENARIO; ANALYST_DEFINED_ECONOMIC_SCENARIO
HCC038,Fairbanks,TRT_004,RRFB at Uncontrolled Marked Pedestrian Crossing,OPTIMISTIC,39,0.116279,APPLICABLE,7.13592,9024,0.46924,0.031,2.272476,0.001313,0.023269,1.599086,0.368507,0.280301,755188.4433,10,0.03,8.530203,6441910.601,36000.0,6405910.601,178.941961,False,PROVISIONAL_SCENARIO; ENGINEERING_REVIEW_REQUIRED; ANALYST_DEFINED_COST_SCENARIO; ANALYST_DEFINED_ECONOMIC_SCENARIO
HCC039,Wacker,TRT_001,Pedestrian Refuge Islands & Medians,BASE,15,0.674419,APPLICABLE,10.295832,175,0.68,0.035,1.647333,0.004588,0.041258,1.036084,0.312736,0.252668,610111.3885,20,0.03,14.877475,9076916.8443,60000.0,9016916.8443,151.281947,False,PROVISIONAL_SCENARIO; ENGINEERING_REVIEW_REQUIRED; ANALYST_DEFINED_COST_SCENARIO; ANALYST_DEFINED_ECONOMIC_SCENARIO
HCC039,Wacker,TRT_001,Pedestrian Refuge Islands & Medians,CONSERVATIVE,15,0.674419,APPLICABLE,10.295832,175,0.7486,0.035,0.647093,0.001802,0.016207,0.406987,0.122847,0.099251,239659.3798,20,0.03,14.877475,3565526.3979,36000.0,3529526.3979,99.0424,False,PROVISIONAL_SCENARIO; ENGINEERING_REVIEW_REQUIRED; ANALYST_DEFINED_COST_SCENARIO; ANALYST_DEFINED_ECONOMIC_SCENARIO
HCC039,Wacker,TRT_001,Pedestrian Refuge Islands & Medians,OPTIMISTIC,15,0.674419,APPLICABLE,10.295832,175,0.6114,0.035,3.00072,0.008357,0.075153,1.887291,0.569669,0.46025,1111356.0261,20,0.03,14.877475,16534171.3392,72000.0,16462171.3392,229.641269,False,PROVISIONAL_SCENARIO; ENGINEERING_REVIEW_REQUIRED; ANALYST_DEFINED_COST_SCENARIO; ANALYST_DEFINED_ECONOMIC_SCENARIO
HCC039,Wacker,TRT_002,Road Diet (4-to-3 Lane Conversion),BASE,15,0.674419,APPLICABLE,329.5098,3006,0.71,0.026,71.668381,0.109346,1.885186,6.899314,3.537411,59.156652,9406483.5344,20,0.03,14.877475,139944722.3077,528900.0,139415822.3077,264.595807,False,PROVISIONAL_SCENARIO; ENGINEERING_REVIEW_REQUIRED; ANALYST_DEFINED_COST_SCENARIO; ANALYST_DEFINED_ECONOMIC_SCENARIO
HCC039,Wacker,TRT_002,Road Diet (4-to-3 Lane Conversion),CONSERVATIVE,15,0.674419,APPLICABLE,329.5098,3006,0.76096,0.026,39.383011,0.060088,1.035942,3.791292,1.943868,32.5076,5169024.8829,20,0.03,14.877475,76902037.7481,423120.0,76478917.7481,181.749947,False,PROVISIONAL_SCENARIO; ENGINEERING_REVIEW_REQUIRED; ANALYST_DEFINED_COST_SCENARIO; ANALYST_DEFINED_ECONOMIC_SCENARIO
HCC039,Wacker,TRT_002,Road Diet (4-to-3 Lane Conversion),OPTIMISTIC,15,0.674419,APPLICABLE,329.5098,3006,0.65904,0.026,112.349661,0.171415,2.955278,10.815586,5.545359,92.735871,14745906.3259,20,0.03,14.877475,219381850.6576,564160.0,218817690.6576,388.864596,False,PROVISIONAL_SCENARIO; ENGINEERING_REVIEW_REQUIRED; ANALYST_DEFINED_COST_SCENARIO; ANALYST_DEFINED_ECONOMIC_SCENARIO
HCC039,Wacker,TRT_004,RRFB at Uncontrolled Marked Pedestrian Crossing,BASE,15,0.674419,APPLICABLE,10.295832,9024,0.53,0.031,1.935616,0.005391,0.048478,1.217399,0.367465,0.296884,716880.8815,10,0.03,8.530203,6115139.3288,90000.0,6025139.3288,67.945993,False,PROVISIONAL_SCENARIO; ENGINEERING_REVIEW_REQUIRED; ANALYST_DEFINED_COST_SCENARIO; ANALYST_DEFINED_ECONOMIC_SCENARIO
HCC039,Wacker,TRT_004,RRFB at Uncontrolled Marked Pedestrian Crossing,CONSERVATIVE,15,0.674419,APPLICABLE,10.295832,9024,0.59076,0.031,0.842693,0.002347,0.021105,0.530009,0.15998,0.129252,312102.4808,10,0.03,8.530203,2662297.4669,54000.0,2608297.4669,49.301805,False,PROVISIONAL_SCENARIO; ENGINEERING_REVIEW_REQUIRED; ANALYST_DEFINED_COST_SCENARIO; ANALYST_DEFINED_ECONOMIC_SCENARIO
HCC039,Wacker,TRT_004,RRFB at Uncontrolled Marked Pedestrian Crossing,OPTIMISTIC,15,0.674419,APPLICABLE,10.295832,9024,0.46924,0.031,3.278769,0.009131,0.082117,2.062169,0.622455,0.502897,1214335.2021,10,0.03,8.530203,10358525.5856,144000.0,10214525.5856,71.934205,False,PROVISIONAL_SCENARIO; ENGINEERING_REVIEW_REQUIRED; ANALYST_DEFINED_COST_SCENARIO; ANALYST_DEFINED_ECONOMIC_SCENARIO
HCC040,Washington,TRT_001,Pedestrian Refuge Islands & Medians,BASE,38,0.139535,APPLICABLE,6.709295,175,0.68,0.035,1.073487,0.001017,0.015483,0.703167,0.186505,0.167314,353863.4382,20,0.03,14.877475,5264594.4055,30000.0,5234594.4055,175.48648,False,PROVISIONAL_SCENARIO; ENGINEERING_REVIEW_REQUIRED; ANALYST_DEFINED_COST_SCENARIO; ANALYST_DEFINED_ECONOMIC_SCENARIO
HCC040,Washington,TRT_001,Pedestrian Refuge Islands & Medians,CONSERVATIVE,38,0.139535,APPLICABLE,6.709295,175,0.7486,0.035,0.421679,0.000399,0.006082,0.276213,0.073262,0.065723,139001.9818,20,0.03,14.877475,2067998.4899,18000.0,2049998.4899,114.888805,False,PROVISIONAL_SCENARIO; ENGINEERING_REVIEW_REQUIRED; ANALYST_DEFINED_COST_SCENARIO; ANALYST_DEFINED_ECONOMIC_SCENARIO
HCC040,Washington,TRT_001,Pedestrian Refuge Islands & Medians,OPTIMISTIC,38,0.139535,APPLICABLE,6.709295,175,0.6114,0.035,1.955424,0.001852,0.028204,1.280863,0.339731,0.304774,644584.3691,20,0.03,14.877475,9589787.7468,24000.0,9565787.7468,399.574489,False,PROVISIONAL_SCENARIO; ENGINEERING_REVIEW_REQUIRED; ANALYST_DEFINED_COST_SCENARIO; ANALYST_DEFINED_ECONOMIC_SCENARIO
HCC040,Washington,TRT_002,Road Diet (4-to-3 Lane Conversion),BASE,38,0.139535,APPLICABLE,162.7856,3006,0.71,0.026,35.405868,0.032353,0.51186,3.395142,1.646063,29.819091,3570283.6689,20,0.03,14.877475,53116805.5292,191790.0,52925015.5292,276.952946,False,PROVISIONAL_SCENARIO; ENGINEERING_REVIEW_REQUIRED; ANALYST_DEFINED_COST_SCENARIO; ANALYST_DEFINED_ECONOMIC_SCENARIO
HCC040,Washington,TRT_002,Road Diet (4-to-3 Lane Conversion),CONSERVATIVE,38,0.139535,APPLICABLE,162.7856,3006,0.76096,0.026,19.456135,0.017779,0.281276,1.865689,0.90454,16.386105,1961932.4327,20,0.03,14.877475,29188600.4453,153432.0,29035168.4453,190.238024,False,PROVISIONAL_SCENARIO; ENGINEERING_REVIEW_REQUIRED; ANALYST_DEFINED_COST_SCENARIO; ANALYST_DEFINED_ECONOMIC_SCENARIO
HCC040,Washington,TRT_002,Road Diet (4-to-3 Lane Conversion),OPTIMISTIC,38,0.139535,APPLICABLE,162.7856,3006,0.65904,0.026,55.503378,0.050718,0.802408,5.322333,2.580421,46.745366,5596891.5851,20,0.03,14.877475,83267613.8539,204576.0,83063037.8539,407.02533,False,PROVISIONAL_SCENARIO; ENGINEERING_REVIEW_REQUIRED; ANALYST_DEFINED_COST_SCENARIO; ANALYST_DEFINED_ECONOMIC_SCENARIO
HCC040,Washington,TRT_004,RRFB at Uncontrolled Marked Pedestrian Crossing,BASE,38,0.139535,APPLICABLE,6.709295,9024,0.53,0.031,1.261347,0.001195,0.018193,0.826222,0.219144,0.196594,415789.5399,10,0.03,8.530203,3546769.1124,45000.0,3501769.1124,78.817091,False,PROVISIONAL_SCENARIO; ENGINEERING_REVIEW_REQUIRED; ANALYST_DEFINED_COST_SCENARIO; ANALYST_DEFINED_ECONOMIC_SCENARIO
HCC040,Washington,TRT_004,RRFB at Uncontrolled Marked Pedestrian Crossing,CONSERVATIVE,38,0.139535,APPLICABLE,6.709295,9024,0.59076,0.031,0.549142,0.00052,0.00792,0.359705,0.095407,0.08559,181018.8418,10,0.03,8.530203,1544127.4378,27000.0,1517127.4378,57.189905,False,PROVISIONAL_SCENARIO; ENGINEERING_REVIEW_REQUIRED; ANALYST_DEFINED_COST_SCENARIO; ANALYST_DEFINED_ECONOMIC_SCENARIO
HCC040,Washington,TRT_004,RRFB at Uncontrolled Marked Pedestrian Crossing,OPTIMISTIC,38,0.139535,APPLICABLE,6.709295,9024,0.46924,0.031,2.136615,0.002024,0.030817,1.399549,0.371211,0.333014,704312.0942,10,0.03,8.530203,6007925.0237,54000.0,5953925.0237,111.257871,False,PROVISIONAL_SCENARIO; ENGINEERING_REVIEW_REQUIRED; ANALYST_DEFINED_COST_SCENARIO; ANALYST_DEFINED_ECONOMIC_SCENARIO
HCC041,Randolph,TRT_001,Pedestrian Refuge Islands & Medians,BASE,40,0.093023,APPLICABLE,4.270492,175,0.68,0.035,0.683279,0.000456,0.006944,0.416115,0.120238,0.139526,206046.5109,20,0.03,14.877475,3065451.786,15000.0,3050451.786,204.363452,False,PROVISIONAL_SCENARIO; ENGINEERING_REVIEW_REQUIRED; ANALYST_DEFINED_COST_SCENARIO; ANALYST_DEFINED_ECONOMIC_SCENARIO
HCC041,Randolph,TRT_001,Pedestrian Refuge Islands & Medians,CONSERVATIVE,40,0.093023,APPLICABLE,4.270492,175,0.7486,0.035,0.2684,0.000179,0.002728,0.163455,0.047231,0.054807,80937.6451,20,0.03,14.877475,1204147.7797,18000.0,1186147.7797,66.897099,False,PROVISIONAL_SCENARIO; ENGINEERING_REVIEW_REQUIRED; ANALYST_DEFINED_COST_SCENARIO; ANALYST_DEFINED_ECONOMIC_SCENARIO
HCC041,Randolph,TRT_001,Pedestrian Refuge Islands & Medians,OPTIMISTIC,40,0.093023,APPLICABLE,4.270492,175,0.6114,0.035,1.244635,0.000831,0.012649,0.757979,0.219022,0.254155,375326.5975,20,0.03,14.877475,5583912.019,24000.0,5559912.019,232.663001,False,PROVISIONAL_SCENARIO; ENGINEERING_REVIEW_REQUIRED; ANALYST_DEFINED_COST_SCENARIO; ANALYST_DEFINED_ECONOMIC_SCENARIO
HCC041,Randolph,TRT_002,Road Diet (4-to-3 Lane Conversion),BASE,40,0.093023,APPLICABLE,105.5488,3006,0.71,0.026,22.956864,0.007919,0.240712,1.534532,0.879694,20.29285,1673586.6266,20,0.03,14.877475,24898742.9643,100350.0,24798392.9643,248.119013,False,PROVISIONAL_SCENARIO; ENGINEERING_REVIEW_REQUIRED; ANALYST_DEFINED_COST_SCENARIO; ANALYST_DEFINED_ECONOMIC_SCENARIO
HCC041,Randolph,TRT_002,Road Diet (4-to-3 Lane Conversion),CONSERVATIVE,40,0.093023,APPLICABLE,105.5488,3006,0.76096,0.026,12.615193,0.004351,0.132275,0.843252,0.483407,11.151271,919664.7063,20,0.03,14.877475,13682288.5476,80280.0,13602008.5476,170.432095,False,PROVISIONAL_SCENARIO; ENGINEERING_REVIEW_REQUIRED; ANALYST_DEFINED_COST_SCENARIO; ANALYST_DEFINED_ECONOMIC_SCENARIO
HCC041,Randolph,TRT_002,Road Diet (4-to-3 Lane Conversion),OPTIMISTIC,40,0.093023,APPLICABLE,105.5488,3006,0.65904,0.026,35.987919,0.012413,0.377347,2.405581,1.379037,31.811724,2623568.2584,20,0.03,14.877475,39032070.8097,107040.0,38925030.8097,364.649391,False,PROVISIONAL_SCENARIO; ENGINEERING_REVIEW_REQUIRED; ANALYST_DEFINED_COST_SCENARIO; ANALYST_DEFINED_ECONOMIC_SCENARIO
HCC041,Randolph,TRT_004,RRFB at Uncontrolled Marked Pedestrian Crossing,BASE,40,0.093023,APPLICABLE,4.270492,9024,0.53,0.031,0.802852,0.000536,0.008159,0.488935,0.14128,0.163943,242104.6503,10,0.03,8.530203,2065201.7749,22500.0,2042701.7749,91.786746,False,PROVISIONAL_SCENARIO; ENGINEERING_REVIEW_REQUIRED; ANALYST_DEFINED_COST_SCENARIO; ANALYST_DEFINED_ECONOMIC_SCENARIO
HCC041,Randolph,TRT_004,RRFB at Uncontrolled Marked Pedestrian Crossing,CONSERVATIVE,40,0.093023,APPLICABLE,4.270492,9024,0.59076,0.031,0.349531,0.000233,0.003552,0.212863,0.061508,0.071374,105403.0927,10,0.03,8.530203,899109.7599,27000.0,872109.7599,33.300361,False,PROVISIONAL_SCENARIO; ENGINEERING_REVIEW_REQUIRED; ANALYST_DEFINED_COST_SCENARIO; ANALYST_DEFINED_ECONOMIC_SCENARIO
HCC041,Randolph,TRT_004,RRFB at Uncontrolled Marked Pedestrian Crossing,OPTIMISTIC,40,0.093023,APPLICABLE,4.270492,9024,0.46924,0.031,1.359964,0.000908,0.013821,0.828214,0.239316,0.277705,410104.673,10,0.03,8.530203,3498276.0448,36000.0,3462276.0448,97.174335,False,PROVISIONAL_SCENARIO; ENGINEERING_REVIEW_REQUIRED; ANALYST_DEFINED_COST_SCENARIO; ANALYST_DEFINED_ECONOMIC_SCENARIO
HCC042,Dearborn,TRT_001,Pedestrian Refuge Islands & Medians,BASE,42,0.046512,APPLICABLE,3.547596,175,0.68,0.035,0.567615,0.000462,0.007604,0.37197,0.092527,0.095053,183833.4605,20,0.03,14.877475,2734977.6871,15000.0,2719977.6871,182.331846,False,PROVISIONAL_SCENARIO; ENGINEERING_REVIEW_REQUIRED; ANALYST_DEFINED_COST_SCENARIO; ANALYST_DEFINED_ECONOMIC_SCENARIO
HCC042,Dearborn,TRT_001,Pedestrian Refuge Islands & Medians,CONSERVATIVE,42,0.046512,APPLICABLE,3.547596,175,0.7486,0.035,0.222966,0.000181,0.002987,0.146114,0.036346,0.037338,72212.0812,20,0.03,14.877475,1074333.4227,18000.0,1056333.4227,59.68519,False,PROVISIONAL_SCENARIO; ENGINEERING_REVIEW_REQUIRED; ANALYST_DEFINED_COST_SCENARIO; ANALYST_DEFINED_ECONOMIC_SCENARIO
HCC042,Dearborn,TRT_001,Pedestrian Refuge Islands & Medians,OPTIMISTIC,42,0.046512,APPLICABLE,3.547596,175,0.6114,0.035,1.033947,0.000841,0.013851,0.677566,0.168544,0.173145,334864.1379,20,0.03,14.877475,4981932.7931,24000.0,4957932.7931,207.580533,False,PROVISIONAL_SCENARIO; ENGINEERING_REVIEW_REQUIRED; ANALYST_DEFINED_COST_SCENARIO; ANALYST_DEFINED_ECONOMIC_SCENARIO
HCC042,Dearborn,TRT_002,Road Diet (4-to-3 Lane Conversion),BASE,42,0.046512,APPLICABLE,88.2395,3006,0.71,0.026,19.192091,0.009168,0.263543,1.592558,0.587295,16.738145,1630613.9375,20,0.03,14.877475,24259417.862,104100.0,24155317.862,233.039557,False,PROVISIONAL_SCENARIO; ENGINEERING_REVIEW_REQUIRED; ANALYST_DEFINED_COST_SCENARIO; ANALYST_DEFINED_ECONOMIC_SCENARIO
HCC042,Dearborn,TRT_002,Road Diet (4-to-3 Lane Conversion),CONSERVATIVE,42,0.046512,APPLICABLE,88.2395,3006,0.76096,0.026,10.546385,0.005038,0.144822,0.875138,0.322729,9.197899,896050.4727,20,0.03,14.877475,13330968.381,83280.0,13247688.381,160.074068,False,PROVISIONAL_SCENARIO; ENGINEERING_REVIEW_REQUIRED; ANALYST_DEFINED_COST_SCENARIO; ANALYST_DEFINED_ECONOMIC_SCENARIO
HCC042,Dearborn,TRT_002,Road Diet (4-to-3 Lane Conversion),OPTIMISTIC,42,0.046512,APPLICABLE,88.2395,3006,0.65904,0.026,30.08614,0.014373,0.413139,2.496545,0.920663,26.239255,2556202.8879,20,0.03,14.877475,38029844.2033,111040.0,37918804.2033,342.48779,False,PROVISIONAL_SCENARIO; ENGINEERING_REVIEW_REQUIRED; ANALYST_DEFINED_COST_SCENARIO; ANALYST_DEFINED_ECONOMIC_SCENARIO
HCC042,Dearborn,TRT_004,RRFB at Uncontrolled Marked Pedestrian Crossing,BASE,42,0.046512,APPLICABLE,3.547596,9024,0.53,0.031,0.666948,0.000542,0.008935,0.437064,0.108719,0.111687,216004.3161,10,0.03,8.530203,1842560.6298,22500.0,1820060.6298,81.891584,False,PROVISIONAL_SCENARIO; ENGINEERING_REVIEW_REQUIRED; ANALYST_DEFINED_COST_SCENARIO; ANALYST_DEFINED_ECONOMIC_SCENARIO
HCC042,Dearborn,TRT_004,RRFB at Uncontrolled Marked Pedestrian Crossing,CONSERVATIVE,42,0.046512,APPLICABLE,3.547596,9024,0.59076,0.031,0.290364,0.000236,0.00389,0.190281,0.047332,0.048624,94040.0067,10,0.03,8.530203,802180.3321,27000.0,775180.3321,29.710383,False,PROVISIONAL_SCENARIO; ENGINEERING_REVIEW_REQUIRED; ANALYST_DEFINED_COST_SCENARIO; ANALYST_DEFINED_ECONOMIC_SCENARIO
HCC042,Dearborn,TRT_004,RRFB at Uncontrolled Marked Pedestrian Crossing,OPTIMISTIC,42,0.046512,APPLICABLE,3.547596,9024,0.46924,0.031,1.129753,0.000919,0.015135,0.74035,0.184161,0.189189,365892.9281,10,0.03,8.530203,3121140.8933,36000.0,3085140.8933,86.698358,False,PROVISIONAL_SCENARIO; ENGINEERING_REVIEW_REQUIRED; ANALYST_DEFINED_COST_SCENARIO; ANALYST_DEFINED_ECONOMIC_SCENARIO
HCC043,Congress,TRT_001,Pedestrian Refuge Islands & Medians,BASE,33,0.255814,APPLICABLE,5.102565,175,0.68,0.035,0.81641,0.000702,0.014202,0.493459,0.192063,0.115984,266329.6403,20,0.03,14.877475,3962312.5286,15000.0,3947312.5286,264.154169,False,PROVISIONAL_SCENARIO; ENGINEERING_REVIEW_REQUIRED; ANALYST_DEFINED_COST_SCENARIO; ANALYST_DEFINED_ECONOMIC_SCENARIO
HCC043,Congress,TRT_001,Pedestrian Refuge Islands & Medians,CONSERVATIVE,33,0.255814,APPLICABLE,5.102565,175,0.7486,0.035,0.320696,0.000276,0.005579,0.193837,0.075445,0.04556,104617.6118,20,0.03,14.877475,1556445.8901,18000.0,1538445.8901,86.469216,False,PROVISIONAL_SCENARIO; ENGINEERING_REVIEW_REQUIRED; ANALYST_DEFINED_COST_SCENARIO; ANALYST_DEFINED_ECONOMIC_SCENARIO
HCC043,Congress,TRT_001,Pedestrian Refuge Islands & Medians,OPTIMISTIC,33,0.255814,APPLICABLE,5.102565,175,0.6114,0.035,1.487143,0.00128,0.025869,0.898867,0.349855,0.211272,485136.0855,20,0.03,14.877475,7217599.9154,24000.0,7193599.9154,300.73333,False,PROVISIONAL_SCENARIO; ENGINEERING_REVIEW_REQUIRED; ANALYST_DEFINED_COST_SCENARIO; ANALYST_DEFINED_ECONOMIC_SCENARIO
HCC043,Congress,TRT_002,Road Diet (4-to-3 Lane Conversion),BASE,33,0.255814,APPLICABLE,196.7913,3006,0.71,0.026,42.802108,0.012779,0.768598,3.718835,1.980185,36.264521,4004419.7039,20,0.03,14.877475,59575653.4753,145470.0,59430183.4753,409.539104,False,PROVISIONAL_SCENARIO; ENGINEERING_REVIEW_REQUIRED; ANALYST_DEFINED_COST_SCENARIO; ANALYST_DEFINED_ECONOMIC_SCENARIO
HCC043,Congress,TRT_002,Road Diet (4-to-3 Lane Conversion),CONSERVATIVE,33,0.255814,APPLICABLE,196.7913,3006,0.76096,0.026,23.520496,0.007023,0.422358,2.043564,1.088146,19.927979,2200497.669,20,0.03,14.877475,32737848.7511,116376.0,32621472.7511,281.310998,False,PROVISIONAL_SCENARIO; ENGINEERING_REVIEW_REQUIRED; ANALYST_DEFINED_COST_SCENARIO; ANALYST_DEFINED_ECONOMIC_SCENARIO
HCC043,Congress,TRT_002,Road Diet (4-to-3 Lane Conversion),OPTIMISTIC,33,0.255814,APPLICABLE,196.7913,3006,0.65904,0.026,67.097962,0.020033,1.204879,5.829765,3.104202,56.84943,6277457.2057,20,0.03,14.877475,93392711.7652,155168.0,93237543.7652,601.881263,False,PROVISIONAL_SCENARIO; ENGINEERING_REVIEW_REQUIRED; ANALYST_DEFINED_COST_SCENARIO; ANALYST_DEFINED_ECONOMIC_SCENARIO
HCC043,Congress,TRT_004,RRFB at Uncontrolled Marked Pedestrian Crossing,BASE,33,0.255814,APPLICABLE,5.102565,9024,0.53,0.031,0.959282,0.000825,0.016687,0.579815,0.225674,0.136281,312937.3274,10,0.03,8.530203,2669418.8778,22500.0,2646918.8778,118.640839,False,PROVISIONAL_SCENARIO; ENGINEERING_REVIEW_REQUIRED; ANALYST_DEFINED_COST_SCENARIO; ANALYST_DEFINED_ECONOMIC_SCENARIO
HCC043,Congress,TRT_004,RRFB at Uncontrolled Marked Pedestrian Crossing,CONSERVATIVE,33,0.255814,APPLICABLE,5.102565,9024,0.59076,0.031,0.417635,0.000359,0.007265,0.252429,0.09825,0.059332,136240.9275,10,0.03,8.530203,1162162.7463,27000.0,1135162.7463,43.043065,False,PROVISIONAL_SCENARIO; ENGINEERING_REVIEW_REQUIRED; ANALYST_DEFINED_COST_SCENARIO; ANALYST_DEFINED_ECONOMIC_SCENARIO
HCC043,Congress,TRT_004,RRFB at Uncontrolled Marked Pedestrian Crossing,OPTIMISTIC,33,0.255814,APPLICABLE,5.102565,9024,0.46924,0.031,1.624942,0.001398,0.028266,0.982157,0.382273,0.230849,530089.1996,10,0.03,8.530203,4521768.3944,36000.0,4485768.3944,125.604678,False,PROVISIONAL_SCENARIO; ENGINEERING_REVIEW_REQUIRED; ANALYST_DEFINED_COST_SCENARIO; ANALYST_DEFINED_ECONOMIC_SCENARIO
